[00000050][INF] ========================================
[00000050][INF] PeerTalk Latency Test
[00000050][INF] Version: 1.0.0
[00000050][INF] ========================================
[00000050][INF] Buffer pool: 4 buffers × 4KB
[00000050][INF] Initializing PeerTalk...
[00000150][INF] Waiting for peer...
[00000150][INF] Press any key to exit.
[00000566][INF] DISCOVERED: "PerfPartner" at 10.188.1.173:7354
[00000566][INF] Connecting to peer...
[00000783][INF] CONNECTED to peer 1
[00000783][INF] Starting latency test with size 16
[00000833][DBG] PING seq=0 size=16 sent
[00001083][DBG] PONG seq=0 rtt=15 ticks (250 ms)
[00001083][DBG] PING seq=1 size=16 sent
[00001166][DBG] PONG seq=1 rtt=5 ticks (83 ms)
[00001250][DBG] PING seq=2 size=16 sent
[00001350][DBG] PONG seq=2 rtt=6 ticks (100 ms)
[00001350][DBG] PING seq=3 size=16 sent
[00001450][DBG] PONG seq=3 rtt=6 ticks (100 ms)
[00001450][DBG] PING seq=4 size=16 sent
[00001466][DBG] PONG seq=4 rtt=1 ticks (16 ms)
[00001550][DBG] PING seq=5 size=16 sent
[00001633][DBG] PONG seq=5 rtt=5 ticks (83 ms)
[00001716][DBG] PING seq=6 size=16 sent
[00001800][DBG] PONG seq=6 rtt=5 ticks (83 ms)
[00001816][DBG] PING seq=7 size=16 sent
[00001900][DBG] PONG seq=7 rtt=5 ticks (83 ms)
[00001983][DBG] PING seq=8 size=16 sent
[00002066][DBG] PONG seq=8 rtt=5 ticks (83 ms)
[00002150][DBG] PING seq=9 size=16 sent
[00002233][DBG] PONG seq=9 rtt=5 ticks (83 ms)
[00002316][DBG] PING seq=10 size=16 sent
[00002416][DBG] PONG seq=10 rtt=6 ticks (100 ms)
[00002416][DBG] PING seq=11 size=16 sent
[00002433][DBG] PONG seq=11 rtt=1 ticks (16 ms)
[00002516][DBG] PING seq=12 size=16 sent
[00002600][DBG] PONG seq=12 rtt=5 ticks (83 ms)
[00002683][DBG] PING seq=13 size=16 sent
[00002766][DBG] PONG seq=13 rtt=5 ticks (83 ms)
[00002850][DBG] PING seq=14 size=16 sent
[00002950][DBG] PONG seq=14 rtt=6 ticks (100 ms)
[00002950][DBG] PING seq=15 size=16 sent
[00002966][DBG] PONG seq=15 rtt=1 ticks (16 ms)
[00003050][DBG] PING seq=16 size=16 sent
[00003133][DBG] PONG seq=16 rtt=5 ticks (83 ms)
[00003150][DBG] PING seq=17 size=16 sent
[00003233][DBG] PONG seq=17 rtt=5 ticks (83 ms)
[00003316][DBG] PING seq=18 size=16 sent
[00003400][DBG] PONG seq=18 rtt=5 ticks (83 ms)
[00003483][DBG] PING seq=19 size=16 sent
[00003566][DBG] PONG seq=19 rtt=5 ticks (83 ms)
[00003650][DBG] PING seq=20 size=16 sent
[00003666][DBG] PONG seq=20 rtt=1 ticks (16 ms)
[00003750][DBG] PING seq=21 size=16 sent
[00003833][DBG] PONG seq=21 rtt=5 ticks (83 ms)
[00003850][DBG] PING seq=22 size=16 sent
[00003933][DBG] PONG seq=22 rtt=5 ticks (83 ms)
[00004016][DBG] PING seq=23 size=16 sent
[00004100][DBG] PONG seq=23 rtt=5 ticks (83 ms)
[00004183][DBG] PING seq=24 size=16 sent
[00004200][DBG] PONG seq=24 rtt=1 ticks (16 ms)
[00004283][DBG] PING seq=25 size=16 sent
[00004366][DBG] PONG seq=25 rtt=5 ticks (83 ms)
[00004383][DBG] PING seq=26 size=16 sent
[00004466][DBG] PONG seq=26 rtt=5 ticks (83 ms)
[00004550][DBG] PING seq=27 size=16 sent
[00004633][DBG] PONG seq=27 rtt=5 ticks (83 ms)
[00004716][DBG] PING seq=28 size=16 sent
[00004800][DBG] PONG seq=28 rtt=5 ticks (83 ms)
[00004883][DBG] PING seq=29 size=16 sent
[00004983][DBG] PONG seq=29 rtt=6 ticks (100 ms)
[00004983][DBG] PING seq=30 size=16 sent
[00005000][DBG] PONG seq=30 rtt=1 ticks (16 ms)
[00005083][DBG] PING seq=31 size=16 sent
[00005100][DBG] PONG seq=31 rtt=1 ticks (16 ms)
[00005183][DBG] PING seq=32 size=16 sent
[00005200][DBG] PONG seq=32 rtt=1 ticks (16 ms)
[00005283][DBG] PING seq=33 size=16 sent
[00005366][DBG] PONG seq=33 rtt=5 ticks (83 ms)
[00005383][DBG] PING seq=34 size=16 sent
[00005466][DBG] PONG seq=34 rtt=5 ticks (83 ms)
[00005550][DBG] PING seq=35 size=16 sent
[00006083][DBG] PONG seq=35 rtt=32 ticks (533 ms)
[00006100][DBG] PING seq=36 size=16 sent
[00006233][DBG] PONG seq=36 rtt=9 ticks (150 ms)
[00006233][DBG] PING seq=37 size=16 sent
[00006250][DBG] PONG seq=37 rtt=1 ticks (16 ms)
[00006333][DBG] PING seq=38 size=16 sent
[00006416][DBG] PONG seq=38 rtt=5 ticks (83 ms)
[00006433][DBG] PING seq=39 size=16 sent
[00006516][DBG] PONG seq=39 rtt=5 ticks (83 ms)
[00006600][DBG] PING seq=40 size=16 sent
[00006683][DBG] PONG seq=40 rtt=5 ticks (83 ms)
[00006766][DBG] PING seq=41 size=16 sent
[00006850][DBG] PONG seq=41 rtt=5 ticks (83 ms)
[00006866][DBG] PING seq=42 size=16 sent
[00006950][DBG] PONG seq=42 rtt=5 ticks (83 ms)
[00007033][DBG] PING seq=43 size=16 sent
[00007050][DBG] PONG seq=43 rtt=1 ticks (16 ms)
[00007133][DBG] PING seq=44 size=16 sent
[00007150][DBG] PONG seq=44 rtt=1 ticks (16 ms)
[00007233][DBG] PING seq=45 size=16 sent
[00007250][DBG] PONG seq=45 rtt=1 ticks (16 ms)
[00007333][DBG] PING seq=46 size=16 sent
[00007416][DBG] PONG seq=46 rtt=5 ticks (83 ms)
[00007433][DBG] PING seq=47 size=16 sent
[00007516][DBG] PONG seq=47 rtt=5 ticks (83 ms)
[00007600][DBG] PING seq=48 size=16 sent
[00007683][DBG] PONG seq=48 rtt=5 ticks (83 ms)
[00007766][DBG] PING seq=49 size=16 sent
[00007866][DBG] PONG seq=49 rtt=6 ticks (100 ms)
[00007866][DBG] PING seq=50 size=16 sent
[00007883][DBG] PONG seq=50 rtt=1 ticks (16 ms)
[00007966][DBG] PING seq=51 size=16 sent
[00008066][DBG] PONG seq=51 rtt=6 ticks (100 ms)
[00008066][DBG] PING seq=52 size=16 sent
[00008166][DBG] PONG seq=52 rtt=6 ticks (100 ms)
[00008166][DBG] PING seq=53 size=16 sent
[00008183][DBG] PONG seq=53 rtt=1 ticks (16 ms)
[00008266][DBG] PING seq=54 size=16 sent
[00008283][DBG] PONG seq=54 rtt=1 ticks (16 ms)
[00008366][DBG] PING seq=55 size=16 sent
[00008450][DBG] PONG seq=55 rtt=5 ticks (83 ms)
[00008466][DBG] PING seq=56 size=16 sent
[00008550][DBG] PONG seq=56 rtt=5 ticks (83 ms)
[00008566][DBG] PING seq=57 size=16 sent
[00008650][DBG] PONG seq=57 rtt=5 ticks (83 ms)
[00008733][DBG] PING seq=58 size=16 sent
[00008816][DBG] PONG seq=58 rtt=5 ticks (83 ms)
[00008900][DBG] PING seq=59 size=16 sent
[00009000][DBG] PONG seq=59 rtt=6 ticks (100 ms)
[00009000][DBG] PING seq=60 size=16 sent
[00009016][DBG] PONG seq=60 rtt=1 ticks (16 ms)
[00009100][DBG] PING seq=61 size=16 sent
[00009183][DBG] PONG seq=61 rtt=5 ticks (83 ms)
[00009200][DBG] PING seq=62 size=16 sent
[00009283][DBG] PONG seq=62 rtt=5 ticks (83 ms)
[00009300][DBG] PING seq=63 size=16 sent
[00009383][DBG] PONG seq=63 rtt=5 ticks (83 ms)
[00009400][DBG] PING seq=64 size=16 sent
[00009483][DBG] PONG seq=64 rtt=5 ticks (83 ms)
[00009566][DBG] PING seq=65 size=16 sent
[00009650][DBG] PONG seq=65 rtt=5 ticks (83 ms)
[00009733][DBG] PING seq=66 size=16 sent
[00009816][DBG] PONG seq=66 rtt=5 ticks (83 ms)
[00009833][DBG] PING seq=67 size=16 sent
[00009916][DBG] PONG seq=67 rtt=5 ticks (83 ms)
[00010000][DBG] PING seq=68 size=16 sent
[00010166][DBG] PONG seq=68 rtt=10 ticks (166 ms)
[00010166][DBG] PING seq=69 size=16 sent
[00010183][DBG] PONG seq=69 rtt=1 ticks (16 ms)
[00010266][DBG] PING seq=70 size=16 sent
[00010350][DBG] PONG seq=70 rtt=5 ticks (83 ms)
[00010433][DBG] PING seq=71 size=16 sent
[00010550][INF] DISCOVERED: "PerfPartner" at 10.188.1.173:7354
[00010550][DBG] PONG seq=71 rtt=7 ticks (116 ms)
[00010550][DBG] PING seq=72 size=16 sent
[00010650][DBG] PONG seq=72 rtt=6 ticks (100 ms)
[00010650][DBG] PING seq=73 size=16 sent
[00010666][DBG] PONG seq=73 rtt=1 ticks (16 ms)
[00010750][DBG] PING seq=74 size=16 sent
[00010833][DBG] PONG seq=74 rtt=5 ticks (83 ms)
[00010916][DBG] PING seq=75 size=16 sent
[00011000][DBG] PONG seq=75 rtt=5 ticks (83 ms)
[00011083][DBG] PING seq=76 size=16 sent
[00011183][DBG] PONG seq=76 rtt=6 ticks (100 ms)
[00011183][DBG] PING seq=77 size=16 sent
[00011200][DBG] PONG seq=77 rtt=1 ticks (16 ms)
[00011283][DBG] PING seq=78 size=16 sent
[00011300][DBG] PONG seq=78 rtt=1 ticks (16 ms)
[00011433][DBG] PING seq=79 size=16 sent
[00011616][DBG] PONG seq=79 rtt=11 ticks (183 ms)
[00011616][DBG] PING seq=80 size=16 sent
[00011633][DBG] PONG seq=80 rtt=1 ticks (16 ms)
[00011716][DBG] PING seq=81 size=16 sent
[00011733][DBG] PONG seq=81 rtt=1 ticks (16 ms)
[00011816][DBG] PING seq=82 size=16 sent
[00011900][DBG] PONG seq=82 rtt=5 ticks (83 ms)
[00011983][DBG] PING seq=83 size=16 sent
[00012150][DBG] PONG seq=83 rtt=10 ticks (166 ms)
[00012150][DBG] PING seq=84 size=16 sent
[00012250][DBG] PONG seq=84 rtt=6 ticks (100 ms)
[00012250][DBG] PING seq=85 size=16 sent
[00012266][DBG] PONG seq=85 rtt=1 ticks (16 ms)
[00012350][DBG] PING seq=86 size=16 sent
[00012433][DBG] PONG seq=86 rtt=5 ticks (83 ms)
[00012516][DBG] PING seq=87 size=16 sent
[00012600][DBG] PONG seq=87 rtt=5 ticks (83 ms)
[00012616][DBG] PING seq=88 size=16 sent
[00012700][DBG] PONG seq=88 rtt=5 ticks (83 ms)
[00012716][DBG] PING seq=89 size=16 sent
[00012800][DBG] PONG seq=89 rtt=5 ticks (83 ms)
[00012883][DBG] PING seq=90 size=16 sent
[00013050][DBG] PONG seq=90 rtt=10 ticks (166 ms)
[00013050][DBG] PING seq=91 size=16 sent
[00013066][DBG] PONG seq=91 rtt=1 ticks (16 ms)
[00013150][DBG] PING seq=92 size=16 sent
[00013166][DBG] PONG seq=92 rtt=1 ticks (16 ms)
[00013250][DBG] PING seq=93 size=16 sent
[00013333][DBG] PONG seq=93 rtt=5 ticks (83 ms)
[00013350][DBG] PING seq=94 size=16 sent
[00013433][DBG] PONG seq=94 rtt=5 ticks (83 ms)
[00013516][DBG] PING seq=95 size=16 sent
[00013616][DBG] PONG seq=95 rtt=6 ticks (100 ms)
[00013616][DBG] PING seq=96 size=16 sent
[00013700][DBG] PONG seq=96 rtt=5 ticks (83 ms)
[00013783][DBG] PING seq=97 size=16 sent
[00013866][DBG] PONG seq=97 rtt=5 ticks (83 ms)
[00013950][DBG] PING seq=98 size=16 sent
[00014033][DBG] PONG seq=98 rtt=5 ticks (83 ms)
[00014050][DBG] PING seq=99 size=16 sent
[00014133][DBG] PONG seq=99 rtt=5 ticks (83 ms)
[00014133][INF] SIZE 16: min=16 max=533 avg=66 ms (sent=100 recv=100 lost=0)
[00014133][INF] Starting size 64 test
[00014150][DBG] PING seq=0 size=64 sent
[00014233][DBG] PONG seq=0 rtt=5 ticks (83 ms)
[00014316][DBG] PING seq=1 size=64 sent
[00014483][DBG] PONG seq=1 rtt=10 ticks (166 ms)
[00014483][DBG] PING seq=2 size=64 sent
[00014500][DBG] PONG seq=2 rtt=1 ticks (16 ms)
[00014583][DBG] PING seq=3 size=64 sent
[00014666][DBG] PONG seq=3 rtt=5 ticks (83 ms)
[00014683][DBG] PING seq=4 size=64 sent
[00014766][DBG] PONG seq=4 rtt=5 ticks (83 ms)
[00014783][DBG] PING seq=5 size=64 sent
[00014866][DBG] PONG seq=5 rtt=5 ticks (83 ms)
[00014950][DBG] PING seq=6 size=64 sent
[00015116][DBG] PONG seq=6 rtt=10 ticks (166 ms)
[00015116][DBG] PING seq=7 size=64 sent
[00015133][DBG] PONG seq=7 rtt=1 ticks (16 ms)
[00015216][DBG] PING seq=8 size=64 sent
[00015250][DBG] PONG seq=8 rtt=2 ticks (33 ms)
[00015333][DBG] PING seq=9 size=64 sent
[00015433][DBG] PONG seq=9 rtt=6 ticks (100 ms)
[00015433][DBG] PING seq=10 size=64 sent
[00015533][DBG] PONG seq=10 rtt=6 ticks (100 ms)
[00015533][DBG] PING seq=11 size=64 sent
[00015550][DBG] PONG seq=11 rtt=1 ticks (16 ms)
[00015633][DBG] PING seq=12 size=64 sent
[00015650][DBG] PONG seq=12 rtt=1 ticks (16 ms)
[00015733][DBG] PING seq=13 size=64 sent
[00015750][DBG] PONG seq=13 rtt=1 ticks (16 ms)
[00015833][DBG] PING seq=14 size=64 sent
[00015916][DBG] PONG seq=14 rtt=5 ticks (83 ms)
[00015933][DBG] PING seq=15 size=64 sent
[00016016][DBG] PONG seq=15 rtt=5 ticks (83 ms)
[00016100][DBG] PING seq=16 size=64 sent
[00016183][DBG] PONG seq=16 rtt=5 ticks (83 ms)
[00016266][DBG] PING seq=17 size=64 sent
[00016283][DBG] PONG seq=17 rtt=1 ticks (16 ms)
[00016366][DBG] PING seq=18 size=64 sent
[00016433][DBG] PONG seq=18 rtt=4 ticks (66 ms)
[00016533][DBG] PING seq=19 size=64 sent
[00016616][DBG] PONG seq=19 rtt=5 ticks (83 ms)
[00016700][DBG] PING seq=20 size=64 sent
[00016800][DBG] PONG seq=20 rtt=6 ticks (100 ms)
[00016800][DBG] PING seq=21 size=64 sent
[00016883][DBG] PONG seq=21 rtt=5 ticks (83 ms)
[00016966][DBG] PING seq=22 size=64 sent
[00017066][DBG] PONG seq=22 rtt=6 ticks (100 ms)
[00017066][DBG] PING seq=23 size=64 sent
[00017083][DBG] PONG seq=23 rtt=1 ticks (16 ms)
[00017166][DBG] PING seq=24 size=64 sent
[00017250][DBG] PONG seq=24 rtt=5 ticks (83 ms)
[00017266][DBG] PING seq=25 size=64 sent
[00017350][DBG] PONG seq=25 rtt=5 ticks (83 ms)
[00017366][DBG] PING seq=26 size=64 sent
[00017450][DBG] PONG seq=26 rtt=5 ticks (83 ms)
[00017466][DBG] PING seq=27 size=64 sent
[00017550][DBG] PONG seq=27 rtt=5 ticks (83 ms)
[00017633][DBG] PING seq=28 size=64 sent
[00017716][DBG] PONG seq=28 rtt=5 ticks (83 ms)
[00017800][DBG] PING seq=29 size=64 sent
[00017816][DBG] PONG seq=29 rtt=1 ticks (16 ms)
[00017900][DBG] PING seq=30 size=64 sent
[00017916][DBG] PONG seq=30 rtt=1 ticks (16 ms)
[00018000][DBG] PING seq=31 size=64 sent
[00018083][DBG] PONG seq=31 rtt=5 ticks (83 ms)
[00018166][DBG] PING seq=32 size=64 sent
[00018250][DBG] PONG seq=32 rtt=5 ticks (83 ms)
[00018333][DBG] PING seq=33 size=64 sent
[00018416][DBG] PONG seq=33 rtt=5 ticks (83 ms)
[00018500][DBG] PING seq=34 size=64 sent
[00018583][DBG] PONG seq=34 rtt=5 ticks (83 ms)
[00018600][DBG] PING seq=35 size=64 sent
[00018683][DBG] PONG seq=35 rtt=5 ticks (83 ms)
[00018766][DBG] PING seq=36 size=64 sent
[00018850][DBG] PONG seq=36 rtt=5 ticks (83 ms)
[00018866][DBG] PING seq=37 size=64 sent
[00018950][DBG] PONG seq=37 rtt=5 ticks (83 ms)
[00019033][DBG] PING seq=38 size=64 sent
[00019200][DBG] PONG seq=38 rtt=10 ticks (166 ms)
[00019200][DBG] PING seq=39 size=64 sent
[00019216][DBG] PONG seq=39 rtt=1 ticks (16 ms)
[00019300][DBG] PING seq=40 size=64 sent
[00019383][DBG] PONG seq=40 rtt=5 ticks (83 ms)
[00019400][DBG] PING seq=41 size=64 sent
[00019483][DBG] PONG seq=41 rtt=5 ticks (83 ms)
[00019566][DBG] PING seq=42 size=64 sent
[00019666][DBG] PONG seq=42 rtt=6 ticks (100 ms)
[00019666][DBG] PING seq=43 size=64 sent
[00019766][DBG] PONG seq=43 rtt=6 ticks (100 ms)
[00019766][DBG] PING seq=44 size=64 sent
[00019783][DBG] PONG seq=44 rtt=1 ticks (16 ms)
[00019866][DBG] PING seq=45 size=64 sent
[00019883][DBG] PONG seq=45 rtt=1 ticks (16 ms)
[00019966][DBG] PING seq=46 size=64 sent
[00020050][DBG] PONG seq=46 rtt=5 ticks (83 ms)
[00020133][DBG] PING seq=47 size=64 sent
[00020233][DBG] PONG seq=47 rtt=6 ticks (100 ms)
[00020233][DBG] PING seq=48 size=64 sent
[00020250][DBG] PONG seq=48 rtt=1 ticks (16 ms)
[00020333][DBG] PING seq=49 size=64 sent
[00020416][DBG] PONG seq=49 rtt=5 ticks (83 ms)
[00020433][DBG] PING seq=50 size=64 sent
[00020516][DBG] PONG seq=50 rtt=5 ticks (83 ms)
[00020616][INF] DISCOVERED: "PerfPartner" at 10.188.1.173:7354
[00020616][DBG] PING seq=51 size=64 sent
[00020716][DBG] PONG seq=51 rtt=6 ticks (100 ms)
[00020716][DBG] PING seq=52 size=64 sent
[00020816][DBG] PONG seq=52 rtt=6 ticks (100 ms)
[00020816][DBG] PING seq=53 size=64 sent
[00020833][DBG] PONG seq=53 rtt=1 ticks (16 ms)
[00020916][DBG] PING seq=54 size=64 sent
[00020933][DBG] PONG seq=54 rtt=1 ticks (16 ms)
[00021016][DBG] PING seq=55 size=64 sent
[00021100][DBG] PONG seq=55 rtt=5 ticks (83 ms)
[00021183][DBG] PING seq=56 size=64 sent
[00021266][DBG] PONG seq=56 rtt=5 ticks (83 ms)
[00021283][DBG] PING seq=57 size=64 sent
[00021366][DBG] PONG seq=57 rtt=5 ticks (83 ms)
[00021450][DBG] PING seq=58 size=64 sent
[00021583][DBG] PONG seq=58 rtt=8 ticks (133 ms)
[00021583][DBG] PING seq=59 size=64 sent
[00021600][DBG] PONG seq=59 rtt=1 ticks (16 ms)
[00021683][DBG] PING seq=60 size=64 sent
[00021766][DBG] PONG seq=60 rtt=5 ticks (83 ms)
[00021850][DBG] PING seq=61 size=64 sent
[00021933][DBG] PONG seq=61 rtt=5 ticks (83 ms)
[00021950][DBG] PING seq=62 size=64 sent
[00022033][DBG] PONG seq=62 rtt=5 ticks (83 ms)
[00022116][DBG] PING seq=63 size=64 sent
[00022133][DBG] PONG seq=63 rtt=1 ticks (16 ms)
[00022216][DBG] PING seq=64 size=64 sent
[00022233][DBG] PONG seq=64 rtt=1 ticks (16 ms)
[00022316][DBG] PING seq=65 size=64 sent
[00022400][DBG] PONG seq=65 rtt=5 ticks (83 ms)
[00022483][DBG] PING seq=66 size=64 sent
[00022566][DBG] PONG seq=66 rtt=5 ticks (83 ms)
[00022583][DBG] PING seq=67 size=64 sent
[00022666][DBG] PONG seq=67 rtt=5 ticks (83 ms)
[00022750][DBG] PING seq=68 size=64 sent
[00022916][DBG] PONG seq=68 rtt=10 ticks (166 ms)
[00022916][DBG] PING seq=69 size=64 sent
[00022933][DBG] PONG seq=69 rtt=1 ticks (16 ms)
[00023016][DBG] PING seq=70 size=64 sent
[00023100][DBG] PONG seq=70 rtt=5 ticks (83 ms)
[00023183][DBG] PING seq=71 size=64 sent
[00023266][DBG] PONG seq=71 rtt=5 ticks (83 ms)
[00023283][DBG] PING seq=72 size=64 sent
[00023366][DBG] PONG seq=72 rtt=5 ticks (83 ms)
[00023450][DBG] PING seq=73 size=64 sent
[00023633][DBG] PONG seq=73 rtt=11 ticks (183 ms)
[00023633][DBG] PING seq=74 size=64 sent
[00023650][DBG] PONG seq=74 rtt=1 ticks (16 ms)
[00023733][DBG] PING seq=75 size=64 sent
[00023816][DBG] PONG seq=75 rtt=5 ticks (83 ms)
[00023900][DBG] PING seq=76 size=64 sent
[00023983][DBG] PONG seq=76 rtt=5 ticks (83 ms)
[00024000][DBG] PING seq=77 size=64 sent
[00024083][DBG] PONG seq=77 rtt=5 ticks (83 ms)
[00024166][DBG] PING seq=78 size=64 sent
[00024333][DBG] PONG seq=78 rtt=10 ticks (166 ms)
[00024333][DBG] PING seq=79 size=64 sent
[00024350][DBG] PONG seq=79 rtt=1 ticks (16 ms)
[00024433][DBG] PING seq=80 size=64 sent
[00024450][DBG] PONG seq=80 rtt=1 ticks (16 ms)
[00024533][DBG] PING seq=81 size=64 sent
[00024616][DBG] PONG seq=81 rtt=5 ticks (83 ms)
[00024700][DBG] PING seq=82 size=64 sent
[00024716][DBG] PONG seq=82 rtt=1 ticks (16 ms)
[00024800][DBG] PING seq=83 size=64 sent
[00024883][DBG] PONG seq=83 rtt=5 ticks (83 ms)
[00024966][DBG] PING seq=84 size=64 sent
[00025066][DBG] PONG seq=84 rtt=6 ticks (100 ms)
[00025066][DBG] PING seq=85 size=64 sent
[00025083][DBG] PONG seq=85 rtt=1 ticks (16 ms)
[00025166][DBG] PING seq=86 size=64 sent
[00025250][DBG] PONG seq=86 rtt=5 ticks (83 ms)
[00025266][DBG] PING seq=87 size=64 sent
[00025350][DBG] PONG seq=87 rtt=5 ticks (83 ms)
[00025433][DBG] PING seq=88 size=64 sent
[00025516][DBG] PONG seq=88 rtt=5 ticks (83 ms)
[00025533][DBG] PING seq=89 size=64 sent
[00025550][DBG] PONG seq=89 rtt=1 ticks (16 ms)
[00025633][DBG] PING seq=90 size=64 sent
[00025716][DBG] PONG seq=90 rtt=5 ticks (83 ms)
[00025800][DBG] PING seq=91 size=64 sent
[00025883][DBG] PONG seq=91 rtt=5 ticks (83 ms)
[00025900][DBG] PING seq=92 size=64 sent
[00025983][DBG] PONG seq=92 rtt=5 ticks (83 ms)
[00026000][DBG] PING seq=93 size=64 sent
[00026083][DBG] PONG seq=93 rtt=5 ticks (83 ms)
[00026183][DBG] PING seq=94 size=64 sent
[00026200][DBG] PONG seq=94 rtt=1 ticks (16 ms)
[00026283][DBG] PING seq=95 size=64 sent
[00026366][DBG] PONG seq=95 rtt=5 ticks (83 ms)
[00026450][DBG] PING seq=96 size=64 sent
[00026466][DBG] PONG seq=96 rtt=1 ticks (16 ms)
[00026550][DBG] PING seq=97 size=64 sent
[00026616][DBG] PONG seq=97 rtt=4 ticks (66 ms)
[00026700][DBG] PING seq=98 size=64 sent
[00026783][DBG] PONG seq=98 rtt=5 ticks (83 ms)
[00026866][DBG] PING seq=99 size=64 sent
[00027033][DBG] PONG seq=99 rtt=10 ticks (166 ms)
[00027033][DBG] PING seq=100 size=64 sent
[00027033][INF] SIZE 64: min=16 max=183 avg=66 ms (sent=101 recv=100 lost=0)
[00027033][INF] Starting size 256 test
[00027133][WRN] PONG seq mismatch: got 100 expected 100
[00027133][DBG] PING seq=0 size=256 sent
[00027233][DBG] PONG seq=0 rtt=6 ticks (100 ms)
[00027233][DBG] PING seq=1 size=256 sent
[00027250][DBG] PONG seq=1 rtt=1 ticks (16 ms)
[00027333][DBG] PING seq=2 size=256 sent
[00027433][DBG] PONG seq=2 rtt=6 ticks (100 ms)
[00027433][DBG] PING seq=3 size=256 sent
[00027533][DBG] PONG seq=3 rtt=6 ticks (100 ms)
[00027533][DBG] PING seq=4 size=256 sent
[00027550][DBG] PONG seq=4 rtt=1 ticks (16 ms)
[00027650][DBG] PING seq=5 size=256 sent
[00027733][DBG] PONG seq=5 rtt=5 ticks (83 ms)
[00027816][DBG] PING seq=6 size=256 sent
[00027900][DBG] PONG seq=6 rtt=5 ticks (83 ms)
[00027983][DBG] PING seq=7 size=256 sent
[00028000][DBG] PONG seq=7 rtt=1 ticks (16 ms)
[00028083][DBG] PING seq=8 size=256 sent
[00028100][DBG] PONG seq=8 rtt=1 ticks (16 ms)
[00028183][DBG] PING seq=9 size=256 sent
[00028200][DBG] PONG seq=9 rtt=1 ticks (16 ms)
[00028283][DBG] PING seq=10 size=256 sent
[00028366][DBG] PONG seq=10 rtt=5 ticks (83 ms)
[00028450][DBG] PING seq=11 size=256 sent
[00028533][DBG] PONG seq=11 rtt=5 ticks (83 ms)
[00028616][DBG] PING seq=12 size=256 sent
[00028633][DBG] PONG seq=12 rtt=1 ticks (16 ms)
[00028716][DBG] PING seq=13 size=256 sent
[00028733][DBG] PONG seq=13 rtt=1 ticks (16 ms)
[00028816][DBG] PING seq=14 size=256 sent
[00028833][DBG] PONG seq=14 rtt=1 ticks (16 ms)
[00028916][DBG] PING seq=15 size=256 sent
[00029000][DBG] PONG seq=15 rtt=5 ticks (83 ms)
[00029083][DBG] PING seq=16 size=256 sent
[00029166][DBG] PONG seq=16 rtt=5 ticks (83 ms)
[00029250][DBG] PING seq=17 size=256 sent
[00029350][DBG] PONG seq=17 rtt=6 ticks (100 ms)
[00029350][DBG] PING seq=18 size=256 sent
[00029366][DBG] PONG seq=18 rtt=1 ticks (16 ms)
[00029450][DBG] PING seq=19 size=256 sent
[00029466][DBG] PONG seq=19 rtt=1 ticks (16 ms)
[00029550][DBG] PING seq=20 size=256 sent
[00029650][DBG] PONG seq=20 rtt=6 ticks (100 ms)
[00029650][DBG] PING seq=21 size=256 sent
[00029733][DBG] PONG seq=21 rtt=5 ticks (83 ms)
[00029816][DBG] PING seq=22 size=256 sent
[00029916][DBG] PONG seq=22 rtt=6 ticks (100 ms)
[00029916][DBG] PING seq=23 size=256 sent
[00029933][DBG] PONG seq=23 rtt=1 ticks (16 ms)
[00030016][DBG] PING seq=24 size=256 sent
[00030033][DBG] PONG seq=24 rtt=1 ticks (16 ms)
[00030116][DBG] PING seq=25 size=256 sent
[00030200][DBG] PONG seq=25 rtt=5 ticks (83 ms)
[00030300][DBG] PING seq=26 size=256 sent
[00030400][DBG] PONG seq=26 rtt=6 ticks (100 ms)
[00030400][DBG] PING seq=27 size=256 sent
[00030416][DBG] PONG seq=27 rtt=1 ticks (16 ms)
[00030500][DBG] PING seq=28 size=256 sent
[00030516][DBG] PONG seq=28 rtt=1 ticks (16 ms)
[00030600][DBG] PING seq=29 size=256 sent
[00030716][INF] DISCOVERED: "PerfPartner" at 10.188.1.173:7354
[00030716][DBG] PONG seq=29 rtt=7 ticks (116 ms)
[00030716][DBG] PING seq=30 size=256 sent
[00030816][DBG] PONG seq=30 rtt=6 ticks (100 ms)
[00030816][DBG] PING seq=31 size=256 sent
[00030833][DBG] PONG seq=31 rtt=1 ticks (16 ms)
[00030916][DBG] PING seq=32 size=256 sent
[00030933][DBG] PONG seq=32 rtt=1 ticks (16 ms)
[00031016][DBG] PING seq=33 size=256 sent
[00031100][DBG] PONG seq=33 rtt=5 ticks (83 ms)
[00031183][DBG] PING seq=34 size=256 sent
[00031200][DBG] PONG seq=34 rtt=1 ticks (16 ms)
[00031283][DBG] PING seq=35 size=256 sent
[00031300][DBG] PONG seq=35 rtt=1 ticks (16 ms)
[00031383][DBG] PING seq=36 size=256 sent
[00031400][DBG] PONG seq=36 rtt=1 ticks (16 ms)
[00031483][DBG] PING seq=37 size=256 sent
[00031500][DBG] PONG seq=37 rtt=1 ticks (16 ms)
[00031583][DBG] PING seq=38 size=256 sent
[00031633][DBG] PONG seq=38 rtt=3 ticks (50 ms)
[00031683][DBG] PING seq=39 size=256 sent
[00031700][DBG] PONG seq=39 rtt=1 ticks (16 ms)
[00031783][DBG] PING seq=40 size=256 sent
[00031866][DBG] PONG seq=40 rtt=5 ticks (83 ms)
[00031950][DBG] PING seq=41 size=256 sent
[00032033][DBG] PONG seq=41 rtt=5 ticks (83 ms)
[00032050][DBG] PING seq=42 size=256 sent
[00032133][DBG] PONG seq=42 rtt=5 ticks (83 ms)
[00032216][DBG] PING seq=43 size=256 sent
[00032300][DBG] PONG seq=43 rtt=5 ticks (83 ms)
[00032383][DBG] PING seq=44 size=256 sent
[00032400][DBG] PONG seq=44 rtt=1 ticks (16 ms)
[00032483][DBG] PING seq=45 size=256 sent
[00032500][DBG] PONG seq=45 rtt=1 ticks (16 ms)
[00032583][DBG] PING seq=46 size=256 sent
[00032600][DBG] PONG seq=46 rtt=1 ticks (16 ms)
[00032683][DBG] PING seq=47 size=256 sent
[00032766][DBG] PONG seq=47 rtt=5 ticks (83 ms)
[00032850][DBG] PING seq=48 size=256 sent
[00032933][DBG] PONG seq=48 rtt=5 ticks (83 ms)
[00033016][DBG] PING seq=49 size=256 sent
[00033116][DBG] PONG seq=49 rtt=6 ticks (100 ms)
[00033116][DBG] PING seq=50 size=256 sent
[00033133][DBG] PONG seq=50 rtt=1 ticks (16 ms)
[00033216][DBG] PING seq=51 size=256 sent
[00033233][DBG] PONG seq=51 rtt=1 ticks (16 ms)
[00033316][DBG] PING seq=52 size=256 sent
[00033400][DBG] PONG seq=52 rtt=5 ticks (83 ms)
[00033483][DBG] PING seq=53 size=256 sent
[00033583][DBG] PONG seq=53 rtt=6 ticks (100 ms)
[00033583][DBG] PING seq=54 size=256 sent
[00033683][DBG] PONG seq=54 rtt=6 ticks (100 ms)
[00033683][DBG] PING seq=55 size=256 sent
[00033700][DBG] PONG seq=55 rtt=1 ticks (16 ms)
[00033783][DBG] PING seq=56 size=256 sent
[00033800][DBG] PONG seq=56 rtt=1 ticks (16 ms)
[00033883][DBG] PING seq=57 size=256 sent
[00033900][DBG] PONG seq=57 rtt=1 ticks (16 ms)
[00033983][DBG] PING seq=58 size=256 sent
[00034000][DBG] PONG seq=58 rtt=1 ticks (16 ms)
[00034083][DBG] PING seq=59 size=256 sent
[00034100][DBG] PONG seq=59 rtt=1 ticks (16 ms)
[00034183][DBG] PING seq=60 size=256 sent
[00034200][DBG] PONG seq=60 rtt=1 ticks (16 ms)
[00034283][DBG] PING seq=61 size=256 sent
[00034300][DBG] PONG seq=61 rtt=1 ticks (16 ms)
[00034383][DBG] PING seq=62 size=256 sent
[00034400][DBG] PONG seq=62 rtt=1 ticks (16 ms)
[00034483][DBG] PING seq=63 size=256 sent
[00034500][DBG] PONG seq=63 rtt=1 ticks (16 ms)
[00034583][DBG] PING seq=64 size=256 sent
[00034600][DBG] PONG seq=64 rtt=1 ticks (16 ms)
[00034700][DBG] PING seq=65 size=256 sent
[00034783][DBG] PONG seq=65 rtt=5 ticks (83 ms)
[00034866][DBG] PING seq=66 size=256 sent
[00035033][DBG] PONG seq=66 rtt=10 ticks (166 ms)
[00035033][DBG] PING seq=67 size=256 sent
[00035050][DBG] PONG seq=67 rtt=1 ticks (16 ms)
[00035133][DBG] PING seq=68 size=256 sent
[00035150][DBG] PONG seq=68 rtt=1 ticks (16 ms)
[00035233][DBG] PING seq=69 size=256 sent
[00035250][DBG] PONG seq=69 rtt=1 ticks (16 ms)
[00035333][DBG] PING seq=70 size=256 sent
[00035350][DBG] PONG seq=70 rtt=1 ticks (16 ms)
[00035433][DBG] PING seq=71 size=256 sent
[00035450][DBG] PONG seq=71 rtt=1 ticks (16 ms)
[00035533][DBG] PING seq=72 size=256 sent
[00035550][DBG] PONG seq=72 rtt=1 ticks (16 ms)
[00035633][DBG] PING seq=73 size=256 sent
[00035650][DBG] PONG seq=73 rtt=1 ticks (16 ms)
[00035733][DBG] PING seq=74 size=256 sent
[00035750][DBG] PONG seq=74 rtt=1 ticks (16 ms)
[00035833][DBG] PING seq=75 size=256 sent
[00035850][DBG] PONG seq=75 rtt=1 ticks (16 ms)
[00035933][DBG] PING seq=76 size=256 sent
[00036016][DBG] PONG seq=76 rtt=5 ticks (83 ms)
[00036033][DBG] PING seq=77 size=256 sent
[00036116][DBG] PONG seq=77 rtt=5 ticks (83 ms)
[00036200][DBG] PING seq=78 size=256 sent
[00036366][DBG] PONG seq=78 rtt=10 ticks (166 ms)
[00036366][DBG] PING seq=79 size=256 sent
[00036383][DBG] PONG seq=79 rtt=1 ticks (16 ms)
[00036466][DBG] PING seq=80 size=256 sent
[00036483][DBG] PONG seq=80 rtt=1 ticks (16 ms)
[00036566][DBG] PING seq=81 size=256 sent
[00036583][DBG] PONG seq=81 rtt=1 ticks (16 ms)
[00036666][DBG] PING seq=82 size=256 sent
[00036766][DBG] PONG seq=82 rtt=6 ticks (100 ms)
[00036766][DBG] PING seq=83 size=256 sent
[00036933][DBG] PONG seq=83 rtt=10 ticks (166 ms)
[00036950][DBG] PING seq=84 size=256 sent
[00037033][DBG] PONG seq=84 rtt=5 ticks (83 ms)
[00037050][DBG] PING seq=85 size=256 sent
[00037133][DBG] PONG seq=85 rtt=5 ticks (83 ms)
[00037216][DBG] PING seq=86 size=256 sent
[00037383][DBG] PONG seq=86 rtt=10 ticks (166 ms)
[00037383][DBG] PING seq=87 size=256 sent
[00037400][DBG] PONG seq=87 rtt=1 ticks (16 ms)
[00037483][DBG] PING seq=88 size=256 sent
[00037566][DBG] PONG seq=88 rtt=5 ticks (83 ms)
[00037650][DBG] PING seq=89 size=256 sent
[00037750][DBG] PONG seq=89 rtt=6 ticks (100 ms)
[00037750][DBG] PING seq=90 size=256 sent
[00037766][DBG] PONG seq=90 rtt=1 ticks (16 ms)
[00037850][DBG] PING seq=91 size=256 sent
[00037933][DBG] PONG seq=91 rtt=5 ticks (83 ms)
[00038033][DBG] PING seq=92 size=256 sent
[00038200][DBG] PONG seq=92 rtt=10 ticks (166 ms)
[00038200][DBG] PING seq=93 size=256 sent
[00038216][DBG] PONG seq=93 rtt=1 ticks (16 ms)
[00038300][DBG] PING seq=94 size=256 sent
[00038316][DBG] PONG seq=94 rtt=1 ticks (16 ms)
[00038400][DBG] PING seq=95 size=256 sent
[00038483][DBG] PONG seq=95 rtt=5 ticks (83 ms)
[00038500][DBG] PING seq=96 size=256 sent
[00038583][DBG] PONG seq=96 rtt=5 ticks (83 ms)
[00038600][DBG] PING seq=97 size=256 sent
[00038683][DBG] PONG seq=97 rtt=5 ticks (83 ms)
[00038766][DBG] PING seq=98 size=256 sent
[00038850][DBG] PONG seq=98 rtt=5 ticks (83 ms)
[00038933][DBG] PING seq=99 size=256 sent
[00038950][DBG] PONG seq=99 rtt=1 ticks (16 ms)
[00038950][INF] SIZE 256: min=16 max=166 avg=50 ms (sent=100 recv=100 lost=0)
[00038950][INF] Starting size 1024 test
[00039033][DBG] PING seq=0 size=1024 sent
[00039116][DBG] PONG seq=0 rtt=5 ticks (83 ms)
[00039133][DBG] PING seq=1 size=1024 sent
[00039233][DBG] PONG seq=1 rtt=6 ticks (100 ms)
[00039233][DBG] PING seq=2 size=1024 sent
[00039333][DBG] PONG seq=2 rtt=6 ticks (100 ms)
[00039333][DBG] PING seq=3 size=1024 sent
[00039516][DBG] PONG seq=3 rtt=11 ticks (183 ms)
[00039516][DBG] PING seq=4 size=1024 sent
[00039633][DBG] PONG seq=4 rtt=7 ticks (116 ms)
[00039633][DBG] PING seq=5 size=1024 sent
[00039733][DBG] PONG seq=5 rtt=6 ticks (100 ms)
[00039733][DBG] PING seq=6 size=1024 sent
[00039833][DBG] PONG seq=6 rtt=6 ticks (100 ms)
[00039833][DBG] PING seq=7 size=1024 sent
[00039933][DBG] PONG seq=7 rtt=6 ticks (100 ms)
[00039933][DBG] PING seq=8 size=1024 sent
[00040116][DBG] PONG seq=8 rtt=11 ticks (183 ms)
[00040116][DBG] PING seq=9 size=1024 sent
[00040216][DBG] PONG seq=9 rtt=6 ticks (100 ms)
[00040216][DBG] PING seq=10 size=1024 sent
[00040316][DBG] PONG seq=10 rtt=6 ticks (100 ms)
[00040316][DBG] PING seq=11 size=1024 sent
[00040433][DBG] PONG seq=11 rtt=7 ticks (116 ms)
[00040433][DBG] PING seq=12 size=1024 sent
[00040533][INF] DISCOVERED: "PerfPartner" at 10.188.1.173:7354
[00040633][DBG] PONG seq=12 rtt=12 ticks (200 ms)
[00040633][DBG] PING seq=13 size=1024 sent
[00040850][DBG] PONG seq=13 rtt=13 ticks (216 ms)
[00040850][DBG] PING seq=14 size=1024 sent
[00041016][DBG] PONG seq=14 rtt=10 ticks (166 ms)
[00041016][DBG] PING seq=15 size=1024 sent
[00041200][DBG] PONG seq=15 rtt=11 ticks (183 ms)
[00041200][DBG] PING seq=16 size=1024 sent
[00041300][DBG] PONG seq=16 rtt=6 ticks (100 ms)
[00041300][DBG] PING seq=17 size=1024 sent
[00041400][DBG] PONG seq=17 rtt=6 ticks (100 ms)
[00041400][DBG] PING seq=18 size=1024 sent
[00041500][DBG] PONG seq=18 rtt=6 ticks (100 ms)
[00041500][DBG] PING seq=19 size=1024 sent
[00041600][DBG] PONG seq=19 rtt=6 ticks (100 ms)
[00041600][DBG] PING seq=20 size=1024 sent
[00041700][DBG] PONG seq=20 rtt=6 ticks (100 ms)
[00041700][DBG] PING seq=21 size=1024 sent
[00041883][DBG] PONG seq=21 rtt=11 ticks (183 ms)
[00041883][DBG] PING seq=22 size=1024 sent
[00041983][DBG] PONG seq=22 rtt=6 ticks (100 ms)
[00041983][DBG] PING seq=23 size=1024 sent
[00042116][DBG] PONG seq=23 rtt=8 ticks (133 ms)
[00042116][DBG] PING seq=24 size=1024 sent
[00042216][DBG] PONG seq=24 rtt=6 ticks (100 ms)
[00042216][DBG] PING seq=25 size=1024 sent
[00042400][DBG] PONG seq=25 rtt=11 ticks (183 ms)
[00042400][DBG] PING seq=26 size=1024 sent
[00042500][DBG] PONG seq=26 rtt=6 ticks (100 ms)
[00042500][DBG] PING seq=27 size=1024 sent
[00042600][DBG] PONG seq=27 rtt=6 ticks (100 ms)
[00042600][DBG] PING seq=28 size=1024 sent
[00042783][DBG] PONG seq=28 rtt=11 ticks (183 ms)
[00042783][DBG] PING seq=29 size=1024 sent
[00042900][DBG] PONG seq=29 rtt=7 ticks (116 ms)
[00042900][DBG] PING seq=30 size=1024 sent
[00043083][DBG] PONG seq=30 rtt=11 ticks (183 ms)
[00043083][DBG] PING seq=31 size=1024 sent
[00043183][DBG] PONG seq=31 rtt=6 ticks (100 ms)
[00043183][DBG] PING seq=32 size=1024 sent
[00043283][DBG] PONG seq=32 rtt=6 ticks (100 ms)
[00043283][DBG] PING seq=33 size=1024 sent
[00043466][DBG] PONG seq=33 rtt=11 ticks (183 ms)
[00043466][DBG] PING seq=34 size=1024 sent
[00043650][DBG] PONG seq=34 rtt=11 ticks (183 ms)
[00043650][DBG] PING seq=35 size=1024 sent
[00043766][DBG] PONG seq=35 rtt=7 ticks (116 ms)
[00043766][DBG] PING seq=36 size=1024 sent
[00043866][DBG] PONG seq=36 rtt=6 ticks (100 ms)
[00043866][DBG] PING seq=37 size=1024 sent
[00043900][DBG] PONG seq=37 rtt=2 ticks (33 ms)
[00043983][DBG] PING seq=38 size=1024 sent
[00044083][DBG] PONG seq=38 rtt=6 ticks (100 ms)
[00044083][DBG] PING seq=39 size=1024 sent
[00044183][DBG] PONG seq=39 rtt=6 ticks (100 ms)
[00044183][DBG] PING seq=40 size=1024 sent
[00044283][DBG] PONG seq=40 rtt=6 ticks (100 ms)
[00044283][DBG] PING seq=41 size=1024 sent
[00044383][DBG] PONG seq=41 rtt=6 ticks (100 ms)
[00044383][DBG] PING seq=42 size=1024 sent
[00044483][DBG] PONG seq=42 rtt=6 ticks (100 ms)
[00044483][DBG] PING seq=43 size=1024 sent
[00044666][DBG] PONG seq=43 rtt=11 ticks (183 ms)
[00044666][DBG] PING seq=44 size=1024 sent
[00044766][DBG] PONG seq=44 rtt=6 ticks (100 ms)
[00044766][DBG] PING seq=45 size=1024 sent
[00044950][DBG] PONG seq=45 rtt=11 ticks (183 ms)
[00044950][DBG] PING seq=46 size=1024 sent
[00045050][DBG] PONG seq=46 rtt=6 ticks (100 ms)
[00045050][DBG] PING seq=47 size=1024 sent
[00045150][DBG] PONG seq=47 rtt=6 ticks (100 ms)
[00045150][DBG] PING seq=48 size=1024 sent
[00045333][DBG] PONG seq=48 rtt=11 ticks (183 ms)
[00045350][DBG] PING seq=49 size=1024 sent
[00045533][DBG] PONG seq=49 rtt=11 ticks (183 ms)
[00045533][DBG] PING seq=50 size=1024 sent
[00045650][DBG] PONG seq=50 rtt=7 ticks (116 ms)
[00045650][DBG] PING seq=51 size=1024 sent
[00045816][DBG] PONG seq=51 rtt=10 ticks (166 ms)
[00045816][DBG] PING seq=52 size=1024 sent
[00046000][DBG] PONG seq=52 rtt=11 ticks (183 ms)
[00046000][DBG] PING seq=53 size=1024 sent
[00046116][DBG] PONG seq=53 rtt=7 ticks (116 ms)
[00046116][DBG] PING seq=54 size=1024 sent
[00046283][DBG] PONG seq=54 rtt=10 ticks (166 ms)
[00046283][DBG] PING seq=55 size=1024 sent
[00046466][DBG] PONG seq=55 rtt=11 ticks (183 ms)
[00046466][DBG] PING seq=56 size=1024 sent
[00046650][DBG] PONG seq=56 rtt=11 ticks (183 ms)
[00046650][DBG] PING seq=57 size=1024 sent
[00046750][DBG] PONG seq=57 rtt=6 ticks (100 ms)
[00046750][DBG] PING seq=58 size=1024 sent
[00046866][DBG] PONG seq=58 rtt=7 ticks (116 ms)
[00046866][DBG] PING seq=59 size=1024 sent
[00047033][DBG] PONG seq=59 rtt=10 ticks (166 ms)
[00047033][DBG] PING seq=60 size=1024 sent
[00047200][DBG] PONG seq=60 rtt=10 ticks (166 ms)
[00047200][DBG] PING seq=61 size=1024 sent
[00047300][DBG] PONG seq=61 rtt=6 ticks (100 ms)
[00047300][DBG] PING seq=62 size=1024 sent
[00047400][DBG] PONG seq=62 rtt=6 ticks (100 ms)
[00047400][DBG] PING seq=63 size=1024 sent
[00047500][DBG] PONG seq=63 rtt=6 ticks (100 ms)
[00047500][DBG] PING seq=64 size=1024 sent
[00047616][DBG] PONG seq=64 rtt=7 ticks (116 ms)
[00047616][DBG] PING seq=65 size=1024 sent
[00047733][DBG] PONG seq=65 rtt=7 ticks (116 ms)
[00047733][DBG] PING seq=66 size=1024 sent
[00047916][DBG] PONG seq=66 rtt=11 ticks (183 ms)
[00047916][DBG] PING seq=67 size=1024 sent
[00048016][DBG] PONG seq=67 rtt=6 ticks (100 ms)
[00048016][DBG] PING seq=68 size=1024 sent
[00048133][DBG] PONG seq=68 rtt=7 ticks (116 ms)
[00048133][DBG] PING seq=69 size=1024 sent
[00048316][DBG] PONG seq=69 rtt=11 ticks (183 ms)
[00048316][DBG] PING seq=70 size=1024 sent
[00048500][DBG] PONG seq=70 rtt=11 ticks (183 ms)
[00048500][DBG] PING seq=71 size=1024 sent
[00048600][DBG] PONG seq=71 rtt=6 ticks (100 ms)
[00048600][DBG] PING seq=72 size=1024 sent
[00048700][DBG] PONG seq=72 rtt=6 ticks (100 ms)
[00048700][DBG] PING seq=73 size=1024 sent
[00048883][DBG] PONG seq=73 rtt=11 ticks (183 ms)
[00048883][DBG] PING seq=74 size=1024 sent
[00049066][DBG] PONG seq=74 rtt=11 ticks (183 ms)
[00049066][DBG] PING seq=75 size=1024 sent
[00049183][DBG] PONG seq=75 rtt=7 ticks (116 ms)
[00049183][DBG] PING seq=76 size=1024 sent
[00049350][DBG] PONG seq=76 rtt=10 ticks (166 ms)
[00049350][DBG] PING seq=77 size=1024 sent
[00049533][DBG] PONG seq=77 rtt=11 ticks (183 ms)
[00049533][DBG] PING seq=78 size=1024 sent
[00049650][DBG] PONG seq=78 rtt=7 ticks (116 ms)
[00049650][DBG] PING seq=79 size=1024 sent
[00049816][DBG] PONG seq=79 rtt=10 ticks (166 ms)
[00049816][DBG] PING seq=80 size=1024 sent
[00050000][DBG] PONG seq=80 rtt=11 ticks (183 ms)
[00050000][DBG] PING seq=81 size=1024 sent
[00050183][DBG] PONG seq=81 rtt=11 ticks (183 ms)
[00050183][DBG] PING seq=82 size=1024 sent
[00050216][DBG] PONG seq=82 rtt=2 ticks (33 ms)
[00050300][DBG] PING seq=83 size=1024 sent
[00050400][DBG] PONG seq=83 rtt=6 ticks (100 ms)
[00050400][DBG] PING seq=84 size=1024 sent
[00050500][DBG] PONG seq=84 rtt=6 ticks (100 ms)
[00050500][DBG] PING seq=85 size=1024 sent
[00050616][INF] DISCOVERED: "PerfPartner" at 10.188.1.173:7354
[00050633][DBG] PONG seq=85 rtt=8 ticks (133 ms)
[00050633][DBG] PING seq=86 size=1024 sent
[00050800][DBG] PONG seq=86 rtt=10 ticks (166 ms)
[00050800][DBG] PING seq=87 size=1024 sent
[00050983][DBG] PONG seq=87 rtt=11 ticks (183 ms)
[00050983][DBG] PING seq=88 size=1024 sent
[00051083][DBG] PONG seq=88 rtt=6 ticks (100 ms)
[00051083][DBG] PING seq=89 size=1024 sent
[00051183][DBG] PONG seq=89 rtt=6 ticks (100 ms)
[00051183][DBG] PING seq=90 size=1024 sent
[00051216][DBG] PONG seq=90 rtt=2 ticks (33 ms)
[00051300][DBG] PING seq=91 size=1024 sent
[00051466][DBG] PONG seq=91 rtt=10 ticks (166 ms)
[00051466][DBG] PING seq=92 size=1024 sent
[00051650][DBG] PONG seq=92 rtt=11 ticks (183 ms)
[00051650][DBG] PING seq=93 size=1024 sent
[00051750][DBG] PONG seq=93 rtt=6 ticks (100 ms)
[00051750][DBG] PING seq=94 size=1024 sent
[00051950][DBG] PONG seq=94 rtt=12 ticks (200 ms)
[00051950][DBG] PING seq=95 size=1024 sent
[00052050][DBG] PONG seq=95 rtt=6 ticks (100 ms)
[00052050][DBG] PING seq=96 size=1024 sent
[00052150][DBG] PONG seq=96 rtt=6 ticks (100 ms)
[00052150][DBG] PING seq=97 size=1024 sent
[00052283][DBG] PONG seq=97 rtt=8 ticks (133 ms)
[00052283][DBG] PING seq=98 size=1024 sent
[00052316][DBG] PONG seq=98 rtt=2 ticks (33 ms)
[00052400][DBG] PING seq=99 size=1024 sent
[00052500][DBG] PONG seq=99 rtt=6 ticks (100 ms)
[00052500][DBG] PING seq=100 size=1024 sent
[00052500][INF] SIZE 1024: min=33 max=216 avg=116 ms (sent=101 recv=100 lost=0)
[00052500][INF] Starting size 4096 test
[00052616][DBG] PING seq=0 size=4096 sent
[00052700][WRN] PONG seq mismatch: got 100 expected 0
[00052816][DBG] PONG seq=0 rtt=13 ticks (216 ms)
[00052816][DBG] PING seq=1 size=4096 sent
[00053100][DBG] PONG seq=1 rtt=17 ticks (283 ms)
[00053100][DBG] PING seq=2 size=4096 sent
[00053383][DBG] PONG seq=2 rtt=17 ticks (283 ms)
[00053400][DBG] PING seq=3 size=4096 sent
[00053666][DBG] PONG seq=3 rtt=17 ticks (283 ms)
[00053666][DBG] PING seq=4 size=4096 sent
[00053883][DBG] PONG seq=4 rtt=13 ticks (216 ms)
[00053883][DBG] PING seq=5 size=4096 sent
[00054166][DBG] PONG seq=5 rtt=17 ticks (283 ms)
[00054166][DBG] PING seq=6 size=4096 sent
[00054450][DBG] PONG seq=6 rtt=17 ticks (283 ms)
[00054450][DBG] PING seq=7 size=4096 sent
[00054666][DBG] PONG seq=7 rtt=13 ticks (216 ms)
[00054683][DBG] PING seq=8 size=4096 sent
[00054950][DBG] PONG seq=8 rtt=17 ticks (283 ms)
[00054966][DBG] PING seq=9 size=4096 sent
[00055166][DBG] PONG seq=9 rtt=13 ticks (216 ms)
[00055183][DBG] PING seq=10 size=4096 sent
[00055450][DBG] PONG seq=10 rtt=17 ticks (283 ms)
[00055450][DBG] PING seq=11 size=4096 sent
[00055666][DBG] PONG seq=11 rtt=13 ticks (216 ms)
[00055666][DBG] PING seq=12 size=4096 sent
[00055883][DBG] PONG seq=12 rtt=13 ticks (216 ms)
[00055883][DBG] PING seq=13 size=4096 sent
[00056150][DBG] PONG seq=13 rtt=16 ticks (266 ms)
[00056166][DBG] PING seq=14 size=4096 sent
[00056433][DBG] PONG seq=14 rtt=17 ticks (283 ms)
[00056450][DBG] PING seq=15 size=4096 sent
[00056650][DBG] PONG seq=15 rtt=13 ticks (216 ms)
[00056650][DBG] PING seq=16 size=4096 sent
[00056866][DBG] PONG seq=16 rtt=13 ticks (216 ms)
[00056883][DBG] PING seq=17 size=4096 sent
[00057150][DBG] PONG seq=17 rtt=16 ticks (266 ms)
[00057150][DBG] PING seq=18 size=4096 sent
[00057416][DBG] PONG seq=18 rtt=16 ticks (266 ms)
[00057416][DBG] PING seq=19 size=4096 sent
[00057633][DBG] PONG seq=19 rtt=13 ticks (216 ms)
[00057650][DBG] PING seq=20 size=4096 sent
[00057916][DBG] PONG seq=20 rtt=17 ticks (283 ms)
[00057916][DBG] PING seq=21 size=4096 sent
[00058116][DBG] PONG seq=21 rtt=12 ticks (200 ms)
[00058133][DBG] PING seq=22 size=4096 sent
[00058400][DBG] PONG seq=22 rtt=17 ticks (283 ms)
[00058416][DBG] PING seq=23 size=4096 sent
[00058683][DBG] PONG seq=23 rtt=17 ticks (283 ms)
[00058700][DBG] PING seq=24 size=4096 sent
[00058900][DBG] PONG seq=24 rtt=13 ticks (216 ms)
[00058916][DBG] PING seq=25 size=4096 sent
[00059183][DBG] PONG seq=25 rtt=17 ticks (283 ms)
[00059183][DBG] PING seq=26 size=4096 sent
[00059533][DBG] PONG seq=26 rtt=21 ticks (350 ms)
[00059533][DBG] PING seq=27 size=4096 sent
[00059750][DBG] PONG seq=27 rtt=13 ticks (216 ms)
[00059750][DBG] PING seq=28 size=4096 sent
[00060033][DBG] PONG seq=28 rtt=17 ticks (283 ms)
[00060033][DBG] PING seq=29 size=4096 sent
[00060316][DBG] PONG seq=29 rtt=17 ticks (283 ms)
[00060333][DBG] PING seq=30 size=4096 sent
[00060550][DBG] PONG seq=30 rtt=14 ticks (233 ms)
[00060550][DBG] PING seq=31 size=4096 sent
[00060666][INF] DISCOVERED: "PerfPartner" at 10.188.1.173:7354
[00060850][DBG] PONG seq=31 rtt=18 ticks (300 ms)
[00060866][DBG] PING seq=32 size=4096 sent
[00061150][DBG] PONG seq=32 rtt=18 ticks (300 ms)
[00061166][DBG] PING seq=33 size=4096 sent
[00061433][DBG] PONG seq=33 rtt=17 ticks (283 ms)
[00061433][DBG] PING seq=34 size=4096 sent
[00061650][DBG] PONG seq=34 rtt=13 ticks (216 ms)
[00061666][DBG] PING seq=35 size=4096 sent
[00061933][DBG] PONG seq=35 rtt=17 ticks (283 ms)
[00061933][DBG] PING seq=36 size=4096 sent
[00062066][DBG] PONG seq=36 rtt=8 ticks (133 ms)
[00062083][DBG] PING seq=37 size=4096 sent
[00062283][DBG] PONG seq=37 rtt=13 ticks (216 ms)
[00062283][DBG] PING seq=38 size=4096 sent
[00062516][DBG] PONG seq=38 rtt=14 ticks (233 ms)
[00062533][DBG] PING seq=39 size=4096 sent
[00062733][DBG] PONG seq=39 rtt=13 ticks (216 ms)
[00062750][DBG] PING seq=40 size=4096 sent
[00063016][DBG] PONG seq=40 rtt=17 ticks (283 ms)
[00063016][DBG] PING seq=41 size=4096 sent
[00063316][DBG] PONG seq=41 rtt=18 ticks (300 ms)
[00063333][DBG] PING seq=42 size=4096 sent
[00063600][DBG] PONG seq=42 rtt=17 ticks (283 ms)
[00063600][DBG] PING seq=43 size=4096 sent
[00063816][DBG] PONG seq=43 rtt=13 ticks (216 ms)
[00063816][DBG] PING seq=44 size=4096 sent
[00064100][DBG] PONG seq=44 rtt=17 ticks (283 ms)
[00064100][DBG] PING seq=45 size=4096 sent
[00064450][DBG] PONG seq=45 rtt=21 ticks (350 ms)
[00064450][DBG] PING seq=46 size=4096 sent
[00064733][DBG] PONG seq=46 rtt=17 ticks (283 ms)
[00064750][DBG] PING seq=47 size=4096 sent
[00065016][DBG] PONG seq=47 rtt=17 ticks (283 ms)
[00065016][DBG] PING seq=48 size=4096 sent
[00065233][DBG] PONG seq=48 rtt=13 ticks (216 ms)
[00065233][DBG] PING seq=49 size=4096 sent
[00065516][DBG] PONG seq=49 rtt=17 ticks (283 ms)
[00065516][DBG] PING seq=50 size=4096 sent
[00065800][DBG] PONG seq=50 rtt=17 ticks (283 ms)
[00065816][DBG] PING seq=51 size=4096 sent
[00066083][DBG] PONG seq=51 rtt=17 ticks (283 ms)
[00066100][DBG] PING seq=52 size=4096 sent
[00066366][DBG] PONG seq=52 rtt=17 ticks (283 ms)
[00066366][DBG] PING seq=53 size=4096 sent
[00066583][DBG] PONG seq=53 rtt=13 ticks (216 ms)
[00066600][DBG] PING seq=54 size=4096 sent
[00066866][DBG] PONG seq=54 rtt=17 ticks (283 ms)
[00066866][DBG] PING seq=55 size=4096 sent
[00067150][DBG] PONG seq=55 rtt=17 ticks (283 ms)
[00067150][DBG] PING seq=56 size=4096 sent
[00067366][DBG] PONG seq=56 rtt=13 ticks (216 ms)
[00067383][DBG] PING seq=57 size=4096 sent
[00067633][DBG] PONG seq=57 rtt=16 ticks (266 ms)
[00067633][DBG] PING seq=58 size=4096 sent
[00067916][DBG] PONG seq=58 rtt=17 ticks (283 ms)
[00067933][DBG] PING seq=59 size=4096 sent
[00068133][DBG] PONG seq=59 rtt=13 ticks (216 ms)
[00068133][DBG] PING seq=60 size=4096 sent
[00068416][DBG] PONG seq=60 rtt=17 ticks (283 ms)
[00068416][DBG] PING seq=61 size=4096 sent
[00068700][DBG] PONG seq=61 rtt=17 ticks (283 ms)
[00068716][DBG] PING seq=62 size=4096 sent
[00068916][DBG] PONG seq=62 rtt=13 ticks (216 ms)
[00068916][DBG] PING seq=63 size=4096 sent
[00069200][DBG] PONG seq=63 rtt=17 ticks (283 ms)
[00069200][DBG] PING seq=64 size=4096 sent
[00069483][DBG] PONG seq=64 rtt=17 ticks (283 ms)
[00069483][DBG] PING seq=65 size=4096 sent
[00069766][DBG] PONG seq=65 rtt=17 ticks (283 ms)
[00069766][DBG] PING seq=66 size=4096 sent
[00070050][DBG] PONG seq=66 rtt=17 ticks (283 ms)
[00070066][DBG] PING seq=67 size=4096 sent
[00070266][DBG] PONG seq=67 rtt=13 ticks (216 ms)
[00070283][DBG] PING seq=68 size=4096 sent
[00070550][DBG] PONG seq=68 rtt=17 ticks (283 ms)
[00070550][DBG] PING seq=69 size=4096 sent
[00070750][INF] DISCOVERED: "PerfPartner" at 10.188.1.173:7354
[00070850][DBG] PONG seq=69 rtt=18 ticks (300 ms)
[00070850][DBG] PING seq=70 size=4096 sent
[00071066][DBG] PONG seq=70 rtt=13 ticks (216 ms)
[00071066][DBG] PING seq=71 size=4096 sent
[00071350][DBG] PONG seq=71 rtt=17 ticks (283 ms)
[00071350][DBG] PING seq=72 size=4096 sent
[00071633][DBG] PONG seq=72 rtt=17 ticks (283 ms)
[00071633][DBG] PING seq=73 size=4096 sent
[00072016][DBG] PONG seq=73 rtt=23 ticks (383 ms)
[00072033][DBG] PING seq=74 size=4096 sent
[00072233][DBG] PONG seq=74 rtt=13 ticks (216 ms)
[00072233][DBG] PING seq=75 size=4096 sent
[00072516][DBG] PONG seq=75 rtt=17 ticks (283 ms)
[00072533][DBG] PING seq=76 size=4096 sent
[00072800][DBG] PONG seq=76 rtt=17 ticks (283 ms)
[00072800][DBG] PING seq=77 size=4096 sent
[00073083][DBG] PONG seq=77 rtt=17 ticks (283 ms)
[00073100][DBG] PING seq=78 size=4096 sent
[00073300][DBG] PONG seq=78 rtt=13 ticks (216 ms)
[00073316][DBG] PING seq=79 size=4096 sent
[00073583][DBG] PONG seq=79 rtt=17 ticks (283 ms)
[00073583][DBG] PING seq=80 size=4096 sent
[00073933][DBG] PONG seq=80 rtt=21 ticks (350 ms)
[00073933][DBG] PING seq=81 size=4096 sent
[00074216][DBG] PONG seq=81 rtt=17 ticks (283 ms)
[00074216][DBG] PING seq=82 size=4096 sent
[00074500][DBG] PONG seq=82 rtt=17 ticks (283 ms)
[00074516][DBG] PING seq=83 size=4096 sent
[00074716][DBG] PONG seq=83 rtt=13 ticks (216 ms)
[00074733][DBG] PING seq=84 size=4096 sent
[00075000][DBG] PONG seq=84 rtt=17 ticks (283 ms)
[00075016][DBG] PING seq=85 size=4096 sent
[00075216][DBG] PONG seq=85 rtt=13 ticks (216 ms)
[00075216][DBG] PING seq=86 size=4096 sent
[00075500][DBG] PONG seq=86 rtt=17 ticks (283 ms)
[00075500][DBG] PING seq=87 size=4096 sent
[00075800][DBG] PONG seq=87 rtt=18 ticks (300 ms)
[00075800][DBG] PING seq=88 size=4096 sent
[00076016][DBG] PONG seq=88 rtt=13 ticks (216 ms)
[00076033][DBG] PING seq=89 size=4096 sent
[00076300][DBG] PONG seq=89 rtt=17 ticks (283 ms)
[00076316][DBG] PING seq=90 size=4096 sent
[00076516][DBG] PONG seq=90 rtt=13 ticks (216 ms)
[00076516][DBG] PING seq=91 size=4096 sent
[00076800][DBG] PONG seq=91 rtt=17 ticks (283 ms)
[00076816][DBG] PING seq=92 size=4096 sent
[00077016][DBG] PONG seq=92 rtt=13 ticks (216 ms)
[00077016][DBG] PING seq=93 size=4096 sent
[00077300][DBG] PONG seq=93 rtt=17 ticks (283 ms)
[00077316][DBG] PING seq=94 size=4096 sent
[00077516][DBG] PONG seq=94 rtt=13 ticks (216 ms)
[00077516][DBG] PING seq=95 size=4096 sent
[00077766][DBG] PONG seq=95 rtt=15 ticks (250 ms)
[00077766][DBG] PING seq=96 size=4096 sent
[00078050][DBG] PONG seq=96 rtt=17 ticks (283 ms)
[00078066][DBG] PING seq=97 size=4096 sent
[00078333][DBG] PONG seq=97 rtt=17 ticks (283 ms)
[00078333][DBG] PING seq=98 size=4096 sent
[00078550][DBG] PONG seq=98 rtt=13 ticks (216 ms)
[00078566][DBG] PING seq=99 size=4096 sent
[00078833][DBG] PONG seq=99 rtt=17 ticks (283 ms)
[00078850][DBG] PING seq=100 size=4096 sent
[00078850][INF] SIZE 4096: min=133 max=383 avg=250 ms (sent=101 recv=100 lost=0)
[00078850][INF] All latency tests complete
[00078850][INF] ========================================
[00078850][INF] LATENCY TEST RESULTS
[00078850][INF] ========================================
[00078850][INF]   16 bytes: min= 16 avg= 66 max=533 ms (loss=0%)
[00078850][INF]   64 bytes: min= 16 avg= 66 max=183 ms (loss=0%)
[00078866][INF]  256 bytes: min= 16 avg= 50 max=166 ms (loss=0%)
[00078866][INF] 1024 bytes: min= 33 avg=116 max=216 ms (loss=0%)
[00078866][INF] 4096 bytes: min=133 avg=250 max=383 ms (loss=0%)
[00078866][INF] ========================================
[00078866][INF] Streaming 32003 bytes of logs to partner...
[00079316][WRN] PONG seq mismatch: got 100 expected 100
[00080700][INF] Log streaming complete: 32056 bytes sent
[00080700][INF] ========================================
[00080716][INF] TEST EXITING - cleaning up...
[00080716][INF] ========================================
[00000016][INF] ========================================
[00000016][INF] PeerTalk Latency Test
[00000016][INF] Version: 1.0.0
[00000016][INF] ========================================
[00000016][INF] Buffer pool: 4 buffers × 4KB
[00000016][INF] Initializing PeerTalk...
[00000100][INF] Waiting for peer...
[00000100][INF] Press any key to exit.
[00005450][INF] DISCOVERED: "PerfPartner" at 10.188.1.173:7354
[00005450][INF] Connecting to peer...
[00005550][INF] CONNECTED to peer 1
[00005550][INF] Starting latency test with size 16
[00005583][DBG] PING seq=0 size=16 sent
[00005616][DBG] PONG seq=0 rtt=2 ticks (33 ms)
[00005683][DBG] PING seq=1 size=16 sent
[00005683][DBG] PONG seq=1 rtt=0 ticks (0 ms)
[00005783][DBG] PING seq=2 size=16 sent
[00005800][DBG] PONG seq=2 rtt=0 ticks (0 ms)
[00005883][DBG] PING seq=3 size=16 sent
[00005883][DBG] PONG seq=3 rtt=0 ticks (0 ms)
[00005983][DBG] PING seq=4 size=16 sent
[00005983][DBG] PONG seq=4 rtt=0 ticks (0 ms)
[00006083][DBG] PING seq=5 size=16 sent
[00006083][DBG] PONG seq=5 rtt=0 ticks (0 ms)
[00006183][DBG] PING seq=6 size=16 sent
[00006183][DBG] PONG seq=6 rtt=0 ticks (0 ms)
[00006283][DBG] PING seq=7 size=16 sent
[00006283][DBG] PONG seq=7 rtt=0 ticks (0 ms)
[00006383][DBG] PING seq=8 size=16 sent
[00006400][DBG] PONG seq=8 rtt=1 ticks (16 ms)
[00006483][DBG] PING seq=9 size=16 sent
[00006483][DBG] PONG seq=9 rtt=0 ticks (0 ms)
[00006583][DBG] PING seq=10 size=16 sent
[00006583][DBG] PONG seq=10 rtt=0 ticks (0 ms)
[00006683][DBG] PING seq=11 size=16 sent
[00006683][DBG] PONG seq=11 rtt=0 ticks (0 ms)
[00006783][DBG] PING seq=12 size=16 sent
[00006783][DBG] PONG seq=12 rtt=0 ticks (0 ms)
[00006883][DBG] PING seq=13 size=16 sent
[00006883][DBG] PONG seq=13 rtt=0 ticks (0 ms)
[00006983][DBG] PING seq=14 size=16 sent
[00007000][DBG] PONG seq=14 rtt=1 ticks (16 ms)
[00007083][DBG] PING seq=15 size=16 sent
[00007100][DBG] PONG seq=15 rtt=1 ticks (16 ms)
[00007183][DBG] PING seq=16 size=16 sent
[00007200][DBG] PONG seq=16 rtt=1 ticks (16 ms)
[00007283][DBG] PING seq=17 size=16 sent
[00007283][DBG] PONG seq=17 rtt=0 ticks (0 ms)
[00007383][DBG] PING seq=18 size=16 sent
[00007400][DBG] PONG seq=18 rtt=1 ticks (16 ms)
[00007483][DBG] PING seq=19 size=16 sent
[00007483][DBG] PONG seq=19 rtt=0 ticks (0 ms)
[00007583][DBG] PING seq=20 size=16 sent
[00007583][DBG] PONG seq=20 rtt=0 ticks (0 ms)
[00007683][DBG] PING seq=21 size=16 sent
[00007700][DBG] PONG seq=21 rtt=1 ticks (16 ms)
[00007783][DBG] PING seq=22 size=16 sent
[00007783][DBG] PONG seq=22 rtt=0 ticks (0 ms)
[00007883][DBG] PING seq=23 size=16 sent
[00007883][DBG] PONG seq=23 rtt=0 ticks (0 ms)
[00007983][DBG] PING seq=24 size=16 sent
[00008000][DBG] PONG seq=24 rtt=1 ticks (16 ms)
[00008083][DBG] PING seq=25 size=16 sent
[00008083][DBG] PONG seq=25 rtt=0 ticks (0 ms)
[00008183][DBG] PING seq=26 size=16 sent
[00008183][DBG] PONG seq=26 rtt=0 ticks (0 ms)
[00008283][DBG] PING seq=27 size=16 sent
[00008300][DBG] PONG seq=27 rtt=1 ticks (16 ms)
[00008383][DBG] PING seq=28 size=16 sent
[00008400][DBG] PONG seq=28 rtt=1 ticks (16 ms)
[00008483][DBG] PING seq=29 size=16 sent
[00008500][DBG] PONG seq=29 rtt=1 ticks (16 ms)
[00008583][DBG] PING seq=30 size=16 sent
[00008616][DBG] PONG seq=30 rtt=2 ticks (33 ms)
[00008683][DBG] PING seq=31 size=16 sent
[00008683][DBG] PONG seq=31 rtt=0 ticks (0 ms)
[00008783][DBG] PING seq=32 size=16 sent
[00008800][DBG] PONG seq=32 rtt=1 ticks (16 ms)
[00008883][DBG] PING seq=33 size=16 sent
[00008916][DBG] PONG seq=33 rtt=2 ticks (33 ms)
[00008983][DBG] PING seq=34 size=16 sent
[00008983][DBG] PONG seq=34 rtt=0 ticks (0 ms)
[00009083][DBG] PING seq=35 size=16 sent
[00009100][DBG] PONG seq=35 rtt=1 ticks (16 ms)
[00009183][DBG] PING seq=36 size=16 sent
[00009200][DBG] PONG seq=36 rtt=1 ticks (16 ms)
[00009283][DBG] PING seq=37 size=16 sent
[00009300][DBG] PONG seq=37 rtt=1 ticks (16 ms)
[00009383][DBG] PING seq=38 size=16 sent
[00009400][DBG] PONG seq=38 rtt=1 ticks (16 ms)
[00009483][DBG] PING seq=39 size=16 sent
[00009483][DBG] PONG seq=39 rtt=0 ticks (0 ms)
[00009583][DBG] PING seq=40 size=16 sent
[00009583][DBG] PONG seq=40 rtt=0 ticks (0 ms)
[00009683][DBG] PING seq=41 size=16 sent
[00009700][DBG] PONG seq=41 rtt=1 ticks (16 ms)
[00009783][DBG] PING seq=42 size=16 sent
[00009800][DBG] PONG seq=42 rtt=1 ticks (16 ms)
[00009883][DBG] PING seq=43 size=16 sent
[00009900][DBG] PONG seq=43 rtt=1 ticks (16 ms)
[00009983][DBG] PING seq=44 size=16 sent
[00010000][DBG] PONG seq=44 rtt=1 ticks (16 ms)
[00010083][DBG] PING seq=45 size=16 sent
[00010083][DBG] PONG seq=45 rtt=0 ticks (0 ms)
[00010183][DBG] PING seq=46 size=16 sent
[00010183][DBG] PONG seq=46 rtt=0 ticks (0 ms)
[00010283][DBG] PING seq=47 size=16 sent
[00010300][DBG] PONG seq=47 rtt=1 ticks (16 ms)
[00010383][DBG] PING seq=48 size=16 sent
[00010383][DBG] PONG seq=48 rtt=0 ticks (0 ms)
[00010483][DBG] PING seq=49 size=16 sent
[00010483][DBG] PONG seq=49 rtt=0 ticks (0 ms)
[00010583][DBG] PING seq=50 size=16 sent
[00010600][DBG] PONG seq=50 rtt=1 ticks (16 ms)
[00010683][DBG] PING seq=51 size=16 sent
[00010683][DBG] PONG seq=51 rtt=0 ticks (0 ms)
[00010783][DBG] PING seq=52 size=16 sent
[00010783][DBG] PONG seq=52 rtt=0 ticks (0 ms)
[00010883][DBG] PING seq=53 size=16 sent
[00010883][DBG] PONG seq=53 rtt=0 ticks (0 ms)
[00010983][DBG] PING seq=54 size=16 sent
[00010983][DBG] PONG seq=54 rtt=0 ticks (0 ms)
[00011083][DBG] PING seq=55 size=16 sent
[00011083][DBG] PONG seq=55 rtt=0 ticks (0 ms)
[00011183][DBG] PING seq=56 size=16 sent
[00011183][DBG] PONG seq=56 rtt=0 ticks (0 ms)
[00011283][DBG] PING seq=57 size=16 sent
[00011283][DBG] PONG seq=57 rtt=0 ticks (0 ms)
[00011383][DBG] PING seq=58 size=16 sent
[00011383][DBG] PONG seq=58 rtt=0 ticks (0 ms)
[00011483][DBG] PING seq=59 size=16 sent
[00011483][DBG] PONG seq=59 rtt=0 ticks (0 ms)
[00011583][DBG] PING seq=60 size=16 sent
[00011600][DBG] PONG seq=60 rtt=1 ticks (16 ms)
[00011683][DBG] PING seq=61 size=16 sent
[00011700][DBG] PONG seq=61 rtt=1 ticks (16 ms)
[00011783][DBG] PING seq=62 size=16 sent
[00011783][DBG] PONG seq=62 rtt=0 ticks (0 ms)
[00011883][DBG] PING seq=63 size=16 sent
[00011900][DBG] PONG seq=63 rtt=1 ticks (16 ms)
[00011983][DBG] PING seq=64 size=16 sent
[00011983][DBG] PONG seq=64 rtt=0 ticks (0 ms)
[00012083][DBG] PING seq=65 size=16 sent
[00012083][DBG] PONG seq=65 rtt=0 ticks (0 ms)
[00012183][DBG] PING seq=66 size=16 sent
[00012200][DBG] PONG seq=66 rtt=1 ticks (16 ms)
[00012283][DBG] PING seq=67 size=16 sent
[00012283][DBG] PONG seq=67 rtt=0 ticks (0 ms)
[00012383][DBG] PING seq=68 size=16 sent
[00012400][DBG] PONG seq=68 rtt=1 ticks (16 ms)
[00012483][DBG] PING seq=69 size=16 sent
[00012483][DBG] PONG seq=69 rtt=0 ticks (0 ms)
[00012583][DBG] PING seq=70 size=16 sent
[00012600][DBG] PONG seq=70 rtt=1 ticks (16 ms)
[00012683][DBG] PING seq=71 size=16 sent
[00012683][DBG] PONG seq=71 rtt=0 ticks (0 ms)
[00012783][DBG] PING seq=72 size=16 sent
[00012800][DBG] PONG seq=72 rtt=1 ticks (16 ms)
[00012883][DBG] PING seq=73 size=16 sent
[00012883][DBG] PONG seq=73 rtt=0 ticks (0 ms)
[00012983][DBG] PING seq=74 size=16 sent
[00012983][DBG] PONG seq=74 rtt=0 ticks (0 ms)
[00013083][DBG] PING seq=75 size=16 sent
[00013083][DBG] PONG seq=75 rtt=0 ticks (0 ms)
[00013183][DBG] PING seq=76 size=16 sent
[00013200][DBG] PONG seq=76 rtt=1 ticks (16 ms)
[00013283][DBG] PING seq=77 size=16 sent
[00013283][DBG] PONG seq=77 rtt=0 ticks (0 ms)
[00013383][DBG] PING seq=78 size=16 sent
[00013400][DBG] PONG seq=78 rtt=1 ticks (16 ms)
[00013483][DBG] PING seq=79 size=16 sent
[00013483][DBG] PONG seq=79 rtt=0 ticks (0 ms)
[00013583][DBG] PING seq=80 size=16 sent
[00013583][DBG] PONG seq=80 rtt=0 ticks (0 ms)
[00013683][DBG] PING seq=81 size=16 sent
[00013683][DBG] PONG seq=81 rtt=0 ticks (0 ms)
[00013783][DBG] PING seq=82 size=16 sent
[00013783][DBG] PONG seq=82 rtt=0 ticks (0 ms)
[00013883][DBG] PING seq=83 size=16 sent
[00013883][DBG] PONG seq=83 rtt=0 ticks (0 ms)
[00013983][DBG] PING seq=84 size=16 sent
[00013983][DBG] PONG seq=84 rtt=0 ticks (0 ms)
[00014083][DBG] PING seq=85 size=16 sent
[00014083][DBG] PONG seq=85 rtt=0 ticks (0 ms)
[00014183][DBG] PING seq=86 size=16 sent
[00014183][DBG] PONG seq=86 rtt=0 ticks (0 ms)
[00014283][DBG] PING seq=87 size=16 sent
[00014300][DBG] PONG seq=87 rtt=1 ticks (16 ms)
[00014383][DBG] PING seq=88 size=16 sent
[00014383][DBG] PONG seq=88 rtt=0 ticks (0 ms)
[00014483][DBG] PING seq=89 size=16 sent
[00014483][DBG] PONG seq=89 rtt=0 ticks (0 ms)
[00014583][DBG] PING seq=90 size=16 sent
[00014600][DBG] PONG seq=90 rtt=1 ticks (16 ms)
[00014683][DBG] PING seq=91 size=16 sent
[00014683][DBG] PONG seq=91 rtt=0 ticks (0 ms)
[00014783][DBG] PING seq=92 size=16 sent
[00014783][DBG] PONG seq=92 rtt=0 ticks (0 ms)
[00014883][DBG] PING seq=93 size=16 sent
[00014883][DBG] PONG seq=93 rtt=0 ticks (0 ms)
[00014983][DBG] PING seq=94 size=16 sent
[00014983][DBG] PONG seq=94 rtt=0 ticks (0 ms)
[00015083][DBG] PING seq=95 size=16 sent
[00015100][DBG] PONG seq=95 rtt=1 ticks (16 ms)
[00015183][DBG] PING seq=96 size=16 sent
[00015183][DBG] PONG seq=96 rtt=0 ticks (0 ms)
[00015283][DBG] PING seq=97 size=16 sent
[00015283][DBG] PONG seq=97 rtt=0 ticks (0 ms)
[00015383][DBG] PING seq=98 size=16 sent
[00015383][DBG] PONG seq=98 rtt=0 ticks (0 ms)
[00015483][DBG] PING seq=99 size=16 sent
[00015500][DBG] PONG seq=99 rtt=0 ticks (0 ms)
[00015516][INF] SIZE 16: min=0 max=33 avg=0 ms (sent=100 recv=100 lost=0)
[00015516][INF] Starting size 64 test
[00015533][INF] DISCOVERED: "PerfPartner" at 10.188.1.173:7354
[00015583][DBG] PING seq=0 size=64 sent
[00015600][DBG] PONG seq=0 rtt=1 ticks (16 ms)
[00015683][DBG] PING seq=1 size=64 sent
[00015683][DBG] PONG seq=1 rtt=0 ticks (0 ms)
[00015783][DBG] PING seq=2 size=64 sent
[00015783][DBG] PONG seq=2 rtt=0 ticks (0 ms)
[00015883][DBG] PING seq=3 size=64 sent
[00015883][DBG] PONG seq=3 rtt=0 ticks (0 ms)
[00015983][DBG] PING seq=4 size=64 sent
[00015983][DBG] PONG seq=4 rtt=0 ticks (0 ms)
[00016083][DBG] PING seq=5 size=64 sent
[00016083][DBG] PONG seq=5 rtt=0 ticks (0 ms)
[00016183][DBG] PING seq=6 size=64 sent
[00016200][DBG] PONG seq=6 rtt=1 ticks (16 ms)
[00016283][DBG] PING seq=7 size=64 sent
[00016283][DBG] PONG seq=7 rtt=0 ticks (0 ms)
[00016383][DBG] PING seq=8 size=64 sent
[00016383][DBG] PONG seq=8 rtt=0 ticks (0 ms)
[00016483][DBG] PING seq=9 size=64 sent
[00016483][DBG] PONG seq=9 rtt=0 ticks (0 ms)
[00016583][DBG] PING seq=10 size=64 sent
[00016600][DBG] PONG seq=10 rtt=1 ticks (16 ms)
[00016683][DBG] PING seq=11 size=64 sent
[00016683][DBG] PONG seq=11 rtt=0 ticks (0 ms)
[00016783][DBG] PING seq=12 size=64 sent
[00016800][DBG] PONG seq=12 rtt=1 ticks (16 ms)
[00016883][DBG] PING seq=13 size=64 sent
[00016883][DBG] PONG seq=13 rtt=0 ticks (0 ms)
[00016983][DBG] PING seq=14 size=64 sent
[00017000][DBG] PONG seq=14 rtt=1 ticks (16 ms)
[00017083][DBG] PING seq=15 size=64 sent
[00017083][DBG] PONG seq=15 rtt=0 ticks (0 ms)
[00017183][DBG] PING seq=16 size=64 sent
[00017183][DBG] PONG seq=16 rtt=0 ticks (0 ms)
[00017283][DBG] PING seq=17 size=64 sent
[00017283][DBG] PONG seq=17 rtt=0 ticks (0 ms)
[00017383][DBG] PING seq=18 size=64 sent
[00017383][DBG] PONG seq=18 rtt=0 ticks (0 ms)
[00017483][DBG] PING seq=19 size=64 sent
[00017483][DBG] PONG seq=19 rtt=0 ticks (0 ms)
[00017583][DBG] PING seq=20 size=64 sent
[00017600][DBG] PONG seq=20 rtt=1 ticks (16 ms)
[00017683][DBG] PING seq=21 size=64 sent
[00017683][DBG] PONG seq=21 rtt=0 ticks (0 ms)
[00017783][DBG] PING seq=22 size=64 sent
[00017783][DBG] PONG seq=22 rtt=0 ticks (0 ms)
[00017883][DBG] PING seq=23 size=64 sent
[00017883][DBG] PONG seq=23 rtt=0 ticks (0 ms)
[00017983][DBG] PING seq=24 size=64 sent
[00017983][DBG] PONG seq=24 rtt=0 ticks (0 ms)
[00018083][DBG] PING seq=25 size=64 sent
[00018083][DBG] PONG seq=25 rtt=0 ticks (0 ms)
[00018183][DBG] PING seq=26 size=64 sent
[00018183][DBG] PONG seq=26 rtt=0 ticks (0 ms)
[00018283][DBG] PING seq=27 size=64 sent
[00018283][DBG] PONG seq=27 rtt=0 ticks (0 ms)
[00018383][DBG] PING seq=28 size=64 sent
[00018400][DBG] PONG seq=28 rtt=1 ticks (16 ms)
[00018483][DBG] PING seq=29 size=64 sent
[00018483][DBG] PONG seq=29 rtt=0 ticks (0 ms)
[00018583][DBG] PING seq=30 size=64 sent
[00018583][DBG] PONG seq=30 rtt=0 ticks (0 ms)
[00018683][DBG] PING seq=31 size=64 sent
[00018683][DBG] PONG seq=31 rtt=0 ticks (0 ms)
[00018783][DBG] PING seq=32 size=64 sent
[00018783][DBG] PONG seq=32 rtt=0 ticks (0 ms)
[00018883][DBG] PING seq=33 size=64 sent
[00018900][DBG] PONG seq=33 rtt=1 ticks (16 ms)
[00018983][DBG] PING seq=34 size=64 sent
[00018983][DBG] PONG seq=34 rtt=0 ticks (0 ms)
[00019083][DBG] PING seq=35 size=64 sent
[00019083][DBG] PONG seq=35 rtt=0 ticks (0 ms)
[00019183][DBG] PING seq=36 size=64 sent
[00019200][DBG] PONG seq=36 rtt=1 ticks (16 ms)
[00019283][DBG] PING seq=37 size=64 sent
[00019283][DBG] PONG seq=37 rtt=0 ticks (0 ms)
[00019383][DBG] PING seq=38 size=64 sent
[00019383][DBG] PONG seq=38 rtt=0 ticks (0 ms)
[00019483][DBG] PING seq=39 size=64 sent
[00019483][DBG] PONG seq=39 rtt=0 ticks (0 ms)
[00019583][DBG] PING seq=40 size=64 sent
[00019583][DBG] PONG seq=40 rtt=0 ticks (0 ms)
[00019683][DBG] PING seq=41 size=64 sent
[00019683][DBG] PONG seq=41 rtt=0 ticks (0 ms)
[00019783][DBG] PING seq=42 size=64 sent
[00019800][DBG] PONG seq=42 rtt=1 ticks (16 ms)
[00019883][DBG] PING seq=43 size=64 sent
[00019900][DBG] PONG seq=43 rtt=1 ticks (16 ms)
[00019983][DBG] PING seq=44 size=64 sent
[00020083][DBG] PONG seq=44 rtt=6 ticks (100 ms)
[00020083][DBG] PING seq=45 size=64 sent
[00020183][DBG] PONG seq=45 rtt=6 ticks (100 ms)
[00020183][DBG] PING seq=46 size=64 sent
[00020350][DBG] PONG seq=46 rtt=10 ticks (166 ms)
[00020366][DBG] PING seq=47 size=64 sent
[00020383][DBG] PONG seq=47 rtt=2 ticks (33 ms)
[00020450][DBG] PING seq=48 size=64 sent
[00020466][DBG] PONG seq=48 rtt=1 ticks (16 ms)
[00020550][DBG] PING seq=49 size=64 sent
[00020566][DBG] PONG seq=49 rtt=1 ticks (16 ms)
[00020650][DBG] PING seq=50 size=64 sent
[00020666][DBG] PONG seq=50 rtt=1 ticks (16 ms)
[00020750][DBG] PING seq=51 size=64 sent
[00020750][DBG] PONG seq=51 rtt=0 ticks (0 ms)
[00020850][DBG] PING seq=52 size=64 sent
[00020866][DBG] PONG seq=52 rtt=1 ticks (16 ms)
[00020950][DBG] PING seq=53 size=64 sent
[00020950][DBG] PONG seq=53 rtt=0 ticks (0 ms)
[00021050][DBG] PING seq=54 size=64 sent
[00021066][DBG] PONG seq=54 rtt=0 ticks (0 ms)
[00021150][DBG] PING seq=55 size=64 sent
[00021150][DBG] PONG seq=55 rtt=0 ticks (0 ms)
[00021250][DBG] PING seq=56 size=64 sent
[00021266][DBG] PONG seq=56 rtt=1 ticks (16 ms)
[00021350][DBG] PING seq=57 size=64 sent
[00021366][DBG] PONG seq=57 rtt=1 ticks (16 ms)
[00021450][DBG] PING seq=58 size=64 sent
[00021466][DBG] PONG seq=58 rtt=1 ticks (16 ms)
[00021550][DBG] PING seq=59 size=64 sent
[00021550][DBG] PONG seq=59 rtt=0 ticks (0 ms)
[00021650][DBG] PING seq=60 size=64 sent
[00021666][DBG] PONG seq=60 rtt=1 ticks (16 ms)
[00021750][DBG] PING seq=61 size=64 sent
[00021750][DBG] PONG seq=61 rtt=0 ticks (0 ms)
[00021850][DBG] PING seq=62 size=64 sent
[00021866][DBG] PONG seq=62 rtt=1 ticks (16 ms)
[00021950][DBG] PING seq=63 size=64 sent
[00021966][DBG] PONG seq=63 rtt=1 ticks (16 ms)
[00022050][DBG] PING seq=64 size=64 sent
[00022066][DBG] PONG seq=64 rtt=1 ticks (16 ms)
[00022150][DBG] PING seq=65 size=64 sent
[00022150][DBG] PONG seq=65 rtt=0 ticks (0 ms)
[00022250][DBG] PING seq=66 size=64 sent
[00022250][DBG] PONG seq=66 rtt=0 ticks (0 ms)
[00022350][DBG] PING seq=67 size=64 sent
[00022350][DBG] PONG seq=67 rtt=0 ticks (0 ms)
[00022450][DBG] PING seq=68 size=64 sent
[00022466][DBG] PONG seq=68 rtt=0 ticks (0 ms)
[00022550][DBG] PING seq=69 size=64 sent
[00022550][DBG] PONG seq=69 rtt=0 ticks (0 ms)
[00022650][DBG] PING seq=70 size=64 sent
[00022650][DBG] PONG seq=70 rtt=0 ticks (0 ms)
[00022750][DBG] PING seq=71 size=64 sent
[00022750][DBG] PONG seq=71 rtt=0 ticks (0 ms)
[00022850][DBG] PING seq=72 size=64 sent
[00022850][DBG] PONG seq=72 rtt=0 ticks (0 ms)
[00022950][DBG] PING seq=73 size=64 sent
[00022950][DBG] PONG seq=73 rtt=0 ticks (0 ms)
[00023050][DBG] PING seq=74 size=64 sent
[00023050][DBG] PONG seq=74 rtt=0 ticks (0 ms)
[00023150][DBG] PING seq=75 size=64 sent
[00023150][DBG] PONG seq=75 rtt=0 ticks (0 ms)
[00023250][DBG] PING seq=76 size=64 sent
[00023250][DBG] PONG seq=76 rtt=0 ticks (0 ms)
[00023350][DBG] PING seq=77 size=64 sent
[00023350][DBG] PONG seq=77 rtt=0 ticks (0 ms)
[00023450][DBG] PING seq=78 size=64 sent
[00023450][DBG] PONG seq=78 rtt=0 ticks (0 ms)
[00023550][DBG] PING seq=79 size=64 sent
[00023550][DBG] PONG seq=79 rtt=0 ticks (0 ms)
[00023650][DBG] PING seq=80 size=64 sent
[00023650][DBG] PONG seq=80 rtt=0 ticks (0 ms)
[00023750][DBG] PING seq=81 size=64 sent
[00023750][DBG] PONG seq=81 rtt=0 ticks (0 ms)
[00023850][DBG] PING seq=82 size=64 sent
[00023850][DBG] PONG seq=82 rtt=0 ticks (0 ms)
[00023950][DBG] PING seq=83 size=64 sent
[00023950][DBG] PONG seq=83 rtt=0 ticks (0 ms)
[00024050][DBG] PING seq=84 size=64 sent
[00024050][DBG] PONG seq=84 rtt=0 ticks (0 ms)
[00024150][DBG] PING seq=85 size=64 sent
[00024150][DBG] PONG seq=85 rtt=0 ticks (0 ms)
[00024250][DBG] PING seq=86 size=64 sent
[00024250][DBG] PONG seq=86 rtt=0 ticks (0 ms)
[00024350][DBG] PING seq=87 size=64 sent
[00024366][DBG] PONG seq=87 rtt=1 ticks (16 ms)
[00024450][DBG] PING seq=88 size=64 sent
[00024450][DBG] PONG seq=88 rtt=0 ticks (0 ms)
[00024550][DBG] PING seq=89 size=64 sent
[00024550][DBG] PONG seq=89 rtt=0 ticks (0 ms)
[00024650][DBG] PING seq=90 size=64 sent
[00024650][DBG] PONG seq=90 rtt=0 ticks (0 ms)
[00024750][DBG] PING seq=91 size=64 sent
[00024750][DBG] PONG seq=91 rtt=0 ticks (0 ms)
[00024850][DBG] PING seq=92 size=64 sent
[00024850][DBG] PONG seq=92 rtt=0 ticks (0 ms)
[00024950][DBG] PING seq=93 size=64 sent
[00024966][DBG] PONG seq=93 rtt=1 ticks (16 ms)
[00025050][DBG] PING seq=94 size=64 sent
[00025050][DBG] PONG seq=94 rtt=0 ticks (0 ms)
[00025150][DBG] PING seq=95 size=64 sent
[00025150][DBG] PONG seq=95 rtt=0 ticks (0 ms)
[00025250][DBG] PING seq=96 size=64 sent
[00025266][DBG] PONG seq=96 rtt=1 ticks (16 ms)
[00025350][DBG] PING seq=97 size=64 sent
[00025350][DBG] PONG seq=97 rtt=0 ticks (0 ms)
[00025450][DBG] PING seq=98 size=64 sent
[00025450][DBG] PONG seq=98 rtt=0 ticks (0 ms)
[00025550][DBG] PING seq=99 size=64 sent
[00025566][INF] DISCOVERED: "PerfPartner" at 10.188.1.173:7354
[00025583][DBG] PONG seq=99 rtt=2 ticks (33 ms)
[00025600][INF] SIZE 64: min=0 max=166 avg=0 ms (sent=100 recv=100 lost=0)
[00025600][INF] Starting size 256 test
[00025650][DBG] PING seq=0 size=256 sent
[00025666][DBG] PONG seq=0 rtt=1 ticks (16 ms)
[00025750][DBG] PING seq=1 size=256 sent
[00025766][DBG] PONG seq=1 rtt=1 ticks (16 ms)
[00025850][DBG] PING seq=2 size=256 sent
[00025850][DBG] PONG seq=2 rtt=0 ticks (0 ms)
[00025950][DBG] PING seq=3 size=256 sent
[00025966][DBG] PONG seq=3 rtt=1 ticks (16 ms)
[00026050][DBG] PING seq=4 size=256 sent
[00026050][DBG] PONG seq=4 rtt=0 ticks (0 ms)
[00026150][DBG] PING seq=5 size=256 sent
[00026150][DBG] PONG seq=5 rtt=0 ticks (0 ms)
[00026250][DBG] PING seq=6 size=256 sent
[00026266][DBG] PONG seq=6 rtt=1 ticks (16 ms)
[00026350][DBG] PING seq=7 size=256 sent
[00026350][DBG] PONG seq=7 rtt=0 ticks (0 ms)
[00026450][DBG] PING seq=8 size=256 sent
[00026450][DBG] PONG seq=8 rtt=0 ticks (0 ms)
[00026550][DBG] PING seq=9 size=256 sent
[00026550][DBG] PONG seq=9 rtt=0 ticks (0 ms)
[00026650][DBG] PING seq=10 size=256 sent
[00026650][DBG] PONG seq=10 rtt=0 ticks (0 ms)
[00026750][DBG] PING seq=11 size=256 sent
[00026750][DBG] PONG seq=11 rtt=0 ticks (0 ms)
[00026850][DBG] PING seq=12 size=256 sent
[00026850][DBG] PONG seq=12 rtt=0 ticks (0 ms)
[00026950][DBG] PING seq=13 size=256 sent
[00026950][DBG] PONG seq=13 rtt=0 ticks (0 ms)
[00027050][DBG] PING seq=14 size=256 sent
[00027050][DBG] PONG seq=14 rtt=0 ticks (0 ms)
[00027150][DBG] PING seq=15 size=256 sent
[00027150][DBG] PONG seq=15 rtt=0 ticks (0 ms)
[00027250][DBG] PING seq=16 size=256 sent
[00027250][DBG] PONG seq=16 rtt=0 ticks (0 ms)
[00027350][DBG] PING seq=17 size=256 sent
[00027350][DBG] PONG seq=17 rtt=0 ticks (0 ms)
[00027450][DBG] PING seq=18 size=256 sent
[00027450][DBG] PONG seq=18 rtt=0 ticks (0 ms)
[00027550][DBG] PING seq=19 size=256 sent
[00027550][DBG] PONG seq=19 rtt=0 ticks (0 ms)
[00027650][DBG] PING seq=20 size=256 sent
[00027650][DBG] PONG seq=20 rtt=0 ticks (0 ms)
[00027750][DBG] PING seq=21 size=256 sent
[00027766][DBG] PONG seq=21 rtt=1 ticks (16 ms)
[00027850][DBG] PING seq=22 size=256 sent
[00027850][DBG] PONG seq=22 rtt=0 ticks (0 ms)
[00027950][DBG] PING seq=23 size=256 sent
[00027950][DBG] PONG seq=23 rtt=0 ticks (0 ms)
[00028050][DBG] PING seq=24 size=256 sent
[00028066][DBG] PONG seq=24 rtt=1 ticks (16 ms)
[00028150][DBG] PING seq=25 size=256 sent
[00028166][DBG] PONG seq=25 rtt=1 ticks (16 ms)
[00028250][DBG] PING seq=26 size=256 sent
[00028283][DBG] PONG seq=26 rtt=2 ticks (33 ms)
[00028350][DBG] PING seq=27 size=256 sent
[00028350][DBG] PONG seq=27 rtt=0 ticks (0 ms)
[00028450][DBG] PING seq=28 size=256 sent
[00028450][DBG] PONG seq=28 rtt=0 ticks (0 ms)
[00028550][DBG] PING seq=29 size=256 sent
[00028583][DBG] PONG seq=29 rtt=2 ticks (33 ms)
[00028650][DBG] PING seq=30 size=256 sent
[00028650][DBG] PONG seq=30 rtt=0 ticks (0 ms)
[00028750][DBG] PING seq=31 size=256 sent
[00028750][DBG] PONG seq=31 rtt=0 ticks (0 ms)
[00028850][DBG] PING seq=32 size=256 sent
[00028883][DBG] PONG seq=32 rtt=2 ticks (33 ms)
[00028950][DBG] PING seq=33 size=256 sent
[00028950][DBG] PONG seq=33 rtt=0 ticks (0 ms)
[00029050][DBG] PING seq=34 size=256 sent
[00029050][DBG] PONG seq=34 rtt=0 ticks (0 ms)
[00029150][DBG] PING seq=35 size=256 sent
[00029166][DBG] PONG seq=35 rtt=1 ticks (16 ms)
[00029250][DBG] PING seq=36 size=256 sent
[00029250][DBG] PONG seq=36 rtt=0 ticks (0 ms)
[00029350][DBG] PING seq=37 size=256 sent
[00029366][DBG] PONG seq=37 rtt=1 ticks (16 ms)
[00029450][DBG] PING seq=38 size=256 sent
[00029466][DBG] PONG seq=38 rtt=1 ticks (16 ms)
[00029550][DBG] PING seq=39 size=256 sent
[00029550][DBG] PONG seq=39 rtt=0 ticks (0 ms)
[00029650][DBG] PING seq=40 size=256 sent
[00029650][DBG] PONG seq=40 rtt=0 ticks (0 ms)
[00029750][DBG] PING seq=41 size=256 sent
[00029750][DBG] PONG seq=41 rtt=0 ticks (0 ms)
[00029850][DBG] PING seq=42 size=256 sent
[00029850][DBG] PONG seq=42 rtt=0 ticks (0 ms)
[00029950][DBG] PING seq=43 size=256 sent
[00029950][DBG] PONG seq=43 rtt=0 ticks (0 ms)
[00030050][DBG] PING seq=44 size=256 sent
[00030050][DBG] PONG seq=44 rtt=0 ticks (0 ms)
[00030150][DBG] PING seq=45 size=256 sent
[00030150][DBG] PONG seq=45 rtt=0 ticks (0 ms)
[00030250][DBG] PING seq=46 size=256 sent
[00030250][DBG] PONG seq=46 rtt=0 ticks (0 ms)
[00030350][DBG] PING seq=47 size=256 sent
[00030350][DBG] PONG seq=47 rtt=0 ticks (0 ms)
[00030450][DBG] PING seq=48 size=256 sent
[00030466][DBG] PONG seq=48 rtt=1 ticks (16 ms)
[00030550][DBG] PING seq=49 size=256 sent
[00030550][DBG] PONG seq=49 rtt=0 ticks (0 ms)
[00030650][DBG] PING seq=50 size=256 sent
[00030650][DBG] PONG seq=50 rtt=0 ticks (0 ms)
[00030750][DBG] PING seq=51 size=256 sent
[00030750][DBG] PONG seq=51 rtt=0 ticks (0 ms)
[00030850][DBG] PING seq=52 size=256 sent
[00030850][DBG] PONG seq=52 rtt=0 ticks (0 ms)
[00030950][DBG] PING seq=53 size=256 sent
[00030950][DBG] PONG seq=53 rtt=0 ticks (0 ms)
[00031050][DBG] PING seq=54 size=256 sent
[00031066][DBG] PONG seq=54 rtt=1 ticks (16 ms)
[00031150][DBG] PING seq=55 size=256 sent
[00031150][DBG] PONG seq=55 rtt=0 ticks (0 ms)
[00031250][DBG] PING seq=56 size=256 sent
[00031250][DBG] PONG seq=56 rtt=0 ticks (0 ms)
[00031350][DBG] PING seq=57 size=256 sent
[00031350][DBG] PONG seq=57 rtt=0 ticks (0 ms)
[00031450][DBG] PING seq=58 size=256 sent
[00031466][DBG] PONG seq=58 rtt=1 ticks (16 ms)
[00031550][DBG] PING seq=59 size=256 sent
[00031566][DBG] PONG seq=59 rtt=1 ticks (16 ms)
[00031666][DBG] PING seq=60 size=256 sent
[00031666][DBG] PONG seq=60 rtt=1 ticks (16 ms)
[00031750][DBG] PING seq=61 size=256 sent
[00031750][DBG] PONG seq=61 rtt=0 ticks (0 ms)
[00031850][DBG] PING seq=62 size=256 sent
[00031850][DBG] PONG seq=62 rtt=0 ticks (0 ms)
[00031950][DBG] PING seq=63 size=256 sent
[00031950][DBG] PONG seq=63 rtt=0 ticks (0 ms)
[00032050][DBG] PING seq=64 size=256 sent
[00032050][DBG] PONG seq=64 rtt=0 ticks (0 ms)
[00032150][DBG] PING seq=65 size=256 sent
[00032150][DBG] PONG seq=65 rtt=0 ticks (0 ms)
[00032250][DBG] PING seq=66 size=256 sent
[00032250][DBG] PONG seq=66 rtt=0 ticks (0 ms)
[00032350][DBG] PING seq=67 size=256 sent
[00032366][DBG] PONG seq=67 rtt=1 ticks (16 ms)
[00032450][DBG] PING seq=68 size=256 sent
[00032466][DBG] PONG seq=68 rtt=1 ticks (16 ms)
[00032550][DBG] PING seq=69 size=256 sent
[00032550][DBG] PONG seq=69 rtt=0 ticks (0 ms)
[00032650][DBG] PING seq=70 size=256 sent
[00032666][DBG] PONG seq=70 rtt=1 ticks (16 ms)
[00032750][DBG] PING seq=71 size=256 sent
[00032750][DBG] PONG seq=71 rtt=0 ticks (0 ms)
[00032850][DBG] PING seq=72 size=256 sent
[00032850][DBG] PONG seq=72 rtt=0 ticks (0 ms)
[00032950][DBG] PING seq=73 size=256 sent
[00032966][DBG] PONG seq=73 rtt=1 ticks (16 ms)
[00033050][DBG] PING seq=74 size=256 sent
[00033066][DBG] PONG seq=74 rtt=1 ticks (16 ms)
[00033150][DBG] PING seq=75 size=256 sent
[00033150][DBG] PONG seq=75 rtt=0 ticks (0 ms)
[00033250][DBG] PING seq=76 size=256 sent
[00033250][DBG] PONG seq=76 rtt=0 ticks (0 ms)
[00033350][DBG] PING seq=77 size=256 sent
[00033350][DBG] PONG seq=77 rtt=0 ticks (0 ms)
[00033450][DBG] PING seq=78 size=256 sent
[00033466][DBG] PONG seq=78 rtt=1 ticks (16 ms)
[00033550][DBG] PING seq=79 size=256 sent
[00033550][DBG] PONG seq=79 rtt=0 ticks (0 ms)
[00033650][DBG] PING seq=80 size=256 sent
[00033666][DBG] PONG seq=80 rtt=1 ticks (16 ms)
[00033750][DBG] PING seq=81 size=256 sent
[00033750][DBG] PONG seq=81 rtt=0 ticks (0 ms)
[00033850][DBG] PING seq=82 size=256 sent
[00033850][DBG] PONG seq=82 rtt=0 ticks (0 ms)
[00033950][DBG] PING seq=83 size=256 sent
[00033950][DBG] PONG seq=83 rtt=0 ticks (0 ms)
[00034050][DBG] PING seq=84 size=256 sent
[00034050][DBG] PONG seq=84 rtt=0 ticks (0 ms)
[00034150][DBG] PING seq=85 size=256 sent
[00034150][DBG] PONG seq=85 rtt=0 ticks (0 ms)
[00034250][DBG] PING seq=86 size=256 sent
[00034250][DBG] PONG seq=86 rtt=0 ticks (0 ms)
[00034350][DBG] PING seq=87 size=256 sent
[00034350][DBG] PONG seq=87 rtt=0 ticks (0 ms)
[00034450][DBG] PING seq=88 size=256 sent
[00034466][DBG] PONG seq=88 rtt=1 ticks (16 ms)
[00034550][DBG] PING seq=89 size=256 sent
[00034566][DBG] PONG seq=89 rtt=1 ticks (16 ms)
[00034700][DBG] PING seq=90 size=256 sent
[00034800][DBG] PONG seq=90 rtt=6 ticks (100 ms)
[00034800][DBG] PING seq=91 size=256 sent
[00034800][DBG] PONG seq=91 rtt=0 ticks (0 ms)
[00034900][DBG] PING seq=92 size=256 sent
[00034900][DBG] PONG seq=92 rtt=0 ticks (0 ms)
[00035000][DBG] PING seq=93 size=256 sent
[00035000][DBG] PONG seq=93 rtt=0 ticks (0 ms)
[00035100][DBG] PING seq=94 size=256 sent
[00035100][DBG] PONG seq=94 rtt=0 ticks (0 ms)
[00035200][DBG] PING seq=95 size=256 sent
[00035216][DBG] PONG seq=95 rtt=1 ticks (16 ms)
[00035300][DBG] PING seq=96 size=256 sent
[00035300][DBG] PONG seq=96 rtt=0 ticks (0 ms)
[00035400][DBG] PING seq=97 size=256 sent
[00035400][DBG] PONG seq=97 rtt=0 ticks (0 ms)
[00035500][DBG] PING seq=98 size=256 sent
[00035500][DBG] PONG seq=98 rtt=0 ticks (0 ms)
[00035600][DBG] PING seq=99 size=256 sent
[00035600][DBG] PONG seq=99 rtt=0 ticks (0 ms)
[00035633][INF] SIZE 256: min=0 max=100 avg=0 ms (sent=100 recv=100 lost=0)
[00035633][INF] Starting size 1024 test
[00035700][DBG] PING seq=0 size=1024 sent
[00035716][DBG] PONG seq=0 rtt=1 ticks (16 ms)
[00035800][DBG] PING seq=1 size=1024 sent
[00035816][DBG] PONG seq=1 rtt=1 ticks (16 ms)
[00035900][DBG] PING seq=2 size=1024 sent
[00035916][DBG] PONG seq=2 rtt=1 ticks (16 ms)
[00036000][DBG] PING seq=3 size=1024 sent
[00036016][DBG] PONG seq=3 rtt=1 ticks (16 ms)
[00036100][DBG] PING seq=4 size=1024 sent
[00036116][DBG] PONG seq=4 rtt=1 ticks (16 ms)
[00036200][DBG] PING seq=5 size=1024 sent
[00036216][DBG] PONG seq=5 rtt=1 ticks (16 ms)
[00036300][DBG] PING seq=6 size=1024 sent
[00036316][DBG] PONG seq=6 rtt=1 ticks (16 ms)
[00036400][DBG] PING seq=7 size=1024 sent
[00036416][DBG] PONG seq=7 rtt=1 ticks (16 ms)
[00036500][DBG] PING seq=8 size=1024 sent
[00036516][DBG] PONG seq=8 rtt=1 ticks (16 ms)
[00036600][DBG] PING seq=9 size=1024 sent
[00036616][DBG] PONG seq=9 rtt=1 ticks (16 ms)
[00036700][DBG] PING seq=10 size=1024 sent
[00036716][DBG] PONG seq=10 rtt=1 ticks (16 ms)
[00036800][DBG] PING seq=11 size=1024 sent
[00036816][DBG] PONG seq=11 rtt=1 ticks (16 ms)
[00036900][DBG] PING seq=12 size=1024 sent
[00036916][DBG] PONG seq=12 rtt=1 ticks (16 ms)
[00037000][DBG] PING seq=13 size=1024 sent
[00037016][DBG] PONG seq=13 rtt=1 ticks (16 ms)
[00037100][DBG] PING seq=14 size=1024 sent
[00037116][DBG] PONG seq=14 rtt=1 ticks (16 ms)
[00037200][DBG] PING seq=15 size=1024 sent
[00037216][DBG] PONG seq=15 rtt=1 ticks (16 ms)
[00037300][DBG] PING seq=16 size=1024 sent
[00037333][DBG] PONG seq=16 rtt=2 ticks (33 ms)
[00037400][DBG] PING seq=17 size=1024 sent
[00037416][DBG] PONG seq=17 rtt=1 ticks (16 ms)
[00037500][DBG] PING seq=18 size=1024 sent
[00037516][DBG] PONG seq=18 rtt=1 ticks (16 ms)
[00037600][DBG] PING seq=19 size=1024 sent
[00037616][DBG] PONG seq=19 rtt=1 ticks (16 ms)
[00037700][DBG] PING seq=20 size=1024 sent
[00037733][DBG] PONG seq=20 rtt=2 ticks (33 ms)
[00037800][DBG] PING seq=21 size=1024 sent
[00037816][DBG] PONG seq=21 rtt=1 ticks (16 ms)
[00037900][DBG] PING seq=22 size=1024 sent
[00037916][DBG] PONG seq=22 rtt=1 ticks (16 ms)
[00038000][DBG] PING seq=23 size=1024 sent
[00038016][DBG] PONG seq=23 rtt=1 ticks (16 ms)
[00038100][DBG] PING seq=24 size=1024 sent
[00038116][DBG] PONG seq=24 rtt=1 ticks (16 ms)
[00038200][DBG] PING seq=25 size=1024 sent
[00038216][DBG] PONG seq=25 rtt=1 ticks (16 ms)
[00038300][DBG] PING seq=26 size=1024 sent
[00038316][DBG] PONG seq=26 rtt=1 ticks (16 ms)
[00038400][DBG] PING seq=27 size=1024 sent
[00038416][DBG] PONG seq=27 rtt=1 ticks (16 ms)
[00038500][DBG] PING seq=28 size=1024 sent
[00038516][DBG] PONG seq=28 rtt=1 ticks (16 ms)
[00038600][DBG] PING seq=29 size=1024 sent
[00038633][DBG] PONG seq=29 rtt=2 ticks (33 ms)
[00038700][DBG] PING seq=30 size=1024 sent
[00038716][DBG] PONG seq=30 rtt=1 ticks (16 ms)
[00038800][DBG] PING seq=31 size=1024 sent
[00038816][DBG] PONG seq=31 rtt=1 ticks (16 ms)
[00038900][DBG] PING seq=32 size=1024 sent
[00038933][DBG] PONG seq=32 rtt=2 ticks (33 ms)
[00039000][DBG] PING seq=33 size=1024 sent
[00039016][DBG] PONG seq=33 rtt=1 ticks (16 ms)
[00039100][DBG] PING seq=34 size=1024 sent
[00039116][DBG] PONG seq=34 rtt=1 ticks (16 ms)
[00039200][DBG] PING seq=35 size=1024 sent
[00039233][DBG] PONG seq=35 rtt=2 ticks (33 ms)
[00039300][DBG] PING seq=36 size=1024 sent
[00039316][DBG] PONG seq=36 rtt=1 ticks (16 ms)
[00039400][DBG] PING seq=37 size=1024 sent
[00039416][DBG] PONG seq=37 rtt=1 ticks (16 ms)
[00039500][DBG] PING seq=38 size=1024 sent
[00039533][DBG] PONG seq=38 rtt=2 ticks (33 ms)
[00039600][DBG] PING seq=39 size=1024 sent
[00039616][DBG] PONG seq=39 rtt=1 ticks (16 ms)
[00039700][DBG] PING seq=40 size=1024 sent
[00039716][DBG] PONG seq=40 rtt=1 ticks (16 ms)
[00039800][DBG] PING seq=41 size=1024 sent
[00039816][DBG] PONG seq=41 rtt=1 ticks (16 ms)
[00039900][DBG] PING seq=42 size=1024 sent
[00039916][DBG] PONG seq=42 rtt=1 ticks (16 ms)
[00040000][DBG] PING seq=43 size=1024 sent
[00040066][DBG] PONG seq=43 rtt=4 ticks (66 ms)
[00040100][DBG] PING seq=44 size=1024 sent
[00040116][DBG] PONG seq=44 rtt=1 ticks (16 ms)
[00040200][DBG] PING seq=45 size=1024 sent
[00040216][DBG] PONG seq=45 rtt=1 ticks (16 ms)
[00040300][DBG] PING seq=46 size=1024 sent
[00040316][DBG] PONG seq=46 rtt=1 ticks (16 ms)
[00040400][DBG] PING seq=47 size=1024 sent
[00040416][DBG] PONG seq=47 rtt=1 ticks (16 ms)
[00040500][DBG] PING seq=48 size=1024 sent
[00040516][DBG] PONG seq=48 rtt=1 ticks (16 ms)
[00040600][DBG] PING seq=49 size=1024 sent
[00040616][DBG] PONG seq=49 rtt=1 ticks (16 ms)
[00040700][DBG] PING seq=50 size=1024 sent
[00040716][DBG] PONG seq=50 rtt=1 ticks (16 ms)
[00040800][DBG] PING seq=51 size=1024 sent
[00040816][DBG] PONG seq=51 rtt=1 ticks (16 ms)
[00040900][DBG] PING seq=52 size=1024 sent
[00040916][DBG] PONG seq=52 rtt=1 ticks (16 ms)
[00041000][DBG] PING seq=53 size=1024 sent
[00041016][DBG] PONG seq=53 rtt=1 ticks (16 ms)
[00041100][DBG] PING seq=54 size=1024 sent
[00041116][DBG] PONG seq=54 rtt=1 ticks (16 ms)
[00041200][DBG] PING seq=55 size=1024 sent
[00041216][DBG] PONG seq=55 rtt=1 ticks (16 ms)
[00041300][DBG] PING seq=56 size=1024 sent
[00041316][DBG] PONG seq=56 rtt=1 ticks (16 ms)
[00041400][DBG] PING seq=57 size=1024 sent
[00041416][DBG] PONG seq=57 rtt=1 ticks (16 ms)
[00041500][DBG] PING seq=58 size=1024 sent
[00041516][DBG] PONG seq=58 rtt=1 ticks (16 ms)
[00041600][DBG] PING seq=59 size=1024 sent
[00041616][DBG] PONG seq=59 rtt=1 ticks (16 ms)
[00041700][DBG] PING seq=60 size=1024 sent
[00041716][DBG] PONG seq=60 rtt=1 ticks (16 ms)
[00041800][DBG] PING seq=61 size=1024 sent
[00041816][DBG] PONG seq=61 rtt=1 ticks (16 ms)
[00041900][DBG] PING seq=62 size=1024 sent
[00041916][DBG] PONG seq=62 rtt=1 ticks (16 ms)
[00042000][DBG] PING seq=63 size=1024 sent
[00042050][DBG] PONG seq=63 rtt=3 ticks (50 ms)
[00042100][DBG] PING seq=64 size=1024 sent
[00042116][DBG] PONG seq=64 rtt=1 ticks (16 ms)
[00042200][DBG] PING seq=65 size=1024 sent
[00042216][DBG] PONG seq=65 rtt=1 ticks (16 ms)
[00042300][DBG] PING seq=66 size=1024 sent
[00042333][DBG] PONG seq=66 rtt=2 ticks (33 ms)
[00042400][DBG] PING seq=67 size=1024 sent
[00042416][DBG] PONG seq=67 rtt=1 ticks (16 ms)
[00042500][DBG] PING seq=68 size=1024 sent
[00042516][DBG] PONG seq=68 rtt=1 ticks (16 ms)
[00042600][DBG] PING seq=69 size=1024 sent
[00042616][DBG] PONG seq=69 rtt=1 ticks (16 ms)
[00042700][DBG] PING seq=70 size=1024 sent
[00042716][DBG] PONG seq=70 rtt=1 ticks (16 ms)
[00042800][DBG] PING seq=71 size=1024 sent
[00042816][DBG] PONG seq=71 rtt=1 ticks (16 ms)
[00042900][DBG] PING seq=72 size=1024 sent
[00042916][DBG] PONG seq=72 rtt=1 ticks (16 ms)
[00043000][DBG] PING seq=73 size=1024 sent
[00043016][DBG] PONG seq=73 rtt=1 ticks (16 ms)
[00043100][DBG] PING seq=74 size=1024 sent
[00043116][DBG] PONG seq=74 rtt=1 ticks (16 ms)
[00043200][DBG] PING seq=75 size=1024 sent
[00043216][DBG] PONG seq=75 rtt=1 ticks (16 ms)
[00043300][DBG] PING seq=76 size=1024 sent
[00043316][DBG] PONG seq=76 rtt=1 ticks (16 ms)
[00043400][DBG] PING seq=77 size=1024 sent
[00043416][DBG] PONG seq=77 rtt=1 ticks (16 ms)
[00043500][DBG] PING seq=78 size=1024 sent
[00043516][DBG] PONG seq=78 rtt=1 ticks (16 ms)
[00043600][DBG] PING seq=79 size=1024 sent
[00043616][DBG] PONG seq=79 rtt=1 ticks (16 ms)
[00043700][DBG] PING seq=80 size=1024 sent
[00043716][DBG] PONG seq=80 rtt=1 ticks (16 ms)
[00043800][DBG] PING seq=81 size=1024 sent
[00043816][DBG] PONG seq=81 rtt=1 ticks (16 ms)
[00043900][DBG] PING seq=82 size=1024 sent
[00043916][DBG] PONG seq=82 rtt=1 ticks (16 ms)
[00044000][DBG] PING seq=83 size=1024 sent
[00044016][DBG] PONG seq=83 rtt=1 ticks (16 ms)
[00044100][DBG] PING seq=84 size=1024 sent
[00044116][DBG] PONG seq=84 rtt=1 ticks (16 ms)
[00044200][DBG] PING seq=85 size=1024 sent
[00044233][DBG] PONG seq=85 rtt=2 ticks (33 ms)
[00044300][DBG] PING seq=86 size=1024 sent
[00044316][DBG] PONG seq=86 rtt=1 ticks (16 ms)
[00044400][DBG] PING seq=87 size=1024 sent
[00044466][DBG] PONG seq=87 rtt=4 ticks (66 ms)
[00044500][DBG] PING seq=88 size=1024 sent
[00044516][DBG] PONG seq=88 rtt=1 ticks (16 ms)
[00044600][DBG] PING seq=89 size=1024 sent
[00044683][DBG] PONG seq=89 rtt=5 ticks (83 ms)
[00044700][DBG] PING seq=90 size=1024 sent
[00044733][DBG] PONG seq=90 rtt=2 ticks (33 ms)
[00044800][DBG] PING seq=91 size=1024 sent
[00044816][DBG] PONG seq=91 rtt=1 ticks (16 ms)
[00044900][DBG] PING seq=92 size=1024 sent
[00044916][DBG] PONG seq=92 rtt=1 ticks (16 ms)
[00045000][DBG] PING seq=93 size=1024 sent
[00045016][DBG] PONG seq=93 rtt=1 ticks (16 ms)
[00045100][DBG] PING seq=94 size=1024 sent
[00045133][DBG] PONG seq=94 rtt=2 ticks (33 ms)
[00045200][DBG] PING seq=95 size=1024 sent
[00045216][DBG] PONG seq=95 rtt=1 ticks (16 ms)
[00045300][DBG] PING seq=96 size=1024 sent
[00045316][DBG] PONG seq=96 rtt=1 ticks (16 ms)
[00045400][DBG] PING seq=97 size=1024 sent
[00045433][DBG] PONG seq=97 rtt=2 ticks (33 ms)
[00045500][DBG] PING seq=98 size=1024 sent
[00045516][DBG] PONG seq=98 rtt=1 ticks (16 ms)
[00045600][DBG] PING seq=99 size=1024 sent
[00045616][DBG] PONG seq=99 rtt=1 ticks (16 ms)
[00045633][INF] SIZE 1024: min=16 max=83 avg=16 ms (sent=100 recv=100 lost=0)
[00045633][INF] Starting size 4096 test
[00045700][INF] DISCOVERED: "PerfPartner" at 10.188.1.173:7354
[00045700][DBG] PING seq=0 size=4096 sent
[00045766][DBG] PONG seq=0 rtt=4 ticks (66 ms)
[00045800][DBG] PING seq=1 size=4096 sent
[00045866][DBG] PONG seq=1 rtt=4 ticks (66 ms)
[00045900][DBG] PING seq=2 size=4096 sent
[00045950][DBG] PONG seq=2 rtt=3 ticks (50 ms)
[00046000][DBG] PING seq=3 size=4096 sent
[00046050][DBG] PONG seq=3 rtt=3 ticks (50 ms)
[00046100][DBG] PING seq=4 size=4096 sent
[00046150][DBG] PONG seq=4 rtt=3 ticks (50 ms)
[00046200][DBG] PING seq=5 size=4096 sent
[00046250][DBG] PONG seq=5 rtt=3 ticks (50 ms)
[00046300][DBG] PING seq=6 size=4096 sent
[00046366][DBG] PONG seq=6 rtt=4 ticks (66 ms)
[00046400][DBG] PING seq=7 size=4096 sent
[00046450][DBG] PONG seq=7 rtt=3 ticks (50 ms)
[00046500][DBG] PING seq=8 size=4096 sent
[00046550][DBG] PONG seq=8 rtt=3 ticks (50 ms)
[00046600][DBG] PING seq=9 size=4096 sent
[00046666][DBG] PONG seq=9 rtt=4 ticks (66 ms)
[00046700][DBG] PING seq=10 size=4096 sent
[00046750][DBG] PONG seq=10 rtt=3 ticks (50 ms)
[00046800][DBG] PING seq=11 size=4096 sent
[00046850][DBG] PONG seq=11 rtt=3 ticks (50 ms)
[00046900][DBG] PING seq=12 size=4096 sent
[00046950][DBG] PONG seq=12 rtt=3 ticks (50 ms)
[00047000][DBG] PING seq=13 size=4096 sent
[00047066][DBG] PONG seq=13 rtt=4 ticks (66 ms)
[00047100][DBG] PING seq=14 size=4096 sent
[00047150][DBG] PONG seq=14 rtt=3 ticks (50 ms)
[00047200][DBG] PING seq=15 size=4096 sent
[00047266][DBG] PONG seq=15 rtt=4 ticks (66 ms)
[00047300][DBG] PING seq=16 size=4096 sent
[00047350][DBG] PONG seq=16 rtt=3 ticks (50 ms)
[00047400][DBG] PING seq=17 size=4096 sent
[00047450][DBG] PONG seq=17 rtt=3 ticks (50 ms)
[00047500][DBG] PING seq=18 size=4096 sent
[00047550][DBG] PONG seq=18 rtt=3 ticks (50 ms)
[00047600][DBG] PING seq=19 size=4096 sent
[00047666][DBG] PONG seq=19 rtt=4 ticks (66 ms)
[00047700][DBG] PING seq=20 size=4096 sent
[00047750][DBG] PONG seq=20 rtt=3 ticks (50 ms)
[00047800][DBG] PING seq=21 size=4096 sent
[00047850][DBG] PONG seq=21 rtt=3 ticks (50 ms)
[00047900][DBG] PING seq=22 size=4096 sent
[00047950][DBG] PONG seq=22 rtt=3 ticks (50 ms)
[00048000][DBG] PING seq=23 size=4096 sent
[00048050][DBG] PONG seq=23 rtt=3 ticks (50 ms)
[00048100][DBG] PING seq=24 size=4096 sent
[00048150][DBG] PONG seq=24 rtt=3 ticks (50 ms)
[00048200][DBG] PING seq=25 size=4096 sent
[00048250][DBG] PONG seq=25 rtt=3 ticks (50 ms)
[00048300][DBG] PING seq=26 size=4096 sent
[00048350][DBG] PONG seq=26 rtt=3 ticks (50 ms)
[00048400][DBG] PING seq=27 size=4096 sent
[00048450][DBG] PONG seq=27 rtt=3 ticks (50 ms)
[00048500][DBG] PING seq=28 size=4096 sent
[00048550][DBG] PONG seq=28 rtt=3 ticks (50 ms)
[00048600][DBG] PING seq=29 size=4096 sent
[00048666][DBG] PONG seq=29 rtt=4 ticks (66 ms)
[00048700][DBG] PING seq=30 size=4096 sent
[00048750][DBG] PONG seq=30 rtt=3 ticks (50 ms)
[00048800][DBG] PING seq=31 size=4096 sent
[00048916][DBG] PONG seq=31 rtt=7 ticks (116 ms)
[00048916][DBG] PING seq=32 size=4096 sent
[00048966][DBG] PONG seq=32 rtt=3 ticks (50 ms)
[00049016][DBG] PING seq=33 size=4096 sent
[00049066][DBG] PONG seq=33 rtt=3 ticks (50 ms)
[00049116][DBG] PING seq=34 size=4096 sent
[00049183][DBG] PONG seq=34 rtt=4 ticks (66 ms)
[00049216][DBG] PING seq=35 size=4096 sent
[00049266][DBG] PONG seq=35 rtt=3 ticks (50 ms)
[00049316][DBG] PING seq=36 size=4096 sent
[00049366][DBG] PONG seq=36 rtt=3 ticks (50 ms)
[00049416][DBG] PING seq=37 size=4096 sent
[00049466][DBG] PONG seq=37 rtt=3 ticks (50 ms)
[00049516][DBG] PING seq=38 size=4096 sent
[00049583][DBG] PONG seq=38 rtt=4 ticks (66 ms)
[00049616][DBG] PING seq=39 size=4096 sent
[00049666][DBG] PONG seq=39 rtt=3 ticks (50 ms)
[00049716][DBG] PING seq=40 size=4096 sent
[00049766][DBG] PONG seq=40 rtt=3 ticks (50 ms)
[00049816][DBG] PING seq=41 size=4096 sent
[00049866][DBG] PONG seq=41 rtt=3 ticks (50 ms)
[00049916][DBG] PING seq=42 size=4096 sent
[00049966][DBG] PONG seq=42 rtt=3 ticks (50 ms)
[00050016][DBG] PING seq=43 size=4096 sent
[00050083][DBG] PONG seq=43 rtt=4 ticks (66 ms)
[00050116][DBG] PING seq=44 size=4096 sent
[00050183][DBG] PONG seq=44 rtt=4 ticks (66 ms)
[00050216][DBG] PING seq=45 size=4096 sent
[00050266][DBG] PONG seq=45 rtt=3 ticks (50 ms)
[00050316][DBG] PING seq=46 size=4096 sent
[00050366][DBG] PONG seq=46 rtt=3 ticks (50 ms)
[00050416][DBG] PING seq=47 size=4096 sent
[00050466][DBG] PONG seq=47 rtt=3 ticks (50 ms)
[00050516][DBG] PING seq=48 size=4096 sent
[00050566][DBG] PONG seq=48 rtt=3 ticks (50 ms)
[00050616][DBG] PING seq=49 size=4096 sent
[00050683][DBG] PONG seq=49 rtt=4 ticks (66 ms)
[00050716][DBG] PING seq=50 size=4096 sent
[00050766][DBG] PONG seq=50 rtt=3 ticks (50 ms)
[00050816][DBG] PING seq=51 size=4096 sent
[00050866][DBG] PONG seq=51 rtt=3 ticks (50 ms)
[00050916][DBG] PING seq=52 size=4096 sent
[00050966][DBG] PONG seq=52 rtt=3 ticks (50 ms)
[00051016][DBG] PING seq=53 size=4096 sent
[00051066][DBG] PONG seq=53 rtt=3 ticks (50 ms)
[00051116][DBG] PING seq=54 size=4096 sent
[00051166][DBG] PONG seq=54 rtt=3 ticks (50 ms)
[00051216][DBG] PING seq=55 size=4096 sent
[00051266][DBG] PONG seq=55 rtt=3 ticks (50 ms)
[00051316][DBG] PING seq=56 size=4096 sent
[00051383][DBG] PONG seq=56 rtt=4 ticks (66 ms)
[00051416][DBG] PING seq=57 size=4096 sent
[00051466][DBG] PONG seq=57 rtt=3 ticks (50 ms)
[00051516][DBG] PING seq=58 size=4096 sent
[00051566][DBG] PONG seq=58 rtt=3 ticks (50 ms)
[00051616][DBG] PING seq=59 size=4096 sent
[00051666][DBG] PONG seq=59 rtt=3 ticks (50 ms)
[00051716][DBG] PING seq=60 size=4096 sent
[00051766][DBG] PONG seq=60 rtt=3 ticks (50 ms)
[00051816][DBG] PING seq=61 size=4096 sent
[00051866][DBG] PONG seq=61 rtt=3 ticks (50 ms)
[00051916][DBG] PING seq=62 size=4096 sent
[00051966][DBG] PONG seq=62 rtt=3 ticks (50 ms)
[00052016][DBG] PING seq=63 size=4096 sent
[00052083][DBG] PONG seq=63 rtt=4 ticks (66 ms)
[00052116][DBG] PING seq=64 size=4096 sent
[00052166][DBG] PONG seq=64 rtt=3 ticks (50 ms)
[00052216][DBG] PING seq=65 size=4096 sent
[00052266][DBG] PONG seq=65 rtt=3 ticks (50 ms)
[00052316][DBG] PING seq=66 size=4096 sent
[00052366][DBG] PONG seq=66 rtt=3 ticks (50 ms)
[00052416][DBG] PING seq=67 size=4096 sent
[00052466][DBG] PONG seq=67 rtt=3 ticks (50 ms)
[00052516][DBG] PING seq=68 size=4096 sent
[00052566][DBG] PONG seq=68 rtt=3 ticks (50 ms)
[00052616][DBG] PING seq=69 size=4096 sent
[00052666][DBG] PONG seq=69 rtt=3 ticks (50 ms)
[00052716][DBG] PING seq=70 size=4096 sent
[00052766][DBG] PONG seq=70 rtt=3 ticks (50 ms)
[00052816][DBG] PING seq=71 size=4096 sent
[00052866][DBG] PONG seq=71 rtt=3 ticks (50 ms)
[00052916][DBG] PING seq=72 size=4096 sent
[00052966][DBG] PONG seq=72 rtt=3 ticks (50 ms)
[00053016][DBG] PING seq=73 size=4096 sent
[00053083][DBG] PONG seq=73 rtt=4 ticks (66 ms)
[00053116][DBG] PING seq=74 size=4096 sent
[00053216][DBG] PONG seq=74 rtt=6 ticks (100 ms)
[00053233][DBG] PING seq=75 size=4096 sent
[00053283][DBG] PONG seq=75 rtt=4 ticks (66 ms)
[00053316][DBG] PING seq=76 size=4096 sent
[00053366][DBG] PONG seq=76 rtt=3 ticks (50 ms)
[00053416][DBG] PING seq=77 size=4096 sent
[00053466][DBG] PONG seq=77 rtt=3 ticks (50 ms)
[00053516][DBG] PING seq=78 size=4096 sent
[00053566][DBG] PONG seq=78 rtt=3 ticks (50 ms)
[00053616][DBG] PING seq=79 size=4096 sent
[00053666][DBG] PONG seq=79 rtt=3 ticks (50 ms)
[00053716][DBG] PING seq=80 size=4096 sent
[00053783][DBG] PONG seq=80 rtt=4 ticks (66 ms)
[00053816][DBG] PING seq=81 size=4096 sent
[00053866][DBG] PONG seq=81 rtt=3 ticks (50 ms)
[00053916][DBG] PING seq=82 size=4096 sent
[00053966][DBG] PONG seq=82 rtt=3 ticks (50 ms)
[00054016][DBG] PING seq=83 size=4096 sent
[00054066][DBG] PONG seq=83 rtt=3 ticks (50 ms)
[00054116][DBG] PING seq=84 size=4096 sent
[00054183][DBG] PONG seq=84 rtt=4 ticks (66 ms)
[00054216][DBG] PING seq=85 size=4096 sent
[00054266][DBG] PONG seq=85 rtt=3 ticks (50 ms)
[00054316][DBG] PING seq=86 size=4096 sent
[00054366][DBG] PONG seq=86 rtt=3 ticks (50 ms)
[00054416][DBG] PING seq=87 size=4096 sent
[00054466][DBG] PONG seq=87 rtt=3 ticks (50 ms)
[00054516][DBG] PING seq=88 size=4096 sent
[00054583][DBG] PONG seq=88 rtt=4 ticks (66 ms)
[00054616][DBG] PING seq=89 size=4096 sent
[00054683][DBG] PONG seq=89 rtt=4 ticks (66 ms)
[00054716][DBG] PING seq=90 size=4096 sent
[00054766][DBG] PONG seq=90 rtt=3 ticks (50 ms)
[00054816][DBG] PING seq=91 size=4096 sent
[00054866][DBG] PONG seq=91 rtt=3 ticks (50 ms)
[00054916][DBG] PING seq=92 size=4096 sent
[00054966][DBG] PONG seq=92 rtt=3 ticks (50 ms)
[00055016][DBG] PING seq=93 size=4096 sent
[00055066][DBG] PONG seq=93 rtt=3 ticks (50 ms)
[00055116][DBG] PING seq=94 size=4096 sent
[00055166][DBG] PONG seq=94 rtt=3 ticks (50 ms)
[00055216][DBG] PING seq=95 size=4096 sent
[00055283][DBG] PONG seq=95 rtt=4 ticks (66 ms)
[00055316][DBG] PING seq=96 size=4096 sent
[00055366][DBG] PONG seq=96 rtt=3 ticks (50 ms)
[00055416][DBG] PING seq=97 size=4096 sent
[00055466][DBG] PONG seq=97 rtt=3 ticks (50 ms)
[00055516][DBG] PING seq=98 size=4096 sent
[00055550][INF] DISCOVERED: "PerfPartner" at 10.188.1.173:7354
[00055600][DBG] PONG seq=98 rtt=5 ticks (83 ms)
[00055616][DBG] PING seq=99 size=4096 sent
[00055666][DBG] PONG seq=99 rtt=3 ticks (50 ms)
[00055683][INF] SIZE 4096: min=50 max=116 avg=50 ms (sent=100 recv=100 lost=0)
[00055683][INF] All latency tests complete
[00055683][INF] ========================================
[00055683][INF] LATENCY TEST RESULTS
[00055683][INF] ========================================
[00055683][INF]   16 bytes: min=  0 avg=  0 max= 33 ms (loss=0%)
[00055700][INF]   64 bytes: min=  0 avg=  0 max=166 ms (loss=0%)
[00055700][INF]  256 bytes: min=  0 avg=  0 max=100 ms (loss=0%)
[00055700][INF] 1024 bytes: min= 16 avg= 16 max= 83 ms (loss=0%)
[00055700][INF] 4096 bytes: min= 50 avg= 50 max=116 ms (loss=0%)
[00055700][INF] ========================================
[00055716][INF] Streaming 31077 bytes of logs to partner...
[00056200][INF] Log streaming complete: 31130 bytes sent
[00056200][INF] ========================================
[00056200][INF] TEST EXITING - cleaning up...
[00056200][INF] ========================================
[00000016][INF] ========================================
[00000016][INF] PeerTalk Latency Test
[00000016][INF] Version: 1.0.0
[00000016][INF] ========================================
[00000033][INF] Buffer pool: 4 buffers × 4KB
[00000033][INF] Initializing PeerTalk...
[00000100][INF] Waiting for peer...
[00000100][INF] Press any key to exit.
[00007333][INF] DISCOVERED: "PerfPartner" at 10.188.1.173:7354
[00007333][INF] Connecting to peer...
[00007416][INF] CONNECTED to peer 1
[00007433][INF] Starting latency test with size 16
[00007450][DBG] PING seq=0 size=16 sent
[00007483][DBG] PONG seq=0 rtt=2 ticks (33 ms)
[00007550][DBG] PING seq=1 size=16 sent
[00007566][DBG] PONG seq=1 rtt=1 ticks (16 ms)
[00007650][DBG] PING seq=2 size=16 sent
[00007650][DBG] PONG seq=2 rtt=0 ticks (0 ms)
[00007750][DBG] PING seq=3 size=16 sent
[00007766][DBG] PONG seq=3 rtt=1 ticks (16 ms)
[00007850][DBG] PING seq=4 size=16 sent
[00007850][DBG] PONG seq=4 rtt=0 ticks (0 ms)
[00007950][DBG] PING seq=5 size=16 sent
[00007950][DBG] PONG seq=5 rtt=0 ticks (0 ms)
[00008050][DBG] PING seq=6 size=16 sent
[00008050][DBG] PONG seq=6 rtt=0 ticks (0 ms)
[00008150][DBG] PING seq=7 size=16 sent
[00008150][DBG] PONG seq=7 rtt=0 ticks (0 ms)
[00008250][DBG] PING seq=8 size=16 sent
[00008250][DBG] PONG seq=8 rtt=0 ticks (0 ms)
[00008350][DBG] PING seq=9 size=16 sent
[00008350][DBG] PONG seq=9 rtt=0 ticks (0 ms)
[00008450][DBG] PING seq=10 size=16 sent
[00008450][DBG] PONG seq=10 rtt=0 ticks (0 ms)
[00008550][DBG] PING seq=11 size=16 sent
[00008566][DBG] PONG seq=11 rtt=1 ticks (16 ms)
[00008650][DBG] PING seq=12 size=16 sent
[00008650][DBG] PONG seq=12 rtt=0 ticks (0 ms)
[00008750][DBG] PING seq=13 size=16 sent
[00008750][DBG] PONG seq=13 rtt=0 ticks (0 ms)
[00008850][DBG] PING seq=14 size=16 sent
[00008850][DBG] PONG seq=14 rtt=0 ticks (0 ms)
[00008950][DBG] PING seq=15 size=16 sent
[00008950][DBG] PONG seq=15 rtt=0 ticks (0 ms)
[00009050][DBG] PING seq=16 size=16 sent
[00009050][DBG] PONG seq=16 rtt=0 ticks (0 ms)
[00009150][DBG] PING seq=17 size=16 sent
[00009150][DBG] PONG seq=17 rtt=0 ticks (0 ms)
[00009250][DBG] PING seq=18 size=16 sent
[00009250][DBG] PONG seq=18 rtt=0 ticks (0 ms)
[00009350][DBG] PING seq=19 size=16 sent
[00009366][DBG] PONG seq=19 rtt=1 ticks (16 ms)
[00009450][DBG] PING seq=20 size=16 sent
[00009450][DBG] PONG seq=20 rtt=0 ticks (0 ms)
[00009550][DBG] PING seq=21 size=16 sent
[00009550][DBG] PONG seq=21 rtt=0 ticks (0 ms)
[00009650][DBG] PING seq=22 size=16 sent
[00009650][DBG] PONG seq=22 rtt=0 ticks (0 ms)
[00009750][DBG] PING seq=23 size=16 sent
[00009750][DBG] PONG seq=23 rtt=0 ticks (0 ms)
[00009850][DBG] PING seq=24 size=16 sent
[00009850][DBG] PONG seq=24 rtt=0 ticks (0 ms)
[00009950][DBG] PING seq=25 size=16 sent
[00009966][DBG] PONG seq=25 rtt=1 ticks (16 ms)
[00010050][DBG] PING seq=26 size=16 sent
[00010050][DBG] PONG seq=26 rtt=0 ticks (0 ms)
[00010150][DBG] PING seq=27 size=16 sent
[00010150][DBG] PONG seq=27 rtt=0 ticks (0 ms)
[00010250][DBG] PING seq=28 size=16 sent
[00010250][DBG] PONG seq=28 rtt=0 ticks (0 ms)
[00010350][DBG] PING seq=29 size=16 sent
[00010350][DBG] PONG seq=29 rtt=0 ticks (0 ms)
[00010450][DBG] PING seq=30 size=16 sent
[00010450][DBG] PONG seq=30 rtt=0 ticks (0 ms)
[00010550][DBG] PING seq=31 size=16 sent
[00010550][DBG] PONG seq=31 rtt=0 ticks (0 ms)
[00010650][DBG] PING seq=32 size=16 sent
[00010650][DBG] PONG seq=32 rtt=0 ticks (0 ms)
[00010750][DBG] PING seq=33 size=16 sent
[00010750][DBG] PONG seq=33 rtt=0 ticks (0 ms)
[00010850][DBG] PING seq=34 size=16 sent
[00010850][DBG] PONG seq=34 rtt=0 ticks (0 ms)
[00010950][DBG] PING seq=35 size=16 sent
[00010950][DBG] PONG seq=35 rtt=0 ticks (0 ms)
[00011050][DBG] PING seq=36 size=16 sent
[00011050][DBG] PONG seq=36 rtt=0 ticks (0 ms)
[00011150][DBG] PING seq=37 size=16 sent
[00011166][DBG] PONG seq=37 rtt=1 ticks (16 ms)
[00011250][DBG] PING seq=38 size=16 sent
[00011250][DBG] PONG seq=38 rtt=0 ticks (0 ms)
[00011350][DBG] PING seq=39 size=16 sent
[00011350][DBG] PONG seq=39 rtt=0 ticks (0 ms)
[00011450][DBG] PING seq=40 size=16 sent
[00011450][DBG] PONG seq=40 rtt=0 ticks (0 ms)
[00011550][DBG] PING seq=41 size=16 sent
[00011550][DBG] PONG seq=41 rtt=0 ticks (0 ms)
[00011650][DBG] PING seq=42 size=16 sent
[00011666][DBG] PONG seq=42 rtt=1 ticks (16 ms)
[00011750][DBG] PING seq=43 size=16 sent
[00011750][DBG] PONG seq=43 rtt=0 ticks (0 ms)
[00011850][DBG] PING seq=44 size=16 sent
[00011866][DBG] PONG seq=44 rtt=1 ticks (16 ms)
[00011950][DBG] PING seq=45 size=16 sent
[00011950][DBG] PONG seq=45 rtt=0 ticks (0 ms)
[00012050][DBG] PING seq=46 size=16 sent
[00012050][DBG] PONG seq=46 rtt=0 ticks (0 ms)
[00012150][DBG] PING seq=47 size=16 sent
[00012150][DBG] PONG seq=47 rtt=0 ticks (0 ms)
[00012250][DBG] PING seq=48 size=16 sent
[00012266][DBG] PONG seq=48 rtt=1 ticks (16 ms)
[00012350][DBG] PING seq=49 size=16 sent
[00012350][DBG] PONG seq=49 rtt=0 ticks (0 ms)
[00012450][DBG] PING seq=50 size=16 sent
[00012450][DBG] PONG seq=50 rtt=0 ticks (0 ms)
[00012550][DBG] PING seq=51 size=16 sent
[00012550][DBG] PONG seq=51 rtt=0 ticks (0 ms)
[00012650][DBG] PING seq=52 size=16 sent
[00012650][DBG] PONG seq=52 rtt=0 ticks (0 ms)
[00012750][DBG] PING seq=53 size=16 sent
[00012750][DBG] PONG seq=53 rtt=0 ticks (0 ms)
[00012850][DBG] PING seq=54 size=16 sent
[00012850][DBG] PONG seq=54 rtt=0 ticks (0 ms)
[00012950][DBG] PING seq=55 size=16 sent
[00012950][DBG] PONG seq=55 rtt=0 ticks (0 ms)
[00013050][DBG] PING seq=56 size=16 sent
[00013050][DBG] PONG seq=56 rtt=0 ticks (0 ms)
[00013150][DBG] PING seq=57 size=16 sent
[00013166][DBG] PONG seq=57 rtt=1 ticks (16 ms)
[00013250][DBG] PING seq=58 size=16 sent
[00013250][DBG] PONG seq=58 rtt=0 ticks (0 ms)
[00013350][DBG] PING seq=59 size=16 sent
[00013350][DBG] PONG seq=59 rtt=0 ticks (0 ms)
[00013450][DBG] PING seq=60 size=16 sent
[00013450][DBG] PONG seq=60 rtt=0 ticks (0 ms)
[00013550][DBG] PING seq=61 size=16 sent
[00013550][DBG] PONG seq=61 rtt=0 ticks (0 ms)
[00013650][DBG] PING seq=62 size=16 sent
[00013650][DBG] PONG seq=62 rtt=0 ticks (0 ms)
[00013750][DBG] PING seq=63 size=16 sent
[00013750][DBG] PONG seq=63 rtt=0 ticks (0 ms)
[00013850][DBG] PING seq=64 size=16 sent
[00013850][DBG] PONG seq=64 rtt=0 ticks (0 ms)
[00013950][DBG] PING seq=65 size=16 sent
[00013950][DBG] PONG seq=65 rtt=0 ticks (0 ms)
[00014050][DBG] PING seq=66 size=16 sent
[00014050][DBG] PONG seq=66 rtt=0 ticks (0 ms)
[00014150][DBG] PING seq=67 size=16 sent
[00014150][DBG] PONG seq=67 rtt=0 ticks (0 ms)
[00014250][DBG] PING seq=68 size=16 sent
[00014250][DBG] PONG seq=68 rtt=0 ticks (0 ms)
[00014350][DBG] PING seq=69 size=16 sent
[00014350][DBG] PONG seq=69 rtt=0 ticks (0 ms)
[00014450][DBG] PING seq=70 size=16 sent
[00014450][DBG] PONG seq=70 rtt=0 ticks (0 ms)
[00014550][DBG] PING seq=71 size=16 sent
[00014550][DBG] PONG seq=71 rtt=0 ticks (0 ms)
[00014650][DBG] PING seq=72 size=16 sent
[00014650][DBG] PONG seq=72 rtt=0 ticks (0 ms)
[00014750][DBG] PING seq=73 size=16 sent
[00014750][DBG] PONG seq=73 rtt=0 ticks (0 ms)
[00014850][DBG] PING seq=74 size=16 sent
[00014850][DBG] PONG seq=74 rtt=0 ticks (0 ms)
[00014950][DBG] PING seq=75 size=16 sent
[00014966][DBG] PONG seq=75 rtt=1 ticks (16 ms)
[00015050][DBG] PING seq=76 size=16 sent
[00015050][DBG] PONG seq=76 rtt=0 ticks (0 ms)
[00015150][DBG] PING seq=77 size=16 sent
[00015150][DBG] PONG seq=77 rtt=0 ticks (0 ms)
[00015250][DBG] PING seq=78 size=16 sent
[00015250][DBG] PONG seq=78 rtt=0 ticks (0 ms)
[00015350][DBG] PING seq=79 size=16 sent
[00015350][DBG] PONG seq=79 rtt=0 ticks (0 ms)
[00015450][DBG] PING seq=80 size=16 sent
[00015483][DBG] PONG seq=80 rtt=2 ticks (33 ms)
[00015550][DBG] PING seq=81 size=16 sent
[00015550][DBG] PONG seq=81 rtt=0 ticks (0 ms)
[00015650][DBG] PING seq=82 size=16 sent
[00015650][DBG] PONG seq=82 rtt=0 ticks (0 ms)
[00015750][DBG] PING seq=83 size=16 sent
[00015750][DBG] PONG seq=83 rtt=0 ticks (0 ms)
[00015850][DBG] PING seq=84 size=16 sent
[00015850][DBG] PONG seq=84 rtt=0 ticks (0 ms)
[00015950][DBG] PING seq=85 size=16 sent
[00015966][DBG] PONG seq=85 rtt=1 ticks (16 ms)
[00016050][DBG] PING seq=86 size=16 sent
[00016050][DBG] PONG seq=86 rtt=0 ticks (0 ms)
[00016150][DBG] PING seq=87 size=16 sent
[00016150][DBG] PONG seq=87 rtt=0 ticks (0 ms)
[00016250][DBG] PING seq=88 size=16 sent
[00016250][DBG] PONG seq=88 rtt=0 ticks (0 ms)
[00016350][DBG] PING seq=89 size=16 sent
[00016350][DBG] PONG seq=89 rtt=0 ticks (0 ms)
[00016450][DBG] PING seq=90 size=16 sent
[00016450][DBG] PONG seq=90 rtt=0 ticks (0 ms)
[00016550][DBG] PING seq=91 size=16 sent
[00016550][DBG] PONG seq=91 rtt=0 ticks (0 ms)
[00016650][DBG] PING seq=92 size=16 sent
[00016650][DBG] PONG seq=92 rtt=0 ticks (0 ms)
[00016750][DBG] PING seq=93 size=16 sent
[00016750][DBG] PONG seq=93 rtt=0 ticks (0 ms)
[00016850][DBG] PING seq=94 size=16 sent
[00016850][DBG] PONG seq=94 rtt=0 ticks (0 ms)
[00016950][DBG] PING seq=95 size=16 sent
[00016950][DBG] PONG seq=95 rtt=0 ticks (0 ms)
[00017050][DBG] PING seq=96 size=16 sent
[00017050][DBG] PONG seq=96 rtt=0 ticks (0 ms)
[00017150][DBG] PING seq=97 size=16 sent
[00017150][DBG] PONG seq=97 rtt=0 ticks (0 ms)
[00017250][DBG] PING seq=98 size=16 sent
[00017266][DBG] PONG seq=98 rtt=1 ticks (16 ms)
[00017350][DBG] PING seq=99 size=16 sent
[00017350][DBG] PONG seq=99 rtt=0 ticks (0 ms)
[00017383][INF] SIZE 16: min=0 max=33 avg=0 ms (sent=100 recv=100 lost=0)
[00017383][INF] Starting size 64 test
[00017400][INF] DISCOVERED: "PerfPartner" at 10.188.1.173:7354
[00017450][DBG] PING seq=0 size=64 sent
[00017450][DBG] PONG seq=0 rtt=0 ticks (0 ms)
[00017550][DBG] PING seq=1 size=64 sent
[00017566][DBG] PONG seq=1 rtt=1 ticks (16 ms)
[00017650][DBG] PING seq=2 size=64 sent
[00017650][DBG] PONG seq=2 rtt=0 ticks (0 ms)
[00017750][DBG] PING seq=3 size=64 sent
[00017750][DBG] PONG seq=3 rtt=0 ticks (0 ms)
[00017850][DBG] PING seq=4 size=64 sent
[00017850][DBG] PONG seq=4 rtt=0 ticks (0 ms)
[00017950][DBG] PING seq=5 size=64 sent
[00017950][DBG] PONG seq=5 rtt=0 ticks (0 ms)
[00018050][DBG] PING seq=6 size=64 sent
[00018050][DBG] PONG seq=6 rtt=0 ticks (0 ms)
[00018150][DBG] PING seq=7 size=64 sent
[00018150][DBG] PONG seq=7 rtt=0 ticks (0 ms)
[00018250][DBG] PING seq=8 size=64 sent
[00018266][DBG] PONG seq=8 rtt=1 ticks (16 ms)
[00018350][DBG] PING seq=9 size=64 sent
[00018350][DBG] PONG seq=9 rtt=0 ticks (0 ms)
[00018450][DBG] PING seq=10 size=64 sent
[00018450][DBG] PONG seq=10 rtt=0 ticks (0 ms)
[00018550][DBG] PING seq=11 size=64 sent
[00018550][DBG] PONG seq=11 rtt=0 ticks (0 ms)
[00018650][DBG] PING seq=12 size=64 sent
[00018650][DBG] PONG seq=12 rtt=0 ticks (0 ms)
[00018750][DBG] PING seq=13 size=64 sent
[00018750][DBG] PONG seq=13 rtt=0 ticks (0 ms)
[00018850][DBG] PING seq=14 size=64 sent
[00018850][DBG] PONG seq=14 rtt=0 ticks (0 ms)
[00018950][DBG] PING seq=15 size=64 sent
[00018950][DBG] PONG seq=15 rtt=0 ticks (0 ms)
[00019050][DBG] PING seq=16 size=64 sent
[00019050][DBG] PONG seq=16 rtt=0 ticks (0 ms)
[00019150][DBG] PING seq=17 size=64 sent
[00019150][DBG] PONG seq=17 rtt=0 ticks (0 ms)
[00019250][DBG] PING seq=18 size=64 sent
[00019250][DBG] PONG seq=18 rtt=0 ticks (0 ms)
[00019350][DBG] PING seq=19 size=64 sent
[00019350][DBG] PONG seq=19 rtt=0 ticks (0 ms)
[00019450][DBG] PING seq=20 size=64 sent
[00019450][DBG] PONG seq=20 rtt=0 ticks (0 ms)
[00019550][DBG] PING seq=21 size=64 sent
[00019550][DBG] PONG seq=21 rtt=0 ticks (0 ms)
[00019650][DBG] PING seq=22 size=64 sent
[00019650][DBG] PONG seq=22 rtt=0 ticks (0 ms)
[00019750][DBG] PING seq=23 size=64 sent
[00019750][DBG] PONG seq=23 rtt=0 ticks (0 ms)
[00019850][DBG] PING seq=24 size=64 sent
[00019866][DBG] PONG seq=24 rtt=1 ticks (16 ms)
[00019950][DBG] PING seq=25 size=64 sent
[00019950][DBG] PONG seq=25 rtt=0 ticks (0 ms)
[00020050][DBG] PING seq=26 size=64 sent
[00020050][DBG] PONG seq=26 rtt=0 ticks (0 ms)
[00020150][DBG] PING seq=27 size=64 sent
[00020150][DBG] PONG seq=27 rtt=0 ticks (0 ms)
[00020250][DBG] PING seq=28 size=64 sent
[00020266][DBG] PONG seq=28 rtt=1 ticks (16 ms)
[00020350][DBG] PING seq=29 size=64 sent
[00020350][DBG] PONG seq=29 rtt=0 ticks (0 ms)
[00020450][DBG] PING seq=30 size=64 sent
[00020450][DBG] PONG seq=30 rtt=0 ticks (0 ms)
[00020550][DBG] PING seq=31 size=64 sent
[00020550][DBG] PONG seq=31 rtt=0 ticks (0 ms)
[00020650][DBG] PING seq=32 size=64 sent
[00020650][DBG] PONG seq=32 rtt=0 ticks (0 ms)
[00020750][DBG] PING seq=33 size=64 sent
[00020750][DBG] PONG seq=33 rtt=0 ticks (0 ms)
[00020850][DBG] PING seq=34 size=64 sent
[00020866][DBG] PONG seq=34 rtt=1 ticks (16 ms)
[00020950][DBG] PING seq=35 size=64 sent
[00020950][DBG] PONG seq=35 rtt=0 ticks (0 ms)
[00021050][DBG] PING seq=36 size=64 sent
[00021050][DBG] PONG seq=36 rtt=0 ticks (0 ms)
[00021150][DBG] PING seq=37 size=64 sent
[00021150][DBG] PONG seq=37 rtt=0 ticks (0 ms)
[00021250][DBG] PING seq=38 size=64 sent
[00021250][DBG] PONG seq=38 rtt=0 ticks (0 ms)
[00021350][DBG] PING seq=39 size=64 sent
[00021350][DBG] PONG seq=39 rtt=0 ticks (0 ms)
[00021450][DBG] PING seq=40 size=64 sent
[00021450][DBG] PONG seq=40 rtt=0 ticks (0 ms)
[00021550][DBG] PING seq=41 size=64 sent
[00021550][DBG] PONG seq=41 rtt=0 ticks (0 ms)
[00021650][DBG] PING seq=42 size=64 sent
[00021650][DBG] PONG seq=42 rtt=0 ticks (0 ms)
[00021750][DBG] PING seq=43 size=64 sent
[00021750][DBG] PONG seq=43 rtt=0 ticks (0 ms)
[00021850][DBG] PING seq=44 size=64 sent
[00021850][DBG] PONG seq=44 rtt=0 ticks (0 ms)
[00021950][DBG] PING seq=45 size=64 sent
[00021950][DBG] PONG seq=45 rtt=0 ticks (0 ms)
[00022050][DBG] PING seq=46 size=64 sent
[00022050][DBG] PONG seq=46 rtt=0 ticks (0 ms)
[00022150][DBG] PING seq=47 size=64 sent
[00022150][DBG] PONG seq=47 rtt=0 ticks (0 ms)
[00022250][DBG] PING seq=48 size=64 sent
[00022250][DBG] PONG seq=48 rtt=0 ticks (0 ms)
[00022350][DBG] PING seq=49 size=64 sent
[00022350][DBG] PONG seq=49 rtt=0 ticks (0 ms)
[00022450][DBG] PING seq=50 size=64 sent
[00022450][DBG] PONG seq=50 rtt=0 ticks (0 ms)
[00022550][DBG] PING seq=51 size=64 sent
[00022550][DBG] PONG seq=51 rtt=0 ticks (0 ms)
[00022650][DBG] PING seq=52 size=64 sent
[00022650][DBG] PONG seq=52 rtt=0 ticks (0 ms)
[00022750][DBG] PING seq=53 size=64 sent
[00022750][DBG] PONG seq=53 rtt=0 ticks (0 ms)
[00022850][DBG] PING seq=54 size=64 sent
[00022850][DBG] PONG seq=54 rtt=0 ticks (0 ms)
[00022950][DBG] PING seq=55 size=64 sent
[00022966][DBG] PONG seq=55 rtt=1 ticks (16 ms)
[00023050][DBG] PING seq=56 size=64 sent
[00023050][DBG] PONG seq=56 rtt=0 ticks (0 ms)
[00023150][DBG] PING seq=57 size=64 sent
[00023150][DBG] PONG seq=57 rtt=0 ticks (0 ms)
[00023250][DBG] PING seq=58 size=64 sent
[00023250][DBG] PONG seq=58 rtt=0 ticks (0 ms)
[00023350][DBG] PING seq=59 size=64 sent
[00023366][DBG] PONG seq=59 rtt=1 ticks (16 ms)
[00023450][DBG] PING seq=60 size=64 sent
[00023450][DBG] PONG seq=60 rtt=0 ticks (0 ms)
[00023550][DBG] PING seq=61 size=64 sent
[00023550][DBG] PONG seq=61 rtt=0 ticks (0 ms)
[00023650][DBG] PING seq=62 size=64 sent
[00023650][DBG] PONG seq=62 rtt=0 ticks (0 ms)
[00023750][DBG] PING seq=63 size=64 sent
[00023750][DBG] PONG seq=63 rtt=0 ticks (0 ms)
[00023850][DBG] PING seq=64 size=64 sent
[00023850][DBG] PONG seq=64 rtt=0 ticks (0 ms)
[00023950][DBG] PING seq=65 size=64 sent
[00023966][DBG] PONG seq=65 rtt=1 ticks (16 ms)
[00024050][DBG] PING seq=66 size=64 sent
[00024050][DBG] PONG seq=66 rtt=0 ticks (0 ms)
[00024150][DBG] PING seq=67 size=64 sent
[00024150][DBG] PONG seq=67 rtt=0 ticks (0 ms)
[00024250][DBG] PING seq=68 size=64 sent
[00024250][DBG] PONG seq=68 rtt=0 ticks (0 ms)
[00024350][DBG] PING seq=69 size=64 sent
[00024350][DBG] PONG seq=69 rtt=0 ticks (0 ms)
[00024450][DBG] PING seq=70 size=64 sent
[00024450][DBG] PONG seq=70 rtt=0 ticks (0 ms)
[00024550][DBG] PING seq=71 size=64 sent
[00024550][DBG] PONG seq=71 rtt=0 ticks (0 ms)
[00024650][DBG] PING seq=72 size=64 sent
[00024650][DBG] PONG seq=72 rtt=0 ticks (0 ms)
[00024750][DBG] PING seq=73 size=64 sent
[00024750][DBG] PONG seq=73 rtt=0 ticks (0 ms)
[00024850][DBG] PING seq=74 size=64 sent
[00024850][DBG] PONG seq=74 rtt=0 ticks (0 ms)
[00024950][DBG] PING seq=75 size=64 sent
[00024950][DBG] PONG seq=75 rtt=0 ticks (0 ms)
[00025050][DBG] PING seq=76 size=64 sent
[00025050][DBG] PONG seq=76 rtt=0 ticks (0 ms)
[00025150][DBG] PING seq=77 size=64 sent
[00025166][DBG] PONG seq=77 rtt=1 ticks (16 ms)
[00025250][DBG] PING seq=78 size=64 sent
[00025250][DBG] PONG seq=78 rtt=0 ticks (0 ms)
[00025350][DBG] PING seq=79 size=64 sent
[00025366][DBG] PONG seq=79 rtt=1 ticks (16 ms)
[00025450][DBG] PING seq=80 size=64 sent
[00025466][DBG] PONG seq=80 rtt=1 ticks (16 ms)
[00025550][DBG] PING seq=81 size=64 sent
[00025566][DBG] PONG seq=81 rtt=1 ticks (16 ms)
[00025650][DBG] PING seq=82 size=64 sent
[00025650][DBG] PONG seq=82 rtt=0 ticks (0 ms)
[00025750][DBG] PING seq=83 size=64 sent
[00025750][DBG] PONG seq=83 rtt=0 ticks (0 ms)
[00025850][DBG] PING seq=84 size=64 sent
[00025850][DBG] PONG seq=84 rtt=0 ticks (0 ms)
[00025950][DBG] PING seq=85 size=64 sent
[00025950][DBG] PONG seq=85 rtt=0 ticks (0 ms)
[00026050][DBG] PING seq=86 size=64 sent
[00026050][DBG] PONG seq=86 rtt=0 ticks (0 ms)
[00026150][DBG] PING seq=87 size=64 sent
[00026166][DBG] PONG seq=87 rtt=1 ticks (16 ms)
[00026250][DBG] PING seq=88 size=64 sent
[00026250][DBG] PONG seq=88 rtt=0 ticks (0 ms)
[00026350][DBG] PING seq=89 size=64 sent
[00026350][DBG] PONG seq=89 rtt=0 ticks (0 ms)
[00026450][DBG] PING seq=90 size=64 sent
[00026450][DBG] PONG seq=90 rtt=0 ticks (0 ms)
[00026550][DBG] PING seq=91 size=64 sent
[00026550][DBG] PONG seq=91 rtt=0 ticks (0 ms)
[00026650][DBG] PING seq=92 size=64 sent
[00026650][DBG] PONG seq=92 rtt=0 ticks (0 ms)
[00026750][DBG] PING seq=93 size=64 sent
[00026750][DBG] PONG seq=93 rtt=0 ticks (0 ms)
[00026850][DBG] PING seq=94 size=64 sent
[00026850][DBG] PONG seq=94 rtt=0 ticks (0 ms)
[00026950][DBG] PING seq=95 size=64 sent
[00026950][DBG] PONG seq=95 rtt=0 ticks (0 ms)
[00027050][DBG] PING seq=96 size=64 sent
[00027050][DBG] PONG seq=96 rtt=0 ticks (0 ms)
[00027150][DBG] PING seq=97 size=64 sent
[00027166][DBG] PONG seq=97 rtt=1 ticks (16 ms)
[00027250][DBG] PING seq=98 size=64 sent
[00027250][DBG] PONG seq=98 rtt=0 ticks (0 ms)
[00027350][DBG] PING seq=99 size=64 sent
[00027350][DBG] PONG seq=99 rtt=0 ticks (0 ms)
[00027383][INF] SIZE 64: min=0 max=16 avg=0 ms (sent=100 recv=100 lost=0)
[00027383][INF] Starting size 256 test
[00027450][INF] DISCOVERED: "PerfPartner" at 10.188.1.173:7354
[00027450][DBG] PING seq=0 size=256 sent
[00027533][DBG] PONG seq=0 rtt=5 ticks (83 ms)
[00027550][DBG] PING seq=1 size=256 sent
[00027550][DBG] PONG seq=1 rtt=0 ticks (0 ms)
[00027650][DBG] PING seq=2 size=256 sent
[00027650][DBG] PONG seq=2 rtt=0 ticks (0 ms)
[00027750][DBG] PING seq=3 size=256 sent
[00027766][DBG] PONG seq=3 rtt=1 ticks (16 ms)
[00027850][DBG] PING seq=4 size=256 sent
[00027850][DBG] PONG seq=4 rtt=0 ticks (0 ms)
[00027950][DBG] PING seq=5 size=256 sent
[00027950][DBG] PONG seq=5 rtt=0 ticks (0 ms)
[00028050][DBG] PING seq=6 size=256 sent
[00028050][DBG] PONG seq=6 rtt=0 ticks (0 ms)
[00028150][DBG] PING seq=7 size=256 sent
[00028150][DBG] PONG seq=7 rtt=0 ticks (0 ms)
[00028250][DBG] PING seq=8 size=256 sent
[00028250][DBG] PONG seq=8 rtt=0 ticks (0 ms)
[00028350][DBG] PING seq=9 size=256 sent
[00028350][DBG] PONG seq=9 rtt=0 ticks (0 ms)
[00028450][DBG] PING seq=10 size=256 sent
[00028450][DBG] PONG seq=10 rtt=0 ticks (0 ms)
[00028550][DBG] PING seq=11 size=256 sent
[00028550][DBG] PONG seq=11 rtt=0 ticks (0 ms)
[00028650][DBG] PING seq=12 size=256 sent
[00028666][DBG] PONG seq=12 rtt=1 ticks (16 ms)
[00028750][DBG] PING seq=13 size=256 sent
[00028750][DBG] PONG seq=13 rtt=0 ticks (0 ms)
[00028850][DBG] PING seq=14 size=256 sent
[00028850][DBG] PONG seq=14 rtt=0 ticks (0 ms)
[00028950][DBG] PING seq=15 size=256 sent
[00028950][DBG] PONG seq=15 rtt=0 ticks (0 ms)
[00029050][DBG] PING seq=16 size=256 sent
[00029050][DBG] PONG seq=16 rtt=0 ticks (0 ms)
[00029150][DBG] PING seq=17 size=256 sent
[00029150][DBG] PONG seq=17 rtt=0 ticks (0 ms)
[00029250][DBG] PING seq=18 size=256 sent
[00029250][DBG] PONG seq=18 rtt=0 ticks (0 ms)
[00029350][DBG] PING seq=19 size=256 sent
[00029350][DBG] PONG seq=19 rtt=0 ticks (0 ms)
[00029450][DBG] PING seq=20 size=256 sent
[00029450][DBG] PONG seq=20 rtt=0 ticks (0 ms)
[00029550][DBG] PING seq=21 size=256 sent
[00029550][DBG] PONG seq=21 rtt=0 ticks (0 ms)
[00029650][DBG] PING seq=22 size=256 sent
[00029650][DBG] PONG seq=22 rtt=0 ticks (0 ms)
[00029750][DBG] PING seq=23 size=256 sent
[00029750][DBG] PONG seq=23 rtt=0 ticks (0 ms)
[00029850][DBG] PING seq=24 size=256 sent
[00029850][DBG] PONG seq=24 rtt=0 ticks (0 ms)
[00029950][DBG] PING seq=25 size=256 sent
[00029966][DBG] PONG seq=25 rtt=1 ticks (16 ms)
[00030050][DBG] PING seq=26 size=256 sent
[00030050][DBG] PONG seq=26 rtt=0 ticks (0 ms)
[00030150][DBG] PING seq=27 size=256 sent
[00030150][DBG] PONG seq=27 rtt=0 ticks (0 ms)
[00030250][DBG] PING seq=28 size=256 sent
[00030250][DBG] PONG seq=28 rtt=0 ticks (0 ms)
[00030350][DBG] PING seq=29 size=256 sent
[00030350][DBG] PONG seq=29 rtt=0 ticks (0 ms)
[00030450][DBG] PING seq=30 size=256 sent
[00030450][DBG] PONG seq=30 rtt=0 ticks (0 ms)
[00030550][DBG] PING seq=31 size=256 sent
[00030550][DBG] PONG seq=31 rtt=0 ticks (0 ms)
[00030650][DBG] PING seq=32 size=256 sent
[00030650][DBG] PONG seq=32 rtt=0 ticks (0 ms)
[00030750][DBG] PING seq=33 size=256 sent
[00030750][DBG] PONG seq=33 rtt=0 ticks (0 ms)
[00030850][DBG] PING seq=34 size=256 sent
[00030850][DBG] PONG seq=34 rtt=0 ticks (0 ms)
[00030950][DBG] PING seq=35 size=256 sent
[00030950][DBG] PONG seq=35 rtt=0 ticks (0 ms)
[00031050][DBG] PING seq=36 size=256 sent
[00031050][DBG] PONG seq=36 rtt=0 ticks (0 ms)
[00031150][DBG] PING seq=37 size=256 sent
[00031150][DBG] PONG seq=37 rtt=0 ticks (0 ms)
[00031250][DBG] PING seq=38 size=256 sent
[00031266][DBG] PONG seq=38 rtt=1 ticks (16 ms)
[00031350][DBG] PING seq=39 size=256 sent
[00031350][DBG] PONG seq=39 rtt=0 ticks (0 ms)
[00031450][DBG] PING seq=40 size=256 sent
[00031450][DBG] PONG seq=40 rtt=0 ticks (0 ms)
[00031550][DBG] PING seq=41 size=256 sent
[00031550][DBG] PONG seq=41 rtt=0 ticks (0 ms)
[00031650][DBG] PING seq=42 size=256 sent
[00031650][DBG] PONG seq=42 rtt=0 ticks (0 ms)
[00031750][DBG] PING seq=43 size=256 sent
[00031750][DBG] PONG seq=43 rtt=0 ticks (0 ms)
[00031850][DBG] PING seq=44 size=256 sent
[00031850][DBG] PONG seq=44 rtt=0 ticks (0 ms)
[00031950][DBG] PING seq=45 size=256 sent
[00031950][DBG] PONG seq=45 rtt=0 ticks (0 ms)
[00032050][DBG] PING seq=46 size=256 sent
[00032050][DBG] PONG seq=46 rtt=0 ticks (0 ms)
[00032150][DBG] PING seq=47 size=256 sent
[00032166][DBG] PONG seq=47 rtt=1 ticks (16 ms)
[00032250][DBG] PING seq=48 size=256 sent
[00032250][DBG] PONG seq=48 rtt=0 ticks (0 ms)
[00032350][DBG] PING seq=49 size=256 sent
[00032350][DBG] PONG seq=49 rtt=0 ticks (0 ms)
[00032450][DBG] PING seq=50 size=256 sent
[00032450][DBG] PONG seq=50 rtt=0 ticks (0 ms)
[00032550][DBG] PING seq=51 size=256 sent
[00032550][DBG] PONG seq=51 rtt=0 ticks (0 ms)
[00032650][DBG] PING seq=52 size=256 sent
[00032650][DBG] PONG seq=52 rtt=0 ticks (0 ms)
[00032750][DBG] PING seq=53 size=256 sent
[00032750][DBG] PONG seq=53 rtt=0 ticks (0 ms)
[00032850][DBG] PING seq=54 size=256 sent
[00032850][DBG] PONG seq=54 rtt=0 ticks (0 ms)
[00032950][DBG] PING seq=55 size=256 sent
[00032950][DBG] PONG seq=55 rtt=0 ticks (0 ms)
[00033050][DBG] PING seq=56 size=256 sent
[00033050][DBG] PONG seq=56 rtt=0 ticks (0 ms)
[00033150][DBG] PING seq=57 size=256 sent
[00033150][DBG] PONG seq=57 rtt=0 ticks (0 ms)
[00033250][DBG] PING seq=58 size=256 sent
[00033250][DBG] PONG seq=58 rtt=0 ticks (0 ms)
[00033350][DBG] PING seq=59 size=256 sent
[00033350][DBG] PONG seq=59 rtt=0 ticks (0 ms)
[00033450][DBG] PING seq=60 size=256 sent
[00033450][DBG] PONG seq=60 rtt=0 ticks (0 ms)
[00033550][DBG] PING seq=61 size=256 sent
[00033550][DBG] PONG seq=61 rtt=0 ticks (0 ms)
[00033650][DBG] PING seq=62 size=256 sent
[00033650][DBG] PONG seq=62 rtt=0 ticks (0 ms)
[00033750][DBG] PING seq=63 size=256 sent
[00033750][DBG] PONG seq=63 rtt=0 ticks (0 ms)
[00033850][DBG] PING seq=64 size=256 sent
[00033850][DBG] PONG seq=64 rtt=0 ticks (0 ms)
[00033950][DBG] PING seq=65 size=256 sent
[00033950][DBG] PONG seq=65 rtt=0 ticks (0 ms)
[00034050][DBG] PING seq=66 size=256 sent
[00034050][DBG] PONG seq=66 rtt=0 ticks (0 ms)
[00034150][DBG] PING seq=67 size=256 sent
[00034150][DBG] PONG seq=67 rtt=0 ticks (0 ms)
[00034250][DBG] PING seq=68 size=256 sent
[00034250][DBG] PONG seq=68 rtt=0 ticks (0 ms)
[00034350][DBG] PING seq=69 size=256 sent
[00034350][DBG] PONG seq=69 rtt=0 ticks (0 ms)
[00034450][DBG] PING seq=70 size=256 sent
[00034450][DBG] PONG seq=70 rtt=0 ticks (0 ms)
[00034550][DBG] PING seq=71 size=256 sent
[00034566][DBG] PONG seq=71 rtt=1 ticks (16 ms)
[00034650][DBG] PING seq=72 size=256 sent
[00034650][DBG] PONG seq=72 rtt=0 ticks (0 ms)
[00034750][DBG] PING seq=73 size=256 sent
[00034750][DBG] PONG seq=73 rtt=0 ticks (0 ms)
[00034850][DBG] PING seq=74 size=256 sent
[00034850][DBG] PONG seq=74 rtt=0 ticks (0 ms)
[00034950][DBG] PING seq=75 size=256 sent
[00034950][DBG] PONG seq=75 rtt=0 ticks (0 ms)
[00035050][DBG] PING seq=76 size=256 sent
[00035050][DBG] PONG seq=76 rtt=0 ticks (0 ms)
[00035150][DBG] PING seq=77 size=256 sent
[00035150][DBG] PONG seq=77 rtt=0 ticks (0 ms)
[00035250][DBG] PING seq=78 size=256 sent
[00035250][DBG] PONG seq=78 rtt=0 ticks (0 ms)
[00035350][DBG] PING seq=79 size=256 sent
[00035350][DBG] PONG seq=79 rtt=0 ticks (0 ms)
[00035450][DBG] PING seq=80 size=256 sent
[00035450][DBG] PONG seq=80 rtt=0 ticks (0 ms)
[00035550][DBG] PING seq=81 size=256 sent
[00035550][DBG] PONG seq=81 rtt=0 ticks (0 ms)
[00035650][DBG] PING seq=82 size=256 sent
[00035650][DBG] PONG seq=82 rtt=0 ticks (0 ms)
[00035750][DBG] PING seq=83 size=256 sent
[00035750][DBG] PONG seq=83 rtt=0 ticks (0 ms)
[00035850][DBG] PING seq=84 size=256 sent
[00035850][DBG] PONG seq=84 rtt=0 ticks (0 ms)
[00035950][DBG] PING seq=85 size=256 sent
[00035966][DBG] PONG seq=85 rtt=1 ticks (16 ms)
[00036050][DBG] PING seq=86 size=256 sent
[00036066][DBG] PONG seq=86 rtt=1 ticks (16 ms)
[00036150][DBG] PING seq=87 size=256 sent
[00036150][DBG] PONG seq=87 rtt=0 ticks (0 ms)
[00036250][DBG] PING seq=88 size=256 sent
[00036250][DBG] PONG seq=88 rtt=0 ticks (0 ms)
[00036350][DBG] PING seq=89 size=256 sent
[00036366][DBG] PONG seq=89 rtt=1 ticks (16 ms)
[00036450][DBG] PING seq=90 size=256 sent
[00036466][DBG] PONG seq=90 rtt=0 ticks (0 ms)
[00036550][DBG] PING seq=91 size=256 sent
[00036566][DBG] PONG seq=91 rtt=1 ticks (16 ms)
[00036650][DBG] PING seq=92 size=256 sent
[00036650][DBG] PONG seq=92 rtt=0 ticks (0 ms)
[00036750][DBG] PING seq=93 size=256 sent
[00036750][DBG] PONG seq=93 rtt=0 ticks (0 ms)
[00036850][DBG] PING seq=94 size=256 sent
[00036850][DBG] PONG seq=94 rtt=0 ticks (0 ms)
[00036950][DBG] PING seq=95 size=256 sent
[00036950][DBG] PONG seq=95 rtt=0 ticks (0 ms)
[00037050][DBG] PING seq=96 size=256 sent
[00037050][DBG] PONG seq=96 rtt=0 ticks (0 ms)
[00037150][DBG] PING seq=97 size=256 sent
[00037150][DBG] PONG seq=97 rtt=0 ticks (0 ms)
[00037250][DBG] PING seq=98 size=256 sent
[00037250][DBG] PONG seq=98 rtt=0 ticks (0 ms)
[00037350][DBG] PING seq=99 size=256 sent
[00037366][DBG] PONG seq=99 rtt=1 ticks (16 ms)
[00037383][INF] SIZE 256: min=0 max=83 avg=0 ms (sent=100 recv=100 lost=0)
[00037400][INF] Starting size 1024 test
[00037450][DBG] PING seq=0 size=1024 sent
[00037466][DBG] PONG seq=0 rtt=1 ticks (16 ms)
[00037500][INF] DISCOVERED: "PerfPartner" at 10.188.1.173:7354
[00037550][DBG] PING seq=1 size=1024 sent
[00037566][DBG] PONG seq=1 rtt=1 ticks (16 ms)
[00037650][DBG] PING seq=2 size=1024 sent
[00037666][DBG] PONG seq=2 rtt=1 ticks (16 ms)
[00037750][DBG] PING seq=3 size=1024 sent
[00037766][DBG] PONG seq=3 rtt=1 ticks (16 ms)
[00037850][DBG] PING seq=4 size=1024 sent
[00037866][DBG] PONG seq=4 rtt=1 ticks (16 ms)
[00037950][DBG] PING seq=5 size=1024 sent
[00037966][DBG] PONG seq=5 rtt=1 ticks (16 ms)
[00038050][DBG] PING seq=6 size=1024 sent
[00038066][DBG] PONG seq=6 rtt=1 ticks (16 ms)
[00038150][DBG] PING seq=7 size=1024 sent
[00038166][DBG] PONG seq=7 rtt=1 ticks (16 ms)
[00038250][DBG] PING seq=8 size=1024 sent
[00038266][DBG] PONG seq=8 rtt=1 ticks (16 ms)
[00038350][DBG] PING seq=9 size=1024 sent
[00038366][DBG] PONG seq=9 rtt=1 ticks (16 ms)
[00038450][DBG] PING seq=10 size=1024 sent
[00038466][DBG] PONG seq=10 rtt=1 ticks (16 ms)
[00038550][DBG] PING seq=11 size=1024 sent
[00038566][DBG] PONG seq=11 rtt=1 ticks (16 ms)
[00038650][DBG] PING seq=12 size=1024 sent
[00038666][DBG] PONG seq=12 rtt=1 ticks (16 ms)
[00038750][DBG] PING seq=13 size=1024 sent
[00038766][DBG] PONG seq=13 rtt=1 ticks (16 ms)
[00038850][DBG] PING seq=14 size=1024 sent
[00038866][DBG] PONG seq=14 rtt=1 ticks (16 ms)
[00038950][DBG] PING seq=15 size=1024 sent
[00038966][DBG] PONG seq=15 rtt=1 ticks (16 ms)
[00039050][DBG] PING seq=16 size=1024 sent
[00039083][DBG] PONG seq=16 rtt=2 ticks (33 ms)
[00039150][DBG] PING seq=17 size=1024 sent
[00039166][DBG] PONG seq=17 rtt=1 ticks (16 ms)
[00039250][DBG] PING seq=18 size=1024 sent
[00039266][DBG] PONG seq=18 rtt=1 ticks (16 ms)
[00039350][DBG] PING seq=19 size=1024 sent
[00039366][DBG] PONG seq=19 rtt=1 ticks (16 ms)
[00039450][DBG] PING seq=20 size=1024 sent
[00039466][DBG] PONG seq=20 rtt=1 ticks (16 ms)
[00039550][DBG] PING seq=21 size=1024 sent
[00039566][DBG] PONG seq=21 rtt=1 ticks (16 ms)
[00039650][DBG] PING seq=22 size=1024 sent
[00039666][DBG] PONG seq=22 rtt=1 ticks (16 ms)
[00039750][DBG] PING seq=23 size=1024 sent
[00039766][DBG] PONG seq=23 rtt=1 ticks (16 ms)
[00039850][DBG] PING seq=24 size=1024 sent
[00039866][DBG] PONG seq=24 rtt=1 ticks (16 ms)
[00039950][DBG] PING seq=25 size=1024 sent
[00039966][DBG] PONG seq=25 rtt=1 ticks (16 ms)
[00040050][DBG] PING seq=26 size=1024 sent
[00040066][DBG] PONG seq=26 rtt=1 ticks (16 ms)
[00040150][DBG] PING seq=27 size=1024 sent
[00040183][DBG] PONG seq=27 rtt=2 ticks (33 ms)
[00040250][DBG] PING seq=28 size=1024 sent
[00040266][DBG] PONG seq=28 rtt=1 ticks (16 ms)
[00040350][DBG] PING seq=29 size=1024 sent
[00040366][DBG] PONG seq=29 rtt=1 ticks (16 ms)
[00040450][DBG] PING seq=30 size=1024 sent
[00040466][DBG] PONG seq=30 rtt=1 ticks (16 ms)
[00040550][DBG] PING seq=31 size=1024 sent
[00040583][DBG] PONG seq=31 rtt=2 ticks (33 ms)
[00040650][DBG] PING seq=32 size=1024 sent
[00040683][DBG] PONG seq=32 rtt=2 ticks (33 ms)
[00040750][DBG] PING seq=33 size=1024 sent
[00040766][DBG] PONG seq=33 rtt=1 ticks (16 ms)
[00040850][DBG] PING seq=34 size=1024 sent
[00040866][DBG] PONG seq=34 rtt=1 ticks (16 ms)
[00040950][DBG] PING seq=35 size=1024 sent
[00040966][DBG] PONG seq=35 rtt=1 ticks (16 ms)
[00041050][DBG] PING seq=36 size=1024 sent
[00041066][DBG] PONG seq=36 rtt=1 ticks (16 ms)
[00041150][DBG] PING seq=37 size=1024 sent
[00041183][DBG] PONG seq=37 rtt=2 ticks (33 ms)
[00041250][DBG] PING seq=38 size=1024 sent
[00041266][DBG] PONG seq=38 rtt=1 ticks (16 ms)
[00041350][DBG] PING seq=39 size=1024 sent
[00041366][DBG] PONG seq=39 rtt=1 ticks (16 ms)
[00041450][DBG] PING seq=40 size=1024 sent
[00041466][DBG] PONG seq=40 rtt=1 ticks (16 ms)
[00041550][DBG] PING seq=41 size=1024 sent
[00041566][DBG] PONG seq=41 rtt=1 ticks (16 ms)
[00041650][DBG] PING seq=42 size=1024 sent
[00041683][DBG] PONG seq=42 rtt=2 ticks (33 ms)
[00041750][DBG] PING seq=43 size=1024 sent
[00041816][DBG] PONG seq=43 rtt=4 ticks (66 ms)
[00041850][DBG] PING seq=44 size=1024 sent
[00041900][DBG] PONG seq=44 rtt=3 ticks (50 ms)
[00041950][DBG] PING seq=45 size=1024 sent
[00041966][DBG] PONG seq=45 rtt=1 ticks (16 ms)
[00042050][DBG] PING seq=46 size=1024 sent
[00042083][DBG] PONG seq=46 rtt=2 ticks (33 ms)
[00042150][DBG] PING seq=47 size=1024 sent
[00042166][DBG] PONG seq=47 rtt=1 ticks (16 ms)
[00042250][DBG] PING seq=48 size=1024 sent
[00042266][DBG] PONG seq=48 rtt=1 ticks (16 ms)
[00042350][DBG] PING seq=49 size=1024 sent
[00042383][DBG] PONG seq=49 rtt=2 ticks (33 ms)
[00042450][DBG] PING seq=50 size=1024 sent
[00042466][DBG] PONG seq=50 rtt=1 ticks (16 ms)
[00042550][DBG] PING seq=51 size=1024 sent
[00042566][DBG] PONG seq=51 rtt=1 ticks (16 ms)
[00042650][DBG] PING seq=52 size=1024 sent
[00042666][DBG] PONG seq=52 rtt=1 ticks (16 ms)
[00042750][DBG] PING seq=53 size=1024 sent
[00042766][DBG] PONG seq=53 rtt=1 ticks (16 ms)
[00042850][DBG] PING seq=54 size=1024 sent
[00042866][DBG] PONG seq=54 rtt=1 ticks (16 ms)
[00042950][DBG] PING seq=55 size=1024 sent
[00042966][DBG] PONG seq=55 rtt=1 ticks (16 ms)
[00043050][DBG] PING seq=56 size=1024 sent
[00043066][DBG] PONG seq=56 rtt=1 ticks (16 ms)
[00043150][DBG] PING seq=57 size=1024 sent
[00043166][DBG] PONG seq=57 rtt=1 ticks (16 ms)
[00043250][DBG] PING seq=58 size=1024 sent
[00043266][DBG] PONG seq=58 rtt=1 ticks (16 ms)
[00043350][DBG] PING seq=59 size=1024 sent
[00043383][DBG] PONG seq=59 rtt=2 ticks (33 ms)
[00043450][DBG] PING seq=60 size=1024 sent
[00043466][DBG] PONG seq=60 rtt=1 ticks (16 ms)
[00043550][DBG] PING seq=61 size=1024 sent
[00043566][DBG] PONG seq=61 rtt=1 ticks (16 ms)
[00043650][DBG] PING seq=62 size=1024 sent
[00043666][DBG] PONG seq=62 rtt=1 ticks (16 ms)
[00043750][DBG] PING seq=63 size=1024 sent
[00043766][DBG] PONG seq=63 rtt=1 ticks (16 ms)
[00043850][DBG] PING seq=64 size=1024 sent
[00043883][DBG] PONG seq=64 rtt=2 ticks (33 ms)
[00043950][DBG] PING seq=65 size=1024 sent
[00043966][DBG] PONG seq=65 rtt=1 ticks (16 ms)
[00044050][DBG] PING seq=66 size=1024 sent
[00044066][DBG] PONG seq=66 rtt=1 ticks (16 ms)
[00044150][DBG] PING seq=67 size=1024 sent
[00044166][DBG] PONG seq=67 rtt=1 ticks (16 ms)
[00044250][DBG] PING seq=68 size=1024 sent
[00044266][DBG] PONG seq=68 rtt=1 ticks (16 ms)
[00044350][DBG] PING seq=69 size=1024 sent
[00044366][DBG] PONG seq=69 rtt=1 ticks (16 ms)
[00044450][DBG] PING seq=70 size=1024 sent
[00044466][DBG] PONG seq=70 rtt=1 ticks (16 ms)
[00044550][DBG] PING seq=71 size=1024 sent
[00044600][DBG] PONG seq=71 rtt=3 ticks (50 ms)
[00044650][DBG] PING seq=72 size=1024 sent
[00044666][DBG] PONG seq=72 rtt=1 ticks (16 ms)
[00044750][DBG] PING seq=73 size=1024 sent
[00044766][DBG] PONG seq=73 rtt=1 ticks (16 ms)
[00044850][DBG] PING seq=74 size=1024 sent
[00044866][DBG] PONG seq=74 rtt=1 ticks (16 ms)
[00044950][DBG] PING seq=75 size=1024 sent
[00044966][DBG] PONG seq=75 rtt=1 ticks (16 ms)
[00045050][DBG] PING seq=76 size=1024 sent
[00045066][DBG] PONG seq=76 rtt=1 ticks (16 ms)
[00045150][DBG] PING seq=77 size=1024 sent
[00045183][DBG] PONG seq=77 rtt=2 ticks (33 ms)
[00045250][DBG] PING seq=78 size=1024 sent
[00045300][DBG] PONG seq=78 rtt=3 ticks (50 ms)
[00045350][DBG] PING seq=79 size=1024 sent
[00045366][DBG] PONG seq=79 rtt=1 ticks (16 ms)
[00045450][DBG] PING seq=80 size=1024 sent
[00045500][DBG] PONG seq=80 rtt=3 ticks (50 ms)
[00045550][DBG] PING seq=81 size=1024 sent
[00045566][DBG] PONG seq=81 rtt=1 ticks (16 ms)
[00045650][DBG] PING seq=82 size=1024 sent
[00045666][DBG] PONG seq=82 rtt=1 ticks (16 ms)
[00045750][DBG] PING seq=83 size=1024 sent
[00045783][DBG] PONG seq=83 rtt=2 ticks (33 ms)
[00045850][DBG] PING seq=84 size=1024 sent
[00045900][DBG] PONG seq=84 rtt=3 ticks (50 ms)
[00045950][DBG] PING seq=85 size=1024 sent
[00045966][DBG] PONG seq=85 rtt=1 ticks (16 ms)
[00046050][DBG] PING seq=86 size=1024 sent
[00046066][DBG] PONG seq=86 rtt=1 ticks (16 ms)
[00046150][DBG] PING seq=87 size=1024 sent
[00046216][DBG] PONG seq=87 rtt=4 ticks (66 ms)
[00046250][DBG] PING seq=88 size=1024 sent
[00046266][DBG] PONG seq=88 rtt=1 ticks (16 ms)
[00046350][DBG] PING seq=89 size=1024 sent
[00046366][DBG] PONG seq=89 rtt=1 ticks (16 ms)
[00046450][DBG] PING seq=90 size=1024 sent
[00046466][DBG] PONG seq=90 rtt=1 ticks (16 ms)
[00046550][DBG] PING seq=91 size=1024 sent
[00046566][DBG] PONG seq=91 rtt=1 ticks (16 ms)
[00046650][DBG] PING seq=92 size=1024 sent
[00046666][DBG] PONG seq=92 rtt=1 ticks (16 ms)
[00046750][DBG] PING seq=93 size=1024 sent
[00046766][DBG] PONG seq=93 rtt=1 ticks (16 ms)
[00046850][DBG] PING seq=94 size=1024 sent
[00046866][DBG] PONG seq=94 rtt=1 ticks (16 ms)
[00046950][DBG] PING seq=95 size=1024 sent
[00046966][DBG] PONG seq=95 rtt=1 ticks (16 ms)
[00047050][DBG] PING seq=96 size=1024 sent
[00047066][DBG] PONG seq=96 rtt=1 ticks (16 ms)
[00047150][DBG] PING seq=97 size=1024 sent
[00047166][DBG] PONG seq=97 rtt=1 ticks (16 ms)
[00047250][DBG] PING seq=98 size=1024 sent
[00047283][DBG] PONG seq=98 rtt=2 ticks (33 ms)
[00047350][DBG] PING seq=99 size=1024 sent
[00047366][DBG] PONG seq=99 rtt=1 ticks (16 ms)
[00047400][INF] SIZE 1024: min=16 max=66 avg=16 ms (sent=100 recv=100 lost=0)
[00047400][INF] Starting size 4096 test
[00047450][DBG] PING seq=0 size=4096 sent
[00047500][DBG] PONG seq=0 rtt=3 ticks (50 ms)
[00047550][DBG] PING seq=1 size=4096 sent
[00047566][INF] DISCOVERED: "PerfPartner" at 10.188.1.173:7354
[00047616][DBG] PONG seq=1 rtt=4 ticks (66 ms)
[00047650][DBG] PING seq=2 size=4096 sent
[00047700][DBG] PONG seq=2 rtt=3 ticks (50 ms)
[00047750][DBG] PING seq=3 size=4096 sent
[00047800][DBG] PONG seq=3 rtt=3 ticks (50 ms)
[00047850][DBG] PING seq=4 size=4096 sent
[00047900][DBG] PONG seq=4 rtt=3 ticks (50 ms)
[00047950][DBG] PING seq=5 size=4096 sent
[00048000][DBG] PONG seq=5 rtt=3 ticks (50 ms)
[00048050][DBG] PING seq=6 size=4096 sent
[00048100][DBG] PONG seq=6 rtt=3 ticks (50 ms)
[00048150][DBG] PING seq=7 size=4096 sent
[00048216][DBG] PONG seq=7 rtt=4 ticks (66 ms)
[00048250][DBG] PING seq=8 size=4096 sent
[00048300][DBG] PONG seq=8 rtt=3 ticks (50 ms)
[00048350][DBG] PING seq=9 size=4096 sent
[00048416][DBG] PONG seq=9 rtt=4 ticks (66 ms)
[00048450][DBG] PING seq=10 size=4096 sent
[00048500][DBG] PONG seq=10 rtt=3 ticks (50 ms)
[00048550][DBG] PING seq=11 size=4096 sent
[00048616][DBG] PONG seq=11 rtt=4 ticks (66 ms)
[00048650][DBG] PING seq=12 size=4096 sent
[00048700][DBG] PONG seq=12 rtt=3 ticks (50 ms)
[00048750][DBG] PING seq=13 size=4096 sent
[00048800][DBG] PONG seq=13 rtt=3 ticks (50 ms)
[00048850][DBG] PING seq=14 size=4096 sent
[00048900][DBG] PONG seq=14 rtt=3 ticks (50 ms)
[00048950][DBG] PING seq=15 size=4096 sent
[00049000][DBG] PONG seq=15 rtt=3 ticks (50 ms)
[00049050][DBG] PING seq=16 size=4096 sent
[00049100][DBG] PONG seq=16 rtt=3 ticks (50 ms)
[00049150][DBG] PING seq=17 size=4096 sent
[00049216][DBG] PONG seq=17 rtt=4 ticks (66 ms)
[00049250][DBG] PING seq=18 size=4096 sent
[00049316][DBG] PONG seq=18 rtt=4 ticks (66 ms)
[00049350][DBG] PING seq=19 size=4096 sent
[00049400][DBG] PONG seq=19 rtt=3 ticks (50 ms)
[00049450][DBG] PING seq=20 size=4096 sent
[00049500][DBG] PONG seq=20 rtt=3 ticks (50 ms)
[00049550][DBG] PING seq=21 size=4096 sent
[00049600][DBG] PONG seq=21 rtt=3 ticks (50 ms)
[00049650][DBG] PING seq=22 size=4096 sent
[00049700][DBG] PONG seq=22 rtt=3 ticks (50 ms)
[00049750][DBG] PING seq=23 size=4096 sent
[00049800][DBG] PONG seq=23 rtt=3 ticks (50 ms)
[00049850][DBG] PING seq=24 size=4096 sent
[00049900][DBG] PONG seq=24 rtt=3 ticks (50 ms)
[00049950][DBG] PING seq=25 size=4096 sent
[00050000][DBG] PONG seq=25 rtt=3 ticks (50 ms)
[00050050][DBG] PING seq=26 size=4096 sent
[00050100][DBG] PONG seq=26 rtt=3 ticks (50 ms)
[00050150][DBG] PING seq=27 size=4096 sent
[00050200][DBG] PONG seq=27 rtt=3 ticks (50 ms)
[00050250][DBG] PING seq=28 size=4096 sent
[00050300][DBG] PONG seq=28 rtt=3 ticks (50 ms)
[00050350][DBG] PING seq=29 size=4096 sent
[00050400][DBG] PONG seq=29 rtt=3 ticks (50 ms)
[00050450][DBG] PING seq=30 size=4096 sent
[00050500][DBG] PONG seq=30 rtt=3 ticks (50 ms)
[00050550][DBG] PING seq=31 size=4096 sent
[00050666][DBG] PONG seq=31 rtt=7 ticks (116 ms)
[00050666][DBG] PING seq=32 size=4096 sent
[00050733][DBG] PONG seq=32 rtt=4 ticks (66 ms)
[00050766][DBG] PING seq=33 size=4096 sent
[00050816][DBG] PONG seq=33 rtt=3 ticks (50 ms)
[00050866][DBG] PING seq=34 size=4096 sent
[00050916][DBG] PONG seq=34 rtt=3 ticks (50 ms)
[00050966][DBG] PING seq=35 size=4096 sent
[00051016][DBG] PONG seq=35 rtt=3 ticks (50 ms)
[00051066][DBG] PING seq=36 size=4096 sent
[00051116][DBG] PONG seq=36 rtt=3 ticks (50 ms)
[00051166][DBG] PING seq=37 size=4096 sent
[00051216][DBG] PONG seq=37 rtt=3 ticks (50 ms)
[00051266][DBG] PING seq=38 size=4096 sent
[00051316][DBG] PONG seq=38 rtt=3 ticks (50 ms)
[00051366][DBG] PING seq=39 size=4096 sent
[00051416][DBG] PONG seq=39 rtt=3 ticks (50 ms)
[00051466][DBG] PING seq=40 size=4096 sent
[00051516][DBG] PONG seq=40 rtt=3 ticks (50 ms)
[00051566][DBG] PING seq=41 size=4096 sent
[00051616][DBG] PONG seq=41 rtt=3 ticks (50 ms)
[00051666][DBG] PING seq=42 size=4096 sent
[00051716][DBG] PONG seq=42 rtt=3 ticks (50 ms)
[00051766][DBG] PING seq=43 size=4096 sent
[00051816][DBG] PONG seq=43 rtt=3 ticks (50 ms)
[00051866][DBG] PING seq=44 size=4096 sent
[00051916][DBG] PONG seq=44 rtt=3 ticks (50 ms)
[00051966][DBG] PING seq=45 size=4096 sent
[00052033][DBG] PONG seq=45 rtt=4 ticks (66 ms)
[00052066][DBG] PING seq=46 size=4096 sent
[00052116][DBG] PONG seq=46 rtt=3 ticks (50 ms)
[00052166][DBG] PING seq=47 size=4096 sent
[00052216][DBG] PONG seq=47 rtt=3 ticks (50 ms)
[00052266][DBG] PING seq=48 size=4096 sent
[00052316][DBG] PONG seq=48 rtt=3 ticks (50 ms)
[00052366][DBG] PING seq=49 size=4096 sent
[00052416][DBG] PONG seq=49 rtt=3 ticks (50 ms)
[00052466][DBG] PING seq=50 size=4096 sent
[00052516][DBG] PONG seq=50 rtt=3 ticks (50 ms)
[00052566][DBG] PING seq=51 size=4096 sent
[00052633][DBG] PONG seq=51 rtt=4 ticks (66 ms)
[00052666][DBG] PING seq=52 size=4096 sent
[00052716][DBG] PONG seq=52 rtt=3 ticks (50 ms)
[00052766][DBG] PING seq=53 size=4096 sent
[00052816][DBG] PONG seq=53 rtt=3 ticks (50 ms)
[00052866][DBG] PING seq=54 size=4096 sent
[00052916][DBG] PONG seq=54 rtt=3 ticks (50 ms)
[00052966][DBG] PING seq=55 size=4096 sent
[00053016][DBG] PONG seq=55 rtt=3 ticks (50 ms)
[00053066][DBG] PING seq=56 size=4096 sent
[00053116][DBG] PONG seq=56 rtt=3 ticks (50 ms)
[00053166][DBG] PING seq=57 size=4096 sent
[00053216][DBG] PONG seq=57 rtt=3 ticks (50 ms)
[00053266][DBG] PING seq=58 size=4096 sent
[00053316][DBG] PONG seq=58 rtt=3 ticks (50 ms)
[00053366][DBG] PING seq=59 size=4096 sent
[00053416][DBG] PONG seq=59 rtt=3 ticks (50 ms)
[00053466][DBG] PING seq=60 size=4096 sent
[00053516][DBG] PONG seq=60 rtt=3 ticks (50 ms)
[00053566][DBG] PING seq=61 size=4096 sent
[00053616][DBG] PONG seq=61 rtt=3 ticks (50 ms)
[00053666][DBG] PING seq=62 size=4096 sent
[00053716][DBG] PONG seq=62 rtt=3 ticks (50 ms)
[00053766][DBG] PING seq=63 size=4096 sent
[00053816][DBG] PONG seq=63 rtt=3 ticks (50 ms)
[00053866][DBG] PING seq=64 size=4096 sent
[00053916][DBG] PONG seq=64 rtt=3 ticks (50 ms)
[00053966][DBG] PING seq=65 size=4096 sent
[00054016][DBG] PONG seq=65 rtt=3 ticks (50 ms)
[00054066][DBG] PING seq=66 size=4096 sent
[00054116][DBG] PONG seq=66 rtt=3 ticks (50 ms)
[00054166][DBG] PING seq=67 size=4096 sent
[00054216][DBG] PONG seq=67 rtt=3 ticks (50 ms)
[00054266][DBG] PING seq=68 size=4096 sent
[00054316][DBG] PONG seq=68 rtt=3 ticks (50 ms)
[00054366][DBG] PING seq=69 size=4096 sent
[00054416][DBG] PONG seq=69 rtt=3 ticks (50 ms)
[00054466][DBG] PING seq=70 size=4096 sent
[00054516][DBG] PONG seq=70 rtt=3 ticks (50 ms)
[00054566][DBG] PING seq=71 size=4096 sent
[00054616][DBG] PONG seq=71 rtt=3 ticks (50 ms)
[00054666][DBG] PING seq=72 size=4096 sent
[00054716][DBG] PONG seq=72 rtt=3 ticks (50 ms)
[00054766][DBG] PING seq=73 size=4096 sent
[00054833][DBG] PONG seq=73 rtt=4 ticks (66 ms)
[00054866][DBG] PING seq=74 size=4096 sent
[00054916][DBG] PONG seq=74 rtt=3 ticks (50 ms)
[00054966][DBG] PING seq=75 size=4096 sent
[00055083][DBG] PONG seq=75 rtt=7 ticks (116 ms)
[00055083][DBG] PING seq=76 size=4096 sent
[00055133][DBG] PONG seq=76 rtt=3 ticks (50 ms)
[00055183][DBG] PING seq=77 size=4096 sent
[00055233][DBG] PONG seq=77 rtt=3 ticks (50 ms)
[00055283][DBG] PING seq=78 size=4096 sent
[00055366][DBG] PONG seq=78 rtt=5 ticks (83 ms)
[00055383][DBG] PING seq=79 size=4096 sent
[00055433][DBG] PONG seq=79 rtt=3 ticks (50 ms)
[00055483][DBG] PING seq=80 size=4096 sent
[00055566][DBG] PONG seq=80 rtt=5 ticks (83 ms)
[00055583][DBG] PING seq=81 size=4096 sent
[00055633][DBG] PONG seq=81 rtt=3 ticks (50 ms)
[00055683][DBG] PING seq=82 size=4096 sent
[00055750][DBG] PONG seq=82 rtt=4 ticks (66 ms)
[00055783][DBG] PING seq=83 size=4096 sent
[00055833][DBG] PONG seq=83 rtt=3 ticks (50 ms)
[00055883][DBG] PING seq=84 size=4096 sent
[00055933][DBG] PONG seq=84 rtt=3 ticks (50 ms)
[00055983][DBG] PING seq=85 size=4096 sent
[00056033][DBG] PONG seq=85 rtt=3 ticks (50 ms)
[00056083][DBG] PING seq=86 size=4096 sent
[00056133][DBG] PONG seq=86 rtt=3 ticks (50 ms)
[00056183][DBG] PING seq=87 size=4096 sent
[00056233][DBG] PONG seq=87 rtt=3 ticks (50 ms)
[00056283][DBG] PING seq=88 size=4096 sent
[00056333][DBG] PONG seq=88 rtt=3 ticks (50 ms)
[00056383][DBG] PING seq=89 size=4096 sent
[00056433][DBG] PONG seq=89 rtt=3 ticks (50 ms)
[00056483][DBG] PING seq=90 size=4096 sent
[00056533][DBG] PONG seq=90 rtt=3 ticks (50 ms)
[00056583][DBG] PING seq=91 size=4096 sent
[00056633][DBG] PONG seq=91 rtt=3 ticks (50 ms)
[00056683][DBG] PING seq=92 size=4096 sent
[00056733][DBG] PONG seq=92 rtt=3 ticks (50 ms)
[00056783][DBG] PING seq=93 size=4096 sent
[00056833][DBG] PONG seq=93 rtt=3 ticks (50 ms)
[00056883][DBG] PING seq=94 size=4096 sent
[00056933][DBG] PONG seq=94 rtt=3 ticks (50 ms)
[00056983][DBG] PING seq=95 size=4096 sent
[00057033][DBG] PONG seq=95 rtt=3 ticks (50 ms)
[00057083][DBG] PING seq=96 size=4096 sent
[00057133][DBG] PONG seq=96 rtt=3 ticks (50 ms)
[00057183][DBG] PING seq=97 size=4096 sent
[00057250][DBG] PONG seq=97 rtt=4 ticks (66 ms)
[00057283][DBG] PING seq=98 size=4096 sent
[00057333][DBG] PONG seq=98 rtt=3 ticks (50 ms)
[00057383][DBG] PING seq=99 size=4096 sent
[00057433][DBG] PONG seq=99 rtt=3 ticks (50 ms)
[00057450][INF] SIZE 4096: min=50 max=116 avg=50 ms (sent=100 recv=100 lost=0)
[00057466][INF] All latency tests complete
[00057466][INF] ========================================
[00057466][INF] LATENCY TEST RESULTS
[00057466][INF] ========================================
[00057466][INF] Size   Min  Avg  Max  Sent Recv Lost
[00057466][INF] ----  ---- ---- ---- ---- ---- ----
[00057466][INF]   16B    0    0   33  100  100    0
[00057466][INF]   64B    0    0   16  100  100    0
[00057466][INF]  256B    0    0   83  100  100    0
[00057483][INF] 1024B   16   16   66  100  100    0
[00057483][INF] 4096B   50   50  116  100  100    0
[00057483][INF] ----  ---- ---- ---- ---- ---- ----
[00057483][INF] Total               500  500    0
[00057483][INF] 
[00057483][INF] ======== LATENCY METRICS ========
[00057483][INF] SIZE 16: min=0 max=33 avg=0 ms (sent=100 recv=100 lost=0)
[00057483][INF] SIZE 64: min=0 max=16 avg=0 ms (sent=100 recv=100 lost=0)
[00057483][INF] SIZE 256: min=0 max=83 avg=0 ms (sent=100 recv=100 lost=0)
[00057500][INF] SIZE 1024: min=16 max=66 avg=16 ms (sent=100 recv=100 lost=0)
[00057500][INF] SIZE 4096: min=50 max=116 avg=50 ms (sent=100 recv=100 lost=0)
[00057500][INF] ========================================
[00057516][INF] Streaming 31440 bytes of logs to partner...
[00057666][INF] DISCOVERED: "PerfPartner" at 10.188.1.173:7354
[00058050][INF] Log streaming complete: 31493 bytes sent
[00058050][INF] ========================================
[00058050][INF] TEST EXITING - cleaning up...
[00058050][INF] ========================================
[00000016][INF] ========================================
[00000016][INF] PeerTalk Latency Test
[00000016][INF] Version: 1.0.0
[00000016][INF] ========================================
[00000016][INF] Buffer pool: 4 buffers × 4KB
[00000016][INF] Initializing PeerTalk...
[00000083][INF] Waiting for peer...
[00000083][INF] Press any key to exit.
[00000800][INF] DISCOVERED: "PerfPartner" at 10.188.1.173:7354
[00000800][INF] Connecting to peer...
[00000883][INF] CONNECTED to peer 1
[00000900][INF] Starting latency test with size 16
[00000933][DBG] PING seq=0 size=16 sent
[00000966][DBG] PONG seq=0 rtt=3 ticks (50 ms)
[00001016][DBG] PING seq=1 size=16 sent
[00001016][DBG] PONG seq=1 rtt=0 ticks (0 ms)
[00001116][DBG] PING seq=2 size=16 sent
[00001116][DBG] PONG seq=2 rtt=0 ticks (0 ms)
[00001216][DBG] PING seq=3 size=16 sent
[00001216][DBG] PONG seq=3 rtt=0 ticks (0 ms)
[00001316][DBG] PING seq=4 size=16 sent
[00001316][DBG] PONG seq=4 rtt=0 ticks (0 ms)
[00001416][DBG] PING seq=5 size=16 sent
[00001416][DBG] PONG seq=5 rtt=0 ticks (0 ms)
[00001516][DBG] PING seq=6 size=16 sent
[00001516][DBG] PONG seq=6 rtt=0 ticks (0 ms)
[00001616][DBG] PING seq=7 size=16 sent
[00001633][DBG] PONG seq=7 rtt=1 ticks (16 ms)
[00001716][DBG] PING seq=8 size=16 sent
[00001716][DBG] PONG seq=8 rtt=0 ticks (0 ms)
[00001816][DBG] PING seq=9 size=16 sent
[00001816][DBG] PONG seq=9 rtt=0 ticks (0 ms)
[00001916][DBG] PING seq=10 size=16 sent
[00001916][DBG] PONG seq=10 rtt=0 ticks (0 ms)
[00002016][DBG] PING seq=11 size=16 sent
[00002033][DBG] PONG seq=11 rtt=1 ticks (16 ms)
[00002116][DBG] PING seq=12 size=16 sent
[00002116][DBG] PONG seq=12 rtt=0 ticks (0 ms)
[00002216][DBG] PING seq=13 size=16 sent
[00002216][DBG] PONG seq=13 rtt=0 ticks (0 ms)
[00002316][DBG] PING seq=14 size=16 sent
[00002316][DBG] PONG seq=14 rtt=0 ticks (0 ms)
[00002416][DBG] PING seq=15 size=16 sent
[00002416][DBG] PONG seq=15 rtt=0 ticks (0 ms)
[00002516][DBG] PING seq=16 size=16 sent
[00002533][DBG] PONG seq=16 rtt=1 ticks (16 ms)
[00002616][DBG] PING seq=17 size=16 sent
[00002633][DBG] PONG seq=17 rtt=1 ticks (16 ms)
[00002716][DBG] PING seq=18 size=16 sent
[00002716][DBG] PONG seq=18 rtt=0 ticks (0 ms)
[00002816][DBG] PING seq=19 size=16 sent
[00002816][DBG] PONG seq=19 rtt=0 ticks (0 ms)
[00002916][DBG] PING seq=20 size=16 sent
[00002916][DBG] PONG seq=20 rtt=0 ticks (0 ms)
[00003016][DBG] PING seq=21 size=16 sent
[00003016][DBG] PONG seq=21 rtt=0 ticks (0 ms)
[00003116][DBG] PING seq=22 size=16 sent
[00003116][DBG] PONG seq=22 rtt=0 ticks (0 ms)
[00003216][DBG] PING seq=23 size=16 sent
[00003233][DBG] PONG seq=23 rtt=1 ticks (16 ms)
[00003316][DBG] PING seq=24 size=16 sent
[00003316][DBG] PONG seq=24 rtt=0 ticks (0 ms)
[00003416][DBG] PING seq=25 size=16 sent
[00003416][DBG] PONG seq=25 rtt=0 ticks (0 ms)
[00003516][DBG] PING seq=26 size=16 sent
[00003516][DBG] PONG seq=26 rtt=0 ticks (0 ms)
[00003616][DBG] PING seq=27 size=16 sent
[00003616][DBG] PONG seq=27 rtt=0 ticks (0 ms)
[00003716][DBG] PING seq=28 size=16 sent
[00003716][DBG] PONG seq=28 rtt=0 ticks (0 ms)
[00003816][DBG] PING seq=29 size=16 sent
[00003816][DBG] PONG seq=29 rtt=0 ticks (0 ms)
[00003916][DBG] PING seq=30 size=16 sent
[00003933][DBG] PONG seq=30 rtt=1 ticks (16 ms)
[00004016][DBG] PING seq=31 size=16 sent
[00004033][DBG] PONG seq=31 rtt=1 ticks (16 ms)
[00004116][DBG] PING seq=32 size=16 sent
[00004116][DBG] PONG seq=32 rtt=0 ticks (0 ms)
[00004216][DBG] PING seq=33 size=16 sent
[00004233][DBG] PONG seq=33 rtt=1 ticks (16 ms)
[00004316][DBG] PING seq=34 size=16 sent
[00004316][DBG] PONG seq=34 rtt=0 ticks (0 ms)
[00004416][DBG] PING seq=35 size=16 sent
[00004416][DBG] PONG seq=35 rtt=0 ticks (0 ms)
[00004516][DBG] PING seq=36 size=16 sent
[00004516][DBG] PONG seq=36 rtt=0 ticks (0 ms)
[00004616][DBG] PING seq=37 size=16 sent
[00004616][DBG] PONG seq=37 rtt=0 ticks (0 ms)
[00004716][DBG] PING seq=38 size=16 sent
[00004716][DBG] PONG seq=38 rtt=0 ticks (0 ms)
[00004816][DBG] PING seq=39 size=16 sent
[00004816][DBG] PONG seq=39 rtt=0 ticks (0 ms)
[00004916][DBG] PING seq=40 size=16 sent
[00004916][DBG] PONG seq=40 rtt=0 ticks (0 ms)
[00005016][DBG] PING seq=41 size=16 sent
[00005016][DBG] PONG seq=41 rtt=0 ticks (0 ms)
[00005116][DBG] PING seq=42 size=16 sent
[00005116][DBG] PONG seq=42 rtt=0 ticks (0 ms)
[00005216][DBG] PING seq=43 size=16 sent
[00005216][DBG] PONG seq=43 rtt=0 ticks (0 ms)
[00005316][DBG] PING seq=44 size=16 sent
[00005333][DBG] PONG seq=44 rtt=1 ticks (16 ms)
[00005416][DBG] PING seq=45 size=16 sent
[00005416][DBG] PONG seq=45 rtt=0 ticks (0 ms)
[00005516][DBG] PING seq=46 size=16 sent
[00005516][DBG] PONG seq=46 rtt=0 ticks (0 ms)
[00005616][DBG] PING seq=47 size=16 sent
[00005633][DBG] PONG seq=47 rtt=1 ticks (16 ms)
[00005716][DBG] PING seq=48 size=16 sent
[00005716][DBG] PONG seq=48 rtt=0 ticks (0 ms)
[00005816][DBG] PING seq=49 size=16 sent
[00005816][DBG] PONG seq=49 rtt=0 ticks (0 ms)
[00005916][DBG] PING seq=50 size=16 sent
[00005916][DBG] PONG seq=50 rtt=0 ticks (0 ms)
[00006016][DBG] PING seq=51 size=16 sent
[00006033][DBG] PONG seq=51 rtt=1 ticks (16 ms)
[00006116][DBG] PING seq=52 size=16 sent
[00006116][DBG] PONG seq=52 rtt=0 ticks (0 ms)
[00006216][DBG] PING seq=53 size=16 sent
[00006216][DBG] PONG seq=53 rtt=0 ticks (0 ms)
[00006316][DBG] PING seq=54 size=16 sent
[00006333][DBG] PONG seq=54 rtt=1 ticks (16 ms)
[00006416][DBG] PING seq=55 size=16 sent
[00006416][DBG] PONG seq=55 rtt=0 ticks (0 ms)
[00006516][DBG] PING seq=56 size=16 sent
[00006533][DBG] PONG seq=56 rtt=1 ticks (16 ms)
[00006616][DBG] PING seq=57 size=16 sent
[00006616][DBG] PONG seq=57 rtt=0 ticks (0 ms)
[00006716][DBG] PING seq=58 size=16 sent
[00006716][DBG] PONG seq=58 rtt=0 ticks (0 ms)
[00006816][DBG] PING seq=59 size=16 sent
[00006833][DBG] PONG seq=59 rtt=1 ticks (16 ms)
[00006916][DBG] PING seq=60 size=16 sent
[00006916][DBG] PONG seq=60 rtt=0 ticks (0 ms)
[00007016][DBG] PING seq=61 size=16 sent
[00007016][DBG] PONG seq=61 rtt=0 ticks (0 ms)
[00007116][DBG] PING seq=62 size=16 sent
[00007150][DBG] PONG seq=62 rtt=2 ticks (33 ms)
[00007216][DBG] PING seq=63 size=16 sent
[00007233][DBG] PONG seq=63 rtt=1 ticks (16 ms)
[00007316][DBG] PING seq=64 size=16 sent
[00007316][DBG] PONG seq=64 rtt=0 ticks (0 ms)
[00007416][DBG] PING seq=65 size=16 sent
[00007416][DBG] PONG seq=65 rtt=0 ticks (0 ms)
[00007516][DBG] PING seq=66 size=16 sent
[00007533][DBG] PONG seq=66 rtt=1 ticks (16 ms)
[00007616][DBG] PING seq=67 size=16 sent
[00007633][DBG] PONG seq=67 rtt=1 ticks (16 ms)
[00007716][DBG] PING seq=68 size=16 sent
[00007716][DBG] PONG seq=68 rtt=0 ticks (0 ms)
[00007816][DBG] PING seq=69 size=16 sent
[00007816][DBG] PONG seq=69 rtt=0 ticks (0 ms)
[00007916][DBG] PING seq=70 size=16 sent
[00007916][DBG] PONG seq=70 rtt=0 ticks (0 ms)
[00008016][DBG] PING seq=71 size=16 sent
[00008016][DBG] PONG seq=71 rtt=0 ticks (0 ms)
[00008116][DBG] PING seq=72 size=16 sent
[00008116][DBG] PONG seq=72 rtt=0 ticks (0 ms)
[00008216][DBG] PING seq=73 size=16 sent
[00008233][DBG] PONG seq=73 rtt=1 ticks (16 ms)
[00008316][DBG] PING seq=74 size=16 sent
[00008316][DBG] PONG seq=74 rtt=0 ticks (0 ms)
[00008416][DBG] PING seq=75 size=16 sent
[00008416][DBG] PONG seq=75 rtt=0 ticks (0 ms)
[00008516][DBG] PING seq=76 size=16 sent
[00008516][DBG] PONG seq=76 rtt=0 ticks (0 ms)
[00008616][DBG] PING seq=77 size=16 sent
[00008616][DBG] PONG seq=77 rtt=0 ticks (0 ms)
[00008716][DBG] PING seq=78 size=16 sent
[00008716][DBG] PONG seq=78 rtt=0 ticks (0 ms)
[00008816][DBG] PING seq=79 size=16 sent
[00008816][DBG] PONG seq=79 rtt=0 ticks (0 ms)
[00008916][DBG] PING seq=80 size=16 sent
[00008933][DBG] PONG seq=80 rtt=1 ticks (16 ms)
[00009016][DBG] PING seq=81 size=16 sent
[00009016][DBG] PONG seq=81 rtt=0 ticks (0 ms)
[00009116][DBG] PING seq=82 size=16 sent
[00009116][DBG] PONG seq=82 rtt=0 ticks (0 ms)
[00009216][DBG] PING seq=83 size=16 sent
[00009216][DBG] PONG seq=83 rtt=0 ticks (0 ms)
[00009316][DBG] PING seq=84 size=16 sent
[00009316][DBG] PONG seq=84 rtt=0 ticks (0 ms)
[00009416][DBG] PING seq=85 size=16 sent
[00009416][DBG] PONG seq=85 rtt=0 ticks (0 ms)
[00009516][DBG] PING seq=86 size=16 sent
[00009516][DBG] PONG seq=86 rtt=0 ticks (0 ms)
[00009616][DBG] PING seq=87 size=16 sent
[00009616][DBG] PONG seq=87 rtt=0 ticks (0 ms)
[00009716][DBG] PING seq=88 size=16 sent
[00009733][DBG] PONG seq=88 rtt=1 ticks (16 ms)
[00009816][DBG] PING seq=89 size=16 sent
[00009816][DBG] PONG seq=89 rtt=0 ticks (0 ms)
[00009916][DBG] PING seq=90 size=16 sent
[00009933][DBG] PONG seq=90 rtt=1 ticks (16 ms)
[00010016][DBG] PING seq=91 size=16 sent
[00010016][DBG] PONG seq=91 rtt=0 ticks (0 ms)
[00010116][DBG] PING seq=92 size=16 sent
[00010116][DBG] PONG seq=92 rtt=0 ticks (0 ms)
[00010216][DBG] PING seq=93 size=16 sent
[00010316][DBG] PONG seq=93 rtt=6 ticks (100 ms)
[00010333][DBG] PING seq=94 size=16 sent
[00010350][DBG] PONG seq=94 rtt=2 ticks (33 ms)
[00010416][DBG] PING seq=95 size=16 sent
[00010433][DBG] PONG seq=95 rtt=1 ticks (16 ms)
[00010516][DBG] PING seq=96 size=16 sent
[00010516][DBG] PONG seq=96 rtt=0 ticks (0 ms)
[00010616][DBG] PING seq=97 size=16 sent
[00010616][DBG] PONG seq=97 rtt=0 ticks (0 ms)
[00010716][DBG] PING seq=98 size=16 sent
[00010716][DBG] PONG seq=98 rtt=0 ticks (0 ms)
[00010816][DBG] PING seq=99 size=16 sent
[00010816][DBG] PONG seq=99 rtt=0 ticks (0 ms)
[00010850][INF] SIZE 16: min=0 max=100 avg=0 ms (sent=100 recv=100 lost=0)
[00010850][INF] Starting size 64 test
[00010866][INF] DISCOVERED: "PerfPartner" at 10.188.1.173:7354
[00010916][DBG] PING seq=0 size=64 sent
[00010916][DBG] PONG seq=0 rtt=0 ticks (0 ms)
[00011016][DBG] PING seq=1 size=64 sent
[00011016][DBG] PONG seq=1 rtt=0 ticks (0 ms)
[00011116][DBG] PING seq=2 size=64 sent
[00011116][DBG] PONG seq=2 rtt=0 ticks (0 ms)
[00011216][DBG] PING seq=3 size=64 sent
[00011216][DBG] PONG seq=3 rtt=0 ticks (0 ms)
[00011316][DBG] PING seq=4 size=64 sent
[00011316][DBG] PONG seq=4 rtt=0 ticks (0 ms)
[00011416][DBG] PING seq=5 size=64 sent
[00011416][DBG] PONG seq=5 rtt=0 ticks (0 ms)
[00011516][DBG] PING seq=6 size=64 sent
[00011533][DBG] PONG seq=6 rtt=1 ticks (16 ms)
[00011616][DBG] PING seq=7 size=64 sent
[00011616][DBG] PONG seq=7 rtt=0 ticks (0 ms)
[00011716][DBG] PING seq=8 size=64 sent
[00011716][DBG] PONG seq=8 rtt=0 ticks (0 ms)
[00011816][DBG] PING seq=9 size=64 sent
[00011816][DBG] PONG seq=9 rtt=0 ticks (0 ms)
[00011916][DBG] PING seq=10 size=64 sent
[00011916][DBG] PONG seq=10 rtt=0 ticks (0 ms)
[00012016][DBG] PING seq=11 size=64 sent
[00012016][DBG] PONG seq=11 rtt=0 ticks (0 ms)
[00012116][DBG] PING seq=12 size=64 sent
[00012116][DBG] PONG seq=12 rtt=0 ticks (0 ms)
[00012216][DBG] PING seq=13 size=64 sent
[00012216][DBG] PONG seq=13 rtt=0 ticks (0 ms)
[00012316][DBG] PING seq=14 size=64 sent
[00012316][DBG] PONG seq=14 rtt=0 ticks (0 ms)
[00012416][DBG] PING seq=15 size=64 sent
[00012433][DBG] PONG seq=15 rtt=1 ticks (16 ms)
[00012516][DBG] PING seq=16 size=64 sent
[00012516][DBG] PONG seq=16 rtt=0 ticks (0 ms)
[00012616][DBG] PING seq=17 size=64 sent
[00012616][DBG] PONG seq=17 rtt=0 ticks (0 ms)
[00012716][DBG] PING seq=18 size=64 sent
[00012716][DBG] PONG seq=18 rtt=0 ticks (0 ms)
[00012816][DBG] PING seq=19 size=64 sent
[00012816][DBG] PONG seq=19 rtt=0 ticks (0 ms)
[00012916][DBG] PING seq=20 size=64 sent
[00012933][DBG] PONG seq=20 rtt=1 ticks (16 ms)
[00013016][DBG] PING seq=21 size=64 sent
[00013016][DBG] PONG seq=21 rtt=0 ticks (0 ms)
[00013116][DBG] PING seq=22 size=64 sent
[00013133][DBG] PONG seq=22 rtt=1 ticks (16 ms)
[00013216][DBG] PING seq=23 size=64 sent
[00013216][DBG] PONG seq=23 rtt=0 ticks (0 ms)
[00013316][DBG] PING seq=24 size=64 sent
[00013316][DBG] PONG seq=24 rtt=0 ticks (0 ms)
[00013416][DBG] PING seq=25 size=64 sent
[00013433][DBG] PONG seq=25 rtt=1 ticks (16 ms)
[00013516][DBG] PING seq=26 size=64 sent
[00013516][DBG] PONG seq=26 rtt=0 ticks (0 ms)
[00013616][DBG] PING seq=27 size=64 sent
[00013616][DBG] PONG seq=27 rtt=0 ticks (0 ms)
[00013716][DBG] PING seq=28 size=64 sent
[00013716][DBG] PONG seq=28 rtt=0 ticks (0 ms)
[00013816][DBG] PING seq=29 size=64 sent
[00013816][DBG] PONG seq=29 rtt=0 ticks (0 ms)
[00013916][DBG] PING seq=30 size=64 sent
[00013916][DBG] PONG seq=30 rtt=0 ticks (0 ms)
[00014016][DBG] PING seq=31 size=64 sent
[00014016][DBG] PONG seq=31 rtt=0 ticks (0 ms)
[00014116][DBG] PING seq=32 size=64 sent
[00014116][DBG] PONG seq=32 rtt=0 ticks (0 ms)
[00014216][DBG] PING seq=33 size=64 sent
[00014216][DBG] PONG seq=33 rtt=0 ticks (0 ms)
[00014316][DBG] PING seq=34 size=64 sent
[00014316][DBG] PONG seq=34 rtt=0 ticks (0 ms)
[00014416][DBG] PING seq=35 size=64 sent
[00014416][DBG] PONG seq=35 rtt=0 ticks (0 ms)
[00014516][DBG] PING seq=36 size=64 sent
[00014516][DBG] PONG seq=36 rtt=0 ticks (0 ms)
[00014616][DBG] PING seq=37 size=64 sent
[00014633][DBG] PONG seq=37 rtt=1 ticks (16 ms)
[00014716][DBG] PING seq=38 size=64 sent
[00014716][DBG] PONG seq=38 rtt=0 ticks (0 ms)
[00014816][DBG] PING seq=39 size=64 sent
[00014833][DBG] PONG seq=39 rtt=1 ticks (16 ms)
[00014916][DBG] PING seq=40 size=64 sent
[00014916][DBG] PONG seq=40 rtt=0 ticks (0 ms)
[00015016][DBG] PING seq=41 size=64 sent
[00015016][DBG] PONG seq=41 rtt=0 ticks (0 ms)
[00015133][DBG] PING seq=42 size=64 sent
[00015133][DBG] PONG seq=42 rtt=1 ticks (16 ms)
[00015216][DBG] PING seq=43 size=64 sent
[00015216][DBG] PONG seq=43 rtt=0 ticks (0 ms)
[00015316][DBG] PING seq=44 size=64 sent
[00015333][DBG] PONG seq=44 rtt=1 ticks (16 ms)
[00015416][DBG] PING seq=45 size=64 sent
[00015433][DBG] PONG seq=45 rtt=1 ticks (16 ms)
[00015516][DBG] PING seq=46 size=64 sent
[00015516][DBG] PONG seq=46 rtt=0 ticks (0 ms)
[00015616][DBG] PING seq=47 size=64 sent
[00015616][DBG] PONG seq=47 rtt=0 ticks (0 ms)
[00015716][DBG] PING seq=48 size=64 sent
[00015716][DBG] PONG seq=48 rtt=0 ticks (0 ms)
[00015816][DBG] PING seq=49 size=64 sent
[00015816][DBG] PONG seq=49 rtt=0 ticks (0 ms)
[00015916][DBG] PING seq=50 size=64 sent
[00015916][DBG] PONG seq=50 rtt=0 ticks (0 ms)
[00016016][DBG] PING seq=51 size=64 sent
[00016033][DBG] PONG seq=51 rtt=1 ticks (16 ms)
[00016116][DBG] PING seq=52 size=64 sent
[00016116][DBG] PONG seq=52 rtt=0 ticks (0 ms)
[00016216][DBG] PING seq=53 size=64 sent
[00016216][DBG] PONG seq=53 rtt=0 ticks (0 ms)
[00016316][DBG] PING seq=54 size=64 sent
[00016316][DBG] PONG seq=54 rtt=0 ticks (0 ms)
[00016416][DBG] PING seq=55 size=64 sent
[00016416][DBG] PONG seq=55 rtt=0 ticks (0 ms)
[00016516][DBG] PING seq=56 size=64 sent
[00016516][DBG] PONG seq=56 rtt=0 ticks (0 ms)
[00016616][DBG] PING seq=57 size=64 sent
[00016633][DBG] PONG seq=57 rtt=0 ticks (0 ms)
[00016716][DBG] PING seq=58 size=64 sent
[00016716][DBG] PONG seq=58 rtt=0 ticks (0 ms)
[00016816][DBG] PING seq=59 size=64 sent
[00016816][DBG] PONG seq=59 rtt=0 ticks (0 ms)
[00016916][DBG] PING seq=60 size=64 sent
[00016916][DBG] PONG seq=60 rtt=0 ticks (0 ms)
[00017016][DBG] PING seq=61 size=64 sent
[00017016][DBG] PONG seq=61 rtt=0 ticks (0 ms)
[00017116][DBG] PING seq=62 size=64 sent
[00017116][DBG] PONG seq=62 rtt=0 ticks (0 ms)
[00017216][DBG] PING seq=63 size=64 sent
[00017216][DBG] PONG seq=63 rtt=0 ticks (0 ms)
[00017316][DBG] PING seq=64 size=64 sent
[00017316][DBG] PONG seq=64 rtt=0 ticks (0 ms)
[00017416][DBG] PING seq=65 size=64 sent
[00017416][DBG] PONG seq=65 rtt=0 ticks (0 ms)
[00017516][DBG] PING seq=66 size=64 sent
[00017516][DBG] PONG seq=66 rtt=0 ticks (0 ms)
[00017616][DBG] PING seq=67 size=64 sent
[00017633][DBG] PONG seq=67 rtt=1 ticks (16 ms)
[00017716][DBG] PING seq=68 size=64 sent
[00017716][DBG] PONG seq=68 rtt=0 ticks (0 ms)
[00017816][DBG] PING seq=69 size=64 sent
[00017816][DBG] PONG seq=69 rtt=0 ticks (0 ms)
[00017916][DBG] PING seq=70 size=64 sent
[00017916][DBG] PONG seq=70 rtt=0 ticks (0 ms)
[00018016][DBG] PING seq=71 size=64 sent
[00018033][DBG] PONG seq=71 rtt=1 ticks (16 ms)
[00018116][DBG] PING seq=72 size=64 sent
[00018133][DBG] PONG seq=72 rtt=1 ticks (16 ms)
[00018216][DBG] PING seq=73 size=64 sent
[00018233][DBG] PONG seq=73 rtt=1 ticks (16 ms)
[00018316][DBG] PING seq=74 size=64 sent
[00018316][DBG] PONG seq=74 rtt=0 ticks (0 ms)
[00018416][DBG] PING seq=75 size=64 sent
[00018433][DBG] PONG seq=75 rtt=1 ticks (16 ms)
[00018516][DBG] PING seq=76 size=64 sent
[00018516][DBG] PONG seq=76 rtt=0 ticks (0 ms)
[00018616][DBG] PING seq=77 size=64 sent
[00018633][DBG] PONG seq=77 rtt=1 ticks (16 ms)
[00018716][DBG] PING seq=78 size=64 sent
[00018716][DBG] PONG seq=78 rtt=0 ticks (0 ms)
[00018816][DBG] PING seq=79 size=64 sent
[00018816][DBG] PONG seq=79 rtt=0 ticks (0 ms)
[00018916][DBG] PING seq=80 size=64 sent
[00018916][DBG] PONG seq=80 rtt=0 ticks (0 ms)
[00019016][DBG] PING seq=81 size=64 sent
[00019033][DBG] PONG seq=81 rtt=1 ticks (16 ms)
[00019116][DBG] PING seq=82 size=64 sent
[00019116][DBG] PONG seq=82 rtt=0 ticks (0 ms)
[00019216][DBG] PING seq=83 size=64 sent
[00019216][DBG] PONG seq=83 rtt=0 ticks (0 ms)
[00019316][DBG] PING seq=84 size=64 sent
[00019316][DBG] PONG seq=84 rtt=0 ticks (0 ms)
[00019416][DBG] PING seq=85 size=64 sent
[00019433][DBG] PONG seq=85 rtt=1 ticks (16 ms)
[00019516][DBG] PING seq=86 size=64 sent
[00019516][DBG] PONG seq=86 rtt=0 ticks (0 ms)
[00019616][DBG] PING seq=87 size=64 sent
[00019633][DBG] PONG seq=87 rtt=1 ticks (16 ms)
[00019716][DBG] PING seq=88 size=64 sent
[00019716][DBG] PONG seq=88 rtt=0 ticks (0 ms)
[00019816][DBG] PING seq=89 size=64 sent
[00019816][DBG] PONG seq=89 rtt=0 ticks (0 ms)
[00019916][DBG] PING seq=90 size=64 sent
[00019916][DBG] PONG seq=90 rtt=0 ticks (0 ms)
[00020016][DBG] PING seq=91 size=64 sent
[00020016][DBG] PONG seq=91 rtt=0 ticks (0 ms)
[00020116][DBG] PING seq=92 size=64 sent
[00020116][DBG] PONG seq=92 rtt=0 ticks (0 ms)
[00020216][DBG] PING seq=93 size=64 sent
[00020233][DBG] PONG seq=93 rtt=1 ticks (16 ms)
[00020316][DBG] PING seq=94 size=64 sent
[00020316][DBG] PONG seq=94 rtt=0 ticks (0 ms)
[00020416][DBG] PING seq=95 size=64 sent
[00020416][DBG] PONG seq=95 rtt=0 ticks (0 ms)
[00020516][DBG] PING seq=96 size=64 sent
[00020516][DBG] PONG seq=96 rtt=0 ticks (0 ms)
[00020616][DBG] PING seq=97 size=64 sent
[00020633][DBG] PONG seq=97 rtt=1 ticks (16 ms)
[00020716][DBG] PING seq=98 size=64 sent
[00020733][DBG] PONG seq=98 rtt=1 ticks (16 ms)
[00020816][DBG] PING seq=99 size=64 sent
[00020816][DBG] PONG seq=99 rtt=0 ticks (0 ms)
[00020850][INF] SIZE 64: min=0 max=16 avg=0 ms (sent=100 recv=100 lost=0)
[00020850][INF] Starting size 256 test
[00020916][INF] DISCOVERED: "PerfPartner" at 10.188.1.173:7354
[00020916][DBG] PING seq=0 size=256 sent
[00021000][DBG] PONG seq=0 rtt=5 ticks (83 ms)
[00021016][DBG] PING seq=1 size=256 sent
[00021016][DBG] PONG seq=1 rtt=0 ticks (0 ms)
[00021116][DBG] PING seq=2 size=256 sent
[00021133][DBG] PONG seq=2 rtt=1 ticks (16 ms)
[00021216][DBG] PING seq=3 size=256 sent
[00021216][DBG] PONG seq=3 rtt=0 ticks (0 ms)
[00021316][DBG] PING seq=4 size=256 sent
[00021316][DBG] PONG seq=4 rtt=0 ticks (0 ms)
[00021416][DBG] PING seq=5 size=256 sent
[00021416][DBG] PONG seq=5 rtt=0 ticks (0 ms)
[00021516][DBG] PING seq=6 size=256 sent
[00021516][DBG] PONG seq=6 rtt=0 ticks (0 ms)
[00021616][DBG] PING seq=7 size=256 sent
[00021616][DBG] PONG seq=7 rtt=0 ticks (0 ms)
[00021716][DBG] PING seq=8 size=256 sent
[00021716][DBG] PONG seq=8 rtt=0 ticks (0 ms)
[00021816][DBG] PING seq=9 size=256 sent
[00021816][DBG] PONG seq=9 rtt=0 ticks (0 ms)
[00021916][DBG] PING seq=10 size=256 sent
[00021916][DBG] PONG seq=10 rtt=0 ticks (0 ms)
[00022016][DBG] PING seq=11 size=256 sent
[00022016][DBG] PONG seq=11 rtt=0 ticks (0 ms)
[00022116][DBG] PING seq=12 size=256 sent
[00022116][DBG] PONG seq=12 rtt=0 ticks (0 ms)
[00022216][DBG] PING seq=13 size=256 sent
[00022216][DBG] PONG seq=13 rtt=0 ticks (0 ms)
[00022316][DBG] PING seq=14 size=256 sent
[00022316][DBG] PONG seq=14 rtt=0 ticks (0 ms)
[00022416][DBG] PING seq=15 size=256 sent
[00022416][DBG] PONG seq=15 rtt=0 ticks (0 ms)
[00022516][DBG] PING seq=16 size=256 sent
[00022516][DBG] PONG seq=16 rtt=0 ticks (0 ms)
[00022616][DBG] PING seq=17 size=256 sent
[00022633][DBG] PONG seq=17 rtt=1 ticks (16 ms)
[00022716][DBG] PING seq=18 size=256 sent
[00022716][DBG] PONG seq=18 rtt=0 ticks (0 ms)
[00022816][DBG] PING seq=19 size=256 sent
[00022816][DBG] PONG seq=19 rtt=0 ticks (0 ms)
[00022916][DBG] PING seq=20 size=256 sent
[00022916][DBG] PONG seq=20 rtt=0 ticks (0 ms)
[00023016][DBG] PING seq=21 size=256 sent
[00023016][DBG] PONG seq=21 rtt=0 ticks (0 ms)
[00023116][DBG] PING seq=22 size=256 sent
[00023116][DBG] PONG seq=22 rtt=0 ticks (0 ms)
[00023216][DBG] PING seq=23 size=256 sent
[00023233][DBG] PONG seq=23 rtt=1 ticks (16 ms)
[00023316][DBG] PING seq=24 size=256 sent
[00023316][DBG] PONG seq=24 rtt=0 ticks (0 ms)
[00023416][DBG] PING seq=25 size=256 sent
[00023433][DBG] PONG seq=25 rtt=1 ticks (16 ms)
[00023516][DBG] PING seq=26 size=256 sent
[00023516][DBG] PONG seq=26 rtt=0 ticks (0 ms)
[00023616][DBG] PING seq=27 size=256 sent
[00023633][DBG] PONG seq=27 rtt=1 ticks (16 ms)
[00023716][DBG] PING seq=28 size=256 sent
[00023716][DBG] PONG seq=28 rtt=0 ticks (0 ms)
[00023816][DBG] PING seq=29 size=256 sent
[00023833][DBG] PONG seq=29 rtt=1 ticks (16 ms)
[00023916][DBG] PING seq=30 size=256 sent
[00023916][DBG] PONG seq=30 rtt=0 ticks (0 ms)
[00024016][DBG] PING seq=31 size=256 sent
[00024016][DBG] PONG seq=31 rtt=0 ticks (0 ms)
[00024116][DBG] PING seq=32 size=256 sent
[00024116][DBG] PONG seq=32 rtt=0 ticks (0 ms)
[00024216][DBG] PING seq=33 size=256 sent
[00024233][DBG] PONG seq=33 rtt=1 ticks (16 ms)
[00024316][DBG] PING seq=34 size=256 sent
[00024316][DBG] PONG seq=34 rtt=0 ticks (0 ms)
[00024416][DBG] PING seq=35 size=256 sent
[00024416][DBG] PONG seq=35 rtt=0 ticks (0 ms)
[00024516][DBG] PING seq=36 size=256 sent
[00024516][DBG] PONG seq=36 rtt=0 ticks (0 ms)
[00024616][DBG] PING seq=37 size=256 sent
[00024616][DBG] PONG seq=37 rtt=0 ticks (0 ms)
[00024716][DBG] PING seq=38 size=256 sent
[00024716][DBG] PONG seq=38 rtt=0 ticks (0 ms)
[00024816][DBG] PING seq=39 size=256 sent
[00024816][DBG] PONG seq=39 rtt=0 ticks (0 ms)
[00024916][DBG] PING seq=40 size=256 sent
[00024916][DBG] PONG seq=40 rtt=0 ticks (0 ms)
[00025016][DBG] PING seq=41 size=256 sent
[00025016][DBG] PONG seq=41 rtt=0 ticks (0 ms)
[00025116][DBG] PING seq=42 size=256 sent
[00025116][DBG] PONG seq=42 rtt=0 ticks (0 ms)
[00025216][DBG] PING seq=43 size=256 sent
[00025216][DBG] PONG seq=43 rtt=0 ticks (0 ms)
[00025316][DBG] PING seq=44 size=256 sent
[00025333][DBG] PONG seq=44 rtt=1 ticks (16 ms)
[00025416][DBG] PING seq=45 size=256 sent
[00025416][DBG] PONG seq=45 rtt=0 ticks (0 ms)
[00025516][DBG] PING seq=46 size=256 sent
[00025516][DBG] PONG seq=46 rtt=0 ticks (0 ms)
[00025616][DBG] PING seq=47 size=256 sent
[00025616][DBG] PONG seq=47 rtt=0 ticks (0 ms)
[00025716][DBG] PING seq=48 size=256 sent
[00025716][DBG] PONG seq=48 rtt=0 ticks (0 ms)
[00025816][DBG] PING seq=49 size=256 sent
[00025816][DBG] PONG seq=49 rtt=0 ticks (0 ms)
[00025916][DBG] PING seq=50 size=256 sent
[00025933][DBG] PONG seq=50 rtt=1 ticks (16 ms)
[00026016][DBG] PING seq=51 size=256 sent
[00026016][DBG] PONG seq=51 rtt=0 ticks (0 ms)
[00026116][DBG] PING seq=52 size=256 sent
[00026133][DBG] PONG seq=52 rtt=1 ticks (16 ms)
[00026216][DBG] PING seq=53 size=256 sent
[00026216][DBG] PONG seq=53 rtt=0 ticks (0 ms)
[00026316][DBG] PING seq=54 size=256 sent
[00026316][DBG] PONG seq=54 rtt=0 ticks (0 ms)
[00026416][DBG] PING seq=55 size=256 sent
[00026416][DBG] PONG seq=55 rtt=0 ticks (0 ms)
[00026516][DBG] PING seq=56 size=256 sent
[00026533][DBG] PONG seq=56 rtt=1 ticks (16 ms)
[00026616][DBG] PING seq=57 size=256 sent
[00026616][DBG] PONG seq=57 rtt=0 ticks (0 ms)
[00026716][DBG] PING seq=58 size=256 sent
[00026716][DBG] PONG seq=58 rtt=0 ticks (0 ms)
[00026816][DBG] PING seq=59 size=256 sent
[00026816][DBG] PONG seq=59 rtt=0 ticks (0 ms)
[00026916][DBG] PING seq=60 size=256 sent
[00026916][DBG] PONG seq=60 rtt=0 ticks (0 ms)
[00027016][DBG] PING seq=61 size=256 sent
[00027033][DBG] PONG seq=61 rtt=1 ticks (16 ms)
[00027116][DBG] PING seq=62 size=256 sent
[00027116][DBG] PONG seq=62 rtt=0 ticks (0 ms)
[00027216][DBG] PING seq=63 size=256 sent
[00027216][DBG] PONG seq=63 rtt=0 ticks (0 ms)
[00027316][DBG] PING seq=64 size=256 sent
[00027333][DBG] PONG seq=64 rtt=1 ticks (16 ms)
[00027416][DBG] PING seq=65 size=256 sent
[00027416][DBG] PONG seq=65 rtt=0 ticks (0 ms)
[00027516][DBG] PING seq=66 size=256 sent
[00027516][DBG] PONG seq=66 rtt=0 ticks (0 ms)
[00027616][DBG] PING seq=67 size=256 sent
[00027616][DBG] PONG seq=67 rtt=0 ticks (0 ms)
[00027716][DBG] PING seq=68 size=256 sent
[00027716][DBG] PONG seq=68 rtt=0 ticks (0 ms)
[00027816][DBG] PING seq=69 size=256 sent
[00027816][DBG] PONG seq=69 rtt=0 ticks (0 ms)
[00027916][DBG] PING seq=70 size=256 sent
[00027916][DBG] PONG seq=70 rtt=0 ticks (0 ms)
[00028016][DBG] PING seq=71 size=256 sent
[00028016][DBG] PONG seq=71 rtt=0 ticks (0 ms)
[00028116][DBG] PING seq=72 size=256 sent
[00028116][DBG] PONG seq=72 rtt=0 ticks (0 ms)
[00028216][DBG] PING seq=73 size=256 sent
[00028216][DBG] PONG seq=73 rtt=0 ticks (0 ms)
[00028316][DBG] PING seq=74 size=256 sent
[00028333][DBG] PONG seq=74 rtt=1 ticks (16 ms)
[00028416][DBG] PING seq=75 size=256 sent
[00028433][DBG] PONG seq=75 rtt=1 ticks (16 ms)
[00028516][DBG] PING seq=76 size=256 sent
[00028516][DBG] PONG seq=76 rtt=0 ticks (0 ms)
[00028616][DBG] PING seq=77 size=256 sent
[00028616][DBG] PONG seq=77 rtt=0 ticks (0 ms)
[00028716][DBG] PING seq=78 size=256 sent
[00028716][DBG] PONG seq=78 rtt=0 ticks (0 ms)
[00028816][DBG] PING seq=79 size=256 sent
[00028816][DBG] PONG seq=79 rtt=0 ticks (0 ms)
[00028916][DBG] PING seq=80 size=256 sent
[00028916][DBG] PONG seq=80 rtt=0 ticks (0 ms)
[00029016][DBG] PING seq=81 size=256 sent
[00029016][DBG] PONG seq=81 rtt=0 ticks (0 ms)
[00029116][DBG] PING seq=82 size=256 sent
[00029116][DBG] PONG seq=82 rtt=0 ticks (0 ms)
[00029216][DBG] PING seq=83 size=256 sent
[00029216][DBG] PONG seq=83 rtt=0 ticks (0 ms)
[00029316][DBG] PING seq=84 size=256 sent
[00029316][DBG] PONG seq=84 rtt=0 ticks (0 ms)
[00029416][DBG] PING seq=85 size=256 sent
[00029416][DBG] PONG seq=85 rtt=0 ticks (0 ms)
[00029516][DBG] PING seq=86 size=256 sent
[00029516][DBG] PONG seq=86 rtt=0 ticks (0 ms)
[00029616][DBG] PING seq=87 size=256 sent
[00029616][DBG] PONG seq=87 rtt=0 ticks (0 ms)
[00029716][DBG] PING seq=88 size=256 sent
[00029716][DBG] PONG seq=88 rtt=0 ticks (0 ms)
[00029816][DBG] PING seq=89 size=256 sent
[00029816][DBG] PONG seq=89 rtt=0 ticks (0 ms)
[00029916][DBG] PING seq=90 size=256 sent
[00029916][DBG] PONG seq=90 rtt=0 ticks (0 ms)
[00030016][DBG] PING seq=91 size=256 sent
[00030016][DBG] PONG seq=91 rtt=0 ticks (0 ms)
[00030116][DBG] PING seq=92 size=256 sent
[00030133][DBG] PONG seq=92 rtt=1 ticks (16 ms)
[00030216][DBG] PING seq=93 size=256 sent
[00030216][DBG] PONG seq=93 rtt=0 ticks (0 ms)
[00030316][DBG] PING seq=94 size=256 sent
[00030316][DBG] PONG seq=94 rtt=0 ticks (0 ms)
[00030416][DBG] PING seq=95 size=256 sent
[00030416][DBG] PONG seq=95 rtt=0 ticks (0 ms)
[00030516][DBG] PING seq=96 size=256 sent
[00030516][DBG] PONG seq=96 rtt=0 ticks (0 ms)
[00030616][DBG] PING seq=97 size=256 sent
[00030616][DBG] PONG seq=97 rtt=0 ticks (0 ms)
[00030716][DBG] PING seq=98 size=256 sent
[00030716][DBG] PONG seq=98 rtt=0 ticks (0 ms)
[00030850][DBG] PING seq=99 size=256 sent
[00030966][INF] DISCOVERED: "PerfPartner" at 10.188.1.173:7354
[00030966][DBG] PONG seq=99 rtt=8 ticks (133 ms)
[00030966][DBG] PING seq=100 size=256 sent
[00031000][INF] SIZE 256: min=0 max=133 avg=0 ms (sent=101 recv=100 lost=0)
[00031000][INF] Starting size 1024 test
[00031000][WRN] PONG seq mismatch: got 100 expected 100
[00031066][DBG] PING seq=0 size=1024 sent
[00031083][DBG] PONG seq=0 rtt=1 ticks (16 ms)
[00031166][DBG] PING seq=1 size=1024 sent
[00031183][DBG] PONG seq=1 rtt=1 ticks (16 ms)
[00031266][DBG] PING seq=2 size=1024 sent
[00031283][DBG] PONG seq=2 rtt=1 ticks (16 ms)
[00031366][DBG] PING seq=3 size=1024 sent
[00031383][DBG] PONG seq=3 rtt=1 ticks (16 ms)
[00031466][DBG] PING seq=4 size=1024 sent
[00031483][DBG] PONG seq=4 rtt=1 ticks (16 ms)
[00031566][DBG] PING seq=5 size=1024 sent
[00031583][DBG] PONG seq=5 rtt=1 ticks (16 ms)
[00031666][DBG] PING seq=6 size=1024 sent
[00031683][DBG] PONG seq=6 rtt=1 ticks (16 ms)
[00031766][DBG] PING seq=7 size=1024 sent
[00031783][DBG] PONG seq=7 rtt=1 ticks (16 ms)
[00031866][DBG] PING seq=8 size=1024 sent
[00031883][DBG] PONG seq=8 rtt=1 ticks (16 ms)
[00031966][DBG] PING seq=9 size=1024 sent
[00031983][DBG] PONG seq=9 rtt=1 ticks (16 ms)
[00032066][DBG] PING seq=10 size=1024 sent
[00032083][DBG] PONG seq=10 rtt=1 ticks (16 ms)
[00032166][DBG] PING seq=11 size=1024 sent
[00032183][DBG] PONG seq=11 rtt=1 ticks (16 ms)
[00032266][DBG] PING seq=12 size=1024 sent
[00032283][DBG] PONG seq=12 rtt=1 ticks (16 ms)
[00032366][DBG] PING seq=13 size=1024 sent
[00032400][DBG] PONG seq=13 rtt=2 ticks (33 ms)
[00032466][DBG] PING seq=14 size=1024 sent
[00032500][DBG] PONG seq=14 rtt=2 ticks (33 ms)
[00032566][DBG] PING seq=15 size=1024 sent
[00032583][DBG] PONG seq=15 rtt=1 ticks (16 ms)
[00032666][DBG] PING seq=16 size=1024 sent
[00032683][DBG] PONG seq=16 rtt=1 ticks (16 ms)
[00032766][DBG] PING seq=17 size=1024 sent
[00032783][DBG] PONG seq=17 rtt=1 ticks (16 ms)
[00032866][DBG] PING seq=18 size=1024 sent
[00032883][DBG] PONG seq=18 rtt=1 ticks (16 ms)
[00032966][DBG] PING seq=19 size=1024 sent
[00032983][DBG] PONG seq=19 rtt=1 ticks (16 ms)
[00033066][DBG] PING seq=20 size=1024 sent
[00033083][DBG] PONG seq=20 rtt=1 ticks (16 ms)
[00033166][DBG] PING seq=21 size=1024 sent
[00033183][DBG] PONG seq=21 rtt=1 ticks (16 ms)
[00033266][DBG] PING seq=22 size=1024 sent
[00033283][DBG] PONG seq=22 rtt=1 ticks (16 ms)
[00033366][DBG] PING seq=23 size=1024 sent
[00033400][DBG] PONG seq=23 rtt=2 ticks (33 ms)
[00033466][DBG] PING seq=24 size=1024 sent
[00033483][DBG] PONG seq=24 rtt=1 ticks (16 ms)
[00033566][DBG] PING seq=25 size=1024 sent
[00033583][DBG] PONG seq=25 rtt=1 ticks (16 ms)
[00033666][DBG] PING seq=26 size=1024 sent
[00033683][DBG] PONG seq=26 rtt=1 ticks (16 ms)
[00033766][DBG] PING seq=27 size=1024 sent
[00033783][DBG] PONG seq=27 rtt=1 ticks (16 ms)
[00033866][DBG] PING seq=28 size=1024 sent
[00033883][DBG] PONG seq=28 rtt=1 ticks (16 ms)
[00033966][DBG] PING seq=29 size=1024 sent
[00033983][DBG] PONG seq=29 rtt=1 ticks (16 ms)
[00034066][DBG] PING seq=30 size=1024 sent
[00034083][DBG] PONG seq=30 rtt=1 ticks (16 ms)
[00034166][DBG] PING seq=31 size=1024 sent
[00034183][DBG] PONG seq=31 rtt=1 ticks (16 ms)
[00034266][DBG] PING seq=32 size=1024 sent
[00034283][DBG] PONG seq=32 rtt=1 ticks (16 ms)
[00034366][DBG] PING seq=33 size=1024 sent
[00034383][DBG] PONG seq=33 rtt=1 ticks (16 ms)
[00034466][DBG] PING seq=34 size=1024 sent
[00034483][DBG] PONG seq=34 rtt=1 ticks (16 ms)
[00034566][DBG] PING seq=35 size=1024 sent
[00034583][DBG] PONG seq=35 rtt=1 ticks (16 ms)
[00034666][DBG] PING seq=36 size=1024 sent
[00034683][DBG] PONG seq=36 rtt=1 ticks (16 ms)
[00034766][DBG] PING seq=37 size=1024 sent
[00034783][DBG] PONG seq=37 rtt=1 ticks (16 ms)
[00034866][DBG] PING seq=38 size=1024 sent
[00034883][DBG] PONG seq=38 rtt=1 ticks (16 ms)
[00034966][DBG] PING seq=39 size=1024 sent
[00034983][DBG] PONG seq=39 rtt=1 ticks (16 ms)
[00035066][DBG] PING seq=40 size=1024 sent
[00035083][DBG] PONG seq=40 rtt=1 ticks (16 ms)
[00035166][DBG] PING seq=41 size=1024 sent
[00035183][DBG] PONG seq=41 rtt=1 ticks (16 ms)
[00035266][DBG] PING seq=42 size=1024 sent
[00035283][DBG] PONG seq=42 rtt=1 ticks (16 ms)
[00035366][DBG] PING seq=43 size=1024 sent
[00035433][DBG] PONG seq=43 rtt=4 ticks (66 ms)
[00035466][DBG] PING seq=44 size=1024 sent
[00035500][DBG] PONG seq=44 rtt=2 ticks (33 ms)
[00035566][DBG] PING seq=45 size=1024 sent
[00035583][DBG] PONG seq=45 rtt=1 ticks (16 ms)
[00035666][DBG] PING seq=46 size=1024 sent
[00035700][DBG] PONG seq=46 rtt=2 ticks (33 ms)
[00035766][DBG] PING seq=47 size=1024 sent
[00035783][DBG] PONG seq=47 rtt=1 ticks (16 ms)
[00035866][DBG] PING seq=48 size=1024 sent
[00035900][DBG] PONG seq=48 rtt=2 ticks (33 ms)
[00035966][DBG] PING seq=49 size=1024 sent
[00035983][DBG] PONG seq=49 rtt=1 ticks (16 ms)
[00036066][DBG] PING seq=50 size=1024 sent
[00036083][DBG] PONG seq=50 rtt=1 ticks (16 ms)
[00036166][DBG] PING seq=51 size=1024 sent
[00036183][DBG] PONG seq=51 rtt=1 ticks (16 ms)
[00036266][DBG] PING seq=52 size=1024 sent
[00036283][DBG] PONG seq=52 rtt=1 ticks (16 ms)
[00036366][DBG] PING seq=53 size=1024 sent
[00036383][DBG] PONG seq=53 rtt=1 ticks (16 ms)
[00036466][DBG] PING seq=54 size=1024 sent
[00036483][DBG] PONG seq=54 rtt=1 ticks (16 ms)
[00036566][DBG] PING seq=55 size=1024 sent
[00036583][DBG] PONG seq=55 rtt=1 ticks (16 ms)
[00036666][DBG] PING seq=56 size=1024 sent
[00036683][DBG] PONG seq=56 rtt=1 ticks (16 ms)
[00036766][DBG] PING seq=57 size=1024 sent
[00036783][DBG] PONG seq=57 rtt=1 ticks (16 ms)
[00036866][DBG] PING seq=58 size=1024 sent
[00036883][DBG] PONG seq=58 rtt=1 ticks (16 ms)
[00036966][DBG] PING seq=59 size=1024 sent
[00036983][DBG] PONG seq=59 rtt=1 ticks (16 ms)
[00037066][DBG] PING seq=60 size=1024 sent
[00037083][DBG] PONG seq=60 rtt=1 ticks (16 ms)
[00037166][DBG] PING seq=61 size=1024 sent
[00037183][DBG] PONG seq=61 rtt=1 ticks (16 ms)
[00037266][DBG] PING seq=62 size=1024 sent
[00037283][DBG] PONG seq=62 rtt=1 ticks (16 ms)
[00037366][DBG] PING seq=63 size=1024 sent
[00037383][DBG] PONG seq=63 rtt=1 ticks (16 ms)
[00037466][DBG] PING seq=64 size=1024 sent
[00037483][DBG] PONG seq=64 rtt=1 ticks (16 ms)
[00037566][DBG] PING seq=65 size=1024 sent
[00037583][DBG] PONG seq=65 rtt=1 ticks (16 ms)
[00037666][DBG] PING seq=66 size=1024 sent
[00037683][DBG] PONG seq=66 rtt=1 ticks (16 ms)
[00037766][DBG] PING seq=67 size=1024 sent
[00037783][DBG] PONG seq=67 rtt=1 ticks (16 ms)
[00037866][DBG] PING seq=68 size=1024 sent
[00037883][DBG] PONG seq=68 rtt=1 ticks (16 ms)
[00037966][DBG] PING seq=69 size=1024 sent
[00038000][DBG] PONG seq=69 rtt=2 ticks (33 ms)
[00038066][DBG] PING seq=70 size=1024 sent
[00038083][DBG] PONG seq=70 rtt=1 ticks (16 ms)
[00038166][DBG] PING seq=71 size=1024 sent
[00038183][DBG] PONG seq=71 rtt=1 ticks (16 ms)
[00038266][DBG] PING seq=72 size=1024 sent
[00038283][DBG] PONG seq=72 rtt=1 ticks (16 ms)
[00038366][DBG] PING seq=73 size=1024 sent
[00038383][DBG] PONG seq=73 rtt=1 ticks (16 ms)
[00038466][DBG] PING seq=74 size=1024 sent
[00038483][DBG] PONG seq=74 rtt=1 ticks (16 ms)
[00038566][DBG] PING seq=75 size=1024 sent
[00039316][DBG] PONG seq=75 rtt=45 ticks (750 ms)
[00039316][DBG] PING seq=76 size=1024 sent
[00039333][DBG] PONG seq=76 rtt=1 ticks (16 ms)
[00039416][DBG] PING seq=77 size=1024 sent
[00039433][DBG] PONG seq=77 rtt=1 ticks (16 ms)
[00039516][DBG] PING seq=78 size=1024 sent
[00039533][DBG] PONG seq=78 rtt=1 ticks (16 ms)
[00039616][DBG] PING seq=79 size=1024 sent
[00039633][DBG] PONG seq=79 rtt=1 ticks (16 ms)
[00039716][DBG] PING seq=80 size=1024 sent
[00039733][DBG] PONG seq=80 rtt=1 ticks (16 ms)
[00039816][DBG] PING seq=81 size=1024 sent
[00039833][DBG] PONG seq=81 rtt=1 ticks (16 ms)
[00039916][DBG] PING seq=82 size=1024 sent
[00039933][DBG] PONG seq=82 rtt=1 ticks (16 ms)
[00040016][DBG] PING seq=83 size=1024 sent
[00040033][DBG] PONG seq=83 rtt=1 ticks (16 ms)
[00040116][DBG] PING seq=84 size=1024 sent
[00040133][DBG] PONG seq=84 rtt=1 ticks (16 ms)
[00040216][DBG] PING seq=85 size=1024 sent
[00040233][DBG] PONG seq=85 rtt=1 ticks (16 ms)
[00040316][DBG] PING seq=86 size=1024 sent
[00040333][DBG] PONG seq=86 rtt=1 ticks (16 ms)
[00040416][DBG] PING seq=87 size=1024 sent
[00040483][DBG] PONG seq=87 rtt=4 ticks (66 ms)
[00040516][DBG] PING seq=88 size=1024 sent
[00040533][DBG] PONG seq=88 rtt=1 ticks (16 ms)
[00040616][DBG] PING seq=89 size=1024 sent
[00040633][DBG] PONG seq=89 rtt=1 ticks (16 ms)
[00040716][DBG] PING seq=90 size=1024 sent
[00040733][DBG] PONG seq=90 rtt=1 ticks (16 ms)
[00040833][INF] DISCOVERED: "PerfPartner" at 10.188.1.173:7354
[00040833][DBG] PING seq=91 size=1024 sent
[00040916][DBG] PONG seq=91 rtt=5 ticks (83 ms)
[00040933][DBG] PING seq=92 size=1024 sent
[00040950][DBG] PONG seq=92 rtt=1 ticks (16 ms)
[00041033][DBG] PING seq=93 size=1024 sent
[00041066][DBG] PONG seq=93 rtt=2 ticks (33 ms)
[00041133][DBG] PING seq=94 size=1024 sent
[00041150][DBG] PONG seq=94 rtt=1 ticks (16 ms)
[00041233][DBG] PING seq=95 size=1024 sent
[00041250][DBG] PONG seq=95 rtt=1 ticks (16 ms)
[00041333][DBG] PING seq=96 size=1024 sent
[00041350][DBG] PONG seq=96 rtt=1 ticks (16 ms)
[00041433][DBG] PING seq=97 size=1024 sent
[00041450][DBG] PONG seq=97 rtt=1 ticks (16 ms)
[00041533][DBG] PING seq=98 size=1024 sent
[00041550][DBG] PONG seq=98 rtt=1 ticks (16 ms)
[00041633][DBG] PING seq=99 size=1024 sent
[00041650][DBG] PONG seq=99 rtt=1 ticks (16 ms)
[00041683][INF] SIZE 1024: min=16 max=750 avg=16 ms (sent=100 recv=100 lost=0)
[00041683][INF] Starting size 4096 test
[00041733][DBG] PING seq=0 size=4096 sent
[00041783][DBG] PONG seq=0 rtt=3 ticks (50 ms)
[00041833][DBG] PING seq=1 size=4096 sent
[00041883][DBG] PONG seq=1 rtt=3 ticks (50 ms)
[00041933][DBG] PING seq=2 size=4096 sent
[00041983][DBG] PONG seq=2 rtt=3 ticks (50 ms)
[00042033][DBG] PING seq=3 size=4096 sent
[00042083][DBG] PONG seq=3 rtt=3 ticks (50 ms)
[00042133][DBG] PING seq=4 size=4096 sent
[00042183][DBG] PONG seq=4 rtt=3 ticks (50 ms)
[00042233][DBG] PING seq=5 size=4096 sent
[00042283][DBG] PONG seq=5 rtt=3 ticks (50 ms)
[00042333][DBG] PING seq=6 size=4096 sent
[00042383][DBG] PONG seq=6 rtt=3 ticks (50 ms)
[00042433][DBG] PING seq=7 size=4096 sent
[00042483][DBG] PONG seq=7 rtt=3 ticks (50 ms)
[00042533][DBG] PING seq=8 size=4096 sent
[00042583][DBG] PONG seq=8 rtt=3 ticks (50 ms)
[00042633][DBG] PING seq=9 size=4096 sent
[00042700][DBG] PONG seq=9 rtt=4 ticks (66 ms)
[00042733][DBG] PING seq=10 size=4096 sent
[00042783][DBG] PONG seq=10 rtt=3 ticks (50 ms)
[00042833][DBG] PING seq=11 size=4096 sent
[00042883][DBG] PONG seq=11 rtt=3 ticks (50 ms)
[00042933][DBG] PING seq=12 size=4096 sent
[00042983][DBG] PONG seq=12 rtt=3 ticks (50 ms)
[00043033][DBG] PING seq=13 size=4096 sent
[00043100][DBG] PONG seq=13 rtt=4 ticks (66 ms)
[00043133][DBG] PING seq=14 size=4096 sent
[00043200][DBG] PONG seq=14 rtt=4 ticks (66 ms)
[00043233][DBG] PING seq=15 size=4096 sent
[00043283][DBG] PONG seq=15 rtt=3 ticks (50 ms)
[00043333][DBG] PING seq=16 size=4096 sent
[00043383][DBG] PONG seq=16 rtt=3 ticks (50 ms)
[00043433][DBG] PING seq=17 size=4096 sent
[00043483][DBG] PONG seq=17 rtt=3 ticks (50 ms)
[00043533][DBG] PING seq=18 size=4096 sent
[00043600][DBG] PONG seq=18 rtt=4 ticks (66 ms)
[00043633][DBG] PING seq=19 size=4096 sent
[00043683][DBG] PONG seq=19 rtt=3 ticks (50 ms)
[00043733][DBG] PING seq=20 size=4096 sent
[00043783][DBG] PONG seq=20 rtt=3 ticks (50 ms)
[00043833][DBG] PING seq=21 size=4096 sent
[00043883][DBG] PONG seq=21 rtt=3 ticks (50 ms)
[00043933][DBG] PING seq=22 size=4096 sent
[00043983][DBG] PONG seq=22 rtt=3 ticks (50 ms)
[00044033][DBG] PING seq=23 size=4096 sent
[00044083][DBG] PONG seq=23 rtt=3 ticks (50 ms)
[00044133][DBG] PING seq=24 size=4096 sent
[00044216][DBG] PONG seq=24 rtt=5 ticks (83 ms)
[00044233][DBG] PING seq=25 size=4096 sent
[00044283][DBG] PONG seq=25 rtt=3 ticks (50 ms)
[00044333][DBG] PING seq=26 size=4096 sent
[00044383][DBG] PONG seq=26 rtt=3 ticks (50 ms)
[00044433][DBG] PING seq=27 size=4096 sent
[00044483][DBG] PONG seq=27 rtt=3 ticks (50 ms)
[00044533][DBG] PING seq=28 size=4096 sent
[00044583][DBG] PONG seq=28 rtt=3 ticks (50 ms)
[00044633][DBG] PING seq=29 size=4096 sent
[00044683][DBG] PONG seq=29 rtt=3 ticks (50 ms)
[00044733][DBG] PING seq=30 size=4096 sent
[00044783][DBG] PONG seq=30 rtt=3 ticks (50 ms)
[00044833][DBG] PING seq=31 size=4096 sent
[00044933][DBG] PONG seq=31 rtt=6 ticks (100 ms)
[00044950][DBG] PING seq=32 size=4096 sent
[00045000][DBG] PONG seq=32 rtt=4 ticks (66 ms)
[00045033][DBG] PING seq=33 size=4096 sent
[00045083][DBG] PONG seq=33 rtt=3 ticks (50 ms)
[00045133][DBG] PING seq=34 size=4096 sent
[00045200][DBG] PONG seq=34 rtt=4 ticks (66 ms)
[00045233][DBG] PING seq=35 size=4096 sent
[00045300][DBG] PONG seq=35 rtt=4 ticks (66 ms)
[00045333][DBG] PING seq=36 size=4096 sent
[00045383][DBG] PONG seq=36 rtt=3 ticks (50 ms)
[00045433][DBG] PING seq=37 size=4096 sent
[00045483][DBG] PONG seq=37 rtt=3 ticks (50 ms)
[00045533][DBG] PING seq=38 size=4096 sent
[00045583][DBG] PONG seq=38 rtt=3 ticks (50 ms)
[00045633][DBG] PING seq=39 size=4096 sent
[00045683][DBG] PONG seq=39 rtt=3 ticks (50 ms)
[00045733][DBG] PING seq=40 size=4096 sent
[00045783][DBG] PONG seq=40 rtt=3 ticks (50 ms)
[00045833][DBG] PING seq=41 size=4096 sent
[00045883][DBG] PONG seq=41 rtt=3 ticks (50 ms)
[00045933][DBG] PING seq=42 size=4096 sent
[00046000][DBG] PONG seq=42 rtt=4 ticks (66 ms)
[00046033][DBG] PING seq=43 size=4096 sent
[00046083][DBG] PONG seq=43 rtt=3 ticks (50 ms)
[00046133][DBG] PING seq=44 size=4096 sent
[00046183][DBG] PONG seq=44 rtt=3 ticks (50 ms)
[00046233][DBG] PING seq=45 size=4096 sent
[00046283][DBG] PONG seq=45 rtt=3 ticks (50 ms)
[00046333][DBG] PING seq=46 size=4096 sent
[00046383][DBG] PONG seq=46 rtt=3 ticks (50 ms)
[00046433][DBG] PING seq=47 size=4096 sent
[00046483][DBG] PONG seq=47 rtt=3 ticks (50 ms)
[00046533][DBG] PING seq=48 size=4096 sent
[00046583][DBG] PONG seq=48 rtt=3 ticks (50 ms)
[00046633][DBG] PING seq=49 size=4096 sent
[00046700][DBG] PONG seq=49 rtt=4 ticks (66 ms)
[00046733][DBG] PING seq=50 size=4096 sent
[00046783][DBG] PONG seq=50 rtt=3 ticks (50 ms)
[00046833][DBG] PING seq=51 size=4096 sent
[00046883][DBG] PONG seq=51 rtt=3 ticks (50 ms)
[00046933][DBG] PING seq=52 size=4096 sent
[00046983][DBG] PONG seq=52 rtt=3 ticks (50 ms)
[00047033][DBG] PING seq=53 size=4096 sent
[00047083][DBG] PONG seq=53 rtt=3 ticks (50 ms)
[00047133][DBG] PING seq=54 size=4096 sent
[00047183][DBG] PONG seq=54 rtt=3 ticks (50 ms)
[00047233][DBG] PING seq=55 size=4096 sent
[00047283][DBG] PONG seq=55 rtt=3 ticks (50 ms)
[00047333][DBG] PING seq=56 size=4096 sent
[00047383][DBG] PONG seq=56 rtt=3 ticks (50 ms)
[00047433][DBG] PING seq=57 size=4096 sent
[00047483][DBG] PONG seq=57 rtt=3 ticks (50 ms)
[00047533][DBG] PING seq=58 size=4096 sent
[00047583][DBG] PONG seq=58 rtt=3 ticks (50 ms)
[00047633][DBG] PING seq=59 size=4096 sent
[00047683][DBG] PONG seq=59 rtt=3 ticks (50 ms)
[00047733][DBG] PING seq=60 size=4096 sent
[00047783][DBG] PONG seq=60 rtt=3 ticks (50 ms)
[00047833][DBG] PING seq=61 size=4096 sent
[00047883][DBG] PONG seq=61 rtt=3 ticks (50 ms)
[00047933][DBG] PING seq=62 size=4096 sent
[00047983][DBG] PONG seq=62 rtt=3 ticks (50 ms)
[00048033][DBG] PING seq=63 size=4096 sent
[00048083][DBG] PONG seq=63 rtt=3 ticks (50 ms)
[00048133][DBG] PING seq=64 size=4096 sent
[00048183][DBG] PONG seq=64 rtt=3 ticks (50 ms)
[00048233][DBG] PING seq=65 size=4096 sent
[00048283][DBG] PONG seq=65 rtt=3 ticks (50 ms)
[00048333][DBG] PING seq=66 size=4096 sent
[00048383][DBG] PONG seq=66 rtt=3 ticks (50 ms)
[00048433][DBG] PING seq=67 size=4096 sent
[00048500][DBG] PONG seq=67 rtt=4 ticks (66 ms)
[00048533][DBG] PING seq=68 size=4096 sent
[00048583][DBG] PONG seq=68 rtt=3 ticks (50 ms)
[00048633][DBG] PING seq=69 size=4096 sent
[00048683][DBG] PONG seq=69 rtt=3 ticks (50 ms)
[00048733][DBG] PING seq=70 size=4096 sent
[00048783][DBG] PONG seq=70 rtt=3 ticks (50 ms)
[00048833][DBG] PING seq=71 size=4096 sent
[00048883][DBG] PONG seq=71 rtt=3 ticks (50 ms)
[00048933][DBG] PING seq=72 size=4096 sent
[00048983][DBG] PONG seq=72 rtt=3 ticks (50 ms)
[00049033][DBG] PING seq=73 size=4096 sent
[00049083][DBG] PONG seq=73 rtt=3 ticks (50 ms)
[00049133][DBG] PING seq=74 size=4096 sent
[00049266][DBG] PONG seq=74 rtt=8 ticks (133 ms)
[00049266][DBG] PING seq=75 size=4096 sent
[00049316][DBG] PONG seq=75 rtt=3 ticks (50 ms)
[00049366][DBG] PING seq=76 size=4096 sent
[00049416][DBG] PONG seq=76 rtt=3 ticks (50 ms)
[00049466][DBG] PING seq=77 size=4096 sent
[00049516][DBG] PONG seq=77 rtt=3 ticks (50 ms)
[00049566][DBG] PING seq=78 size=4096 sent
[00049616][DBG] PONG seq=78 rtt=3 ticks (50 ms)
[00049666][DBG] PING seq=79 size=4096 sent
[00049716][DBG] PONG seq=79 rtt=3 ticks (50 ms)
[00049766][DBG] PING seq=80 size=4096 sent
[00049816][DBG] PONG seq=80 rtt=3 ticks (50 ms)
[00049866][DBG] PING seq=81 size=4096 sent
[00049916][DBG] PONG seq=81 rtt=3 ticks (50 ms)
[00049966][DBG] PING seq=82 size=4096 sent
[00050033][DBG] PONG seq=82 rtt=4 ticks (66 ms)
[00050066][DBG] PING seq=83 size=4096 sent
[00050116][DBG] PONG seq=83 rtt=3 ticks (50 ms)
[00050166][DBG] PING seq=84 size=4096 sent
[00050216][DBG] PONG seq=84 rtt=3 ticks (50 ms)
[00050266][DBG] PING seq=85 size=4096 sent
[00050316][DBG] PONG seq=85 rtt=3 ticks (50 ms)
[00050366][DBG] PING seq=86 size=4096 sent
[00050416][DBG] PONG seq=86 rtt=3 ticks (50 ms)
[00050466][DBG] PING seq=87 size=4096 sent
[00050516][DBG] PONG seq=87 rtt=3 ticks (50 ms)
[00050566][DBG] PING seq=88 size=4096 sent
[00050616][DBG] PONG seq=88 rtt=3 ticks (50 ms)
[00050666][DBG] PING seq=89 size=4096 sent
[00050716][DBG] PONG seq=89 rtt=3 ticks (50 ms)
[00050766][DBG] PING seq=90 size=4096 sent
[00050816][DBG] PONG seq=90 rtt=3 ticks (50 ms)
[00050866][DBG] PING seq=91 size=4096 sent
[00050883][INF] DISCOVERED: "PerfPartner" at 10.188.1.173:7354
[00050933][DBG] PONG seq=91 rtt=4 ticks (66 ms)
[00050966][DBG] PING seq=92 size=4096 sent
[00051033][DBG] PONG seq=92 rtt=4 ticks (66 ms)
[00051066][DBG] PING seq=93 size=4096 sent
[00051116][DBG] PONG seq=93 rtt=3 ticks (50 ms)
[00051166][DBG] PING seq=94 size=4096 sent
[00051216][DBG] PONG seq=94 rtt=3 ticks (50 ms)
[00051266][DBG] PING seq=95 size=4096 sent
[00051316][DBG] PONG seq=95 rtt=3 ticks (50 ms)
[00051366][DBG] PING seq=96 size=4096 sent
[00051416][DBG] PONG seq=96 rtt=3 ticks (50 ms)
[00051466][DBG] PING seq=97 size=4096 sent
[00051516][DBG] PONG seq=97 rtt=3 ticks (50 ms)
[00051566][DBG] PING seq=98 size=4096 sent
[00051616][DBG] PONG seq=98 rtt=3 ticks (50 ms)
[00051666][DBG] PING seq=99 size=4096 sent
[00051716][DBG] PONG seq=99 rtt=3 ticks (50 ms)
[00051750][INF] SIZE 4096: min=50 max=133 avg=50 ms (sent=100 recv=100 lost=0)
[00051750][INF] All latency tests complete
[00051750][INF] ========================================
[00051750][INF] LATENCY TEST RESULTS
[00051750][INF] ========================================
[00051750][INF] Size   Min  Avg  Max  Sent Recv Lost
[00051750][INF] ----  ---- ---- ---- ---- ---- ----
[00051750][INF]   16B    0    0  100  100  100    0
[00051750][INF]   64B    0    0   16  100  100    0
[00051766][INF]  256B    0    0  133  101  100    0
[00051766][INF] 1024B   16   16  750  100  100    0
[00051766][INF] 4096B   50   50  133  100  100    0
[00051766][INF] ----  ---- ---- ---- ---- ---- ----
[00051766][INF] Total               501  500    0
[00051766][INF] 
[00051766][INF] ======== LATENCY METRICS ========
[00051766][INF] SIZE 16: min=0 max=100 avg=0 ms (sent=100 recv=100 lost=0)
[00051766][INF] SIZE 64: min=0 max=16 avg=0 ms (sent=100 recv=100 lost=0)
[00051783][INF] SIZE 256: min=0 max=133 avg=0 ms (sent=101 recv=100 lost=0)
[00051783][INF] SIZE 1024: min=16 max=750 avg=16 ms (sent=100 recv=100 lost=0)
[00051783][INF] SIZE 4096: min=50 max=133 avg=50 ms (sent=100 recv=100 lost=0)
[00051783][INF] ========================================
[00051800][INF] Streaming 31593 bytes of logs to partner...
[00052333][INF] Log streaming complete: 31646 bytes sent
[00052333][INF] ========================================
[00052333][INF] TEST EXITING - cleaning up...
[00052333][INF] ========================================
[00000033][INF] ========================================
[00000033][INF] PeerTalk Latency Test
[00000033][INF] Version: 1.0.0
[00000033][INF] ========================================
[00000033][INF] Buffer pool: 4 buffers × 4KB
[00000033][INF] Initializing PeerTalk...
[00000100][INF] Waiting for peer...
[00000100][INF] Press any key to exit.
[00009033][INF] DISCOVERED: "PerfPartner" at 10.188.1.173:7354
[00009033][INF] Connecting to peer...
[00009133][INF] CONNECTED to peer 1
[00009133][INF] Starting latency test with size 16
[00009166][DBG] PING seq=0 size=16 sent
[00009200][DBG] PONG seq=0 rtt=2 ticks (33 ms)
[00009266][DBG] PING seq=1 size=16 sent
[00009266][DBG] PONG seq=1 rtt=0 ticks (0 ms)
[00009366][DBG] PING seq=2 size=16 sent
[00009383][DBG] PONG seq=2 rtt=1 ticks (16 ms)
[00009466][DBG] PING seq=3 size=16 sent
[00009466][DBG] PONG seq=3 rtt=0 ticks (0 ms)
[00009566][DBG] PING seq=4 size=16 sent
[00009566][DBG] PONG seq=4 rtt=0 ticks (0 ms)
[00009666][DBG] PING seq=5 size=16 sent
[00009666][DBG] PONG seq=5 rtt=0 ticks (0 ms)
[00009766][DBG] PING seq=6 size=16 sent
[00009766][DBG] PONG seq=6 rtt=0 ticks (0 ms)
[00009866][DBG] PING seq=7 size=16 sent
[00009883][DBG] PONG seq=7 rtt=1 ticks (16 ms)
[00009966][DBG] PING seq=8 size=16 sent
[00009966][DBG] PONG seq=8 rtt=0 ticks (0 ms)
[00010066][DBG] PING seq=9 size=16 sent
[00010066][DBG] PONG seq=9 rtt=0 ticks (0 ms)
[00010166][DBG] PING seq=10 size=16 sent
[00010183][DBG] PONG seq=10 rtt=1 ticks (16 ms)
[00010266][DBG] PING seq=11 size=16 sent
[00010266][DBG] PONG seq=11 rtt=0 ticks (0 ms)
[00010366][DBG] PING seq=12 size=16 sent
[00010366][DBG] PONG seq=12 rtt=0 ticks (0 ms)
[00010466][DBG] PING seq=13 size=16 sent
[00010466][DBG] PONG seq=13 rtt=0 ticks (0 ms)
[00010566][DBG] PING seq=14 size=16 sent
[00010566][DBG] PONG seq=14 rtt=0 ticks (0 ms)
[00010666][DBG] PING seq=15 size=16 sent
[00010666][DBG] PONG seq=15 rtt=0 ticks (0 ms)
[00010766][DBG] PING seq=16 size=16 sent
[00010766][DBG] PONG seq=16 rtt=0 ticks (0 ms)
[00010866][DBG] PING seq=17 size=16 sent
[00010866][DBG] PONG seq=17 rtt=0 ticks (0 ms)
[00010966][DBG] PING seq=18 size=16 sent
[00010966][DBG] PONG seq=18 rtt=0 ticks (0 ms)
[00011066][DBG] PING seq=19 size=16 sent
[00011066][DBG] PONG seq=19 rtt=0 ticks (0 ms)
[00011166][DBG] PING seq=20 size=16 sent
[00011183][DBG] PONG seq=20 rtt=1 ticks (16 ms)
[00011266][DBG] PING seq=21 size=16 sent
[00011283][DBG] PONG seq=21 rtt=1 ticks (16 ms)
[00011366][DBG] PING seq=22 size=16 sent
[00011366][DBG] PONG seq=22 rtt=0 ticks (0 ms)
[00011466][DBG] PING seq=23 size=16 sent
[00011466][DBG] PONG seq=23 rtt=0 ticks (0 ms)
[00011566][DBG] PING seq=24 size=16 sent
[00011566][DBG] PONG seq=24 rtt=0 ticks (0 ms)
[00011666][DBG] PING seq=25 size=16 sent
[00011666][DBG] PONG seq=25 rtt=0 ticks (0 ms)
[00011766][DBG] PING seq=26 size=16 sent
[00011783][DBG] PONG seq=26 rtt=1 ticks (16 ms)
[00011866][DBG] PING seq=27 size=16 sent
[00011866][DBG] PONG seq=27 rtt=0 ticks (0 ms)
[00011966][DBG] PING seq=28 size=16 sent
[00011966][DBG] PONG seq=28 rtt=0 ticks (0 ms)
[00012066][DBG] PING seq=29 size=16 sent
[00012066][DBG] PONG seq=29 rtt=0 ticks (0 ms)
[00012166][DBG] PING seq=30 size=16 sent
[00012166][DBG] PONG seq=30 rtt=0 ticks (0 ms)
[00012266][DBG] PING seq=31 size=16 sent
[00012266][DBG] PONG seq=31 rtt=0 ticks (0 ms)
[00012366][DBG] PING seq=32 size=16 sent
[00012366][DBG] PONG seq=32 rtt=0 ticks (0 ms)
[00012466][DBG] PING seq=33 size=16 sent
[00012483][DBG] PONG seq=33 rtt=1 ticks (16 ms)
[00012566][DBG] PING seq=34 size=16 sent
[00012566][DBG] PONG seq=34 rtt=0 ticks (0 ms)
[00012666][DBG] PING seq=35 size=16 sent
[00012683][DBG] PONG seq=35 rtt=1 ticks (16 ms)
[00012766][DBG] PING seq=36 size=16 sent
[00012783][DBG] PONG seq=36 rtt=1 ticks (16 ms)
[00012866][DBG] PING seq=37 size=16 sent
[00012883][DBG] PONG seq=37 rtt=1 ticks (16 ms)
[00012966][DBG] PING seq=38 size=16 sent
[00012966][DBG] PONG seq=38 rtt=0 ticks (0 ms)
[00013066][DBG] PING seq=39 size=16 sent
[00013066][DBG] PONG seq=39 rtt=0 ticks (0 ms)
[00013166][DBG] PING seq=40 size=16 sent
[00013200][DBG] PONG seq=40 rtt=2 ticks (33 ms)
[00013266][DBG] PING seq=41 size=16 sent
[00014366][DBG] PONG seq=41 rtt=66 ticks (1100 ms)
[00014366][DBG] PING seq=42 size=16 sent
[00014366][DBG] PONG seq=42 rtt=0 ticks (0 ms)
[00014466][DBG] PING seq=43 size=16 sent
[00014466][DBG] PONG seq=43 rtt=0 ticks (0 ms)
[00014566][DBG] PING seq=44 size=16 sent
[00014566][DBG] PONG seq=44 rtt=0 ticks (0 ms)
[00014666][DBG] PING seq=45 size=16 sent
[00014666][DBG] PONG seq=45 rtt=0 ticks (0 ms)
[00014766][DBG] PING seq=46 size=16 sent
[00014766][DBG] PONG seq=46 rtt=0 ticks (0 ms)
[00014866][DBG] PING seq=47 size=16 sent
[00014883][DBG] PONG seq=47 rtt=1 ticks (16 ms)
[00014966][DBG] PING seq=48 size=16 sent
[00014966][DBG] PONG seq=48 rtt=0 ticks (0 ms)
[00015066][DBG] PING seq=49 size=16 sent
[00015100][DBG] PONG seq=49 rtt=2 ticks (33 ms)
[00015166][DBG] PING seq=50 size=16 sent
[00015183][DBG] PONG seq=50 rtt=1 ticks (16 ms)
[00015266][DBG] PING seq=51 size=16 sent
[00015266][DBG] PONG seq=51 rtt=0 ticks (0 ms)
[00015366][DBG] PING seq=52 size=16 sent
[00015366][DBG] PONG seq=52 rtt=0 ticks (0 ms)
[00015466][DBG] PING seq=53 size=16 sent
[00015483][DBG] PONG seq=53 rtt=1 ticks (16 ms)
[00015566][DBG] PING seq=54 size=16 sent
[00015583][DBG] PONG seq=54 rtt=1 ticks (16 ms)
[00015666][DBG] PING seq=55 size=16 sent
[00015666][DBG] PONG seq=55 rtt=0 ticks (0 ms)
[00015766][DBG] PING seq=56 size=16 sent
[00015766][DBG] PONG seq=56 rtt=0 ticks (0 ms)
[00015866][DBG] PING seq=57 size=16 sent
[00015866][DBG] PONG seq=57 rtt=0 ticks (0 ms)
[00015966][DBG] PING seq=58 size=16 sent
[00015966][DBG] PONG seq=58 rtt=0 ticks (0 ms)
[00016066][DBG] PING seq=59 size=16 sent
[00016066][DBG] PONG seq=59 rtt=0 ticks (0 ms)
[00016166][DBG] PING seq=60 size=16 sent
[00016166][DBG] PONG seq=60 rtt=0 ticks (0 ms)
[00016266][DBG] PING seq=61 size=16 sent
[00016283][DBG] PONG seq=61 rtt=1 ticks (16 ms)
[00016366][DBG] PING seq=62 size=16 sent
[00016366][DBG] PONG seq=62 rtt=0 ticks (0 ms)
[00016466][DBG] PING seq=63 size=16 sent
[00016483][DBG] PONG seq=63 rtt=1 ticks (16 ms)
[00016566][DBG] PING seq=64 size=16 sent
[00016583][DBG] PONG seq=64 rtt=1 ticks (16 ms)
[00016666][DBG] PING seq=65 size=16 sent
[00016683][DBG] PONG seq=65 rtt=1 ticks (16 ms)
[00016766][DBG] PING seq=66 size=16 sent
[00016766][DBG] PONG seq=66 rtt=0 ticks (0 ms)
[00016866][DBG] PING seq=67 size=16 sent
[00016866][DBG] PONG seq=67 rtt=0 ticks (0 ms)
[00016966][DBG] PING seq=68 size=16 sent
[00016966][DBG] PONG seq=68 rtt=0 ticks (0 ms)
[00017066][DBG] PING seq=69 size=16 sent
[00017066][DBG] PONG seq=69 rtt=0 ticks (0 ms)
[00017166][DBG] PING seq=70 size=16 sent
[00017166][DBG] PONG seq=70 rtt=0 ticks (0 ms)
[00017266][DBG] PING seq=71 size=16 sent
[00017283][DBG] PONG seq=71 rtt=1 ticks (16 ms)
[00017366][DBG] PING seq=72 size=16 sent
[00017383][DBG] PONG seq=72 rtt=1 ticks (16 ms)
[00017466][DBG] PING seq=73 size=16 sent
[00017466][DBG] PONG seq=73 rtt=0 ticks (0 ms)
[00017566][DBG] PING seq=74 size=16 sent
[00017600][DBG] PONG seq=74 rtt=2 ticks (33 ms)
[00017666][DBG] PING seq=75 size=16 sent
[00017666][DBG] PONG seq=75 rtt=0 ticks (0 ms)
[00017766][DBG] PING seq=76 size=16 sent
[00017766][DBG] PONG seq=76 rtt=0 ticks (0 ms)
[00017866][DBG] PING seq=77 size=16 sent
[00017900][DBG] PONG seq=77 rtt=2 ticks (33 ms)
[00017966][DBG] PING seq=78 size=16 sent
[00017966][DBG] PONG seq=78 rtt=0 ticks (0 ms)
[00018066][DBG] PING seq=79 size=16 sent
[00018100][DBG] PONG seq=79 rtt=2 ticks (33 ms)
[00018166][DBG] PING seq=80 size=16 sent
[00018166][DBG] PONG seq=80 rtt=0 ticks (0 ms)
[00018266][DBG] PING seq=81 size=16 sent
[00018266][DBG] PONG seq=81 rtt=0 ticks (0 ms)
[00018366][DBG] PING seq=82 size=16 sent
[00018366][DBG] PONG seq=82 rtt=0 ticks (0 ms)
[00018466][DBG] PING seq=83 size=16 sent
[00018483][DBG] PONG seq=83 rtt=1 ticks (16 ms)
[00018566][DBG] PING seq=84 size=16 sent
[00018566][DBG] PONG seq=84 rtt=0 ticks (0 ms)
[00018666][DBG] PING seq=85 size=16 sent
[00018666][DBG] PONG seq=85 rtt=0 ticks (0 ms)
[00018766][DBG] PING seq=86 size=16 sent
[00018766][DBG] PONG seq=86 rtt=0 ticks (0 ms)
[00018866][DBG] PING seq=87 size=16 sent
[00018866][DBG] PONG seq=87 rtt=0 ticks (0 ms)
[00018966][DBG] PING seq=88 size=16 sent
[00018966][DBG] PONG seq=88 rtt=0 ticks (0 ms)
[00019066][DBG] PING seq=89 size=16 sent
[00019066][DBG] PONG seq=89 rtt=0 ticks (0 ms)
[00019116][INF] DISCOVERED: "PerfPartner" at 10.188.1.173:7354
[00019166][DBG] PING seq=90 size=16 sent
[00019166][DBG] PONG seq=90 rtt=0 ticks (0 ms)
[00019266][DBG] PING seq=91 size=16 sent
[00019266][DBG] PONG seq=91 rtt=0 ticks (0 ms)
[00019366][DBG] PING seq=92 size=16 sent
[00019366][DBG] PONG seq=92 rtt=0 ticks (0 ms)
[00019466][DBG] PING seq=93 size=16 sent
[00019483][DBG] PONG seq=93 rtt=1 ticks (16 ms)
[00019566][DBG] PING seq=94 size=16 sent
[00019566][DBG] PONG seq=94 rtt=0 ticks (0 ms)
[00019666][DBG] PING seq=95 size=16 sent
[00019666][DBG] PONG seq=95 rtt=0 ticks (0 ms)
[00019766][DBG] PING seq=96 size=16 sent
[00019766][DBG] PONG seq=96 rtt=0 ticks (0 ms)
[00019866][DBG] PING seq=97 size=16 sent
[00019866][DBG] PONG seq=97 rtt=0 ticks (0 ms)
[00019966][DBG] PING seq=98 size=16 sent
[00019966][DBG] PONG seq=98 rtt=0 ticks (0 ms)
[00020066][DBG] PING seq=99 size=16 sent
[00020066][DBG] PONG seq=99 rtt=0 ticks (0 ms)
[00020100][INF] SIZE 16: min=0 max=1100 avg=16 ms (sent=100 recv=100 lost=0)
[00020100][INF] Starting size 64 test
[00020166][DBG] PING seq=0 size=64 sent
[00020166][DBG] PONG seq=0 rtt=0 ticks (0 ms)
[00020266][DBG] PING seq=1 size=64 sent
[00020266][DBG] PONG seq=1 rtt=0 ticks (0 ms)
[00020366][DBG] PING seq=2 size=64 sent
[00020366][DBG] PONG seq=2 rtt=0 ticks (0 ms)
[00020466][DBG] PING seq=3 size=64 sent
[00020466][DBG] PONG seq=3 rtt=0 ticks (0 ms)
[00020566][DBG] PING seq=4 size=64 sent
[00020566][DBG] PONG seq=4 rtt=0 ticks (0 ms)
[00020666][DBG] PING seq=5 size=64 sent
[00020666][DBG] PONG seq=5 rtt=0 ticks (0 ms)
[00020766][DBG] PING seq=6 size=64 sent
[00020783][DBG] PONG seq=6 rtt=1 ticks (16 ms)
[00020866][DBG] PING seq=7 size=64 sent
[00020866][DBG] PONG seq=7 rtt=0 ticks (0 ms)
[00020966][DBG] PING seq=8 size=64 sent
[00020966][DBG] PONG seq=8 rtt=0 ticks (0 ms)
[00021066][DBG] PING seq=9 size=64 sent
[00021066][DBG] PONG seq=9 rtt=0 ticks (0 ms)
[00021166][DBG] PING seq=10 size=64 sent
[00021166][DBG] PONG seq=10 rtt=0 ticks (0 ms)
[00021266][DBG] PING seq=11 size=64 sent
[00021266][DBG] PONG seq=11 rtt=0 ticks (0 ms)
[00021366][DBG] PING seq=12 size=64 sent
[00021366][DBG] PONG seq=12 rtt=0 ticks (0 ms)
[00021466][DBG] PING seq=13 size=64 sent
[00021466][DBG] PONG seq=13 rtt=0 ticks (0 ms)
[00021566][DBG] PING seq=14 size=64 sent
[00021566][DBG] PONG seq=14 rtt=0 ticks (0 ms)
[00021666][DBG] PING seq=15 size=64 sent
[00021666][DBG] PONG seq=15 rtt=0 ticks (0 ms)
[00021766][DBG] PING seq=16 size=64 sent
[00021783][DBG] PONG seq=16 rtt=1 ticks (16 ms)
[00021866][DBG] PING seq=17 size=64 sent
[00021866][DBG] PONG seq=17 rtt=0 ticks (0 ms)
[00021966][DBG] PING seq=18 size=64 sent
[00021983][DBG] PONG seq=18 rtt=1 ticks (16 ms)
[00022066][DBG] PING seq=19 size=64 sent
[00022066][DBG] PONG seq=19 rtt=0 ticks (0 ms)
[00022166][DBG] PING seq=20 size=64 sent
[00022166][DBG] PONG seq=20 rtt=0 ticks (0 ms)
[00022266][DBG] PING seq=21 size=64 sent
[00022266][DBG] PONG seq=21 rtt=0 ticks (0 ms)
[00022366][DBG] PING seq=22 size=64 sent
[00022366][DBG] PONG seq=22 rtt=0 ticks (0 ms)
[00022466][DBG] PING seq=23 size=64 sent
[00022466][DBG] PONG seq=23 rtt=0 ticks (0 ms)
[00022566][DBG] PING seq=24 size=64 sent
[00022566][DBG] PONG seq=24 rtt=0 ticks (0 ms)
[00022666][DBG] PING seq=25 size=64 sent
[00022666][DBG] PONG seq=25 rtt=0 ticks (0 ms)
[00022766][DBG] PING seq=26 size=64 sent
[00022766][DBG] PONG seq=26 rtt=0 ticks (0 ms)
[00022866][DBG] PING seq=27 size=64 sent
[00022866][DBG] PONG seq=27 rtt=0 ticks (0 ms)
[00022966][DBG] PING seq=28 size=64 sent
[00022983][DBG] PONG seq=28 rtt=1 ticks (16 ms)
[00023066][DBG] PING seq=29 size=64 sent
[00023066][DBG] PONG seq=29 rtt=0 ticks (0 ms)
[00023166][DBG] PING seq=30 size=64 sent
[00023166][DBG] PONG seq=30 rtt=0 ticks (0 ms)
[00023266][DBG] PING seq=31 size=64 sent
[00023283][DBG] PONG seq=31 rtt=1 ticks (16 ms)
[00023366][DBG] PING seq=32 size=64 sent
[00023366][DBG] PONG seq=32 rtt=0 ticks (0 ms)
[00023466][DBG] PING seq=33 size=64 sent
[00023466][DBG] PONG seq=33 rtt=0 ticks (0 ms)
[00023566][DBG] PING seq=34 size=64 sent
[00023566][DBG] PONG seq=34 rtt=0 ticks (0 ms)
[00023666][DBG] PING seq=35 size=64 sent
[00023666][DBG] PONG seq=35 rtt=0 ticks (0 ms)
[00023766][DBG] PING seq=36 size=64 sent
[00023766][DBG] PONG seq=36 rtt=0 ticks (0 ms)
[00023866][DBG] PING seq=37 size=64 sent
[00023883][DBG] PONG seq=37 rtt=1 ticks (16 ms)
[00023966][DBG] PING seq=38 size=64 sent
[00023966][DBG] PONG seq=38 rtt=0 ticks (0 ms)
[00024066][DBG] PING seq=39 size=64 sent
[00024066][DBG] PONG seq=39 rtt=0 ticks (0 ms)
[00024166][DBG] PING seq=40 size=64 sent
[00024166][DBG] PONG seq=40 rtt=0 ticks (0 ms)
[00024266][DBG] PING seq=41 size=64 sent
[00024266][DBG] PONG seq=41 rtt=0 ticks (0 ms)
[00024366][DBG] PING seq=42 size=64 sent
[00024366][DBG] PONG seq=42 rtt=0 ticks (0 ms)
[00024466][DBG] PING seq=43 size=64 sent
[00024466][DBG] PONG seq=43 rtt=0 ticks (0 ms)
[00024566][DBG] PING seq=44 size=64 sent
[00024566][DBG] PONG seq=44 rtt=0 ticks (0 ms)
[00024666][DBG] PING seq=45 size=64 sent
[00024666][DBG] PONG seq=45 rtt=0 ticks (0 ms)
[00024766][DBG] PING seq=46 size=64 sent
[00024766][DBG] PONG seq=46 rtt=0 ticks (0 ms)
[00024866][DBG] PING seq=47 size=64 sent
[00024866][DBG] PONG seq=47 rtt=0 ticks (0 ms)
[00024966][DBG] PING seq=48 size=64 sent
[00024966][DBG] PONG seq=48 rtt=0 ticks (0 ms)
[00025066][DBG] PING seq=49 size=64 sent
[00025066][DBG] PONG seq=49 rtt=0 ticks (0 ms)
[00025166][DBG] PING seq=50 size=64 sent
[00025166][DBG] PONG seq=50 rtt=0 ticks (0 ms)
[00025266][DBG] PING seq=51 size=64 sent
[00025266][DBG] PONG seq=51 rtt=0 ticks (0 ms)
[00025366][DBG] PING seq=52 size=64 sent
[00025366][DBG] PONG seq=52 rtt=0 ticks (0 ms)
[00025466][DBG] PING seq=53 size=64 sent
[00025466][DBG] PONG seq=53 rtt=0 ticks (0 ms)
[00025566][DBG] PING seq=54 size=64 sent
[00025583][DBG] PONG seq=54 rtt=1 ticks (16 ms)
[00025666][DBG] PING seq=55 size=64 sent
[00025666][DBG] PONG seq=55 rtt=0 ticks (0 ms)
[00025766][DBG] PING seq=56 size=64 sent
[00025766][DBG] PONG seq=56 rtt=0 ticks (0 ms)
[00025866][DBG] PING seq=57 size=64 sent
[00025866][DBG] PONG seq=57 rtt=0 ticks (0 ms)
[00025966][DBG] PING seq=58 size=64 sent
[00025983][DBG] PONG seq=58 rtt=1 ticks (16 ms)
[00026066][DBG] PING seq=59 size=64 sent
[00026083][DBG] PONG seq=59 rtt=1 ticks (16 ms)
[00026166][DBG] PING seq=60 size=64 sent
[00026166][DBG] PONG seq=60 rtt=0 ticks (0 ms)
[00026266][DBG] PING seq=61 size=64 sent
[00026266][DBG] PONG seq=61 rtt=0 ticks (0 ms)
[00026366][DBG] PING seq=62 size=64 sent
[00026366][DBG] PONG seq=62 rtt=0 ticks (0 ms)
[00026466][DBG] PING seq=63 size=64 sent
[00026466][DBG] PONG seq=63 rtt=0 ticks (0 ms)
[00026566][DBG] PING seq=64 size=64 sent
[00026566][DBG] PONG seq=64 rtt=0 ticks (0 ms)
[00026666][DBG] PING seq=65 size=64 sent
[00026683][DBG] PONG seq=65 rtt=1 ticks (16 ms)
[00026766][DBG] PING seq=66 size=64 sent
[00026766][DBG] PONG seq=66 rtt=0 ticks (0 ms)
[00026866][DBG] PING seq=67 size=64 sent
[00026866][DBG] PONG seq=67 rtt=0 ticks (0 ms)
[00026966][DBG] PING seq=68 size=64 sent
[00026966][DBG] PONG seq=68 rtt=0 ticks (0 ms)
[00027066][DBG] PING seq=69 size=64 sent
[00027066][DBG] PONG seq=69 rtt=0 ticks (0 ms)
[00027166][DBG] PING seq=70 size=64 sent
[00027166][DBG] PONG seq=70 rtt=0 ticks (0 ms)
[00027266][DBG] PING seq=71 size=64 sent
[00027266][DBG] PONG seq=71 rtt=0 ticks (0 ms)
[00027366][DBG] PING seq=72 size=64 sent
[00027366][DBG] PONG seq=72 rtt=0 ticks (0 ms)
[00027466][DBG] PING seq=73 size=64 sent
[00027466][DBG] PONG seq=73 rtt=0 ticks (0 ms)
[00027566][DBG] PING seq=74 size=64 sent
[00027566][DBG] PONG seq=74 rtt=0 ticks (0 ms)
[00027666][DBG] PING seq=75 size=64 sent
[00027666][DBG] PONG seq=75 rtt=0 ticks (0 ms)
[00027766][DBG] PING seq=76 size=64 sent
[00027783][DBG] PONG seq=76 rtt=1 ticks (16 ms)
[00027866][DBG] PING seq=77 size=64 sent
[00027883][DBG] PONG seq=77 rtt=1 ticks (16 ms)
[00027966][DBG] PING seq=78 size=64 sent
[00027966][DBG] PONG seq=78 rtt=0 ticks (0 ms)
[00028066][DBG] PING seq=79 size=64 sent
[00028066][DBG] PONG seq=79 rtt=0 ticks (0 ms)
[00028166][DBG] PING seq=80 size=64 sent
[00028166][DBG] PONG seq=80 rtt=0 ticks (0 ms)
[00028266][DBG] PING seq=81 size=64 sent
[00028266][DBG] PONG seq=81 rtt=0 ticks (0 ms)
[00028366][DBG] PING seq=82 size=64 sent
[00028366][DBG] PONG seq=82 rtt=0 ticks (0 ms)
[00028466][DBG] PING seq=83 size=64 sent
[00028466][DBG] PONG seq=83 rtt=0 ticks (0 ms)
[00028566][DBG] PING seq=84 size=64 sent
[00028583][DBG] PONG seq=84 rtt=1 ticks (16 ms)
[00028666][DBG] PING seq=85 size=64 sent
[00028683][DBG] PONG seq=85 rtt=1 ticks (16 ms)
[00028766][DBG] PING seq=86 size=64 sent
[00028766][DBG] PONG seq=86 rtt=0 ticks (0 ms)
[00028866][DBG] PING seq=87 size=64 sent
[00028883][DBG] PONG seq=87 rtt=1 ticks (16 ms)
[00028950][INF] DISCOVERED: "PerfPartner" at 10.188.1.173:7354
[00028966][DBG] PING seq=88 size=64 sent
[00028966][DBG] PONG seq=88 rtt=0 ticks (0 ms)
[00029066][DBG] PING seq=89 size=64 sent
[00029083][DBG] PONG seq=89 rtt=1 ticks (16 ms)
[00029166][DBG] PING seq=90 size=64 sent
[00029166][DBG] PONG seq=90 rtt=0 ticks (0 ms)
[00029266][DBG] PING seq=91 size=64 sent
[00029283][DBG] PONG seq=91 rtt=1 ticks (16 ms)
[00029366][DBG] PING seq=92 size=64 sent
[00029366][DBG] PONG seq=92 rtt=0 ticks (0 ms)
[00029466][DBG] PING seq=93 size=64 sent
[00029466][DBG] PONG seq=93 rtt=0 ticks (0 ms)
[00029566][DBG] PING seq=94 size=64 sent
[00029566][DBG] PONG seq=94 rtt=0 ticks (0 ms)
[00029666][DBG] PING seq=95 size=64 sent
[00029666][DBG] PONG seq=95 rtt=0 ticks (0 ms)
[00029766][DBG] PING seq=96 size=64 sent
[00029766][DBG] PONG seq=96 rtt=0 ticks (0 ms)
[00029866][DBG] PING seq=97 size=64 sent
[00029866][DBG] PONG seq=97 rtt=0 ticks (0 ms)
[00029966][DBG] PING seq=98 size=64 sent
[00029966][DBG] PONG seq=98 rtt=0 ticks (0 ms)
[00030066][DBG] PING seq=99 size=64 sent
[00030066][DBG] PONG seq=99 rtt=0 ticks (0 ms)
[00030100][INF] SIZE 64: min=0 max=16 avg=0 ms (sent=100 recv=100 lost=0)
[00030100][INF] Starting size 256 test
[00030166][DBG] PING seq=0 size=256 sent
[00030166][DBG] PONG seq=0 rtt=0 ticks (0 ms)
[00030266][DBG] PING seq=1 size=256 sent
[00030283][DBG] PONG seq=1 rtt=1 ticks (16 ms)
[00030366][DBG] PING seq=2 size=256 sent
[00030366][DBG] PONG seq=2 rtt=0 ticks (0 ms)
[00030466][DBG] PING seq=3 size=256 sent
[00030483][DBG] PONG seq=3 rtt=1 ticks (16 ms)
[00030566][DBG] PING seq=4 size=256 sent
[00030566][DBG] PONG seq=4 rtt=0 ticks (0 ms)
[00030666][DBG] PING seq=5 size=256 sent
[00030683][DBG] PONG seq=5 rtt=1 ticks (16 ms)
[00030766][DBG] PING seq=6 size=256 sent
[00030766][DBG] PONG seq=6 rtt=0 ticks (0 ms)
[00030866][DBG] PING seq=7 size=256 sent
[00030866][DBG] PONG seq=7 rtt=0 ticks (0 ms)
[00030966][DBG] PING seq=8 size=256 sent
[00030966][DBG] PONG seq=8 rtt=0 ticks (0 ms)
[00031066][DBG] PING seq=9 size=256 sent
[00031083][DBG] PONG seq=9 rtt=1 ticks (16 ms)
[00031200][DBG] PING seq=10 size=256 sent
[00031300][DBG] PONG seq=10 rtt=7 ticks (116 ms)
[00031300][DBG] PING seq=11 size=256 sent
[00031316][DBG] PONG seq=11 rtt=1 ticks (16 ms)
[00031400][DBG] PING seq=12 size=256 sent
[00031416][DBG] PONG seq=12 rtt=1 ticks (16 ms)
[00031500][DBG] PING seq=13 size=256 sent
[00031500][DBG] PONG seq=13 rtt=0 ticks (0 ms)
[00031600][DBG] PING seq=14 size=256 sent
[00031600][DBG] PONG seq=14 rtt=0 ticks (0 ms)
[00031700][DBG] PING seq=15 size=256 sent
[00031700][DBG] PONG seq=15 rtt=0 ticks (0 ms)
[00031800][DBG] PING seq=16 size=256 sent
[00031816][DBG] PONG seq=16 rtt=1 ticks (16 ms)
[00031900][DBG] PING seq=17 size=256 sent
[00031900][DBG] PONG seq=17 rtt=0 ticks (0 ms)
[00032000][DBG] PING seq=18 size=256 sent
[00032016][DBG] PONG seq=18 rtt=1 ticks (16 ms)
[00032100][DBG] PING seq=19 size=256 sent
[00032100][DBG] PONG seq=19 rtt=0 ticks (0 ms)
[00032200][DBG] PING seq=20 size=256 sent
[00032200][DBG] PONG seq=20 rtt=0 ticks (0 ms)
[00032300][DBG] PING seq=21 size=256 sent
[00032300][DBG] PONG seq=21 rtt=0 ticks (0 ms)
[00032400][DBG] PING seq=22 size=256 sent
[00032416][DBG] PONG seq=22 rtt=1 ticks (16 ms)
[00032500][DBG] PING seq=23 size=256 sent
[00032500][DBG] PONG seq=23 rtt=0 ticks (0 ms)
[00032600][DBG] PING seq=24 size=256 sent
[00032600][DBG] PONG seq=24 rtt=0 ticks (0 ms)
[00032700][DBG] PING seq=25 size=256 sent
[00032700][DBG] PONG seq=25 rtt=0 ticks (0 ms)
[00032800][DBG] PING seq=26 size=256 sent
[00032816][DBG] PONG seq=26 rtt=1 ticks (16 ms)
[00032900][DBG] PING seq=27 size=256 sent
[00032900][DBG] PONG seq=27 rtt=0 ticks (0 ms)
[00033000][DBG] PING seq=28 size=256 sent
[00033000][DBG] PONG seq=28 rtt=0 ticks (0 ms)
[00033100][DBG] PING seq=29 size=256 sent
[00033100][DBG] PONG seq=29 rtt=0 ticks (0 ms)
[00033200][DBG] PING seq=30 size=256 sent
[00033266][DBG] PONG seq=30 rtt=4 ticks (66 ms)
[00033300][DBG] PING seq=31 size=256 sent
[00033316][DBG] PONG seq=31 rtt=1 ticks (16 ms)
[00033400][DBG] PING seq=32 size=256 sent
[00033400][DBG] PONG seq=32 rtt=0 ticks (0 ms)
[00033500][DBG] PING seq=33 size=256 sent
[00033500][DBG] PONG seq=33 rtt=0 ticks (0 ms)
[00033600][DBG] PING seq=34 size=256 sent
[00033600][DBG] PONG seq=34 rtt=0 ticks (0 ms)
[00033700][DBG] PING seq=35 size=256 sent
[00033700][DBG] PONG seq=35 rtt=0 ticks (0 ms)
[00033800][DBG] PING seq=36 size=256 sent
[00033800][DBG] PONG seq=36 rtt=0 ticks (0 ms)
[00033900][DBG] PING seq=37 size=256 sent
[00033900][DBG] PONG seq=37 rtt=0 ticks (0 ms)
[00034000][DBG] PING seq=38 size=256 sent
[00034016][DBG] PONG seq=38 rtt=1 ticks (16 ms)
[00034100][DBG] PING seq=39 size=256 sent
[00034100][DBG] PONG seq=39 rtt=0 ticks (0 ms)
[00034200][DBG] PING seq=40 size=256 sent
[00034266][DBG] PONG seq=40 rtt=4 ticks (66 ms)
[00034300][DBG] PING seq=41 size=256 sent
[00034300][DBG] PONG seq=41 rtt=0 ticks (0 ms)
[00034400][DBG] PING seq=42 size=256 sent
[00034400][DBG] PONG seq=42 rtt=0 ticks (0 ms)
[00034500][DBG] PING seq=43 size=256 sent
[00034500][DBG] PONG seq=43 rtt=0 ticks (0 ms)
[00034600][DBG] PING seq=44 size=256 sent
[00034600][DBG] PONG seq=44 rtt=0 ticks (0 ms)
[00034700][DBG] PING seq=45 size=256 sent
[00034700][DBG] PONG seq=45 rtt=0 ticks (0 ms)
[00034800][DBG] PING seq=46 size=256 sent
[00034800][DBG] PONG seq=46 rtt=0 ticks (0 ms)
[00034900][DBG] PING seq=47 size=256 sent
[00034900][DBG] PONG seq=47 rtt=0 ticks (0 ms)
[00035000][DBG] PING seq=48 size=256 sent
[00035000][DBG] PONG seq=48 rtt=0 ticks (0 ms)
[00035100][DBG] PING seq=49 size=256 sent
[00035100][DBG] PONG seq=49 rtt=0 ticks (0 ms)
[00035200][DBG] PING seq=50 size=256 sent
[00035216][DBG] PONG seq=50 rtt=1 ticks (16 ms)
[00035300][DBG] PING seq=51 size=256 sent
[00035300][DBG] PONG seq=51 rtt=0 ticks (0 ms)
[00035400][DBG] PING seq=52 size=256 sent
[00035400][DBG] PONG seq=52 rtt=0 ticks (0 ms)
[00035500][DBG] PING seq=53 size=256 sent
[00035500][DBG] PONG seq=53 rtt=0 ticks (0 ms)
[00035600][DBG] PING seq=54 size=256 sent
[00035600][DBG] PONG seq=54 rtt=0 ticks (0 ms)
[00035700][DBG] PING seq=55 size=256 sent
[00035700][DBG] PONG seq=55 rtt=0 ticks (0 ms)
[00035800][DBG] PING seq=56 size=256 sent
[00035800][DBG] PONG seq=56 rtt=0 ticks (0 ms)
[00035900][DBG] PING seq=57 size=256 sent
[00035916][DBG] PONG seq=57 rtt=1 ticks (16 ms)
[00036000][DBG] PING seq=58 size=256 sent
[00036000][DBG] PONG seq=58 rtt=0 ticks (0 ms)
[00036100][DBG] PING seq=59 size=256 sent
[00036100][DBG] PONG seq=59 rtt=0 ticks (0 ms)
[00036200][DBG] PING seq=60 size=256 sent
[00036200][DBG] PONG seq=60 rtt=0 ticks (0 ms)
[00036300][DBG] PING seq=61 size=256 sent
[00036300][DBG] PONG seq=61 rtt=0 ticks (0 ms)
[00036400][DBG] PING seq=62 size=256 sent
[00036400][DBG] PONG seq=62 rtt=0 ticks (0 ms)
[00036500][DBG] PING seq=63 size=256 sent
[00036500][DBG] PONG seq=63 rtt=0 ticks (0 ms)
[00036600][DBG] PING seq=64 size=256 sent
[00036600][DBG] PONG seq=64 rtt=0 ticks (0 ms)
[00036700][DBG] PING seq=65 size=256 sent
[00036700][DBG] PONG seq=65 rtt=0 ticks (0 ms)
[00036800][DBG] PING seq=66 size=256 sent
[00036800][DBG] PONG seq=66 rtt=0 ticks (0 ms)
[00036900][DBG] PING seq=67 size=256 sent
[00036900][DBG] PONG seq=67 rtt=0 ticks (0 ms)
[00037000][DBG] PING seq=68 size=256 sent
[00037000][DBG] PONG seq=68 rtt=0 ticks (0 ms)
[00037100][DBG] PING seq=69 size=256 sent
[00037116][DBG] PONG seq=69 rtt=1 ticks (16 ms)
[00037200][DBG] PING seq=70 size=256 sent
[00037216][DBG] PONG seq=70 rtt=1 ticks (16 ms)
[00037300][DBG] PING seq=71 size=256 sent
[00037300][DBG] PONG seq=71 rtt=0 ticks (0 ms)
[00037400][DBG] PING seq=72 size=256 sent
[00037400][DBG] PONG seq=72 rtt=0 ticks (0 ms)
[00037500][DBG] PING seq=73 size=256 sent
[00037500][DBG] PONG seq=73 rtt=0 ticks (0 ms)
[00037600][DBG] PING seq=74 size=256 sent
[00037600][DBG] PONG seq=74 rtt=0 ticks (0 ms)
[00037700][DBG] PING seq=75 size=256 sent
[00037716][DBG] PONG seq=75 rtt=1 ticks (16 ms)
[00037800][DBG] PING seq=76 size=256 sent
[00037800][DBG] PONG seq=76 rtt=0 ticks (0 ms)
[00037900][DBG] PING seq=77 size=256 sent
[00037900][DBG] PONG seq=77 rtt=0 ticks (0 ms)
[00038000][DBG] PING seq=78 size=256 sent
[00038000][DBG] PONG seq=78 rtt=0 ticks (0 ms)
[00038100][DBG] PING seq=79 size=256 sent
[00038100][DBG] PONG seq=79 rtt=0 ticks (0 ms)
[00038200][DBG] PING seq=80 size=256 sent
[00038200][DBG] PONG seq=80 rtt=0 ticks (0 ms)
[00038300][DBG] PING seq=81 size=256 sent
[00038300][DBG] PONG seq=81 rtt=0 ticks (0 ms)
[00038400][DBG] PING seq=82 size=256 sent
[00038400][DBG] PONG seq=82 rtt=0 ticks (0 ms)
[00038500][DBG] PING seq=83 size=256 sent
[00038500][DBG] PONG seq=83 rtt=0 ticks (0 ms)
[00038600][DBG] PING seq=84 size=256 sent
[00038600][DBG] PONG seq=84 rtt=0 ticks (0 ms)
[00038700][DBG] PING seq=85 size=256 sent
[00038700][DBG] PONG seq=85 rtt=0 ticks (0 ms)
[00038800][DBG] PING seq=86 size=256 sent
[00038800][DBG] PONG seq=86 rtt=0 ticks (0 ms)
[00038900][DBG] PING seq=87 size=256 sent
[00038900][DBG] PONG seq=87 rtt=0 ticks (0 ms)
[00039016][INF] DISCOVERED: "PerfPartner" at 10.188.1.173:7354
[00039016][DBG] PING seq=88 size=256 sent
[00039100][DBG] PONG seq=88 rtt=5 ticks (83 ms)
[00039116][DBG] PING seq=89 size=256 sent
[00039116][DBG] PONG seq=89 rtt=0 ticks (0 ms)
[00039216][DBG] PING seq=90 size=256 sent
[00039216][DBG] PONG seq=90 rtt=0 ticks (0 ms)
[00039316][DBG] PING seq=91 size=256 sent
[00039316][DBG] PONG seq=91 rtt=0 ticks (0 ms)
[00039416][DBG] PING seq=92 size=256 sent
[00039416][DBG] PONG seq=92 rtt=0 ticks (0 ms)
[00039516][DBG] PING seq=93 size=256 sent
[00039516][DBG] PONG seq=93 rtt=0 ticks (0 ms)
[00039616][DBG] PING seq=94 size=256 sent
[00039616][DBG] PONG seq=94 rtt=0 ticks (0 ms)
[00039716][DBG] PING seq=95 size=256 sent
[00039716][DBG] PONG seq=95 rtt=0 ticks (0 ms)
[00039816][DBG] PING seq=96 size=256 sent
[00039816][DBG] PONG seq=96 rtt=0 ticks (0 ms)
[00039916][DBG] PING seq=97 size=256 sent
[00039916][DBG] PONG seq=97 rtt=0 ticks (0 ms)
[00040016][DBG] PING seq=98 size=256 sent
[00040016][DBG] PONG seq=98 rtt=0 ticks (0 ms)
[00040116][DBG] PING seq=99 size=256 sent
[00040116][DBG] PONG seq=99 rtt=0 ticks (0 ms)
[00040150][INF] SIZE 256: min=0 max=116 avg=0 ms (sent=100 recv=100 lost=0)
[00040150][INF] Starting size 1024 test
[00040216][DBG] PING seq=0 size=1024 sent
[00040233][DBG] PONG seq=0 rtt=1 ticks (16 ms)
[00040316][DBG] PING seq=1 size=1024 sent
[00040333][DBG] PONG seq=1 rtt=1 ticks (16 ms)
[00040416][DBG] PING seq=2 size=1024 sent
[00040433][DBG] PONG seq=2 rtt=1 ticks (16 ms)
[00040516][DBG] PING seq=3 size=1024 sent
[00040533][DBG] PONG seq=3 rtt=1 ticks (16 ms)
[00040616][DBG] PING seq=4 size=1024 sent
[00040650][DBG] PONG seq=4 rtt=2 ticks (33 ms)
[00040716][DBG] PING seq=5 size=1024 sent
[00040750][DBG] PONG seq=5 rtt=2 ticks (33 ms)
[00040816][DBG] PING seq=6 size=1024 sent
[00040833][DBG] PONG seq=6 rtt=1 ticks (16 ms)
[00040916][DBG] PING seq=7 size=1024 sent
[00040933][DBG] PONG seq=7 rtt=1 ticks (16 ms)
[00041016][DBG] PING seq=8 size=1024 sent
[00041033][DBG] PONG seq=8 rtt=1 ticks (16 ms)
[00041116][DBG] PING seq=9 size=1024 sent
[00041133][DBG] PONG seq=9 rtt=1 ticks (16 ms)
[00041216][DBG] PING seq=10 size=1024 sent
[00041233][DBG] PONG seq=10 rtt=1 ticks (16 ms)
[00041316][DBG] PING seq=11 size=1024 sent
[00041333][DBG] PONG seq=11 rtt=1 ticks (16 ms)
[00041416][DBG] PING seq=12 size=1024 sent
[00041433][DBG] PONG seq=12 rtt=1 ticks (16 ms)
[00041516][DBG] PING seq=13 size=1024 sent
[00041533][DBG] PONG seq=13 rtt=1 ticks (16 ms)
[00041616][DBG] PING seq=14 size=1024 sent
[00041633][DBG] PONG seq=14 rtt=1 ticks (16 ms)
[00041716][DBG] PING seq=15 size=1024 sent
[00041733][DBG] PONG seq=15 rtt=1 ticks (16 ms)
[00041816][DBG] PING seq=16 size=1024 sent
[00041850][DBG] PONG seq=16 rtt=2 ticks (33 ms)
[00041916][DBG] PING seq=17 size=1024 sent
[00041933][DBG] PONG seq=17 rtt=1 ticks (16 ms)
[00042016][DBG] PING seq=18 size=1024 sent
[00042033][DBG] PONG seq=18 rtt=1 ticks (16 ms)
[00042116][DBG] PING seq=19 size=1024 sent
[00042133][DBG] PONG seq=19 rtt=1 ticks (16 ms)
[00042216][DBG] PING seq=20 size=1024 sent
[00042250][DBG] PONG seq=20 rtt=2 ticks (33 ms)
[00042316][DBG] PING seq=21 size=1024 sent
[00042333][DBG] PONG seq=21 rtt=1 ticks (16 ms)
[00042416][DBG] PING seq=22 size=1024 sent
[00042433][DBG] PONG seq=22 rtt=1 ticks (16 ms)
[00042516][DBG] PING seq=23 size=1024 sent
[00042533][DBG] PONG seq=23 rtt=1 ticks (16 ms)
[00042616][DBG] PING seq=24 size=1024 sent
[00042633][DBG] PONG seq=24 rtt=1 ticks (16 ms)
[00042716][DBG] PING seq=25 size=1024 sent
[00042733][DBG] PONG seq=25 rtt=1 ticks (16 ms)
[00042816][DBG] PING seq=26 size=1024 sent
[00042833][DBG] PONG seq=26 rtt=1 ticks (16 ms)
[00042916][DBG] PING seq=27 size=1024 sent
[00042933][DBG] PONG seq=27 rtt=1 ticks (16 ms)
[00043016][DBG] PING seq=28 size=1024 sent
[00043033][DBG] PONG seq=28 rtt=1 ticks (16 ms)
[00043116][DBG] PING seq=29 size=1024 sent
[00043133][DBG] PONG seq=29 rtt=1 ticks (16 ms)
[00043216][DBG] PING seq=30 size=1024 sent
[00043233][DBG] PONG seq=30 rtt=1 ticks (16 ms)
[00043316][DBG] PING seq=31 size=1024 sent
[00043333][DBG] PONG seq=31 rtt=1 ticks (16 ms)
[00043416][DBG] PING seq=32 size=1024 sent
[00043433][DBG] PONG seq=32 rtt=1 ticks (16 ms)
[00043516][DBG] PING seq=33 size=1024 sent
[00043533][DBG] PONG seq=33 rtt=1 ticks (16 ms)
[00043616][DBG] PING seq=34 size=1024 sent
[00043633][DBG] PONG seq=34 rtt=1 ticks (16 ms)
[00043716][DBG] PING seq=35 size=1024 sent
[00043733][DBG] PONG seq=35 rtt=1 ticks (16 ms)
[00043816][DBG] PING seq=36 size=1024 sent
[00043833][DBG] PONG seq=36 rtt=1 ticks (16 ms)
[00043916][DBG] PING seq=37 size=1024 sent
[00043933][DBG] PONG seq=37 rtt=1 ticks (16 ms)
[00044016][DBG] PING seq=38 size=1024 sent
[00044033][DBG] PONG seq=38 rtt=1 ticks (16 ms)
[00044116][DBG] PING seq=39 size=1024 sent
[00044133][DBG] PONG seq=39 rtt=1 ticks (16 ms)
[00044216][DBG] PING seq=40 size=1024 sent
[00044233][DBG] PONG seq=40 rtt=1 ticks (16 ms)
[00044316][DBG] PING seq=41 size=1024 sent
[00044333][DBG] PONG seq=41 rtt=1 ticks (16 ms)
[00044416][DBG] PING seq=42 size=1024 sent
[00044433][DBG] PONG seq=42 rtt=1 ticks (16 ms)
[00044516][DBG] PING seq=43 size=1024 sent
[00044583][DBG] PONG seq=43 rtt=4 ticks (66 ms)
[00044616][DBG] PING seq=44 size=1024 sent
[00044633][DBG] PONG seq=44 rtt=1 ticks (16 ms)
[00044716][DBG] PING seq=45 size=1024 sent
[00044733][DBG] PONG seq=45 rtt=1 ticks (16 ms)
[00044816][DBG] PING seq=46 size=1024 sent
[00044883][DBG] PONG seq=46 rtt=4 ticks (66 ms)
[00044916][DBG] PING seq=47 size=1024 sent
[00044933][DBG] PONG seq=47 rtt=1 ticks (16 ms)
[00045016][DBG] PING seq=48 size=1024 sent
[00045033][DBG] PONG seq=48 rtt=1 ticks (16 ms)
[00045116][DBG] PING seq=49 size=1024 sent
[00045133][DBG] PONG seq=49 rtt=1 ticks (16 ms)
[00045216][DBG] PING seq=50 size=1024 sent
[00045233][DBG] PONG seq=50 rtt=1 ticks (16 ms)
[00045316][DBG] PING seq=51 size=1024 sent
[00045333][DBG] PONG seq=51 rtt=1 ticks (16 ms)
[00045416][DBG] PING seq=52 size=1024 sent
[00045433][DBG] PONG seq=52 rtt=1 ticks (16 ms)
[00045516][DBG] PING seq=53 size=1024 sent
[00045533][DBG] PONG seq=53 rtt=1 ticks (16 ms)
[00045616][DBG] PING seq=54 size=1024 sent
[00045633][DBG] PONG seq=54 rtt=1 ticks (16 ms)
[00045716][DBG] PING seq=55 size=1024 sent
[00045733][DBG] PONG seq=55 rtt=1 ticks (16 ms)
[00045816][DBG] PING seq=56 size=1024 sent
[00045833][DBG] PONG seq=56 rtt=1 ticks (16 ms)
[00045916][DBG] PING seq=57 size=1024 sent
[00045933][DBG] PONG seq=57 rtt=1 ticks (16 ms)
[00046016][DBG] PING seq=58 size=1024 sent
[00046033][DBG] PONG seq=58 rtt=1 ticks (16 ms)
[00046116][DBG] PING seq=59 size=1024 sent
[00046133][DBG] PONG seq=59 rtt=1 ticks (16 ms)
[00046216][DBG] PING seq=60 size=1024 sent
[00046233][DBG] PONG seq=60 rtt=1 ticks (16 ms)
[00046316][DBG] PING seq=61 size=1024 sent
[00046333][DBG] PONG seq=61 rtt=1 ticks (16 ms)
[00046416][DBG] PING seq=62 size=1024 sent
[00046433][DBG] PONG seq=62 rtt=1 ticks (16 ms)
[00046516][DBG] PING seq=63 size=1024 sent
[00046533][DBG] PONG seq=63 rtt=1 ticks (16 ms)
[00046616][DBG] PING seq=64 size=1024 sent
[00046633][DBG] PONG seq=64 rtt=1 ticks (16 ms)
[00046716][DBG] PING seq=65 size=1024 sent
[00046733][DBG] PONG seq=65 rtt=1 ticks (16 ms)
[00046816][DBG] PING seq=66 size=1024 sent
[00046833][DBG] PONG seq=66 rtt=1 ticks (16 ms)
[00046916][DBG] PING seq=67 size=1024 sent
[00046933][DBG] PONG seq=67 rtt=1 ticks (16 ms)
[00047016][DBG] PING seq=68 size=1024 sent
[00047033][DBG] PONG seq=68 rtt=1 ticks (16 ms)
[00047116][DBG] PING seq=69 size=1024 sent
[00047133][DBG] PONG seq=69 rtt=1 ticks (16 ms)
[00047216][DBG] PING seq=70 size=1024 sent
[00047233][DBG] PONG seq=70 rtt=1 ticks (16 ms)
[00047316][DBG] PING seq=71 size=1024 sent
[00047333][DBG] PONG seq=71 rtt=1 ticks (16 ms)
[00047416][DBG] PING seq=72 size=1024 sent
[00047433][DBG] PONG seq=72 rtt=1 ticks (16 ms)
[00047516][DBG] PING seq=73 size=1024 sent
[00047533][DBG] PONG seq=73 rtt=1 ticks (16 ms)
[00047616][DBG] PING seq=74 size=1024 sent
[00047650][DBG] PONG seq=74 rtt=2 ticks (33 ms)
[00047716][DBG] PING seq=75 size=1024 sent
[00047733][DBG] PONG seq=75 rtt=1 ticks (16 ms)
[00047816][DBG] PING seq=76 size=1024 sent
[00047833][DBG] PONG seq=76 rtt=1 ticks (16 ms)
[00047916][DBG] PING seq=77 size=1024 sent
[00047933][DBG] PONG seq=77 rtt=1 ticks (16 ms)
[00048016][DBG] PING seq=78 size=1024 sent
[00048033][DBG] PONG seq=78 rtt=1 ticks (16 ms)
[00048116][DBG] PING seq=79 size=1024 sent
[00048133][DBG] PONG seq=79 rtt=1 ticks (16 ms)
[00048216][DBG] PING seq=80 size=1024 sent
[00048250][DBG] PONG seq=80 rtt=2 ticks (33 ms)
[00048316][DBG] PING seq=81 size=1024 sent
[00048333][DBG] PONG seq=81 rtt=1 ticks (16 ms)
[00048416][DBG] PING seq=82 size=1024 sent
[00048433][DBG] PONG seq=82 rtt=1 ticks (16 ms)
[00048516][DBG] PING seq=83 size=1024 sent
[00048533][DBG] PONG seq=83 rtt=1 ticks (16 ms)
[00048616][DBG] PING seq=84 size=1024 sent
[00048650][DBG] PONG seq=84 rtt=2 ticks (33 ms)
[00048716][DBG] PING seq=85 size=1024 sent
[00048733][DBG] PONG seq=85 rtt=1 ticks (16 ms)
[00048816][DBG] PING seq=86 size=1024 sent
[00048833][DBG] PONG seq=86 rtt=1 ticks (16 ms)
[00048916][DBG] PING seq=87 size=1024 sent
[00049000][DBG] PONG seq=87 rtt=5 ticks (83 ms)
[00049016][DBG] PING seq=88 size=1024 sent
[00049033][DBG] PONG seq=88 rtt=1 ticks (16 ms)
[00049066][INF] DISCOVERED: "PerfPartner" at 10.188.1.173:7354
[00049116][DBG] PING seq=89 size=1024 sent
[00049133][DBG] PONG seq=89 rtt=1 ticks (16 ms)
[00049216][DBG] PING seq=90 size=1024 sent
[00049233][DBG] PONG seq=90 rtt=1 ticks (16 ms)
[00049316][DBG] PING seq=91 size=1024 sent
[00049333][DBG] PONG seq=91 rtt=1 ticks (16 ms)
[00049416][DBG] PING seq=92 size=1024 sent
[00049433][DBG] PONG seq=92 rtt=1 ticks (16 ms)
[00049516][DBG] PING seq=93 size=1024 sent
[00049533][DBG] PONG seq=93 rtt=1 ticks (16 ms)
[00049616][DBG] PING seq=94 size=1024 sent
[00049633][DBG] PONG seq=94 rtt=1 ticks (16 ms)
[00049716][DBG] PING seq=95 size=1024 sent
[00049733][DBG] PONG seq=95 rtt=1 ticks (16 ms)
[00049816][DBG] PING seq=96 size=1024 sent
[00049833][DBG] PONG seq=96 rtt=1 ticks (16 ms)
[00049916][DBG] PING seq=97 size=1024 sent
[00049933][DBG] PONG seq=97 rtt=1 ticks (16 ms)
[00050016][DBG] PING seq=98 size=1024 sent
[00050033][DBG] PONG seq=98 rtt=1 ticks (16 ms)
[00050116][DBG] PING seq=99 size=1024 sent
[00050133][DBG] PONG seq=99 rtt=1 ticks (16 ms)
[00050166][INF] SIZE 1024: min=16 max=83 avg=16 ms (sent=100 recv=100 lost=0)
[00050166][INF] Starting size 4096 test
[00050216][DBG] PING seq=0 size=4096 sent
[00050300][DBG] PONG seq=0 rtt=5 ticks (83 ms)
[00050316][DBG] PING seq=1 size=4096 sent
[00050366][DBG] PONG seq=1 rtt=3 ticks (50 ms)
[00050416][DBG] PING seq=2 size=4096 sent
[00050483][DBG] PONG seq=2 rtt=4 ticks (66 ms)
[00050516][DBG] PING seq=3 size=4096 sent
[00050566][DBG] PONG seq=3 rtt=3 ticks (50 ms)
[00050616][DBG] PING seq=4 size=4096 sent
[00050666][DBG] PONG seq=4 rtt=3 ticks (50 ms)
[00050716][DBG] PING seq=5 size=4096 sent
[00050766][DBG] PONG seq=5 rtt=3 ticks (50 ms)
[00050816][DBG] PING seq=6 size=4096 sent
[00050866][DBG] PONG seq=6 rtt=3 ticks (50 ms)
[00050916][DBG] PING seq=7 size=4096 sent
[00050966][DBG] PONG seq=7 rtt=3 ticks (50 ms)
[00051016][DBG] PING seq=8 size=4096 sent
[00051066][DBG] PONG seq=8 rtt=3 ticks (50 ms)
[00051116][DBG] PING seq=9 size=4096 sent
[00051183][DBG] PONG seq=9 rtt=4 ticks (66 ms)
[00051216][DBG] PING seq=10 size=4096 sent
[00051266][DBG] PONG seq=10 rtt=3 ticks (50 ms)
[00051316][DBG] PING seq=11 size=4096 sent
[00051383][DBG] PONG seq=11 rtt=4 ticks (66 ms)
[00051416][DBG] PING seq=12 size=4096 sent
[00051483][DBG] PONG seq=12 rtt=4 ticks (66 ms)
[00051516][DBG] PING seq=13 size=4096 sent
[00051566][DBG] PONG seq=13 rtt=3 ticks (50 ms)
[00051616][DBG] PING seq=14 size=4096 sent
[00051683][DBG] PONG seq=14 rtt=4 ticks (66 ms)
[00051716][DBG] PING seq=15 size=4096 sent
[00051766][DBG] PONG seq=15 rtt=3 ticks (50 ms)
[00051816][DBG] PING seq=16 size=4096 sent
[00051866][DBG] PONG seq=16 rtt=3 ticks (50 ms)
[00051916][DBG] PING seq=17 size=4096 sent
[00051966][DBG] PONG seq=17 rtt=3 ticks (50 ms)
[00052016][DBG] PING seq=18 size=4096 sent
[00052066][DBG] PONG seq=18 rtt=3 ticks (50 ms)
[00052116][DBG] PING seq=19 size=4096 sent
[00052166][DBG] PONG seq=19 rtt=3 ticks (50 ms)
[00052216][DBG] PING seq=20 size=4096 sent
[00052266][DBG] PONG seq=20 rtt=3 ticks (50 ms)
[00052316][DBG] PING seq=21 size=4096 sent
[00052366][DBG] PONG seq=21 rtt=3 ticks (50 ms)
[00052416][DBG] PING seq=22 size=4096 sent
[00052466][DBG] PONG seq=22 rtt=3 ticks (50 ms)
[00052516][DBG] PING seq=23 size=4096 sent
[00052566][DBG] PONG seq=23 rtt=3 ticks (50 ms)
[00052616][DBG] PING seq=24 size=4096 sent
[00052666][DBG] PONG seq=24 rtt=3 ticks (50 ms)
[00052716][DBG] PING seq=25 size=4096 sent
[00052766][DBG] PONG seq=25 rtt=3 ticks (50 ms)
[00052816][DBG] PING seq=26 size=4096 sent
[00052883][DBG] PONG seq=26 rtt=4 ticks (66 ms)
[00052916][DBG] PING seq=27 size=4096 sent
[00052966][DBG] PONG seq=27 rtt=3 ticks (50 ms)
[00053016][DBG] PING seq=28 size=4096 sent
[00053066][DBG] PONG seq=28 rtt=3 ticks (50 ms)
[00053116][DBG] PING seq=29 size=4096 sent
[00053166][DBG] PONG seq=29 rtt=3 ticks (50 ms)
[00053216][DBG] PING seq=30 size=4096 sent
[00053266][DBG] PONG seq=30 rtt=3 ticks (50 ms)
[00053316][DBG] PING seq=31 size=4096 sent
[00053450][DBG] PONG seq=31 rtt=8 ticks (133 ms)
[00053450][DBG] PING seq=32 size=4096 sent
[00053500][DBG] PONG seq=32 rtt=3 ticks (50 ms)
[00053550][DBG] PING seq=33 size=4096 sent
[00053600][DBG] PONG seq=33 rtt=3 ticks (50 ms)
[00053650][DBG] PING seq=34 size=4096 sent
[00053700][DBG] PONG seq=34 rtt=3 ticks (50 ms)
[00053750][DBG] PING seq=35 size=4096 sent
[00053800][DBG] PONG seq=35 rtt=3 ticks (50 ms)
[00053850][DBG] PING seq=36 size=4096 sent
[00053916][DBG] PONG seq=36 rtt=4 ticks (66 ms)
[00053950][DBG] PING seq=37 size=4096 sent
[00054000][DBG] PONG seq=37 rtt=3 ticks (50 ms)
[00054050][DBG] PING seq=38 size=4096 sent
[00054100][DBG] PONG seq=38 rtt=3 ticks (50 ms)
[00054150][DBG] PING seq=39 size=4096 sent
[00054200][DBG] PONG seq=39 rtt=3 ticks (50 ms)
[00054250][DBG] PING seq=40 size=4096 sent
[00054300][DBG] PONG seq=40 rtt=3 ticks (50 ms)
[00054350][DBG] PING seq=41 size=4096 sent
[00054400][DBG] PONG seq=41 rtt=3 ticks (50 ms)
[00054450][DBG] PING seq=42 size=4096 sent
[00054500][DBG] PONG seq=42 rtt=3 ticks (50 ms)
[00054550][DBG] PING seq=43 size=4096 sent
[00054600][DBG] PONG seq=43 rtt=3 ticks (50 ms)
[00054650][DBG] PING seq=44 size=4096 sent
[00054700][DBG] PONG seq=44 rtt=3 ticks (50 ms)
[00054750][DBG] PING seq=45 size=4096 sent
[00054816][DBG] PONG seq=45 rtt=4 ticks (66 ms)
[00054850][DBG] PING seq=46 size=4096 sent
[00054900][DBG] PONG seq=46 rtt=3 ticks (50 ms)
[00054950][DBG] PING seq=47 size=4096 sent
[00055016][DBG] PONG seq=47 rtt=4 ticks (66 ms)
[00055050][DBG] PING seq=48 size=4096 sent
[00055100][DBG] PONG seq=48 rtt=3 ticks (50 ms)
[00055150][DBG] PING seq=49 size=4096 sent
[00055200][DBG] PONG seq=49 rtt=3 ticks (50 ms)
[00055250][DBG] PING seq=50 size=4096 sent
[00055300][DBG] PONG seq=50 rtt=3 ticks (50 ms)
[00055350][DBG] PING seq=51 size=4096 sent
[00055400][DBG] PONG seq=51 rtt=3 ticks (50 ms)
[00055450][DBG] PING seq=52 size=4096 sent
[00055516][DBG] PONG seq=52 rtt=4 ticks (66 ms)
[00055550][DBG] PING seq=53 size=4096 sent
[00055600][DBG] PONG seq=53 rtt=3 ticks (50 ms)
[00055650][DBG] PING seq=54 size=4096 sent
[00055716][DBG] PONG seq=54 rtt=4 ticks (66 ms)
[00055750][DBG] PING seq=55 size=4096 sent
[00055800][DBG] PONG seq=55 rtt=3 ticks (50 ms)
[00055850][DBG] PING seq=56 size=4096 sent
[00055900][DBG] PONG seq=56 rtt=3 ticks (50 ms)
[00055950][DBG] PING seq=57 size=4096 sent
[00056000][DBG] PONG seq=57 rtt=3 ticks (50 ms)
[00056050][DBG] PING seq=58 size=4096 sent
[00056100][DBG] PONG seq=58 rtt=3 ticks (50 ms)
[00056150][DBG] PING seq=59 size=4096 sent
[00056200][DBG] PONG seq=59 rtt=3 ticks (50 ms)
[00056250][DBG] PING seq=60 size=4096 sent
[00056300][DBG] PONG seq=60 rtt=3 ticks (50 ms)
[00056350][DBG] PING seq=61 size=4096 sent
[00056400][DBG] PONG seq=61 rtt=3 ticks (50 ms)
[00056450][DBG] PING seq=62 size=4096 sent
[00056516][DBG] PONG seq=62 rtt=4 ticks (66 ms)
[00056550][DBG] PING seq=63 size=4096 sent
[00056600][DBG] PONG seq=63 rtt=3 ticks (50 ms)
[00056650][DBG] PING seq=64 size=4096 sent
[00056700][DBG] PONG seq=64 rtt=3 ticks (50 ms)
[00056750][DBG] PING seq=65 size=4096 sent
[00056800][DBG] PONG seq=65 rtt=3 ticks (50 ms)
[00056850][DBG] PING seq=66 size=4096 sent
[00056916][DBG] PONG seq=66 rtt=4 ticks (66 ms)
[00056950][DBG] PING seq=67 size=4096 sent
[00057000][DBG] PONG seq=67 rtt=3 ticks (50 ms)
[00057050][DBG] PING seq=68 size=4096 sent
[00057100][DBG] PONG seq=68 rtt=3 ticks (50 ms)
[00057150][DBG] PING seq=69 size=4096 sent
[00057200][DBG] PONG seq=69 rtt=3 ticks (50 ms)
[00057250][DBG] PING seq=70 size=4096 sent
[00057300][DBG] PONG seq=70 rtt=3 ticks (50 ms)
[00057350][DBG] PING seq=71 size=4096 sent
[00057416][DBG] PONG seq=71 rtt=4 ticks (66 ms)
[00057450][DBG] PING seq=72 size=4096 sent
[00057500][DBG] PONG seq=72 rtt=3 ticks (50 ms)
[00057550][DBG] PING seq=73 size=4096 sent
[00057600][DBG] PONG seq=73 rtt=3 ticks (50 ms)
[00057650][DBG] PING seq=74 size=4096 sent
[00057750][DBG] PONG seq=74 rtt=6 ticks (100 ms)
[00057766][DBG] PING seq=75 size=4096 sent
[00057816][DBG] PONG seq=75 rtt=4 ticks (66 ms)
[00057850][DBG] PING seq=76 size=4096 sent
[00057916][DBG] PONG seq=76 rtt=4 ticks (66 ms)
[00057950][DBG] PING seq=77 size=4096 sent
[00058000][DBG] PONG seq=77 rtt=3 ticks (50 ms)
[00058050][DBG] PING seq=78 size=4096 sent
[00058100][DBG] PONG seq=78 rtt=3 ticks (50 ms)
[00058150][DBG] PING seq=79 size=4096 sent
[00058200][DBG] PONG seq=79 rtt=3 ticks (50 ms)
[00058250][DBG] PING seq=80 size=4096 sent
[00058316][DBG] PONG seq=80 rtt=4 ticks (66 ms)
[00058350][DBG] PING seq=81 size=4096 sent
[00058400][DBG] PONG seq=81 rtt=3 ticks (50 ms)
[00058450][DBG] PING seq=82 size=4096 sent
[00058500][DBG] PONG seq=82 rtt=3 ticks (50 ms)
[00058550][DBG] PING seq=83 size=4096 sent
[00058600][DBG] PONG seq=83 rtt=3 ticks (50 ms)
[00058650][DBG] PING seq=84 size=4096 sent
[00058716][DBG] PONG seq=84 rtt=4 ticks (66 ms)
[00058750][DBG] PING seq=85 size=4096 sent
[00058816][DBG] PONG seq=85 rtt=4 ticks (66 ms)
[00058850][DBG] PING seq=86 size=4096 sent
[00058900][DBG] PONG seq=86 rtt=3 ticks (50 ms)
[00058950][DBG] PING seq=87 size=4096 sent
[00059000][DBG] PONG seq=87 rtt=3 ticks (50 ms)
[00059050][DBG] PING seq=88 size=4096 sent
[00059100][DBG] PONG seq=88 rtt=3 ticks (50 ms)
[00059133][INF] DISCOVERED: "PerfPartner" at 10.188.1.173:7354
[00059150][DBG] PING seq=89 size=4096 sent
[00059216][DBG] PONG seq=89 rtt=4 ticks (66 ms)
[00059250][DBG] PING seq=90 size=4096 sent
[00059316][DBG] PONG seq=90 rtt=4 ticks (66 ms)
[00059350][DBG] PING seq=91 size=4096 sent
[00059400][DBG] PONG seq=91 rtt=3 ticks (50 ms)
[00059450][DBG] PING seq=92 size=4096 sent
[00059500][DBG] PONG seq=92 rtt=3 ticks (50 ms)
[00059550][DBG] PING seq=93 size=4096 sent
[00059616][DBG] PONG seq=93 rtt=4 ticks (66 ms)
[00059650][DBG] PING seq=94 size=4096 sent
[00059700][DBG] PONG seq=94 rtt=3 ticks (50 ms)
[00059750][DBG] PING seq=95 size=4096 sent
[00059800][DBG] PONG seq=95 rtt=3 ticks (50 ms)
[00059850][DBG] PING seq=96 size=4096 sent
[00059900][DBG] PONG seq=96 rtt=3 ticks (50 ms)
[00059950][DBG] PING seq=97 size=4096 sent
[00060000][DBG] PONG seq=97 rtt=3 ticks (50 ms)
[00060050][DBG] PING seq=98 size=4096 sent
[00060100][DBG] PONG seq=98 rtt=3 ticks (50 ms)
[00060150][DBG] PING seq=99 size=4096 sent
[00060233][DBG] PONG seq=99 rtt=5 ticks (83 ms)
[00060250][INF] SIZE 4096: min=50 max=133 avg=50 ms (sent=100 recv=100 lost=0)
[00060266][INF] All latency tests complete
[00060266][INF] ========================================
[00060266][INF] LATENCY TEST RESULTS
[00060266][INF] ========================================
[00060266][INF] Size   Min  Avg  Max  Sent Recv Lost
[00060266][INF] ----  ---- ---- ---- ---- ---- ----
[00060266][INF]   16B    0   16 1100  100  100    0
[00060266][INF]   64B    0    0   16  100  100    0
[00060266][INF]  256B    0    0  116  100  100    0
[00060266][INF] 1024B   16   16   83  100  100    0
[00060283][INF] 4096B   50   50  133  100  100    0
[00060283][INF] ----  ---- ---- ---- ---- ---- ----
[00060283][INF] Total               500  500    0
[00060283][INF] 
[00060283][INF] ======== LATENCY METRICS ========
[00060283][INF] SIZE 16: min=0 max=1100 avg=16 ms (sent=100 recv=100 lost=0)
[00060283][INF] SIZE 64: min=0 max=16 avg=0 ms (sent=100 recv=100 lost=0)
[00060283][INF] SIZE 256: min=0 max=116 avg=0 ms (sent=100 recv=100 lost=0)
[00060300][INF] SIZE 1024: min=16 max=83 avg=16 ms (sent=100 recv=100 lost=0)
[00060300][INF] SIZE 4096: min=50 max=133 avg=50 ms (sent=100 recv=100 lost=0)
[00060300][INF] ========================================
[00060316][INF] Streaming 31526 bytes of logs to partner...
[00060850][INF] Log streaming complete: 31579 bytes sent
[00060850][INF] ========================================
[00060850][INF] TEST EXITING - cleaning up...
[00060866][INF] ========================================
[00000016][INF] ========================================
[00000016][INF] PeerTalk Latency Test
[00000016][INF] Version: 1.0.0
[00000016][INF] ========================================
[00000033][INF] Buffer pool: 4 buffers × 4KB
[00000033][INF] Initializing PeerTalk...
[00000100][INF] Waiting for peer...
[00000100][INF] Press any key to exit.
[00004133][INF] DISCOVERED: "PerfPartner" at 10.188.1.173:7354
[00004133][INF] Connecting to peer...
[00004216][INF] CONNECTED to peer 1
[00004233][INF] Starting latency test with size 16
[00004250][DBG] PING seq=0 size=16 sent
[00004283][DBG] PONG seq=0 rtt=2 ticks (33 ms)
[00004350][DBG] PING seq=1 size=16 sent
[00004350][DBG] PONG seq=1 rtt=0 ticks (0 ms)
[00004450][DBG] PING seq=2 size=16 sent
[00004450][DBG] PONG seq=2 rtt=0 ticks (0 ms)
[00004550][DBG] PING seq=3 size=16 sent
[00004566][DBG] PONG seq=3 rtt=1 ticks (16 ms)
[00004650][DBG] PING seq=4 size=16 sent
[00004666][DBG] PONG seq=4 rtt=1 ticks (16 ms)
[00004750][DBG] PING seq=5 size=16 sent
[00004750][DBG] PONG seq=5 rtt=0 ticks (0 ms)
[00004850][DBG] PING seq=6 size=16 sent
[00004850][DBG] PONG seq=6 rtt=0 ticks (0 ms)
[00004950][DBG] PING seq=7 size=16 sent
[00004950][DBG] PONG seq=7 rtt=0 ticks (0 ms)
[00005050][DBG] PING seq=8 size=16 sent
[00005050][DBG] PONG seq=8 rtt=0 ticks (0 ms)
[00005150][DBG] PING seq=9 size=16 sent
[00005150][DBG] PONG seq=9 rtt=0 ticks (0 ms)
[00005250][DBG] PING seq=10 size=16 sent
[00005250][DBG] PONG seq=10 rtt=0 ticks (0 ms)
[00005350][DBG] PING seq=11 size=16 sent
[00005350][DBG] PONG seq=11 rtt=0 ticks (0 ms)
[00005450][DBG] PING seq=12 size=16 sent
[00005450][DBG] PONG seq=12 rtt=0 ticks (0 ms)
[00005550][DBG] PING seq=13 size=16 sent
[00005550][DBG] PONG seq=13 rtt=0 ticks (0 ms)
[00005650][DBG] PING seq=14 size=16 sent
[00005650][DBG] PONG seq=14 rtt=0 ticks (0 ms)
[00005750][DBG] PING seq=15 size=16 sent
[00006183][DBG] PONG seq=15 rtt=26 ticks (433 ms)
[00006183][DBG] PING seq=16 size=16 sent
[00006200][DBG] PONG seq=16 rtt=1 ticks (16 ms)
[00006283][DBG] PING seq=17 size=16 sent
[00006350][DBG] PONG seq=17 rtt=4 ticks (66 ms)
[00006383][DBG] PING seq=18 size=16 sent
[00006416][DBG] PONG seq=18 rtt=2 ticks (33 ms)
[00006483][DBG] PING seq=19 size=16 sent
[00006483][DBG] PONG seq=19 rtt=0 ticks (0 ms)
[00006583][DBG] PING seq=20 size=16 sent
[00006583][DBG] PONG seq=20 rtt=0 ticks (0 ms)
[00006683][DBG] PING seq=21 size=16 sent
[00006716][DBG] PONG seq=21 rtt=2 ticks (33 ms)
[00006783][DBG] PING seq=22 size=16 sent
[00006816][DBG] PONG seq=22 rtt=2 ticks (33 ms)
[00006883][DBG] PING seq=23 size=16 sent
[00006966][DBG] PONG seq=23 rtt=5 ticks (83 ms)
[00006983][DBG] PING seq=24 size=16 sent
[00007116][DBG] PONG seq=24 rtt=8 ticks (133 ms)
[00007116][DBG] PING seq=25 size=16 sent
[00007133][DBG] PONG seq=25 rtt=1 ticks (16 ms)
[00007216][DBG] PING seq=26 size=16 sent
[00007300][DBG] PONG seq=26 rtt=5 ticks (83 ms)
[00007316][DBG] PING seq=27 size=16 sent
[00007316][DBG] PONG seq=27 rtt=0 ticks (0 ms)
[00007416][DBG] PING seq=28 size=16 sent
[00007500][DBG] PONG seq=28 rtt=5 ticks (83 ms)
[00007516][DBG] PING seq=29 size=16 sent
[00007516][DBG] PONG seq=29 rtt=0 ticks (0 ms)
[00007616][DBG] PING seq=30 size=16 sent
[00007616][DBG] PONG seq=30 rtt=0 ticks (0 ms)
[00007716][DBG] PING seq=31 size=16 sent
[00007766][DBG] PONG seq=31 rtt=3 ticks (50 ms)
[00007816][DBG] PING seq=32 size=16 sent
[00007833][DBG] PONG seq=32 rtt=1 ticks (16 ms)
[00007916][DBG] PING seq=33 size=16 sent
[00007916][DBG] PONG seq=33 rtt=0 ticks (0 ms)
[00008016][DBG] PING seq=34 size=16 sent
[00008016][DBG] PONG seq=34 rtt=0 ticks (0 ms)
[00008116][DBG] PING seq=35 size=16 sent
[00008116][DBG] PONG seq=35 rtt=0 ticks (0 ms)
[00008216][DBG] PING seq=36 size=16 sent
[00008250][DBG] PONG seq=36 rtt=2 ticks (33 ms)
[00008316][DBG] PING seq=37 size=16 sent
[00008316][DBG] PONG seq=37 rtt=0 ticks (0 ms)
[00008416][DBG] PING seq=38 size=16 sent
[00008416][DBG] PONG seq=38 rtt=0 ticks (0 ms)
[00008516][DBG] PING seq=39 size=16 sent
[00008516][DBG] PONG seq=39 rtt=0 ticks (0 ms)
[00008616][DBG] PING seq=40 size=16 sent
[00008633][DBG] PONG seq=40 rtt=1 ticks (16 ms)
[00008716][DBG] PING seq=41 size=16 sent
[00008733][DBG] PONG seq=41 rtt=1 ticks (16 ms)
[00008816][DBG] PING seq=42 size=16 sent
[00008816][DBG] PONG seq=42 rtt=0 ticks (0 ms)
[00008916][DBG] PING seq=43 size=16 sent
[00008916][DBG] PONG seq=43 rtt=0 ticks (0 ms)
[00009016][DBG] PING seq=44 size=16 sent
[00009016][DBG] PONG seq=44 rtt=0 ticks (0 ms)
[00009116][DBG] PING seq=45 size=16 sent
[00009116][DBG] PONG seq=45 rtt=0 ticks (0 ms)
[00009216][DBG] PING seq=46 size=16 sent
[00009233][DBG] PONG seq=46 rtt=1 ticks (16 ms)
[00009316][DBG] PING seq=47 size=16 sent
[00009333][DBG] PONG seq=47 rtt=1 ticks (16 ms)
[00009416][DBG] PING seq=48 size=16 sent
[00009416][DBG] PONG seq=48 rtt=0 ticks (0 ms)
[00009516][DBG] PING seq=49 size=16 sent
[00009533][DBG] PONG seq=49 rtt=1 ticks (16 ms)
[00009616][DBG] PING seq=50 size=16 sent
[00009633][DBG] PONG seq=50 rtt=1 ticks (16 ms)
[00009716][DBG] PING seq=51 size=16 sent
[00009716][DBG] PONG seq=51 rtt=0 ticks (0 ms)
[00009816][DBG] PING seq=52 size=16 sent
[00009816][DBG] PONG seq=52 rtt=0 ticks (0 ms)
[00009916][DBG] PING seq=53 size=16 sent
[00009933][DBG] PONG seq=53 rtt=1 ticks (16 ms)
[00010016][DBG] PING seq=54 size=16 sent
[00010016][DBG] PONG seq=54 rtt=0 ticks (0 ms)
[00010116][DBG] PING seq=55 size=16 sent
[00010116][DBG] PONG seq=55 rtt=0 ticks (0 ms)
[00010216][DBG] PING seq=56 size=16 sent
[00010216][DBG] PONG seq=56 rtt=0 ticks (0 ms)
[00010316][DBG] PING seq=57 size=16 sent
[00010316][DBG] PONG seq=57 rtt=0 ticks (0 ms)
[00010416][DBG] PING seq=58 size=16 sent
[00010416][DBG] PONG seq=58 rtt=0 ticks (0 ms)
[00010516][DBG] PING seq=59 size=16 sent
[00010550][DBG] PONG seq=59 rtt=2 ticks (33 ms)
[00010616][DBG] PING seq=60 size=16 sent
[00010616][DBG] PONG seq=60 rtt=0 ticks (0 ms)
[00010716][DBG] PING seq=61 size=16 sent
[00010733][DBG] PONG seq=61 rtt=1 ticks (16 ms)
[00010816][DBG] PING seq=62 size=16 sent
[00010833][DBG] PONG seq=62 rtt=1 ticks (16 ms)
[00010916][DBG] PING seq=63 size=16 sent
[00010916][DBG] PONG seq=63 rtt=0 ticks (0 ms)
[00011016][DBG] PING seq=64 size=16 sent
[00011016][DBG] PONG seq=64 rtt=0 ticks (0 ms)
[00011116][DBG] PING seq=65 size=16 sent
[00011116][DBG] PONG seq=65 rtt=0 ticks (0 ms)
[00011216][DBG] PING seq=66 size=16 sent
[00011250][DBG] PONG seq=66 rtt=2 ticks (33 ms)
[00011316][DBG] PING seq=67 size=16 sent
[00011333][DBG] PONG seq=67 rtt=1 ticks (16 ms)
[00011416][DBG] PING seq=68 size=16 sent
[00011416][DBG] PONG seq=68 rtt=0 ticks (0 ms)
[00011516][DBG] PING seq=69 size=16 sent
[00011550][DBG] PONG seq=69 rtt=2 ticks (33 ms)
[00011616][DBG] PING seq=70 size=16 sent
[00011616][DBG] PONG seq=70 rtt=0 ticks (0 ms)
[00011716][DBG] PING seq=71 size=16 sent
[00011733][DBG] PONG seq=71 rtt=1 ticks (16 ms)
[00011816][DBG] PING seq=72 size=16 sent
[00011833][DBG] PONG seq=72 rtt=1 ticks (16 ms)
[00011916][DBG] PING seq=73 size=16 sent
[00011916][DBG] PONG seq=73 rtt=0 ticks (0 ms)
[00012016][DBG] PING seq=74 size=16 sent
[00012016][DBG] PONG seq=74 rtt=0 ticks (0 ms)
[00012116][DBG] PING seq=75 size=16 sent
[00012133][DBG] PONG seq=75 rtt=1 ticks (16 ms)
[00012216][DBG] PING seq=76 size=16 sent
[00012233][DBG] PONG seq=76 rtt=1 ticks (16 ms)
[00012316][DBG] PING seq=77 size=16 sent
[00012316][DBG] PONG seq=77 rtt=0 ticks (0 ms)
[00012416][DBG] PING seq=78 size=16 sent
[00012433][DBG] PONG seq=78 rtt=1 ticks (16 ms)
[00012516][DBG] PING seq=79 size=16 sent
[00012516][DBG] PONG seq=79 rtt=0 ticks (0 ms)
[00012616][DBG] PING seq=80 size=16 sent
[00012633][DBG] PONG seq=80 rtt=1 ticks (16 ms)
[00012716][DBG] PING seq=81 size=16 sent
[00012716][DBG] PONG seq=81 rtt=0 ticks (0 ms)
[00012816][DBG] PING seq=82 size=16 sent
[00012833][DBG] PONG seq=82 rtt=1 ticks (16 ms)
[00012916][DBG] PING seq=83 size=16 sent
[00012916][DBG] PONG seq=83 rtt=0 ticks (0 ms)
[00013016][DBG] PING seq=84 size=16 sent
[00013033][DBG] PONG seq=84 rtt=1 ticks (16 ms)
[00013116][DBG] PING seq=85 size=16 sent
[00013116][DBG] PONG seq=85 rtt=0 ticks (0 ms)
[00013216][DBG] PING seq=86 size=16 sent
[00013233][DBG] PONG seq=86 rtt=1 ticks (16 ms)
[00013316][DBG] PING seq=87 size=16 sent
[00013316][DBG] PONG seq=87 rtt=0 ticks (0 ms)
[00013416][DBG] PING seq=88 size=16 sent
[00013416][DBG] PONG seq=88 rtt=0 ticks (0 ms)
[00013516][DBG] PING seq=89 size=16 sent
[00013516][DBG] PONG seq=89 rtt=0 ticks (0 ms)
[00013616][DBG] PING seq=90 size=16 sent
[00013616][DBG] PONG seq=90 rtt=0 ticks (0 ms)
[00013716][DBG] PING seq=91 size=16 sent
[00013733][DBG] PONG seq=91 rtt=1 ticks (16 ms)
[00013816][DBG] PING seq=92 size=16 sent
[00013816][DBG] PONG seq=92 rtt=0 ticks (0 ms)
[00013916][DBG] PING seq=93 size=16 sent
[00013933][DBG] PONG seq=93 rtt=1 ticks (16 ms)
[00014016][DBG] PING seq=94 size=16 sent
[00014016][DBG] PONG seq=94 rtt=0 ticks (0 ms)
[00014116][DBG] PING seq=95 size=16 sent
[00014116][DBG] PONG seq=95 rtt=0 ticks (0 ms)
[00014183][INF] DISCOVERED: "PerfPartner" at 10.188.1.173:7354
[00014216][DBG] PING seq=96 size=16 sent
[00014216][DBG] PONG seq=96 rtt=0 ticks (0 ms)
[00014316][DBG] PING seq=97 size=16 sent
[00014316][DBG] PONG seq=97 rtt=0 ticks (0 ms)
[00014416][DBG] PING seq=98 size=16 sent
[00014416][DBG] PONG seq=98 rtt=0 ticks (0 ms)
[00014516][DBG] PING seq=99 size=16 sent
[00014516][DBG] PONG seq=99 rtt=0 ticks (0 ms)
[00014550][INF] SIZE 16: min=0 max=433 avg=0 ms (sent=100 recv=100 lost=0)
[00014550][INF] Starting size 64 test
[00014616][DBG] PING seq=0 size=64 sent
[00014616][DBG] PONG seq=0 rtt=0 ticks (0 ms)
[00014716][DBG] PING seq=1 size=64 sent
[00014716][DBG] PONG seq=1 rtt=0 ticks (0 ms)
[00014816][DBG] PING seq=2 size=64 sent
[00014833][DBG] PONG seq=2 rtt=1 ticks (16 ms)
[00014916][DBG] PING seq=3 size=64 sent
[00014933][DBG] PONG seq=3 rtt=1 ticks (16 ms)
[00015016][DBG] PING seq=4 size=64 sent
[00015033][DBG] PONG seq=4 rtt=1 ticks (16 ms)
[00015116][DBG] PING seq=5 size=64 sent
[00015200][DBG] PONG seq=5 rtt=5 ticks (83 ms)
[00015216][DBG] PING seq=6 size=64 sent
[00015233][DBG] PONG seq=6 rtt=1 ticks (16 ms)
[00015316][DBG] PING seq=7 size=64 sent
[00015316][DBG] PONG seq=7 rtt=0 ticks (0 ms)
[00015416][DBG] PING seq=8 size=64 sent
[00015416][DBG] PONG seq=8 rtt=0 ticks (0 ms)
[00015516][DBG] PING seq=9 size=64 sent
[00015516][DBG] PONG seq=9 rtt=0 ticks (0 ms)
[00015616][DBG] PING seq=10 size=64 sent
[00015616][DBG] PONG seq=10 rtt=0 ticks (0 ms)
[00015716][DBG] PING seq=11 size=64 sent
[00015716][DBG] PONG seq=11 rtt=0 ticks (0 ms)
[00015816][DBG] PING seq=12 size=64 sent
[00015816][DBG] PONG seq=12 rtt=0 ticks (0 ms)
[00015916][DBG] PING seq=13 size=64 sent
[00015916][DBG] PONG seq=13 rtt=0 ticks (0 ms)
[00016016][DBG] PING seq=14 size=64 sent
[00016016][DBG] PONG seq=14 rtt=0 ticks (0 ms)
[00016116][DBG] PING seq=15 size=64 sent
[00016116][DBG] PONG seq=15 rtt=0 ticks (0 ms)
[00016216][DBG] PING seq=16 size=64 sent
[00016216][DBG] PONG seq=16 rtt=0 ticks (0 ms)
[00016316][DBG] PING seq=17 size=64 sent
[00016316][DBG] PONG seq=17 rtt=0 ticks (0 ms)
[00016416][DBG] PING seq=18 size=64 sent
[00016416][DBG] PONG seq=18 rtt=0 ticks (0 ms)
[00016516][DBG] PING seq=19 size=64 sent
[00016516][DBG] PONG seq=19 rtt=0 ticks (0 ms)
[00016616][DBG] PING seq=20 size=64 sent
[00016616][DBG] PONG seq=20 rtt=0 ticks (0 ms)
[00016716][DBG] PING seq=21 size=64 sent
[00016716][DBG] PONG seq=21 rtt=0 ticks (0 ms)
[00016816][DBG] PING seq=22 size=64 sent
[00016816][DBG] PONG seq=22 rtt=0 ticks (0 ms)
[00016916][DBG] PING seq=23 size=64 sent
[00016916][DBG] PONG seq=23 rtt=0 ticks (0 ms)
[00017016][DBG] PING seq=24 size=64 sent
[00017016][DBG] PONG seq=24 rtt=0 ticks (0 ms)
[00017116][DBG] PING seq=25 size=64 sent
[00017116][DBG] PONG seq=25 rtt=0 ticks (0 ms)
[00017216][DBG] PING seq=26 size=64 sent
[00017233][DBG] PONG seq=26 rtt=1 ticks (16 ms)
[00017316][DBG] PING seq=27 size=64 sent
[00017316][DBG] PONG seq=27 rtt=0 ticks (0 ms)
[00017416][DBG] PING seq=28 size=64 sent
[00017416][DBG] PONG seq=28 rtt=0 ticks (0 ms)
[00017516][DBG] PING seq=29 size=64 sent
[00017533][DBG] PONG seq=29 rtt=1 ticks (16 ms)
[00017616][DBG] PING seq=30 size=64 sent
[00017616][DBG] PONG seq=30 rtt=0 ticks (0 ms)
[00017716][DBG] PING seq=31 size=64 sent
[00017716][DBG] PONG seq=31 rtt=0 ticks (0 ms)
[00017816][DBG] PING seq=32 size=64 sent
[00017816][DBG] PONG seq=32 rtt=0 ticks (0 ms)
[00017916][DBG] PING seq=33 size=64 sent
[00017916][DBG] PONG seq=33 rtt=0 ticks (0 ms)
[00018016][DBG] PING seq=34 size=64 sent
[00018033][DBG] PONG seq=34 rtt=1 ticks (16 ms)
[00018116][DBG] PING seq=35 size=64 sent
[00018116][DBG] PONG seq=35 rtt=0 ticks (0 ms)
[00018216][DBG] PING seq=36 size=64 sent
[00018216][DBG] PONG seq=36 rtt=0 ticks (0 ms)
[00018316][DBG] PING seq=37 size=64 sent
[00018316][DBG] PONG seq=37 rtt=0 ticks (0 ms)
[00018416][DBG] PING seq=38 size=64 sent
[00018416][DBG] PONG seq=38 rtt=0 ticks (0 ms)
[00018516][DBG] PING seq=39 size=64 sent
[00018516][DBG] PONG seq=39 rtt=0 ticks (0 ms)
[00018616][DBG] PING seq=40 size=64 sent
[00018616][DBG] PONG seq=40 rtt=0 ticks (0 ms)
[00018716][DBG] PING seq=41 size=64 sent
[00018716][DBG] PONG seq=41 rtt=0 ticks (0 ms)
[00018816][DBG] PING seq=42 size=64 sent
[00018816][DBG] PONG seq=42 rtt=0 ticks (0 ms)
[00018916][DBG] PING seq=43 size=64 sent
[00018916][DBG] PONG seq=43 rtt=0 ticks (0 ms)
[00019016][DBG] PING seq=44 size=64 sent
[00019016][DBG] PONG seq=44 rtt=0 ticks (0 ms)
[00019116][DBG] PING seq=45 size=64 sent
[00019116][DBG] PONG seq=45 rtt=0 ticks (0 ms)
[00019216][DBG] PING seq=46 size=64 sent
[00019233][DBG] PONG seq=46 rtt=1 ticks (16 ms)
[00019316][DBG] PING seq=47 size=64 sent
[00019316][DBG] PONG seq=47 rtt=0 ticks (0 ms)
[00019416][DBG] PING seq=48 size=64 sent
[00019416][DBG] PONG seq=48 rtt=0 ticks (0 ms)
[00019516][DBG] PING seq=49 size=64 sent
[00019516][DBG] PONG seq=49 rtt=0 ticks (0 ms)
[00019616][DBG] PING seq=50 size=64 sent
[00019633][DBG] PONG seq=50 rtt=1 ticks (16 ms)
[00019716][DBG] PING seq=51 size=64 sent
[00019716][DBG] PONG seq=51 rtt=0 ticks (0 ms)
[00019816][DBG] PING seq=52 size=64 sent
[00019816][DBG] PONG seq=52 rtt=0 ticks (0 ms)
[00019916][DBG] PING seq=53 size=64 sent
[00019916][DBG] PONG seq=53 rtt=0 ticks (0 ms)
[00020016][DBG] PING seq=54 size=64 sent
[00020016][DBG] PONG seq=54 rtt=0 ticks (0 ms)
[00020116][DBG] PING seq=55 size=64 sent
[00020133][DBG] PONG seq=55 rtt=1 ticks (16 ms)
[00020216][DBG] PING seq=56 size=64 sent
[00020216][DBG] PONG seq=56 rtt=0 ticks (0 ms)
[00020316][DBG] PING seq=57 size=64 sent
[00020333][DBG] PONG seq=57 rtt=1 ticks (16 ms)
[00020416][DBG] PING seq=58 size=64 sent
[00020416][DBG] PONG seq=58 rtt=0 ticks (0 ms)
[00020516][DBG] PING seq=59 size=64 sent
[00020533][DBG] PONG seq=59 rtt=1 ticks (16 ms)
[00020616][DBG] PING seq=60 size=64 sent
[00020616][DBG] PONG seq=60 rtt=0 ticks (0 ms)
[00020716][DBG] PING seq=61 size=64 sent
[00020716][DBG] PONG seq=61 rtt=0 ticks (0 ms)
[00020816][DBG] PING seq=62 size=64 sent
[00020816][DBG] PONG seq=62 rtt=0 ticks (0 ms)
[00020916][DBG] PING seq=63 size=64 sent
[00020916][DBG] PONG seq=63 rtt=0 ticks (0 ms)
[00021016][DBG] PING seq=64 size=64 sent
[00021016][DBG] PONG seq=64 rtt=0 ticks (0 ms)
[00021116][DBG] PING seq=65 size=64 sent
[00021116][DBG] PONG seq=65 rtt=0 ticks (0 ms)
[00021216][DBG] PING seq=66 size=64 sent
[00021233][DBG] PONG seq=66 rtt=1 ticks (16 ms)
[00021316][DBG] PING seq=67 size=64 sent
[00021316][DBG] PONG seq=67 rtt=0 ticks (0 ms)
[00021416][DBG] PING seq=68 size=64 sent
[00021416][DBG] PONG seq=68 rtt=0 ticks (0 ms)
[00021516][DBG] PING seq=69 size=64 sent
[00021516][DBG] PONG seq=69 rtt=0 ticks (0 ms)
[00021616][DBG] PING seq=70 size=64 sent
[00021616][DBG] PONG seq=70 rtt=0 ticks (0 ms)
[00021716][DBG] PING seq=71 size=64 sent
[00021716][DBG] PONG seq=71 rtt=0 ticks (0 ms)
[00021816][DBG] PING seq=72 size=64 sent
[00021816][DBG] PONG seq=72 rtt=0 ticks (0 ms)
[00021916][DBG] PING seq=73 size=64 sent
[00021916][DBG] PONG seq=73 rtt=0 ticks (0 ms)
[00022016][DBG] PING seq=74 size=64 sent
[00022033][DBG] PONG seq=74 rtt=1 ticks (16 ms)
[00022116][DBG] PING seq=75 size=64 sent
[00022116][DBG] PONG seq=75 rtt=0 ticks (0 ms)
[00022216][DBG] PING seq=76 size=64 sent
[00022216][DBG] PONG seq=76 rtt=0 ticks (0 ms)
[00022316][DBG] PING seq=77 size=64 sent
[00022316][DBG] PONG seq=77 rtt=0 ticks (0 ms)
[00022416][DBG] PING seq=78 size=64 sent
[00022416][DBG] PONG seq=78 rtt=0 ticks (0 ms)
[00022516][DBG] PING seq=79 size=64 sent
[00022516][DBG] PONG seq=79 rtt=0 ticks (0 ms)
[00022616][DBG] PING seq=80 size=64 sent
[00022616][DBG] PONG seq=80 rtt=0 ticks (0 ms)
[00022716][DBG] PING seq=81 size=64 sent
[00022716][DBG] PONG seq=81 rtt=0 ticks (0 ms)
[00022816][DBG] PING seq=82 size=64 sent
[00022816][DBG] PONG seq=82 rtt=0 ticks (0 ms)
[00022916][DBG] PING seq=83 size=64 sent
[00022916][DBG] PONG seq=83 rtt=0 ticks (0 ms)
[00023016][DBG] PING seq=84 size=64 sent
[00023016][DBG] PONG seq=84 rtt=0 ticks (0 ms)
[00023116][DBG] PING seq=85 size=64 sent
[00023116][DBG] PONG seq=85 rtt=0 ticks (0 ms)
[00023216][DBG] PING seq=86 size=64 sent
[00023233][DBG] PONG seq=86 rtt=1 ticks (16 ms)
[00023316][DBG] PING seq=87 size=64 sent
[00023333][DBG] PONG seq=87 rtt=1 ticks (16 ms)
[00023416][DBG] PING seq=88 size=64 sent
[00023416][DBG] PONG seq=88 rtt=0 ticks (0 ms)
[00023516][DBG] PING seq=89 size=64 sent
[00023516][DBG] PONG seq=89 rtt=0 ticks (0 ms)
[00023616][DBG] PING seq=90 size=64 sent
[00023616][DBG] PONG seq=90 rtt=0 ticks (0 ms)
[00023716][DBG] PING seq=91 size=64 sent
[00023733][DBG] PONG seq=91 rtt=0 ticks (0 ms)
[00023816][DBG] PING seq=92 size=64 sent
[00023816][DBG] PONG seq=92 rtt=0 ticks (0 ms)
[00023916][DBG] PING seq=93 size=64 sent
[00023916][DBG] PONG seq=93 rtt=0 ticks (0 ms)
[00024016][DBG] PING seq=94 size=64 sent
[00024016][DBG] PONG seq=94 rtt=0 ticks (0 ms)
[00024116][DBG] PING seq=95 size=64 sent
[00024150][DBG] PONG seq=95 rtt=2 ticks (33 ms)
[00024216][DBG] PING seq=96 size=64 sent
[00024216][DBG] PONG seq=96 rtt=0 ticks (0 ms)
[00024250][INF] DISCOVERED: "PerfPartner" at 10.188.1.173:7354
[00024316][DBG] PING seq=97 size=64 sent
[00024333][DBG] PONG seq=97 rtt=1 ticks (16 ms)
[00024416][DBG] PING seq=98 size=64 sent
[00024433][DBG] PONG seq=98 rtt=1 ticks (16 ms)
[00024516][DBG] PING seq=99 size=64 sent
[00024516][DBG] PONG seq=99 rtt=0 ticks (0 ms)
[00024550][INF] SIZE 64: min=0 max=83 avg=0 ms (sent=100 recv=100 lost=0)
[00024550][INF] Starting size 256 test
[00024616][DBG] PING seq=0 size=256 sent
[00024633][DBG] PONG seq=0 rtt=1 ticks (16 ms)
[00024716][DBG] PING seq=1 size=256 sent
[00024716][DBG] PONG seq=1 rtt=0 ticks (0 ms)
[00024816][DBG] PING seq=2 size=256 sent
[00024833][DBG] PONG seq=2 rtt=1 ticks (16 ms)
[00024916][DBG] PING seq=3 size=256 sent
[00024933][DBG] PONG seq=3 rtt=1 ticks (16 ms)
[00025016][DBG] PING seq=4 size=256 sent
[00025016][DBG] PONG seq=4 rtt=0 ticks (0 ms)
[00025116][DBG] PING seq=5 size=256 sent
[00025116][DBG] PONG seq=5 rtt=0 ticks (0 ms)
[00025216][DBG] PING seq=6 size=256 sent
[00025233][DBG] PONG seq=6 rtt=1 ticks (16 ms)
[00025316][DBG] PING seq=7 size=256 sent
[00025316][DBG] PONG seq=7 rtt=0 ticks (0 ms)
[00025416][DBG] PING seq=8 size=256 sent
[00025416][DBG] PONG seq=8 rtt=0 ticks (0 ms)
[00025516][DBG] PING seq=9 size=256 sent
[00025516][DBG] PONG seq=9 rtt=0 ticks (0 ms)
[00025616][DBG] PING seq=10 size=256 sent
[00025616][DBG] PONG seq=10 rtt=0 ticks (0 ms)
[00025716][DBG] PING seq=11 size=256 sent
[00025716][DBG] PONG seq=11 rtt=0 ticks (0 ms)
[00025816][DBG] PING seq=12 size=256 sent
[00025833][DBG] PONG seq=12 rtt=1 ticks (16 ms)
[00025916][DBG] PING seq=13 size=256 sent
[00025916][DBG] PONG seq=13 rtt=0 ticks (0 ms)
[00026016][DBG] PING seq=14 size=256 sent
[00026016][DBG] PONG seq=14 rtt=0 ticks (0 ms)
[00026116][DBG] PING seq=15 size=256 sent
[00026116][DBG] PONG seq=15 rtt=0 ticks (0 ms)
[00026216][DBG] PING seq=16 size=256 sent
[00026216][DBG] PONG seq=16 rtt=0 ticks (0 ms)
[00026316][DBG] PING seq=17 size=256 sent
[00026316][DBG] PONG seq=17 rtt=0 ticks (0 ms)
[00026416][DBG] PING seq=18 size=256 sent
[00026416][DBG] PONG seq=18 rtt=0 ticks (0 ms)
[00026516][DBG] PING seq=19 size=256 sent
[00026516][DBG] PONG seq=19 rtt=0 ticks (0 ms)
[00026616][DBG] PING seq=20 size=256 sent
[00026616][DBG] PONG seq=20 rtt=0 ticks (0 ms)
[00026716][DBG] PING seq=21 size=256 sent
[00026716][DBG] PONG seq=21 rtt=0 ticks (0 ms)
[00026816][DBG] PING seq=22 size=256 sent
[00026816][DBG] PONG seq=22 rtt=0 ticks (0 ms)
[00026916][DBG] PING seq=23 size=256 sent
[00026916][DBG] PONG seq=23 rtt=0 ticks (0 ms)
[00027016][DBG] PING seq=24 size=256 sent
[00027016][DBG] PONG seq=24 rtt=0 ticks (0 ms)
[00027116][DBG] PING seq=25 size=256 sent
[00027133][DBG] PONG seq=25 rtt=1 ticks (16 ms)
[00027216][DBG] PING seq=26 size=256 sent
[00027233][DBG] PONG seq=26 rtt=1 ticks (16 ms)
[00027316][DBG] PING seq=27 size=256 sent
[00027316][DBG] PONG seq=27 rtt=0 ticks (0 ms)
[00027416][DBG] PING seq=28 size=256 sent
[00027433][DBG] PONG seq=28 rtt=1 ticks (16 ms)
[00027516][DBG] PING seq=29 size=256 sent
[00027516][DBG] PONG seq=29 rtt=0 ticks (0 ms)
[00027616][DBG] PING seq=30 size=256 sent
[00027616][DBG] PONG seq=30 rtt=0 ticks (0 ms)
[00027716][DBG] PING seq=31 size=256 sent
[00027716][DBG] PONG seq=31 rtt=0 ticks (0 ms)
[00027816][DBG] PING seq=32 size=256 sent
[00027816][DBG] PONG seq=32 rtt=0 ticks (0 ms)
[00027916][DBG] PING seq=33 size=256 sent
[00027916][DBG] PONG seq=33 rtt=0 ticks (0 ms)
[00028016][DBG] PING seq=34 size=256 sent
[00028016][DBG] PONG seq=34 rtt=0 ticks (0 ms)
[00028116][DBG] PING seq=35 size=256 sent
[00028116][DBG] PONG seq=35 rtt=0 ticks (0 ms)
[00028216][DBG] PING seq=36 size=256 sent
[00028216][DBG] PONG seq=36 rtt=0 ticks (0 ms)
[00028316][DBG] PING seq=37 size=256 sent
[00028316][DBG] PONG seq=37 rtt=0 ticks (0 ms)
[00028416][DBG] PING seq=38 size=256 sent
[00028416][DBG] PONG seq=38 rtt=0 ticks (0 ms)
[00028516][DBG] PING seq=39 size=256 sent
[00028516][DBG] PONG seq=39 rtt=0 ticks (0 ms)
[00028616][DBG] PING seq=40 size=256 sent
[00028633][DBG] PONG seq=40 rtt=1 ticks (16 ms)
[00028716][DBG] PING seq=41 size=256 sent
[00028716][DBG] PONG seq=41 rtt=0 ticks (0 ms)
[00028816][DBG] PING seq=42 size=256 sent
[00028816][DBG] PONG seq=42 rtt=0 ticks (0 ms)
[00028916][DBG] PING seq=43 size=256 sent
[00028916][DBG] PONG seq=43 rtt=0 ticks (0 ms)
[00029016][DBG] PING seq=44 size=256 sent
[00029033][DBG] PONG seq=44 rtt=0 ticks (0 ms)
[00029116][DBG] PING seq=45 size=256 sent
[00029116][DBG] PONG seq=45 rtt=0 ticks (0 ms)
[00029216][DBG] PING seq=46 size=256 sent
[00029233][DBG] PONG seq=46 rtt=1 ticks (16 ms)
[00029316][DBG] PING seq=47 size=256 sent
[00029316][DBG] PONG seq=47 rtt=0 ticks (0 ms)
[00029416][DBG] PING seq=48 size=256 sent
[00029416][DBG] PONG seq=48 rtt=0 ticks (0 ms)
[00029516][DBG] PING seq=49 size=256 sent
[00029516][DBG] PONG seq=49 rtt=0 ticks (0 ms)
[00029616][DBG] PING seq=50 size=256 sent
[00029616][DBG] PONG seq=50 rtt=0 ticks (0 ms)
[00029716][DBG] PING seq=51 size=256 sent
[00029716][DBG] PONG seq=51 rtt=0 ticks (0 ms)
[00029816][DBG] PING seq=52 size=256 sent
[00029816][DBG] PONG seq=52 rtt=0 ticks (0 ms)
[00029916][DBG] PING seq=53 size=256 sent
[00029916][DBG] PONG seq=53 rtt=0 ticks (0 ms)
[00030016][DBG] PING seq=54 size=256 sent
[00030016][DBG] PONG seq=54 rtt=0 ticks (0 ms)
[00030116][DBG] PING seq=55 size=256 sent
[00030183][DBG] PONG seq=55 rtt=4 ticks (66 ms)
[00030216][DBG] PING seq=56 size=256 sent
[00030216][DBG] PONG seq=56 rtt=0 ticks (0 ms)
[00030316][DBG] PING seq=57 size=256 sent
[00030316][DBG] PONG seq=57 rtt=0 ticks (0 ms)
[00030416][DBG] PING seq=58 size=256 sent
[00030416][DBG] PONG seq=58 rtt=0 ticks (0 ms)
[00030516][DBG] PING seq=59 size=256 sent
[00030516][DBG] PONG seq=59 rtt=0 ticks (0 ms)
[00030616][DBG] PING seq=60 size=256 sent
[00030616][DBG] PONG seq=60 rtt=0 ticks (0 ms)
[00030716][DBG] PING seq=61 size=256 sent
[00030716][DBG] PONG seq=61 rtt=0 ticks (0 ms)
[00030816][DBG] PING seq=62 size=256 sent
[00030833][DBG] PONG seq=62 rtt=1 ticks (16 ms)
[00030950][DBG] PING seq=63 size=256 sent
[00030950][DBG] PONG seq=63 rtt=1 ticks (16 ms)
[00031033][DBG] PING seq=64 size=256 sent
[00031033][DBG] PONG seq=64 rtt=0 ticks (0 ms)
[00031133][DBG] PING seq=65 size=256 sent
[00031133][DBG] PONG seq=65 rtt=0 ticks (0 ms)
[00031233][DBG] PING seq=66 size=256 sent
[00031233][DBG] PONG seq=66 rtt=0 ticks (0 ms)
[00031333][DBG] PING seq=67 size=256 sent
[00031333][DBG] PONG seq=67 rtt=0 ticks (0 ms)
[00031433][DBG] PING seq=68 size=256 sent
[00031433][DBG] PONG seq=68 rtt=0 ticks (0 ms)
[00031533][DBG] PING seq=69 size=256 sent
[00031533][DBG] PONG seq=69 rtt=0 ticks (0 ms)
[00031633][DBG] PING seq=70 size=256 sent
[00031633][DBG] PONG seq=70 rtt=0 ticks (0 ms)
[00031733][DBG] PING seq=71 size=256 sent
[00031733][DBG] PONG seq=71 rtt=0 ticks (0 ms)
[00031833][DBG] PING seq=72 size=256 sent
[00031850][DBG] PONG seq=72 rtt=1 ticks (16 ms)
[00031933][DBG] PING seq=73 size=256 sent
[00031933][DBG] PONG seq=73 rtt=0 ticks (0 ms)
[00032033][DBG] PING seq=74 size=256 sent
[00032033][DBG] PONG seq=74 rtt=0 ticks (0 ms)
[00032133][DBG] PING seq=75 size=256 sent
[00032133][DBG] PONG seq=75 rtt=0 ticks (0 ms)
[00032233][DBG] PING seq=76 size=256 sent
[00032233][DBG] PONG seq=76 rtt=0 ticks (0 ms)
[00032333][DBG] PING seq=77 size=256 sent
[00032333][DBG] PONG seq=77 rtt=0 ticks (0 ms)
[00032433][DBG] PING seq=78 size=256 sent
[00032450][DBG] PONG seq=78 rtt=1 ticks (16 ms)
[00032533][DBG] PING seq=79 size=256 sent
[00032550][DBG] PONG seq=79 rtt=1 ticks (16 ms)
[00032633][DBG] PING seq=80 size=256 sent
[00032633][DBG] PONG seq=80 rtt=0 ticks (0 ms)
[00032733][DBG] PING seq=81 size=256 sent
[00032733][DBG] PONG seq=81 rtt=0 ticks (0 ms)
[00032833][DBG] PING seq=82 size=256 sent
[00032833][DBG] PONG seq=82 rtt=0 ticks (0 ms)
[00032933][DBG] PING seq=83 size=256 sent
[00032933][DBG] PONG seq=83 rtt=0 ticks (0 ms)
[00033033][DBG] PING seq=84 size=256 sent
[00033033][DBG] PONG seq=84 rtt=0 ticks (0 ms)
[00033133][DBG] PING seq=85 size=256 sent
[00033133][DBG] PONG seq=85 rtt=0 ticks (0 ms)
[00033233][DBG] PING seq=86 size=256 sent
[00033233][DBG] PONG seq=86 rtt=0 ticks (0 ms)
[00033333][DBG] PING seq=87 size=256 sent
[00033333][DBG] PONG seq=87 rtt=0 ticks (0 ms)
[00033433][DBG] PING seq=88 size=256 sent
[00033433][DBG] PONG seq=88 rtt=0 ticks (0 ms)
[00033533][DBG] PING seq=89 size=256 sent
[00033550][DBG] PONG seq=89 rtt=1 ticks (16 ms)
[00033633][DBG] PING seq=90 size=256 sent
[00033633][DBG] PONG seq=90 rtt=0 ticks (0 ms)
[00033733][DBG] PING seq=91 size=256 sent
[00033733][DBG] PONG seq=91 rtt=0 ticks (0 ms)
[00033833][DBG] PING seq=92 size=256 sent
[00033833][DBG] PONG seq=92 rtt=0 ticks (0 ms)
[00033966][DBG] PING seq=93 size=256 sent
[00033983][DBG] PONG seq=93 rtt=2 ticks (33 ms)
[00034050][DBG] PING seq=94 size=256 sent
[00034050][DBG] PONG seq=94 rtt=0 ticks (0 ms)
[00034150][DBG] PING seq=95 size=256 sent
[00034150][DBG] PONG seq=95 rtt=0 ticks (0 ms)
[00034250][DBG] PING seq=96 size=256 sent
[00034266][DBG] PONG seq=96 rtt=1 ticks (16 ms)
[00034300][INF] DISCOVERED: "PerfPartner" at 10.188.1.173:7354
[00034350][DBG] PING seq=97 size=256 sent
[00034350][DBG] PONG seq=97 rtt=0 ticks (0 ms)
[00034450][DBG] PING seq=98 size=256 sent
[00034450][DBG] PONG seq=98 rtt=0 ticks (0 ms)
[00034550][DBG] PING seq=99 size=256 sent
[00034550][DBG] PONG seq=99 rtt=0 ticks (0 ms)
[00034583][INF] SIZE 256: min=0 max=66 avg=0 ms (sent=100 recv=100 lost=0)
[00034583][INF] Starting size 1024 test
[00034650][DBG] PING seq=0 size=1024 sent
[00034666][DBG] PONG seq=0 rtt=1 ticks (16 ms)
[00034750][DBG] PING seq=1 size=1024 sent
[00034766][DBG] PONG seq=1 rtt=1 ticks (16 ms)
[00034850][DBG] PING seq=2 size=1024 sent
[00034866][DBG] PONG seq=2 rtt=1 ticks (16 ms)
[00034950][DBG] PING seq=3 size=1024 sent
[00034966][DBG] PONG seq=3 rtt=1 ticks (16 ms)
[00035050][DBG] PING seq=4 size=1024 sent
[00035083][DBG] PONG seq=4 rtt=2 ticks (33 ms)
[00035150][DBG] PING seq=5 size=1024 sent
[00035166][DBG] PONG seq=5 rtt=1 ticks (16 ms)
[00035250][DBG] PING seq=6 size=1024 sent
[00035266][DBG] PONG seq=6 rtt=1 ticks (16 ms)
[00035350][DBG] PING seq=7 size=1024 sent
[00035366][DBG] PONG seq=7 rtt=1 ticks (16 ms)
[00035450][DBG] PING seq=8 size=1024 sent
[00035483][DBG] PONG seq=8 rtt=2 ticks (33 ms)
[00035550][DBG] PING seq=9 size=1024 sent
[00035566][DBG] PONG seq=9 rtt=1 ticks (16 ms)
[00035650][DBG] PING seq=10 size=1024 sent
[00035666][DBG] PONG seq=10 rtt=1 ticks (16 ms)
[00035750][DBG] PING seq=11 size=1024 sent
[00035783][DBG] PONG seq=11 rtt=2 ticks (33 ms)
[00035850][DBG] PING seq=12 size=1024 sent
[00035866][DBG] PONG seq=12 rtt=1 ticks (16 ms)
[00035950][DBG] PING seq=13 size=1024 sent
[00035966][DBG] PONG seq=13 rtt=1 ticks (16 ms)
[00036050][DBG] PING seq=14 size=1024 sent
[00036066][DBG] PONG seq=14 rtt=1 ticks (16 ms)
[00036150][DBG] PING seq=15 size=1024 sent
[00036183][DBG] PONG seq=15 rtt=2 ticks (33 ms)
[00036250][DBG] PING seq=16 size=1024 sent
[00036266][DBG] PONG seq=16 rtt=1 ticks (16 ms)
[00036350][DBG] PING seq=17 size=1024 sent
[00036366][DBG] PONG seq=17 rtt=1 ticks (16 ms)
[00036450][DBG] PING seq=18 size=1024 sent
[00036466][DBG] PONG seq=18 rtt=1 ticks (16 ms)
[00036550][DBG] PING seq=19 size=1024 sent
[00036566][DBG] PONG seq=19 rtt=1 ticks (16 ms)
[00036650][DBG] PING seq=20 size=1024 sent
[00036700][DBG] PONG seq=20 rtt=3 ticks (50 ms)
[00036750][DBG] PING seq=21 size=1024 sent
[00036783][DBG] PONG seq=21 rtt=2 ticks (33 ms)
[00036850][DBG] PING seq=22 size=1024 sent
[00036866][DBG] PONG seq=22 rtt=1 ticks (16 ms)
[00036950][DBG] PING seq=23 size=1024 sent
[00036966][DBG] PONG seq=23 rtt=1 ticks (16 ms)
[00037050][DBG] PING seq=24 size=1024 sent
[00037066][DBG] PONG seq=24 rtt=1 ticks (16 ms)
[00037150][DBG] PING seq=25 size=1024 sent
[00037166][DBG] PONG seq=25 rtt=1 ticks (16 ms)
[00037250][DBG] PING seq=26 size=1024 sent
[00037300][DBG] PONG seq=26 rtt=3 ticks (50 ms)
[00037350][DBG] PING seq=27 size=1024 sent
[00037366][DBG] PONG seq=27 rtt=1 ticks (16 ms)
[00037450][DBG] PING seq=28 size=1024 sent
[00037466][DBG] PONG seq=28 rtt=1 ticks (16 ms)
[00037550][DBG] PING seq=29 size=1024 sent
[00037566][DBG] PONG seq=29 rtt=1 ticks (16 ms)
[00037650][DBG] PING seq=30 size=1024 sent
[00037666][DBG] PONG seq=30 rtt=1 ticks (16 ms)
[00037750][DBG] PING seq=31 size=1024 sent
[00037766][DBG] PONG seq=31 rtt=1 ticks (16 ms)
[00037850][DBG] PING seq=32 size=1024 sent
[00037883][DBG] PONG seq=32 rtt=2 ticks (33 ms)
[00037950][DBG] PING seq=33 size=1024 sent
[00037983][DBG] PONG seq=33 rtt=2 ticks (33 ms)
[00038050][DBG] PING seq=34 size=1024 sent
[00038083][DBG] PONG seq=34 rtt=2 ticks (33 ms)
[00038150][DBG] PING seq=35 size=1024 sent
[00038166][DBG] PONG seq=35 rtt=1 ticks (16 ms)
[00038250][DBG] PING seq=36 size=1024 sent
[00038266][DBG] PONG seq=36 rtt=1 ticks (16 ms)
[00038350][DBG] PING seq=37 size=1024 sent
[00038383][DBG] PONG seq=37 rtt=2 ticks (33 ms)
[00038450][DBG] PING seq=38 size=1024 sent
[00038466][DBG] PONG seq=38 rtt=1 ticks (16 ms)
[00038550][DBG] PING seq=39 size=1024 sent
[00038566][DBG] PONG seq=39 rtt=1 ticks (16 ms)
[00038650][DBG] PING seq=40 size=1024 sent
[00038666][DBG] PONG seq=40 rtt=1 ticks (16 ms)
[00038750][DBG] PING seq=41 size=1024 sent
[00038783][DBG] PONG seq=41 rtt=2 ticks (33 ms)
[00038850][DBG] PING seq=42 size=1024 sent
[00038866][DBG] PONG seq=42 rtt=1 ticks (16 ms)
[00038950][DBG] PING seq=43 size=1024 sent
[00039016][DBG] PONG seq=43 rtt=4 ticks (66 ms)
[00039050][DBG] PING seq=44 size=1024 sent
[00039066][DBG] PONG seq=44 rtt=1 ticks (16 ms)
[00039150][DBG] PING seq=45 size=1024 sent
[00039183][DBG] PONG seq=45 rtt=2 ticks (33 ms)
[00039250][DBG] PING seq=46 size=1024 sent
[00039266][DBG] PONG seq=46 rtt=1 ticks (16 ms)
[00039350][DBG] PING seq=47 size=1024 sent
[00039366][DBG] PONG seq=47 rtt=1 ticks (16 ms)
[00039450][DBG] PING seq=48 size=1024 sent
[00039483][DBG] PONG seq=48 rtt=2 ticks (33 ms)
[00039550][DBG] PING seq=49 size=1024 sent
[00039583][DBG] PONG seq=49 rtt=2 ticks (33 ms)
[00039650][DBG] PING seq=50 size=1024 sent
[00039683][DBG] PONG seq=50 rtt=2 ticks (33 ms)
[00039750][DBG] PING seq=51 size=1024 sent
[00039766][DBG] PONG seq=51 rtt=1 ticks (16 ms)
[00039850][DBG] PING seq=52 size=1024 sent
[00039866][DBG] PONG seq=52 rtt=1 ticks (16 ms)
[00039950][DBG] PING seq=53 size=1024 sent
[00039966][DBG] PONG seq=53 rtt=1 ticks (16 ms)
[00040050][DBG] PING seq=54 size=1024 sent
[00040083][DBG] PONG seq=54 rtt=2 ticks (33 ms)
[00040150][DBG] PING seq=55 size=1024 sent
[00040166][DBG] PONG seq=55 rtt=1 ticks (16 ms)
[00040250][DBG] PING seq=56 size=1024 sent
[00040266][DBG] PONG seq=56 rtt=1 ticks (16 ms)
[00040350][DBG] PING seq=57 size=1024 sent
[00040383][DBG] PONG seq=57 rtt=2 ticks (33 ms)
[00040450][DBG] PING seq=58 size=1024 sent
[00040466][DBG] PONG seq=58 rtt=1 ticks (16 ms)
[00040550][DBG] PING seq=59 size=1024 sent
[00040566][DBG] PONG seq=59 rtt=1 ticks (16 ms)
[00040650][DBG] PING seq=60 size=1024 sent
[00040666][DBG] PONG seq=60 rtt=1 ticks (16 ms)
[00040750][DBG] PING seq=61 size=1024 sent
[00040766][DBG] PONG seq=61 rtt=1 ticks (16 ms)
[00040850][DBG] PING seq=62 size=1024 sent
[00040883][DBG] PONG seq=62 rtt=1 ticks (16 ms)
[00040950][DBG] PING seq=63 size=1024 sent
[00040983][DBG] PONG seq=63 rtt=2 ticks (33 ms)
[00041050][DBG] PING seq=64 size=1024 sent
[00041083][DBG] PONG seq=64 rtt=2 ticks (33 ms)
[00041150][DBG] PING seq=65 size=1024 sent
[00041166][DBG] PONG seq=65 rtt=1 ticks (16 ms)
[00041250][DBG] PING seq=66 size=1024 sent
[00041266][DBG] PONG seq=66 rtt=1 ticks (16 ms)
[00041350][DBG] PING seq=67 size=1024 sent
[00041366][DBG] PONG seq=67 rtt=1 ticks (16 ms)
[00041450][DBG] PING seq=68 size=1024 sent
[00041483][DBG] PONG seq=68 rtt=2 ticks (33 ms)
[00041550][DBG] PING seq=69 size=1024 sent
[00041566][DBG] PONG seq=69 rtt=1 ticks (16 ms)
[00041650][DBG] PING seq=70 size=1024 sent
[00041666][DBG] PONG seq=70 rtt=1 ticks (16 ms)
[00041750][DBG] PING seq=71 size=1024 sent
[00041766][DBG] PONG seq=71 rtt=1 ticks (16 ms)
[00041850][DBG] PING seq=72 size=1024 sent
[00041866][DBG] PONG seq=72 rtt=1 ticks (16 ms)
[00041950][DBG] PING seq=73 size=1024 sent
[00042000][DBG] PONG seq=73 rtt=3 ticks (50 ms)
[00042050][DBG] PING seq=74 size=1024 sent
[00042066][DBG] PONG seq=74 rtt=1 ticks (16 ms)
[00042150][DBG] PING seq=75 size=1024 sent
[00042166][DBG] PONG seq=75 rtt=1 ticks (16 ms)
[00042250][DBG] PING seq=76 size=1024 sent
[00042266][DBG] PONG seq=76 rtt=1 ticks (16 ms)
[00042350][DBG] PING seq=77 size=1024 sent
[00042366][DBG] PONG seq=77 rtt=1 ticks (16 ms)
[00042450][DBG] PING seq=78 size=1024 sent
[00042466][DBG] PONG seq=78 rtt=1 ticks (16 ms)
[00042550][DBG] PING seq=79 size=1024 sent
[00042583][DBG] PONG seq=79 rtt=2 ticks (33 ms)
[00042650][DBG] PING seq=80 size=1024 sent
[00042666][DBG] PONG seq=80 rtt=1 ticks (16 ms)
[00042750][DBG] PING seq=81 size=1024 sent
[00042766][DBG] PONG seq=81 rtt=1 ticks (16 ms)
[00042850][DBG] PING seq=82 size=1024 sent
[00042866][DBG] PONG seq=82 rtt=1 ticks (16 ms)
[00042950][DBG] PING seq=83 size=1024 sent
[00043000][DBG] PONG seq=83 rtt=3 ticks (50 ms)
[00043050][DBG] PING seq=84 size=1024 sent
[00043083][DBG] PONG seq=84 rtt=2 ticks (33 ms)
[00043150][DBG] PING seq=85 size=1024 sent
[00043166][DBG] PONG seq=85 rtt=1 ticks (16 ms)
[00043250][DBG] PING seq=86 size=1024 sent
[00043266][DBG] PONG seq=86 rtt=1 ticks (16 ms)
[00043350][DBG] PING seq=87 size=1024 sent
[00043433][DBG] PONG seq=87 rtt=5 ticks (83 ms)
[00043450][DBG] PING seq=88 size=1024 sent
[00043466][DBG] PONG seq=88 rtt=1 ticks (16 ms)
[00043550][DBG] PING seq=89 size=1024 sent
[00043566][DBG] PONG seq=89 rtt=1 ticks (16 ms)
[00043650][DBG] PING seq=90 size=1024 sent
[00043666][DBG] PONG seq=90 rtt=1 ticks (16 ms)
[00043750][DBG] PING seq=91 size=1024 sent
[00043783][DBG] PONG seq=91 rtt=2 ticks (33 ms)
[00043850][DBG] PING seq=92 size=1024 sent
[00043866][DBG] PONG seq=92 rtt=1 ticks (16 ms)
[00043950][DBG] PING seq=93 size=1024 sent
[00043966][DBG] PONG seq=93 rtt=1 ticks (16 ms)
[00044050][DBG] PING seq=94 size=1024 sent
[00044066][DBG] PONG seq=94 rtt=1 ticks (16 ms)
[00044166][INF] DISCOVERED: "PerfPartner" at 10.188.1.173:7354
[00044166][DBG] PING seq=95 size=1024 sent
[00044183][DBG] PONG seq=95 rtt=1 ticks (16 ms)
[00044266][DBG] PING seq=96 size=1024 sent
[00044300][DBG] PONG seq=96 rtt=2 ticks (33 ms)
[00044366][DBG] PING seq=97 size=1024 sent
[00044383][DBG] PONG seq=97 rtt=1 ticks (16 ms)
[00044466][DBG] PING seq=98 size=1024 sent
[00044483][DBG] PONG seq=98 rtt=1 ticks (16 ms)
[00044566][DBG] PING seq=99 size=1024 sent
[00044616][DBG] PONG seq=99 rtt=3 ticks (50 ms)
[00044633][INF] SIZE 1024: min=16 max=83 avg=16 ms (sent=100 recv=100 lost=0)
[00044633][INF] Starting size 4096 test
[00044666][DBG] PING seq=0 size=4096 sent
[00044733][DBG] PONG seq=0 rtt=4 ticks (66 ms)
[00044766][DBG] PING seq=1 size=4096 sent
[00044816][DBG] PONG seq=1 rtt=3 ticks (50 ms)
[00044866][DBG] PING seq=2 size=4096 sent
[00044916][DBG] PONG seq=2 rtt=3 ticks (50 ms)
[00044966][DBG] PING seq=3 size=4096 sent
[00045016][DBG] PONG seq=3 rtt=3 ticks (50 ms)
[00045066][DBG] PING seq=4 size=4096 sent
[00045166][DBG] PONG seq=4 rtt=6 ticks (100 ms)
[00045183][DBG] PING seq=5 size=4096 sent
[00045233][DBG] PONG seq=5 rtt=4 ticks (66 ms)
[00045266][DBG] PING seq=6 size=4096 sent
[00045316][DBG] PONG seq=6 rtt=3 ticks (50 ms)
[00045366][DBG] PING seq=7 size=4096 sent
[00045433][DBG] PONG seq=7 rtt=4 ticks (66 ms)
[00045466][DBG] PING seq=8 size=4096 sent
[00046516][DBG] PONG seq=8 rtt=63 ticks (1050 ms)
[00046533][DBG] PING seq=9 size=4096 sent
[00046616][DBG] PONG seq=9 rtt=5 ticks (83 ms)
[00046650][DBG] PING seq=10 size=4096 sent
[00046700][DBG] PONG seq=10 rtt=3 ticks (50 ms)
[00046750][DBG] PING seq=11 size=4096 sent
[00046800][DBG] PONG seq=11 rtt=3 ticks (50 ms)
[00046850][DBG] PING seq=12 size=4096 sent
[00046916][DBG] PONG seq=12 rtt=4 ticks (66 ms)
[00046950][DBG] PING seq=13 size=4096 sent
[00047000][DBG] PONG seq=13 rtt=3 ticks (50 ms)
[00047050][DBG] PING seq=14 size=4096 sent
[00047116][DBG] PONG seq=14 rtt=4 ticks (66 ms)
[00047150][DBG] PING seq=15 size=4096 sent
[00047216][DBG] PONG seq=15 rtt=4 ticks (66 ms)
[00047250][DBG] PING seq=16 size=4096 sent
[00047333][DBG] PONG seq=16 rtt=5 ticks (83 ms)
[00047350][DBG] PING seq=17 size=4096 sent
[00047400][DBG] PONG seq=17 rtt=3 ticks (50 ms)
[00047450][DBG] PING seq=18 size=4096 sent
[00047500][DBG] PONG seq=18 rtt=3 ticks (50 ms)
[00047550][DBG] PING seq=19 size=4096 sent
[00047600][DBG] PONG seq=19 rtt=3 ticks (50 ms)
[00047650][DBG] PING seq=20 size=4096 sent
[00047700][DBG] PONG seq=20 rtt=3 ticks (50 ms)
[00047750][DBG] PING seq=21 size=4096 sent
[00047800][DBG] PONG seq=21 rtt=3 ticks (50 ms)
[00047850][DBG] PING seq=22 size=4096 sent
[00047916][DBG] PONG seq=22 rtt=4 ticks (66 ms)
[00047950][DBG] PING seq=23 size=4096 sent
[00048000][DBG] PONG seq=23 rtt=3 ticks (50 ms)
[00048050][DBG] PING seq=24 size=4096 sent
[00048116][DBG] PONG seq=24 rtt=4 ticks (66 ms)
[00048150][DBG] PING seq=25 size=4096 sent
[00048216][DBG] PONG seq=25 rtt=4 ticks (66 ms)
[00048250][DBG] PING seq=26 size=4096 sent
[00048300][DBG] PONG seq=26 rtt=3 ticks (50 ms)
[00048350][DBG] PING seq=27 size=4096 sent
[00048400][DBG] PONG seq=27 rtt=3 ticks (50 ms)
[00048450][DBG] PING seq=28 size=4096 sent
[00048500][DBG] PONG seq=28 rtt=3 ticks (50 ms)
[00048550][DBG] PING seq=29 size=4096 sent
[00048600][DBG] PONG seq=29 rtt=3 ticks (50 ms)
[00048650][DBG] PING seq=30 size=4096 sent
[00048700][DBG] PONG seq=30 rtt=3 ticks (50 ms)
[00048750][DBG] PING seq=31 size=4096 sent
[00048850][DBG] PONG seq=31 rtt=6 ticks (100 ms)
[00048866][DBG] PING seq=32 size=4096 sent
[00048916][DBG] PONG seq=32 rtt=4 ticks (66 ms)
[00048950][DBG] PING seq=33 size=4096 sent
[00049016][DBG] PONG seq=33 rtt=4 ticks (66 ms)
[00049050][DBG] PING seq=34 size=4096 sent
[00049100][DBG] PONG seq=34 rtt=3 ticks (50 ms)
[00049150][DBG] PING seq=35 size=4096 sent
[00049200][DBG] PONG seq=35 rtt=3 ticks (50 ms)
[00049250][DBG] PING seq=36 size=4096 sent
[00049316][DBG] PONG seq=36 rtt=4 ticks (66 ms)
[00049350][DBG] PING seq=37 size=4096 sent
[00049400][DBG] PONG seq=37 rtt=3 ticks (50 ms)
[00049450][DBG] PING seq=38 size=4096 sent
[00049516][DBG] PONG seq=38 rtt=4 ticks (66 ms)
[00049550][DBG] PING seq=39 size=4096 sent
[00049600][DBG] PONG seq=39 rtt=3 ticks (50 ms)
[00049650][DBG] PING seq=40 size=4096 sent
[00049700][DBG] PONG seq=40 rtt=3 ticks (50 ms)
[00049750][DBG] PING seq=41 size=4096 sent
[00049800][DBG] PONG seq=41 rtt=3 ticks (50 ms)
[00049850][DBG] PING seq=42 size=4096 sent
[00049916][DBG] PONG seq=42 rtt=4 ticks (66 ms)
[00049950][DBG] PING seq=43 size=4096 sent
[00050000][DBG] PONG seq=43 rtt=3 ticks (50 ms)
[00050050][DBG] PING seq=44 size=4096 sent
[00050133][DBG] PONG seq=44 rtt=5 ticks (83 ms)
[00050150][DBG] PING seq=45 size=4096 sent
[00050200][DBG] PONG seq=45 rtt=3 ticks (50 ms)
[00050250][DBG] PING seq=46 size=4096 sent
[00050300][DBG] PONG seq=46 rtt=3 ticks (50 ms)
[00050350][DBG] PING seq=47 size=4096 sent
[00050400][DBG] PONG seq=47 rtt=3 ticks (50 ms)
[00050450][DBG] PING seq=48 size=4096 sent
[00050500][DBG] PONG seq=48 rtt=3 ticks (50 ms)
[00050550][DBG] PING seq=49 size=4096 sent
[00050600][DBG] PONG seq=49 rtt=3 ticks (50 ms)
[00050650][DBG] PING seq=50 size=4096 sent
[00050716][DBG] PONG seq=50 rtt=4 ticks (66 ms)
[00050750][DBG] PING seq=51 size=4096 sent
[00050850][DBG] PONG seq=51 rtt=6 ticks (100 ms)
[00050866][DBG] PING seq=52 size=4096 sent
[00050950][DBG] PONG seq=52 rtt=6 ticks (100 ms)
[00050950][DBG] PING seq=53 size=4096 sent
[00051033][DBG] PONG seq=53 rtt=5 ticks (83 ms)
[00051050][DBG] PING seq=54 size=4096 sent
[00051116][DBG] PONG seq=54 rtt=4 ticks (66 ms)
[00051150][DBG] PING seq=55 size=4096 sent
[00051200][DBG] PONG seq=55 rtt=3 ticks (50 ms)
[00051250][DBG] PING seq=56 size=4096 sent
[00051316][DBG] PONG seq=56 rtt=4 ticks (66 ms)
[00051350][DBG] PING seq=57 size=4096 sent
[00051400][DBG] PONG seq=57 rtt=3 ticks (50 ms)
[00051450][DBG] PING seq=58 size=4096 sent
[00051516][DBG] PONG seq=58 rtt=4 ticks (66 ms)
[00051550][DBG] PING seq=59 size=4096 sent
[00051616][DBG] PONG seq=59 rtt=4 ticks (66 ms)
[00051650][DBG] PING seq=60 size=4096 sent
[00051700][DBG] PONG seq=60 rtt=3 ticks (50 ms)
[00051750][DBG] PING seq=61 size=4096 sent
[00051816][DBG] PONG seq=61 rtt=4 ticks (66 ms)
[00051850][DBG] PING seq=62 size=4096 sent
[00051916][DBG] PONG seq=62 rtt=4 ticks (66 ms)
[00051950][DBG] PING seq=63 size=4096 sent
[00052000][DBG] PONG seq=63 rtt=3 ticks (50 ms)
[00052050][DBG] PING seq=64 size=4096 sent
[00052100][DBG] PONG seq=64 rtt=3 ticks (50 ms)
[00052150][DBG] PING seq=65 size=4096 sent
[00052200][DBG] PONG seq=65 rtt=3 ticks (50 ms)
[00052250][DBG] PING seq=66 size=4096 sent
[00052300][DBG] PONG seq=66 rtt=3 ticks (50 ms)
[00052350][DBG] PING seq=67 size=4096 sent
[00052400][DBG] PONG seq=67 rtt=3 ticks (50 ms)
[00052450][DBG] PING seq=68 size=4096 sent
[00052500][DBG] PONG seq=68 rtt=3 ticks (50 ms)
[00052550][DBG] PING seq=69 size=4096 sent
[00052600][DBG] PONG seq=69 rtt=3 ticks (50 ms)
[00052650][DBG] PING seq=70 size=4096 sent
[00052700][DBG] PONG seq=70 rtt=3 ticks (50 ms)
[00052750][DBG] PING seq=71 size=4096 sent
[00052800][DBG] PONG seq=71 rtt=3 ticks (50 ms)
[00052850][DBG] PING seq=72 size=4096 sent
[00052900][DBG] PONG seq=72 rtt=3 ticks (50 ms)
[00052950][DBG] PING seq=73 size=4096 sent
[00053016][DBG] PONG seq=73 rtt=4 ticks (66 ms)
[00053050][DBG] PING seq=74 size=4096 sent
[00053183][DBG] PONG seq=74 rtt=8 ticks (133 ms)
[00053200][DBG] PING seq=75 size=4096 sent
[00053250][DBG] PONG seq=75 rtt=4 ticks (66 ms)
[00053283][DBG] PING seq=76 size=4096 sent
[00053333][DBG] PONG seq=76 rtt=3 ticks (50 ms)
[00053383][DBG] PING seq=77 size=4096 sent
[00053433][DBG] PONG seq=77 rtt=3 ticks (50 ms)
[00053483][DBG] PING seq=78 size=4096 sent
[00053533][DBG] PONG seq=78 rtt=3 ticks (50 ms)
[00053583][DBG] PING seq=79 size=4096 sent
[00053633][DBG] PONG seq=79 rtt=3 ticks (50 ms)
[00053683][DBG] PING seq=80 size=4096 sent
[00053733][DBG] PONG seq=80 rtt=3 ticks (50 ms)
[00053783][DBG] PING seq=81 size=4096 sent
[00053833][DBG] PONG seq=81 rtt=3 ticks (50 ms)
[00053883][DBG] PING seq=82 size=4096 sent
[00053933][DBG] PONG seq=82 rtt=3 ticks (50 ms)
[00053983][DBG] PING seq=83 size=4096 sent
[00054033][DBG] PONG seq=83 rtt=3 ticks (50 ms)
[00054083][DBG] PING seq=84 size=4096 sent
[00054133][DBG] PONG seq=84 rtt=3 ticks (50 ms)
[00054183][DBG] PING seq=85 size=4096 sent
[00054216][INF] DISCOVERED: "PerfPartner" at 10.188.1.173:7354
[00054250][DBG] PONG seq=85 rtt=4 ticks (66 ms)
[00054283][DBG] PING seq=86 size=4096 sent
[00054350][DBG] PONG seq=86 rtt=4 ticks (66 ms)
[00054383][DBG] PING seq=87 size=4096 sent
[00054433][DBG] PONG seq=87 rtt=3 ticks (50 ms)
[00054483][DBG] PING seq=88 size=4096 sent
[00054533][DBG] PONG seq=88 rtt=3 ticks (50 ms)
[00054583][DBG] PING seq=89 size=4096 sent
[00054633][DBG] PONG seq=89 rtt=3 ticks (50 ms)
[00054683][DBG] PING seq=90 size=4096 sent
[00054766][DBG] PONG seq=90 rtt=5 ticks (83 ms)
[00054783][DBG] PING seq=91 size=4096 sent
[00054866][DBG] PONG seq=91 rtt=5 ticks (83 ms)
[00054883][DBG] PING seq=92 size=4096 sent
[00054966][DBG] PONG seq=92 rtt=5 ticks (83 ms)
[00054983][DBG] PING seq=93 size=4096 sent
[00055033][DBG] PONG seq=93 rtt=3 ticks (50 ms)
[00055083][DBG] PING seq=94 size=4096 sent
[00055166][DBG] PONG seq=94 rtt=5 ticks (83 ms)
[00055183][DBG] PING seq=95 size=4096 sent
[00055233][DBG] PONG seq=95 rtt=3 ticks (50 ms)
[00055283][DBG] PING seq=96 size=4096 sent
[00055333][DBG] PONG seq=96 rtt=3 ticks (50 ms)
[00055383][DBG] PING seq=97 size=4096 sent
[00056083][DBG] PONG seq=97 rtt=42 ticks (700 ms)
[00056083][DBG] PING seq=98 size=4096 sent
[00056150][DBG] PONG seq=98 rtt=4 ticks (66 ms)
[00056183][DBG] PING seq=99 size=4096 sent
[00056233][DBG] PONG seq=99 rtt=3 ticks (50 ms)
[00056266][INF] SIZE 4096: min=50 max=1050 avg=66 ms (sent=100 recv=100 lost=0)
[00056266][INF] All latency tests complete
[00056266][INF] ========================================
[00056266][INF] LATENCY TEST RESULTS
[00056266][INF] ========================================
[00056266][INF] Size   Min  Avg  Max  Sent Recv Lost
[00056266][INF] ----  ---- ---- ---- ---- ---- ----
[00056266][INF]   16B    0    0  433  100  100    0
[00056266][INF]   64B    0    0   83  100  100    0
[00056283][INF]  256B    0    0   66  100  100    0
[00056283][INF] 1024B   16   16   83  100  100    0
[00056283][INF] 4096B   50   66 1050  100  100    0
[00056283][INF] ----  ---- ---- ---- ---- ---- ----
[00056283][INF] Total               500  500    0
[00056283][INF] 
[00056283][INF] ======== LATENCY METRICS ========
[00056283][INF] SIZE 16: min=0 max=433 avg=0 ms (sent=100 recv=100 lost=0)
[00056283][INF] SIZE 64: min=0 max=83 avg=0 ms (sent=100 recv=100 lost=0)
[00056300][INF] SIZE 256: min=0 max=66 avg=0 ms (sent=100 recv=100 lost=0)
[00056300][INF] SIZE 1024: min=16 max=83 avg=16 ms (sent=100 recv=100 lost=0)
[00056300][INF] SIZE 4096: min=50 max=1050 avg=66 ms (sent=100 recv=100 lost=0)
[00056300][INF] ========================================
[00056316][INF] Streaming 31542 bytes of logs to partner...
[00056750][INF] Log streaming complete: 31595 bytes sent
[00056766][INF] ========================================
[00056766][INF] TEST EXITING - cleaning up...
[00056766][INF] ========================================
