========================================
PeerTalk Performance Test Partner
Version: 1.0.0
Mode: echo
========================================

Initializing PeerTalk...
Starting discovery on port 7353...
Starting TCP listener on port 7354...
Running until Ctrl+C...

[STATUS] 10 sec: peers=0, msgs=0, connected=no
[STATUS] 20 sec: peers=0, msgs=0, connected=no
[STATUS] 30 sec: peers=0, msgs=0, connected=no
[STATUS] 40 sec: peers=0, msgs=0, connected=no
[STATUS] 50 sec: peers=0, msgs=0, connected=no
[STATUS] 60 sec: peers=0, msgs=0, connected=no
[CONNECTED] Peer 1
[CAPS] Peer 1: max_msg=4096 chunk=1024 pressure=0 [FRAG]
[CAPS] Peer buffer: recv_buf=8192 optimal_chunk=2048
[CAPS] Effective max message: 4096 bytes
[CAPS] Optimal chunk for peer: 1024 bytes
[MESSAGE] From peer 1: 256 bytes
[MESSAGE] From peer 1: 256 bytes
[MESSAGE] From peer 1: 256 bytes
[MESSAGE] From peer 1: 256 bytes
[MESSAGE] From peer 1: 256 bytes
[MESSAGE] From peer 1: 256 bytes
[MESSAGE] From peer 1: 256 bytes
[MESSAGE] From peer 1: 256 bytes
[MESSAGE] From peer 1: 256 bytes
[MESSAGE] From peer 1: 256 bytes
[MESSAGE] From peer 1: 256 bytes
[MESSAGE] From peer 1: 256 bytes
[MESSAGE] From peer 1: 256 bytes
[MESSAGE] From peer 1: 256 bytes
[MESSAGE] From peer 1: 256 bytes
[MESSAGE] From peer 1: 256 bytes
[MESSAGE] From peer 1: 256 bytes
[MESSAGE] From peer 1: 256 bytes
[MESSAGE] From peer 1: 256 bytes
[MESSAGE] From peer 1: 256 bytes
[MESSAGE] From peer 1: 256 bytes
[MESSAGE] From peer 1: 256 bytes
[MESSAGE] From peer 1: 256 bytes
[MESSAGE] From peer 1: 256 bytes
[MESSAGE] From peer 1: 256 bytes
[MESSAGE] From peer 1: 256 bytes
[MESSAGE] From peer 1: 256 bytes
[MESSAGE] From peer 1: 256 bytes
[MESSAGE] From peer 1: 256 bytes
[MESSAGE] From peer 1: 256 bytes
[MESSAGE] From peer 1: 256 bytes
[MESSAGE] From peer 1: 256 bytes
[MESSAGE] From peer 1: 256 bytes
[MESSAGE] From peer 1: 256 bytes
[MESSAGE] From peer 1: 256 bytes
[MESSAGE] From peer 1: 256 bytes
[MESSAGE] From peer 1: 256 bytes
[MESSAGE] From peer 1: 256 bytes
[MESSAGE] From peer 1: 256 bytes
[MESSAGE] From peer 1: 256 bytes
[MESSAGE] From peer 1: 256 bytes
[MESSAGE] From peer 1: 256 bytes
[MESSAGE] From peer 1: 256 bytes
[MESSAGE] From peer 1: 256 bytes
[MESSAGE] From peer 1: 256 bytes
[MESSAGE] From peer 1: 256 bytes
[MESSAGE] From peer 1: 256 bytes
[MESSAGE] From peer 1: 256 bytes
[MESSAGE] From peer 1: 256 bytes
[MESSAGE] From peer 1: 256 bytes
[MESSAGE] From peer 1: 256 bytes
[MESSAGE] From peer 1: 256 bytes
[MESSAGE] From peer 1: 256 bytes
[MESSAGE] From peer 1: 256 bytes
[MESSAGE] From peer 1: 256 bytes
[MESSAGE] From peer 1: 256 bytes
[MESSAGE] From peer 1: 256 bytes
[MESSAGE] From peer 1: 256 bytes
[MESSAGE] From peer 1: 256 bytes
[MESSAGE] From peer 1: 256 bytes
[MESSAGE] From peer 1: 256 bytes
[MESSAGE] From peer 1: 256 bytes
[MESSAGE] From peer 1: 256 bytes
[MESSAGE] From peer 1: 256 bytes
[MESSAGE] From peer 1: 256 bytes
[MESSAGE] From peer 1: 256 bytes
[MESSAGE] From peer 1: 256 bytes
[MESSAGE] From peer 1: 256 bytes
[MESSAGE] From peer 1: 256 bytes
[MESSAGE] From peer 1: 256 bytes
[MESSAGE] From peer 1: 256 bytes
[MESSAGE] From peer 1: 256 bytes
[MESSAGE] From peer 1: 256 bytes
[MESSAGE] From peer 1: 256 bytes
[MESSAGE] From peer 1: 256 bytes
[MESSAGE] From peer 1: 256 bytes
[MESSAGE] From peer 1: 256 bytes
[MESSAGE] From peer 1: 256 bytes
[MESSAGE] From peer 1: 256 bytes
[MESSAGE] From peer 1: 256 bytes
[MESSAGE] From peer 1: 256 bytes
[MESSAGE] From peer 1: 256 bytes
[MESSAGE] From peer 1: 256 bytes
[MESSAGE] From peer 1: 256 bytes
[MESSAGE] From peer 1: 256 bytes
[MESSAGE] From peer 1: 256 bytes
[MESSAGE] From peer 1: 256 bytes
[MESSAGE] From peer 1: 256 bytes
[MESSAGE] From peer 1: 256 bytes
[MESSAGE] From peer 1: 256 bytes
[MESSAGE] From peer 1: 256 bytes
[MESSAGE] From peer 1: 256 bytes
[MESSAGE] From peer 1: 256 bytes
[MESSAGE] From peer 1: 256 bytes
[MESSAGE] From peer 1: 256 bytes
[MESSAGE] From peer 1: 256 bytes
[MESSAGE] From peer 1: 256 bytes
[MESSAGE] From peer 1: 256 bytes
[MESSAGE] From peer 1: 256 bytes
[MESSAGE] From peer 1: 256 bytes
[ECHO] 100 messages echoed
[MESSAGE] From peer 1: 256 bytes
[MESSAGE] From peer 1: 256 bytes
[MESSAGE] From peer 1: 256 bytes
[MESSAGE] From peer 1: 256 bytes
[MESSAGE] From peer 1: 256 bytes
[MESSAGE] From peer 1: 256 bytes
[MESSAGE] From peer 1: 256 bytes
[MESSAGE] From peer 1: 256 bytes
[MESSAGE] From peer 1: 256 bytes
[MESSAGE] From peer 1: 256 bytes
[MESSAGE] From peer 1: 256 bytes
[MESSAGE] From peer 1: 256 bytes
[MESSAGE] From peer 1: 256 bytes
[MESSAGE] From peer 1: 256 bytes
[MESSAGE] From peer 1: 256 bytes
[MESSAGE] From peer 1: 256 bytes
[MESSAGE] From peer 1: 256 bytes
[MESSAGE] From peer 1: 256 bytes
[MESSAGE] From peer 1: 256 bytes
[MESSAGE] From peer 1: 256 bytes
[MESSAGE] From peer 1: 256 bytes
[MESSAGE] From peer 1: 256 bytes
[MESSAGE] From peer 1: 256 bytes
[MESSAGE] From peer 1: 256 bytes
[MESSAGE] From peer 1: 256 bytes
[MESSAGE] From peer 1: 256 bytes
[MESSAGE] From peer 1: 256 bytes
[MESSAGE] From peer 1: 256 bytes
[MESSAGE] From peer 1: 256 bytes
[MESSAGE] From peer 1: 256 bytes
[MESSAGE] From peer 1: 256 bytes
[MESSAGE] From peer 1: 256 bytes
[MESSAGE] From peer 1: 256 bytes
[MESSAGE] From peer 1: 256 bytes
[MESSAGE] From peer 1: 256 bytes
[MESSAGE] From peer 1: 256 bytes
[MESSAGE] From peer 1: 256 bytes
[MESSAGE] From peer 1: 256 bytes
[MESSAGE] From peer 1: 256 bytes
[MESSAGE] From peer 1: 256 bytes
[MESSAGE] From peer 1: 256 bytes
[MESSAGE] From peer 1: 256 bytes
[MESSAGE] From peer 1: 256 bytes
[MESSAGE] From peer 1: 256 bytes
[MESSAGE] From peer 1: 256 bytes
[MESSAGE] From peer 1: 256 bytes
[MESSAGE] From peer 1: 256 bytes
[MESSAGE] From peer 1: 256 bytes
[MESSAGE] From peer 1: 256 bytes
[MESSAGE] From peer 1: 256 bytes
[MESSAGE] From peer 1: 256 bytes
[MESSAGE] From peer 1: 256 bytes
[MESSAGE] From peer 1: 256 bytes
[MESSAGE] From peer 1: 256 bytes
[MESSAGE] From peer 1: 256 bytes
[MESSAGE] From peer 1: 256 bytes
[MESSAGE] From peer 1: 256 bytes
[MESSAGE] From peer 1: 256 bytes
[MESSAGE] From peer 1: 256 bytes
[MESSAGE] From peer 1: 256 bytes
[MESSAGE] From peer 1: 256 bytes
[MESSAGE] From peer 1: 256 bytes
[MESSAGE] From peer 1: 256 bytes
[MESSAGE] From peer 1: 256 bytes
[MESSAGE] From peer 1: 256 bytes
[MESSAGE] From peer 1: 256 bytes
[MESSAGE] From peer 1: 256 bytes
[MESSAGE] From peer 1: 256 bytes
[MESSAGE] From peer 1: 256 bytes
[MESSAGE] From peer 1: 256 bytes
[MESSAGE] From peer 1: 256 bytes
[MESSAGE] From peer 1: 256 bytes
[MESSAGE] From peer 1: 256 bytes
[MESSAGE] From peer 1: 256 bytes
[MESSAGE] From peer 1: 256 bytes
[MESSAGE] From peer 1: 256 bytes
[MESSAGE] From peer 1: 256 bytes
[MESSAGE] From peer 1: 256 bytes
[MESSAGE] From peer 1: 256 bytes
[MESSAGE] From peer 1: 256 bytes
[MESSAGE] From peer 1: 256 bytes
[MESSAGE] From peer 1: 256 bytes
[MESSAGE] From peer 1: 256 bytes
[MESSAGE] From peer 1: 256 bytes
[MESSAGE] From peer 1: 256 bytes
[MESSAGE] From peer 1: 256 bytes
[MESSAGE] From peer 1: 256 bytes
[MESSAGE] From peer 1: 256 bytes
[MESSAGE] From peer 1: 256 bytes
[MESSAGE] From peer 1: 256 bytes
[MESSAGE] From peer 1: 256 bytes
[MESSAGE] From peer 1: 256 bytes
[MESSAGE] From peer 1: 256 bytes
[MESSAGE] From peer 1: 256 bytes
[MESSAGE] From peer 1: 256 bytes
[MESSAGE] From peer 1: 256 bytes
[MESSAGE] From peer 1: 256 bytes
[MESSAGE] From peer 1: 256 bytes
[MESSAGE] From peer 1: 256 bytes
[MESSAGE] From peer 1: 256 bytes
[ECHO] 200 messages echoed
[MESSAGE] From peer 1: 256 bytes
[MESSAGE] From peer 1: 256 bytes
[MESSAGE] From peer 1: 256 bytes
[MESSAGE] From peer 1: 256 bytes
[MESSAGE] From peer 1: 256 bytes
[MESSAGE] From peer 1: 256 bytes
[MESSAGE] From peer 1: 256 bytes
[MESSAGE] From peer 1: 256 bytes
[MESSAGE] From peer 1: 256 bytes
[MESSAGE] From peer 1: 256 bytes
[MESSAGE] From peer 1: 256 bytes
[MESSAGE] From peer 1: 256 bytes
[MESSAGE] From peer 1: 256 bytes
[MESSAGE] From peer 1: 256 bytes
[MESSAGE] From peer 1: 256 bytes
[MESSAGE] From peer 1: 256 bytes
[MESSAGE] From peer 1: 256 bytes
[MESSAGE] From peer 1: 256 bytes
[MESSAGE] From peer 1: 256 bytes
[MESSAGE] From peer 1: 256 bytes
[MESSAGE] From peer 1: 256 bytes
[MESSAGE] From peer 1: 256 bytes
[MESSAGE] From peer 1: 256 bytes
[MESSAGE] From peer 1: 256 bytes
[MESSAGE] From peer 1: 256 bytes
[MESSAGE] From peer 1: 256 bytes
[MESSAGE] From peer 1: 256 bytes
[MESSAGE] From peer 1: 256 bytes
[MESSAGE] From peer 1: 256 bytes
[MESSAGE] From peer 1: 256 bytes
[MESSAGE] From peer 1: 256 bytes
[MESSAGE] From peer 1: 256 bytes
[MESSAGE] From peer 1: 256 bytes
[MESSAGE] From peer 1: 256 bytes
[MESSAGE] From peer 1: 256 bytes
[MESSAGE] From peer 1: 256 bytes
[MESSAGE] From peer 1: 256 bytes
[MESSAGE] From peer 1: 256 bytes
[MESSAGE] From peer 1: 256 bytes
[MESSAGE] From peer 1: 256 bytes
[MESSAGE] From peer 1: 256 bytes
[MESSAGE] From peer 1: 256 bytes
[MESSAGE] From peer 1: 256 bytes
[MESSAGE] From peer 1: 256 bytes
[MESSAGE] From peer 1: 256 bytes
[MESSAGE] From peer 1: 256 bytes
[MESSAGE] From peer 1: 256 bytes
[MESSAGE] From peer 1: 256 bytes
[MESSAGE] From peer 1: 256 bytes
[MESSAGE] From peer 1: 256 bytes
[MESSAGE] From peer 1: 256 bytes
[MESSAGE] From peer 1: 256 bytes
[MESSAGE] From peer 1: 256 bytes
[MESSAGE] From peer 1: 256 bytes
[MESSAGE] From peer 1: 256 bytes
[MESSAGE] From peer 1: 256 bytes
[MESSAGE] From peer 1: 256 bytes
[MESSAGE] From peer 1: 256 bytes
[MESSAGE] From peer 1: 256 bytes
[MESSAGE] From peer 1: 256 bytes
[MESSAGE] From peer 1: 256 bytes
[MESSAGE] From peer 1: 256 bytes
[MESSAGE] From peer 1: 256 bytes
[MESSAGE] From peer 1: 256 bytes
[MESSAGE] From peer 1: 256 bytes
[MESSAGE] From peer 1: 256 bytes
[MESSAGE] From peer 1: 256 bytes
[MESSAGE] From peer 1: 256 bytes
[MESSAGE] From peer 1: 256 bytes
[MESSAGE] From peer 1: 256 bytes
[MESSAGE] From peer 1: 256 bytes
[MESSAGE] From peer 1: 256 bytes
[MESSAGE] From peer 1: 256 bytes
[MESSAGE] From peer 1: 256 bytes
[MESSAGE] From peer 1: 256 bytes
[MESSAGE] From peer 1: 256 bytes
[MESSAGE] From peer 1: 256 bytes
[MESSAGE] From peer 1: 256 bytes
[MESSAGE] From peer 1: 256 bytes
[MESSAGE] From peer 1: 256 bytes
[MESSAGE] From peer 1: 256 bytes
[MESSAGE] From peer 1: 256 bytes
[MESSAGE] From peer 1: 256 bytes
[MESSAGE] From peer 1: 256 bytes
[MESSAGE] From peer 1: 256 bytes
[MESSAGE] From peer 1: 256 bytes
[MESSAGE] From peer 1: 256 bytes
[MESSAGE] From peer 1: 256 bytes
[MESSAGE] From peer 1: 256 bytes
[MESSAGE] From peer 1: 256 bytes
[MESSAGE] From peer 1: 256 bytes
[MESSAGE] From peer 1: 256 bytes
[MESSAGE] From peer 1: 256 bytes
[MESSAGE] From peer 1: 256 bytes
[MESSAGE] From peer 1: 256 bytes
[MESSAGE] From peer 1: 256 bytes
[MESSAGE] From peer 1: 256 bytes
[MESSAGE] From peer 1: 256 bytes
[MESSAGE] From peer 1: 256 bytes
[MESSAGE] From peer 1: 256 bytes
[ECHO] 300 messages echoed
[MESSAGE] From peer 1: 256 bytes
[MESSAGE] From peer 1: 256 bytes
[MESSAGE] From peer 1: 256 bytes
[MESSAGE] From peer 1: 256 bytes
[MESSAGE] From peer 1: 256 bytes
[MESSAGE] From peer 1: 256 bytes
[MESSAGE] From peer 1: 256 bytes
[MESSAGE] From peer 1: 256 bytes
[MESSAGE] From peer 1: 256 bytes
[MESSAGE] From peer 1: 256 bytes
[MESSAGE] From peer 1: 256 bytes
[MESSAGE] From peer 1: 256 bytes
[MESSAGE] From peer 1: 256 bytes
[MESSAGE] From peer 1: 256 bytes
[MESSAGE] From peer 1: 256 bytes
[MESSAGE] From peer 1: 256 bytes
[MESSAGE] From peer 1: 256 bytes
[MESSAGE] From peer 1: 256 bytes
[MESSAGE] From peer 1: 256 bytes
[MESSAGE] From peer 1: 256 bytes
[MESSAGE] From peer 1: 256 bytes
[MESSAGE] From peer 1: 256 bytes
[MESSAGE] From peer 1: 256 bytes
[MESSAGE] From peer 1: 256 bytes
[MESSAGE] From peer 1: 256 bytes
[MESSAGE] From peer 1: 256 bytes
[MESSAGE] From peer 1: 256 bytes
[MESSAGE] From peer 1: 256 bytes
[MESSAGE] From peer 1: 256 bytes
[MESSAGE] From peer 1: 256 bytes
[MESSAGE] From peer 1: 256 bytes
[MESSAGE] From peer 1: 256 bytes
[MESSAGE] From peer 1: 256 bytes
[MESSAGE] From peer 1: 256 bytes
[MESSAGE] From peer 1: 256 bytes
[MESSAGE] From peer 1: 256 bytes
[MESSAGE] From peer 1: 256 bytes
[MESSAGE] From peer 1: 256 bytes
[MESSAGE] From peer 1: 256 bytes
[MESSAGE] From peer 1: 256 bytes
[MESSAGE] From peer 1: 256 bytes
[MESSAGE] From peer 1: 256 bytes
[MESSAGE] From peer 1: 256 bytes
[MESSAGE] From peer 1: 256 bytes
[MESSAGE] From peer 1: 256 bytes
[MESSAGE] From peer 1: 256 bytes
[MESSAGE] From peer 1: 256 bytes
[MESSAGE] From peer 1: 256 bytes
[MESSAGE] From peer 1: 256 bytes
[MESSAGE] From peer 1: 256 bytes
[MESSAGE] From peer 1: 256 bytes
[MESSAGE] From peer 1: 256 bytes
[MESSAGE] From peer 1: 256 bytes
[MESSAGE] From peer 1: 256 bytes
[MESSAGE] From peer 1: 256 bytes
[MESSAGE] From peer 1: 256 bytes
[MESSAGE] From peer 1: 256 bytes
[MESSAGE] From peer 1: 256 bytes
[MESSAGE] From peer 1: 256 bytes
[MESSAGE] From peer 1: 256 bytes
[MESSAGE] From peer 1: 256 bytes
[MESSAGE] From peer 1: 256 bytes
[MESSAGE] From peer 1: 256 bytes
[MESSAGE] From peer 1: 256 bytes
[MESSAGE] From peer 1: 256 bytes
[MESSAGE] From peer 1: 256 bytes
[MESSAGE] From peer 1: 256 bytes
[MESSAGE] From peer 1: 256 bytes
[MESSAGE] From peer 1: 256 bytes
[MESSAGE] From peer 1: 256 bytes
[MESSAGE] From peer 1: 256 bytes
[MESSAGE] From peer 1: 256 bytes
[MESSAGE] From peer 1: 256 bytes
[STATUS] 70 sec: peers=0, msgs=373, connected=yes
[MESSAGE] From peer 1: 256 bytes
[MESSAGE] From peer 1: 256 bytes
[MESSAGE] From peer 1: 256 bytes
[MESSAGE] From peer 1: 256 bytes
[MESSAGE] From peer 1: 256 bytes
[MESSAGE] From peer 1: 256 bytes
[MESSAGE] From peer 1: 256 bytes
[MESSAGE] From peer 1: 256 bytes
[MESSAGE] From peer 1: 256 bytes
[MESSAGE] From peer 1: 256 bytes
[MESSAGE] From peer 1: 256 bytes
[MESSAGE] From peer 1: 256 bytes
[MESSAGE] From peer 1: 256 bytes
[MESSAGE] From peer 1: 256 bytes
[MESSAGE] From peer 1: 256 bytes
[MESSAGE] From peer 1: 256 bytes
[MESSAGE] From peer 1: 256 bytes
[MESSAGE] From peer 1: 256 bytes
[MESSAGE] From peer 1: 256 bytes
[MESSAGE] From peer 1: 256 bytes
[MESSAGE] From peer 1: 256 bytes
[MESSAGE] From peer 1: 256 bytes
[MESSAGE] From peer 1: 256 bytes
[MESSAGE] From peer 1: 256 bytes
[MESSAGE] From peer 1: 256 bytes
[MESSAGE] From peer 1: 256 bytes
[MESSAGE] From peer 1: 256 bytes
[ECHO] 400 messages echoed
[MESSAGE] From peer 1: 256 bytes
[MESSAGE] From peer 1: 256 bytes
[MESSAGE] From peer 1: 256 bytes
[MESSAGE] From peer 1: 256 bytes
[MESSAGE] From peer 1: 256 bytes
[MESSAGE] From peer 1: 256 bytes
[MESSAGE] From peer 1: 256 bytes
[MESSAGE] From peer 1: 256 bytes
[MESSAGE] From peer 1: 256 bytes
[MESSAGE] From peer 1: 256 bytes
[MESSAGE] From peer 1: 256 bytes
[MESSAGE] From peer 1: 256 bytes
[MESSAGE] From peer 1: 256 bytes
[MESSAGE] From peer 1: 256 bytes
[MESSAGE] From peer 1: 256 bytes
[MESSAGE] From peer 1: 256 bytes
[MESSAGE] From peer 1: 256 bytes
[MESSAGE] From peer 1: 256 bytes
[MESSAGE] From peer 1: 256 bytes
[MESSAGE] From peer 1: 256 bytes
[MESSAGE] From peer 1: 256 bytes
[MESSAGE] From peer 1: 256 bytes
[MESSAGE] From peer 1: 256 bytes
[MESSAGE] From peer 1: 256 bytes
[MESSAGE] From peer 1: 256 bytes
[MESSAGE] From peer 1: 256 bytes
[MESSAGE] From peer 1: 256 bytes
[MESSAGE] From peer 1: 256 bytes
[MESSAGE] From peer 1: 256 bytes
[MESSAGE] From peer 1: 256 bytes
[MESSAGE] From peer 1: 256 bytes
[MESSAGE] From peer 1: 256 bytes
[MESSAGE] From peer 1: 256 bytes
[MESSAGE] From peer 1: 256 bytes
[MESSAGE] From peer 1: 256 bytes
[MESSAGE] From peer 1: 256 bytes
[MESSAGE] From peer 1: 256 bytes
[MESSAGE] From peer 1: 256 bytes
[MESSAGE] From peer 1: 256 bytes
[MESSAGE] From peer 1: 256 bytes
[MESSAGE] From peer 1: 256 bytes
[MESSAGE] From peer 1: 256 bytes
[MESSAGE] From peer 1: 256 bytes
[MESSAGE] From peer 1: 256 bytes
[MESSAGE] From peer 1: 256 bytes
[MESSAGE] From peer 1: 256 bytes
[MESSAGE] From peer 1: 256 bytes
[MESSAGE] From peer 1: 256 bytes
[MESSAGE] From peer 1: 256 bytes
[MESSAGE] From peer 1: 256 bytes
[MESSAGE] From peer 1: 256 bytes
[MESSAGE] From peer 1: 256 bytes
[MESSAGE] From peer 1: 256 bytes
[MESSAGE] From peer 1: 256 bytes
[MESSAGE] From peer 1: 256 bytes
[MESSAGE] From peer 1: 256 bytes
[MESSAGE] From peer 1: 256 bytes
[MESSAGE] From peer 1: 256 bytes
[MESSAGE] From peer 1: 256 bytes
[MESSAGE] From peer 1: 256 bytes
[MESSAGE] From peer 1: 256 bytes
[MESSAGE] From peer 1: 256 bytes
[MESSAGE] From peer 1: 256 bytes
[MESSAGE] From peer 1: 256 bytes
[MESSAGE] From peer 1: 256 bytes
[MESSAGE] From peer 1: 256 bytes
[MESSAGE] From peer 1: 256 bytes
[MESSAGE] From peer 1: 256 bytes
[MESSAGE] From peer 1: 256 bytes
[MESSAGE] From peer 1: 256 bytes
[MESSAGE] From peer 1: 256 bytes
[MESSAGE] From peer 1: 256 bytes
[MESSAGE] From peer 1: 256 bytes
[MESSAGE] From peer 1: 256 bytes
[MESSAGE] From peer 1: 256 bytes
[MESSAGE] From peer 1: 256 bytes
[MESSAGE] From peer 1: 256 bytes
[MESSAGE] From peer 1: 256 bytes
[MESSAGE] From peer 1: 256 bytes
[MESSAGE] From peer 1: 256 bytes
[MESSAGE] From peer 1: 256 bytes
[MESSAGE] From peer 1: 256 bytes
[MESSAGE] From peer 1: 256 bytes
[MESSAGE] From peer 1: 256 bytes
[MESSAGE] From peer 1: 256 bytes
[MESSAGE] From peer 1: 256 bytes
[MESSAGE] From peer 1: 256 bytes
[MESSAGE] From peer 1: 256 bytes
[MESSAGE] From peer 1: 256 bytes
[MESSAGE] From peer 1: 256 bytes
[MESSAGE] From peer 1: 256 bytes
[MESSAGE] From peer 1: 256 bytes
[MESSAGE] From peer 1: 256 bytes
[MESSAGE] From peer 1: 256 bytes
[MESSAGE] From peer 1: 256 bytes
[MESSAGE] From peer 1: 256 bytes
[MESSAGE] From peer 1: 256 bytes
[MESSAGE] From peer 1: 256 bytes
[MESSAGE] From peer 1: 256 bytes
[MESSAGE] From peer 1: 256 bytes
[ECHO] 500 messages echoed
[MESSAGE] From peer 1: 256 bytes
[MESSAGE] From peer 1: 256 bytes
[MESSAGE] From peer 1: 256 bytes
[MESSAGE] From peer 1: 256 bytes
[MESSAGE] From peer 1: 256 bytes
[MESSAGE] From peer 1: 256 bytes
[MESSAGE] From peer 1: 256 bytes
[MESSAGE] From peer 1: 256 bytes
[MESSAGE] From peer 1: 256 bytes
[MESSAGE] From peer 1: 256 bytes
[MESSAGE] From peer 1: 256 bytes
[MESSAGE] From peer 1: 256 bytes
[MESSAGE] From peer 1: 256 bytes
[MESSAGE] From peer 1: 256 bytes
[MESSAGE] From peer 1: 256 bytes
[MESSAGE] From peer 1: 256 bytes
[MESSAGE] From peer 1: 256 bytes
[MESSAGE] From peer 1: 256 bytes
[MESSAGE] From peer 1: 256 bytes
[MESSAGE] From peer 1: 256 bytes
[MESSAGE] From peer 1: 256 bytes
[MESSAGE] From peer 1: 256 bytes
[MESSAGE] From peer 1: 256 bytes
[MESSAGE] From peer 1: 256 bytes
[MESSAGE] From peer 1: 256 bytes
[MESSAGE] From peer 1: 256 bytes
[MESSAGE] From peer 1: 256 bytes
[MESSAGE] From peer 1: 256 bytes
[MESSAGE] From peer 1: 256 bytes
[MESSAGE] From peer 1: 256 bytes
[MESSAGE] From peer 1: 256 bytes
[MESSAGE] From peer 1: 256 bytes
[MESSAGE] From peer 1: 256 bytes
[MESSAGE] From peer 1: 256 bytes
[MESSAGE] From peer 1: 256 bytes
[MESSAGE] From peer 1: 256 bytes
[MESSAGE] From peer 1: 256 bytes
[MESSAGE] From peer 1: 256 bytes
[MESSAGE] From peer 1: 256 bytes
[MESSAGE] From peer 1: 256 bytes
[MESSAGE] From peer 1: 256 bytes
[MESSAGE] From peer 1: 256 bytes
[MESSAGE] From peer 1: 256 bytes
[MESSAGE] From peer 1: 256 bytes
[MESSAGE] From peer 1: 256 bytes
[MESSAGE] From peer 1: 256 bytes
[MESSAGE] From peer 1: 256 bytes
[MESSAGE] From peer 1: 256 bytes
[MESSAGE] From peer 1: 256 bytes
[MESSAGE] From peer 1: 256 bytes
[MESSAGE] From peer 1: 256 bytes
[MESSAGE] From peer 1: 256 bytes
[MESSAGE] From peer 1: 256 bytes
[MESSAGE] From peer 1: 256 bytes
[MESSAGE] From peer 1: 256 bytes
[MESSAGE] From peer 1: 256 bytes
[MESSAGE] From peer 1: 256 bytes
[MESSAGE] From peer 1: 256 bytes
[MESSAGE] From peer 1: 256 bytes
[MESSAGE] From peer 1: 256 bytes
[MESSAGE] From peer 1: 256 bytes
[MESSAGE] From peer 1: 256 bytes
[MESSAGE] From peer 1: 256 bytes
[MESSAGE] From peer 1: 256 bytes
[MESSAGE] From peer 1: 256 bytes
[MESSAGE] From peer 1: 256 bytes
[MESSAGE] From peer 1: 256 bytes
[MESSAGE] From peer 1: 256 bytes
[MESSAGE] From peer 1: 256 bytes
[MESSAGE] From peer 1: 256 bytes
[MESSAGE] From peer 1: 256 bytes
[MESSAGE] From peer 1: 256 bytes
[MESSAGE] From peer 1: 256 bytes
[MESSAGE] From peer 1: 256 bytes
[MESSAGE] From peer 1: 256 bytes
[MESSAGE] From peer 1: 256 bytes
[MESSAGE] From peer 1: 256 bytes
[MESSAGE] From peer 1: 256 bytes
[MESSAGE] From peer 1: 256 bytes
[MESSAGE] From peer 1: 256 bytes
[MESSAGE] From peer 1: 256 bytes
[MESSAGE] From peer 1: 256 bytes
[MESSAGE] From peer 1: 256 bytes
[MESSAGE] From peer 1: 256 bytes
[MESSAGE] From peer 1: 256 bytes
[MESSAGE] From peer 1: 256 bytes
[MESSAGE] From peer 1: 256 bytes
[MESSAGE] From peer 1: 256 bytes
[MESSAGE] From peer 1: 256 bytes
[MESSAGE] From peer 1: 256 bytes
[MESSAGE] From peer 1: 256 bytes
[MESSAGE] From peer 1: 256 bytes
[MESSAGE] From peer 1: 256 bytes
[MESSAGE] From peer 1: 256 bytes
[MESSAGE] From peer 1: 256 bytes
[MESSAGE] From peer 1: 256 bytes
[MESSAGE] From peer 1: 256 bytes
[MESSAGE] From peer 1: 256 bytes
[MESSAGE] From peer 1: 256 bytes
[MESSAGE] From peer 1: 256 bytes
[ECHO] 600 messages echoed
[MESSAGE] From peer 1: 256 bytes
[MESSAGE] From peer 1: 256 bytes
[MESSAGE] From peer 1: 256 bytes
[MESSAGE] From peer 1: 256 bytes
[MESSAGE] From peer 1: 256 bytes
[MESSAGE] From peer 1: 256 bytes
[MESSAGE] From peer 1: 256 bytes
[MESSAGE] From peer 1: 256 bytes
[MESSAGE] From peer 1: 256 bytes
[MESSAGE] From peer 1: 256 bytes
[MESSAGE] From peer 1: 256 bytes
[MESSAGE] From peer 1: 256 bytes
[MESSAGE] From peer 1: 256 bytes
[MESSAGE] From peer 1: 256 bytes
[MESSAGE] From peer 1: 256 bytes
[MESSAGE] From peer 1: 256 bytes
[MESSAGE] From peer 1: 256 bytes
[MESSAGE] From peer 1: 256 bytes
[MESSAGE] From peer 1: 256 bytes
[MESSAGE] From peer 1: 256 bytes
[MESSAGE] From peer 1: 256 bytes
[MESSAGE] From peer 1: 256 bytes
[MESSAGE] From peer 1: 256 bytes
[MESSAGE] From peer 1: 256 bytes
[MESSAGE] From peer 1: 256 bytes
[MESSAGE] From peer 1: 256 bytes
[MESSAGE] From peer 1: 256 bytes
[MESSAGE] From peer 1: 256 bytes
[MESSAGE] From peer 1: 256 bytes
[MESSAGE] From peer 1: 256 bytes
[MESSAGE] From peer 1: 256 bytes
[MESSAGE] From peer 1: 256 bytes
[DISCOVERED] Peer 2: "MacThroughput" at 10.188.1.213:7354
[MESSAGE] From peer 1: 256 bytes
[MESSAGE] From peer 1: 256 bytes
[MESSAGE] From peer 1: 256 bytes
[MESSAGE] From peer 1: 256 bytes
[MESSAGE] From peer 1: 256 bytes
[MESSAGE] From peer 1: 256 bytes
[MESSAGE] From peer 1: 256 bytes
[MESSAGE] From peer 1: 256 bytes
[MESSAGE] From peer 1: 256 bytes
[MESSAGE] From peer 1: 256 bytes
[MESSAGE] From peer 1: 256 bytes
[MESSAGE] From peer 1: 256 bytes
[MESSAGE] From peer 1: 256 bytes
[MESSAGE] From peer 1: 256 bytes
[MESSAGE] From peer 1: 256 bytes
[MESSAGE] From peer 1: 256 bytes
[MESSAGE] From peer 1: 256 bytes
[MESSAGE] From peer 1: 256 bytes
[MESSAGE] From peer 1: 256 bytes
[MESSAGE] From peer 1: 256 bytes
[MESSAGE] From peer 1: 256 bytes
[MESSAGE] From peer 1: 256 bytes
[MESSAGE] From peer 1: 256 bytes
[MESSAGE] From peer 1: 256 bytes
[MESSAGE] From peer 1: 256 bytes
[MESSAGE] From peer 1: 256 bytes
[MESSAGE] From peer 1: 256 bytes
[MESSAGE] From peer 1: 256 bytes
[MESSAGE] From peer 1: 256 bytes
[MESSAGE] From peer 1: 256 bytes
[MESSAGE] From peer 1: 256 bytes
[MESSAGE] From peer 1: 256 bytes
[MESSAGE] From peer 1: 256 bytes
[MESSAGE] From peer 1: 256 bytes
[MESSAGE] From peer 1: 256 bytes
[MESSAGE] From peer 1: 256 bytes
[MESSAGE] From peer 1: 256 bytes
[MESSAGE] From peer 1: 256 bytes
[MESSAGE] From peer 1: 256 bytes
[MESSAGE] From peer 1: 256 bytes
[MESSAGE] From peer 1: 256 bytes
[MESSAGE] From peer 1: 256 bytes
[MESSAGE] From peer 1: 256 bytes
[MESSAGE] From peer 1: 256 bytes
[MESSAGE] From peer 1: 256 bytes
[MESSAGE] From peer 1: 256 bytes
[MESSAGE] From peer 1: 256 bytes
[MESSAGE] From peer 1: 256 bytes
[MESSAGE] From peer 1: 256 bytes
[MESSAGE] From peer 1: 256 bytes
[MESSAGE] From peer 1: 256 bytes
[MESSAGE] From peer 1: 256 bytes
[MESSAGE] From peer 1: 256 bytes
[MESSAGE] From peer 1: 256 bytes
[MESSAGE] From peer 1: 256 bytes
[MESSAGE] From peer 1: 256 bytes
[MESSAGE] From peer 1: 256 bytes
[MESSAGE] From peer 1: 256 bytes
[MESSAGE] From peer 1: 256 bytes
[MESSAGE] From peer 1: 256 bytes
[MESSAGE] From peer 1: 256 bytes
[MESSAGE] From peer 1: 256 bytes
[MESSAGE] From peer 1: 256 bytes
[MESSAGE] From peer 1: 256 bytes
[MESSAGE] From peer 1: 256 bytes
[MESSAGE] From peer 1: 256 bytes
[MESSAGE] From peer 1: 256 bytes
[MESSAGE] From peer 1: 256 bytes
[ECHO] 700 messages echoed
[MESSAGE] From peer 1: 256 bytes
[MESSAGE] From peer 1: 256 bytes
[MESSAGE] From peer 1: 256 bytes
[MESSAGE] From peer 1: 256 bytes
[MESSAGE] From peer 1: 256 bytes
[MESSAGE] From peer 1: 256 bytes
[MESSAGE] From peer 1: 256 bytes
[MESSAGE] From peer 1: 256 bytes
[MESSAGE] From peer 1: 256 bytes
[MESSAGE] From peer 1: 256 bytes
[MESSAGE] From peer 1: 256 bytes
[MESSAGE] From peer 1: 256 bytes
[MESSAGE] From peer 1: 256 bytes
[MESSAGE] From peer 1: 256 bytes
[MESSAGE] From peer 1: 256 bytes
[MESSAGE] From peer 1: 256 bytes
[MESSAGE] From peer 1: 256 bytes
[MESSAGE] From peer 1: 256 bytes
[MESSAGE] From peer 1: 256 bytes
[MESSAGE] From peer 1: 256 bytes
[MESSAGE] From peer 1: 256 bytes
[MESSAGE] From peer 1: 256 bytes
[MESSAGE] From peer 1: 256 bytes
[MESSAGE] From peer 1: 256 bytes
[MESSAGE] From peer 1: 256 bytes
[MESSAGE] From peer 1: 256 bytes
[MESSAGE] From peer 1: 256 bytes
[MESSAGE] From peer 1: 256 bytes
[MESSAGE] From peer 1: 256 bytes
[MESSAGE] From peer 1: 256 bytes
[MESSAGE] From peer 1: 256 bytes
[MESSAGE] From peer 1: 256 bytes
[MESSAGE] From peer 1: 256 bytes
[MESSAGE] From peer 1: 256 bytes
[MESSAGE] From peer 1: 256 bytes
[MESSAGE] From peer 1: 256 bytes
[MESSAGE] From peer 1: 256 bytes
[MESSAGE] From peer 1: 256 bytes
[MESSAGE] From peer 1: 256 bytes
[MESSAGE] From peer 1: 256 bytes
[MESSAGE] From peer 1: 256 bytes
[MESSAGE] From peer 1: 256 bytes
[MESSAGE] From peer 1: 256 bytes
[MESSAGE] From peer 1: 256 bytes
[MESSAGE] From peer 1: 256 bytes
[MESSAGE] From peer 1: 256 bytes
[MESSAGE] From peer 1: 256 bytes
[MESSAGE] From peer 1: 256 bytes
[MESSAGE] From peer 1: 256 bytes
[MESSAGE] From peer 1: 256 bytes
[MESSAGE] From peer 1: 256 bytes
[MESSAGE] From peer 1: 256 bytes
[MESSAGE] From peer 1: 256 bytes
[MESSAGE] From peer 1: 256 bytes
[MESSAGE] From peer 1: 256 bytes
[MESSAGE] From peer 1: 256 bytes
[MESSAGE] From peer 1: 256 bytes
[MESSAGE] From peer 1: 256 bytes
[MESSAGE] From peer 1: 256 bytes
[MESSAGE] From peer 1: 256 bytes
[MESSAGE] From peer 1: 256 bytes
[MESSAGE] From peer 1: 256 bytes
[MESSAGE] From peer 1: 256 bytes
[MESSAGE] From peer 1: 256 bytes
[MESSAGE] From peer 1: 256 bytes
[MESSAGE] From peer 1: 256 bytes
[MESSAGE] From peer 1: 256 bytes
[MESSAGE] From peer 1: 256 bytes
[MESSAGE] From peer 1: 256 bytes
[MESSAGE] From peer 1: 256 bytes
[MESSAGE] From peer 1: 256 bytes
[MESSAGE] From peer 1: 256 bytes
[MESSAGE] From peer 1: 256 bytes
[MESSAGE] From peer 1: 256 bytes
[MESSAGE] From peer 1: 256 bytes
[MESSAGE] From peer 1: 256 bytes
[MESSAGE] From peer 1: 256 bytes
[MESSAGE] From peer 1: 256 bytes
[MESSAGE] From peer 1: 256 bytes
[MESSAGE] From peer 1: 256 bytes
[MESSAGE] From peer 1: 256 bytes
[MESSAGE] From peer 1: 256 bytes
[MESSAGE] From peer 1: 256 bytes
[MESSAGE] From peer 1: 256 bytes
[MESSAGE] From peer 1: 256 bytes
[MESSAGE] From peer 1: 256 bytes
[MESSAGE] From peer 1: 256 bytes
[MESSAGE] From peer 1: 256 bytes
[MESSAGE] From peer 1: 256 bytes
[MESSAGE] From peer 1: 256 bytes
[MESSAGE] From peer 1: 256 bytes
[MESSAGE] From peer 1: 256 bytes
[MESSAGE] From peer 1: 256 bytes
[MESSAGE] From peer 1: 256 bytes
[MESSAGE] From peer 1: 256 bytes
[MESSAGE] From peer 1: 256 bytes
[MESSAGE] From peer 1: 256 bytes
[MESSAGE] From peer 1: 256 bytes
[MESSAGE] From peer 1: 256 bytes
[MESSAGE] From peer 1: 256 bytes
[ECHO] 800 messages echoed
[MESSAGE] From peer 1: 256 bytes
[MESSAGE] From peer 1: 256 bytes
[MESSAGE] From peer 1: 256 bytes
[MESSAGE] From peer 1: 256 bytes
[MESSAGE] From peer 1: 256 bytes
[MESSAGE] From peer 1: 256 bytes
[MESSAGE] From peer 1: 256 bytes
[MESSAGE] From peer 1: 256 bytes
[MESSAGE] From peer 1: 256 bytes
[MESSAGE] From peer 1: 256 bytes
[MESSAGE] From peer 1: 256 bytes
[MESSAGE] From peer 1: 256 bytes
[MESSAGE] From peer 1: 256 bytes
[MESSAGE] From peer 1: 256 bytes
[MESSAGE] From peer 1: 256 bytes
[MESSAGE] From peer 1: 256 bytes
[MESSAGE] From peer 1: 256 bytes
[MESSAGE] From peer 1: 256 bytes
[MESSAGE] From peer 1: 256 bytes
[MESSAGE] From peer 1: 256 bytes
[MESSAGE] From peer 1: 256 bytes
[MESSAGE] From peer 1: 256 bytes
[MESSAGE] From peer 1: 256 bytes
[MESSAGE] From peer 1: 256 bytes
[MESSAGE] From peer 1: 256 bytes
[MESSAGE] From peer 1: 256 bytes
[MESSAGE] From peer 1: 256 bytes
[MESSAGE] From peer 1: 256 bytes
[MESSAGE] From peer 1: 256 bytes
[MESSAGE] From peer 1: 256 bytes
[MESSAGE] From peer 1: 256 bytes
[MESSAGE] From peer 1: 256 bytes
[MESSAGE] From peer 1: 256 bytes
[MESSAGE] From peer 1: 256 bytes
[MESSAGE] From peer 1: 256 bytes
[MESSAGE] From peer 1: 256 bytes
[MESSAGE] From peer 1: 256 bytes
[MESSAGE] From peer 1: 256 bytes
[MESSAGE] From peer 1: 256 bytes
[MESSAGE] From peer 1: 256 bytes
[MESSAGE] From peer 1: 256 bytes
[MESSAGE] From peer 1: 256 bytes
[MESSAGE] From peer 1: 256 bytes
[MESSAGE] From peer 1: 256 bytes
[MESSAGE] From peer 1: 256 bytes
[MESSAGE] From peer 1: 256 bytes
[MESSAGE] From peer 1: 256 bytes
[MESSAGE] From peer 1: 256 bytes
[MESSAGE] From peer 1: 256 bytes
[MESSAGE] From peer 1: 256 bytes
[MESSAGE] From peer 1: 256 bytes
[MESSAGE] From peer 1: 256 bytes
[MESSAGE] From peer 1: 256 bytes
[MESSAGE] From peer 1: 256 bytes
[MESSAGE] From peer 1: 256 bytes
[MESSAGE] From peer 1: 256 bytes
[MESSAGE] From peer 1: 256 bytes
[MESSAGE] From peer 1: 256 bytes
[MESSAGE] From peer 1: 256 bytes
[MESSAGE] From peer 1: 256 bytes
[MESSAGE] From peer 1: 256 bytes
[MESSAGE] From peer 1: 256 bytes
[MESSAGE] From peer 1: 256 bytes
[MESSAGE] From peer 1: 256 bytes
[MESSAGE] From peer 1: 256 bytes
[MESSAGE] From peer 1: 256 bytes
[MESSAGE] From peer 1: 256 bytes
[MESSAGE] From peer 1: 256 bytes
[MESSAGE] From peer 1: 256 bytes
[MESSAGE] From peer 1: 256 bytes
[MESSAGE] From peer 1: 256 bytes
[MESSAGE] From peer 1: 256 bytes
[MESSAGE] From peer 1: 256 bytes
[MESSAGE] From peer 1: 256 bytes
[MESSAGE] From peer 1: 256 bytes
[MESSAGE] From peer 1: 256 bytes
[MESSAGE] From peer 1: 256 bytes
[MESSAGE] From peer 1: 256 bytes
[MESSAGE] From peer 1: 256 bytes
[MESSAGE] From peer 1: 256 bytes
[MESSAGE] From peer 1: 256 bytes
[MESSAGE] From peer 1: 256 bytes
[MESSAGE] From peer 1: 256 bytes
[MESSAGE] From peer 1: 256 bytes
[MESSAGE] From peer 1: 256 bytes
[MESSAGE] From peer 1: 256 bytes
[MESSAGE] From peer 1: 256 bytes
[MESSAGE] From peer 1: 256 bytes
[MESSAGE] From peer 1: 256 bytes
[MESSAGE] From peer 1: 256 bytes
[MESSAGE] From peer 1: 256 bytes
[MESSAGE] From peer 1: 256 bytes
[MESSAGE] From peer 1: 256 bytes
[MESSAGE] From peer 1: 256 bytes
[MESSAGE] From peer 1: 256 bytes
[MESSAGE] From peer 1: 256 bytes
[MESSAGE] From peer 1: 256 bytes
[MESSAGE] From peer 1: 256 bytes
[MESSAGE] From peer 1: 256 bytes
[MESSAGE] From peer 1: 256 bytes
[ECHO] 900 messages echoed
[MESSAGE] From peer 1: 256 bytes
[MESSAGE] From peer 1: 256 bytes
[MESSAGE] From peer 1: 256 bytes
[MESSAGE] From peer 1: 256 bytes
[MESSAGE] From peer 1: 256 bytes
[MESSAGE] From peer 1: 256 bytes
[MESSAGE] From peer 1: 256 bytes
[MESSAGE] From peer 1: 256 bytes
[MESSAGE] From peer 1: 256 bytes
[MESSAGE] From peer 1: 256 bytes
[MESSAGE] From peer 1: 256 bytes
[MESSAGE] From peer 1: 256 bytes
[MESSAGE] From peer 1: 256 bytes
[MESSAGE] From peer 1: 256 bytes
[MESSAGE] From peer 1: 256 bytes
[MESSAGE] From peer 1: 256 bytes
[MESSAGE] From peer 1: 256 bytes
[MESSAGE] From peer 1: 256 bytes
[MESSAGE] From peer 1: 256 bytes
[MESSAGE] From peer 1: 256 bytes
[MESSAGE] From peer 1: 256 bytes
[MESSAGE] From peer 1: 256 bytes
[MESSAGE] From peer 1: 256 bytes
[MESSAGE] From peer 1: 256 bytes
[MESSAGE] From peer 1: 256 bytes
[MESSAGE] From peer 1: 256 bytes
[MESSAGE] From peer 1: 256 bytes
[MESSAGE] From peer 1: 256 bytes
[MESSAGE] From peer 1: 256 bytes
[MESSAGE] From peer 1: 256 bytes
[MESSAGE] From peer 1: 256 bytes
[MESSAGE] From peer 1: 256 bytes
[MESSAGE] From peer 1: 256 bytes
[MESSAGE] From peer 1: 256 bytes
[MESSAGE] From peer 1: 256 bytes
[MESSAGE] From peer 1: 256 bytes
[MESSAGE] From peer 1: 256 bytes
[MESSAGE] From peer 1: 256 bytes
[MESSAGE] From peer 1: 256 bytes
[MESSAGE] From peer 1: 256 bytes
[MESSAGE] From peer 1: 256 bytes
[MESSAGE] From peer 1: 256 bytes
[MESSAGE] From peer 1: 256 bytes
[MESSAGE] From peer 1: 256 bytes
[MESSAGE] From peer 1: 256 bytes
[MESSAGE] From peer 1: 256 bytes
[MESSAGE] From peer 1: 256 bytes
[MESSAGE] From peer 1: 256 bytes
[MESSAGE] From peer 1: 256 bytes
[MESSAGE] From peer 1: 256 bytes
[MESSAGE] From peer 1: 256 bytes
[MESSAGE] From peer 1: 256 bytes
[MESSAGE] From peer 1: 256 bytes
[MESSAGE] From peer 1: 256 bytes
[MESSAGE] From peer 1: 256 bytes
[MESSAGE] From peer 1: 256 bytes
[MESSAGE] From peer 1: 256 bytes
[MESSAGE] From peer 1: 256 bytes
[MESSAGE] From peer 1: 256 bytes
[MESSAGE] From peer 1: 256 bytes
[MESSAGE] From peer 1: 256 bytes
[MESSAGE] From peer 1: 256 bytes
[MESSAGE] From peer 1: 256 bytes
[MESSAGE] From peer 1: 256 bytes
[MESSAGE] From peer 1: 256 bytes
[MESSAGE] From peer 1: 256 bytes
[MESSAGE] From peer 1: 256 bytes
[MESSAGE] From peer 1: 256 bytes
[MESSAGE] From peer 1: 256 bytes
[MESSAGE] From peer 1: 256 bytes
[MESSAGE] From peer 1: 256 bytes
[MESSAGE] From peer 1: 256 bytes
[MESSAGE] From peer 1: 256 bytes
[MESSAGE] From peer 1: 256 bytes
[MESSAGE] From peer 1: 256 bytes
[MESSAGE] From peer 1: 256 bytes
[MESSAGE] From peer 1: 256 bytes
[MESSAGE] From peer 1: 256 bytes
[MESSAGE] From peer 1: 256 bytes
[MESSAGE] From peer 1: 256 bytes
[MESSAGE] From peer 1: 256 bytes
[MESSAGE] From peer 1: 256 bytes
[MESSAGE] From peer 1: 256 bytes
[MESSAGE] From peer 1: 256 bytes
[MESSAGE] From peer 1: 256 bytes
[MESSAGE] From peer 1: 256 bytes
[MESSAGE] From peer 1: 256 bytes
[MESSAGE] From peer 1: 256 bytes
[MESSAGE] From peer 1: 256 bytes
[MESSAGE] From peer 1: 256 bytes
[MESSAGE] From peer 1: 256 bytes
[MESSAGE] From peer 1: 256 bytes
[MESSAGE] From peer 1: 256 bytes
[MESSAGE] From peer 1: 256 bytes
[MESSAGE] From peer 1: 256 bytes
[MESSAGE] From peer 1: 256 bytes
[MESSAGE] From peer 1: 256 bytes
[MESSAGE] From peer 1: 256 bytes
[MESSAGE] From peer 1: 256 bytes
[MESSAGE] From peer 1: 256 bytes
[ECHO] 1000 messages echoed
[MESSAGE] From peer 1: 256 bytes
[MESSAGE] From peer 1: 256 bytes
[MESSAGE] From peer 1: 256 bytes
[MESSAGE] From peer 1: 256 bytes
[MESSAGE] From peer 1: 256 bytes
[MESSAGE] From peer 1: 256 bytes
[MESSAGE] From peer 1: 256 bytes
[MESSAGE] From peer 1: 256 bytes
[MESSAGE] From peer 1: 256 bytes
[MESSAGE] From peer 1: 256 bytes
[MESSAGE] From peer 1: 256 bytes
[MESSAGE] From peer 1: 256 bytes
[MESSAGE] From peer 1: 256 bytes
[MESSAGE] From peer 1: 256 bytes
[MESSAGE] From peer 1: 256 bytes
[MESSAGE] From peer 1: 256 bytes
[MESSAGE] From peer 1: 256 bytes
[MESSAGE] From peer 1: 256 bytes
[MESSAGE] From peer 1: 256 bytes
[MESSAGE] From peer 1: 256 bytes
[MESSAGE] From peer 1: 256 bytes
[MESSAGE] From peer 1: 256 bytes
[MESSAGE] From peer 1: 256 bytes
[MESSAGE] From peer 1: 256 bytes
[MESSAGE] From peer 1: 256 bytes
[MESSAGE] From peer 1: 256 bytes
[MESSAGE] From peer 1: 256 bytes
[MESSAGE] From peer 1: 256 bytes
[MESSAGE] From peer 1: 256 bytes
[MESSAGE] From peer 1: 256 bytes
[MESSAGE] From peer 1: 256 bytes
[MESSAGE] From peer 1: 256 bytes
[MESSAGE] From peer 1: 256 bytes
[MESSAGE] From peer 1: 256 bytes
[MESSAGE] From peer 1: 256 bytes
[MESSAGE] From peer 1: 256 bytes
[MESSAGE] From peer 1: 256 bytes
[MESSAGE] From peer 1: 256 bytes
[MESSAGE] From peer 1: 256 bytes
[MESSAGE] From peer 1: 256 bytes
[MESSAGE] From peer 1: 256 bytes
[MESSAGE] From peer 1: 256 bytes
[MESSAGE] From peer 1: 256 bytes
[MESSAGE] From peer 1: 256 bytes
[MESSAGE] From peer 1: 256 bytes
[MESSAGE] From peer 1: 256 bytes
[MESSAGE] From peer 1: 256 bytes
[MESSAGE] From peer 1: 256 bytes
[MESSAGE] From peer 1: 256 bytes
[MESSAGE] From peer 1: 256 bytes
[MESSAGE] From peer 1: 256 bytes
[MESSAGE] From peer 1: 256 bytes
[MESSAGE] From peer 1: 256 bytes
[MESSAGE] From peer 1: 256 bytes
[MESSAGE] From peer 1: 256 bytes
[STATUS] 80 sec: peers=1, msgs=1055, connected=yes
[MESSAGE] From peer 1: 256 bytes
[MESSAGE] From peer 1: 256 bytes
[MESSAGE] From peer 1: 256 bytes
[MESSAGE] From peer 1: 256 bytes
[MESSAGE] From peer 1: 256 bytes
[MESSAGE] From peer 1: 256 bytes
[MESSAGE] From peer 1: 256 bytes
[MESSAGE] From peer 1: 256 bytes
[MESSAGE] From peer 1: 256 bytes
[MESSAGE] From peer 1: 256 bytes
[MESSAGE] From peer 1: 256 bytes
[MESSAGE] From peer 1: 256 bytes
[MESSAGE] From peer 1: 256 bytes
[MESSAGE] From peer 1: 256 bytes
[MESSAGE] From peer 1: 256 bytes
[MESSAGE] From peer 1: 256 bytes
[MESSAGE] From peer 1: 256 bytes
[MESSAGE] From peer 1: 256 bytes
[MESSAGE] From peer 1: 256 bytes
[MESSAGE] From peer 1: 256 bytes
[MESSAGE] From peer 1: 256 bytes
[MESSAGE] From peer 1: 256 bytes
[MESSAGE] From peer 1: 256 bytes
[MESSAGE] From peer 1: 256 bytes
[MESSAGE] From peer 1: 256 bytes
[MESSAGE] From peer 1: 256 bytes
[MESSAGE] From peer 1: 256 bytes
[MESSAGE] From peer 1: 256 bytes
[MESSAGE] From peer 1: 256 bytes
[MESSAGE] From peer 1: 256 bytes
[MESSAGE] From peer 1: 256 bytes
[MESSAGE] From peer 1: 256 bytes
[MESSAGE] From peer 1: 256 bytes
[MESSAGE] From peer 1: 256 bytes
[MESSAGE] From peer 1: 256 bytes
[MESSAGE] From peer 1: 256 bytes
[MESSAGE] From peer 1: 256 bytes
[MESSAGE] From peer 1: 256 bytes
[MESSAGE] From peer 1: 256 bytes
[MESSAGE] From peer 1: 256 bytes
[MESSAGE] From peer 1: 256 bytes
[MESSAGE] From peer 1: 256 bytes
[MESSAGE] From peer 1: 256 bytes
[MESSAGE] From peer 1: 256 bytes
[MESSAGE] From peer 1: 256 bytes
[ECHO] 1100 messages echoed
[MESSAGE] From peer 1: 256 bytes
[MESSAGE] From peer 1: 256 bytes
[MESSAGE] From peer 1: 256 bytes
[MESSAGE] From peer 1: 256 bytes
[MESSAGE] From peer 1: 256 bytes
[MESSAGE] From peer 1: 256 bytes
[MESSAGE] From peer 1: 256 bytes
[MESSAGE] From peer 1: 256 bytes
[MESSAGE] From peer 1: 256 bytes
[MESSAGE] From peer 1: 256 bytes
[MESSAGE] From peer 1: 256 bytes
[MESSAGE] From peer 1: 256 bytes
[MESSAGE] From peer 1: 256 bytes
[MESSAGE] From peer 1: 256 bytes
[MESSAGE] From peer 1: 256 bytes
[MESSAGE] From peer 1: 256 bytes
[MESSAGE] From peer 1: 256 bytes
[MESSAGE] From peer 1: 256 bytes
[MESSAGE] From peer 1: 256 bytes
[MESSAGE] From peer 1: 256 bytes
[MESSAGE] From peer 1: 256 bytes
[MESSAGE] From peer 1: 256 bytes
[MESSAGE] From peer 1: 256 bytes
[MESSAGE] From peer 1: 256 bytes
[MESSAGE] From peer 1: 256 bytes
[MESSAGE] From peer 1: 256 bytes
[MESSAGE] From peer 1: 256 bytes
[MESSAGE] From peer 1: 256 bytes
[MESSAGE] From peer 1: 256 bytes
[MESSAGE] From peer 1: 256 bytes
[MESSAGE] From peer 1: 256 bytes
[MESSAGE] From peer 1: 256 bytes
[MESSAGE] From peer 1: 256 bytes
[MESSAGE] From peer 1: 256 bytes
[MESSAGE] From peer 1: 256 bytes
[MESSAGE] From peer 1: 256 bytes
[MESSAGE] From peer 1: 256 bytes
[MESSAGE] From peer 1: 256 bytes
[MESSAGE] From peer 1: 256 bytes
[MESSAGE] From peer 1: 256 bytes
[MESSAGE] From peer 1: 256 bytes
[MESSAGE] From peer 1: 256 bytes
[MESSAGE] From peer 1: 256 bytes
[MESSAGE] From peer 1: 256 bytes
[MESSAGE] From peer 1: 256 bytes
[MESSAGE] From peer 1: 256 bytes
[MESSAGE] From peer 1: 256 bytes
[MESSAGE] From peer 1: 256 bytes
[MESSAGE] From peer 1: 256 bytes
[MESSAGE] From peer 1: 256 bytes
[MESSAGE] From peer 1: 256 bytes
[MESSAGE] From peer 1: 256 bytes
[MESSAGE] From peer 1: 256 bytes
[MESSAGE] From peer 1: 256 bytes
[MESSAGE] From peer 1: 256 bytes
[MESSAGE] From peer 1: 256 bytes
[MESSAGE] From peer 1: 256 bytes
[MESSAGE] From peer 1: 256 bytes
[MESSAGE] From peer 1: 256 bytes
[MESSAGE] From peer 1: 256 bytes
[MESSAGE] From peer 1: 256 bytes
[MESSAGE] From peer 1: 256 bytes
[MESSAGE] From peer 1: 256 bytes
[MESSAGE] From peer 1: 256 bytes
[MESSAGE] From peer 1: 256 bytes
[MESSAGE] From peer 1: 256 bytes
[MESSAGE] From peer 1: 256 bytes
[MESSAGE] From peer 1: 256 bytes
[MESSAGE] From peer 1: 256 bytes
[MESSAGE] From peer 1: 256 bytes
[MESSAGE] From peer 1: 256 bytes
[MESSAGE] From peer 1: 256 bytes
[MESSAGE] From peer 1: 256 bytes
[MESSAGE] From peer 1: 256 bytes
[MESSAGE] From peer 1: 256 bytes
[MESSAGE] From peer 1: 256 bytes
[MESSAGE] From peer 1: 256 bytes
[MESSAGE] From peer 1: 256 bytes
[MESSAGE] From peer 1: 256 bytes
[MESSAGE] From peer 1: 256 bytes
[MESSAGE] From peer 1: 256 bytes
[MESSAGE] From peer 1: 256 bytes
[MESSAGE] From peer 1: 256 bytes
[MESSAGE] From peer 1: 256 bytes
[MESSAGE] From peer 1: 256 bytes
[MESSAGE] From peer 1: 256 bytes
[MESSAGE] From peer 1: 256 bytes
[MESSAGE] From peer 1: 256 bytes
[MESSAGE] From peer 1: 256 bytes
[MESSAGE] From peer 1: 256 bytes
[MESSAGE] From peer 1: 256 bytes
[MESSAGE] From peer 1: 256 bytes
[MESSAGE] From peer 1: 256 bytes
[MESSAGE] From peer 1: 256 bytes
[MESSAGE] From peer 1: 256 bytes
[MESSAGE] From peer 1: 256 bytes
[MESSAGE] From peer 1: 256 bytes
[MESSAGE] From peer 1: 256 bytes
[MESSAGE] From peer 1: 256 bytes
[MESSAGE] From peer 1: 256 bytes
[ECHO] 1200 messages echoed
[MESSAGE] From peer 1: 256 bytes
[MESSAGE] From peer 1: 256 bytes
[MESSAGE] From peer 1: 256 bytes
[MESSAGE] From peer 1: 256 bytes
[MESSAGE] From peer 1: 256 bytes
[MESSAGE] From peer 1: 256 bytes
[MESSAGE] From peer 1: 256 bytes
[MESSAGE] From peer 1: 256 bytes
[MESSAGE] From peer 1: 256 bytes
[MESSAGE] From peer 1: 256 bytes
[MESSAGE] From peer 1: 256 bytes
[MESSAGE] From peer 1: 256 bytes
[MESSAGE] From peer 1: 256 bytes
[MESSAGE] From peer 1: 256 bytes
[MESSAGE] From peer 1: 256 bytes
[MESSAGE] From peer 1: 256 bytes
[MESSAGE] From peer 1: 256 bytes
[MESSAGE] From peer 1: 256 bytes
[MESSAGE] From peer 1: 256 bytes
[MESSAGE] From peer 1: 256 bytes
[MESSAGE] From peer 1: 256 bytes
[MESSAGE] From peer 1: 256 bytes
[MESSAGE] From peer 1: 256 bytes
[MESSAGE] From peer 1: 256 bytes
[MESSAGE] From peer 1: 256 bytes
[MESSAGE] From peer 1: 256 bytes
[MESSAGE] From peer 1: 256 bytes
[MESSAGE] From peer 1: 256 bytes
[MESSAGE] From peer 1: 256 bytes
[MESSAGE] From peer 1: 256 bytes
[MESSAGE] From peer 1: 256 bytes
[MESSAGE] From peer 1: 256 bytes
[MESSAGE] From peer 1: 256 bytes
[MESSAGE] From peer 1: 256 bytes
[MESSAGE] From peer 1: 256 bytes
[MESSAGE] From peer 1: 256 bytes
[MESSAGE] From peer 1: 256 bytes
[MESSAGE] From peer 1: 256 bytes
[MESSAGE] From peer 1: 256 bytes
[MESSAGE] From peer 1: 256 bytes
[MESSAGE] From peer 1: 256 bytes
[MESSAGE] From peer 1: 256 bytes
[MESSAGE] From peer 1: 256 bytes
[MESSAGE] From peer 1: 256 bytes
[MESSAGE] From peer 1: 256 bytes
[MESSAGE] From peer 1: 256 bytes
[MESSAGE] From peer 1: 256 bytes
[MESSAGE] From peer 1: 256 bytes
[MESSAGE] From peer 1: 256 bytes
[MESSAGE] From peer 1: 256 bytes
[MESSAGE] From peer 1: 256 bytes
[MESSAGE] From peer 1: 256 bytes
[MESSAGE] From peer 1: 256 bytes
[MESSAGE] From peer 1: 256 bytes
[MESSAGE] From peer 1: 256 bytes
[MESSAGE] From peer 1: 256 bytes
[MESSAGE] From peer 1: 256 bytes
[MESSAGE] From peer 1: 256 bytes
[MESSAGE] From peer 1: 256 bytes
[MESSAGE] From peer 1: 256 bytes
[MESSAGE] From peer 1: 256 bytes
[MESSAGE] From peer 1: 256 bytes
[MESSAGE] From peer 1: 256 bytes
[MESSAGE] From peer 1: 256 bytes
[MESSAGE] From peer 1: 256 bytes
[MESSAGE] From peer 1: 256 bytes
[MESSAGE] From peer 1: 256 bytes
[MESSAGE] From peer 1: 256 bytes
[MESSAGE] From peer 1: 256 bytes
[MESSAGE] From peer 1: 256 bytes
[MESSAGE] From peer 1: 256 bytes
[MESSAGE] From peer 1: 256 bytes
[MESSAGE] From peer 1: 256 bytes
[MESSAGE] From peer 1: 256 bytes
[MESSAGE] From peer 1: 256 bytes
[MESSAGE] From peer 1: 256 bytes
[MESSAGE] From peer 1: 256 bytes
[MESSAGE] From peer 1: 256 bytes
[MESSAGE] From peer 1: 256 bytes
[MESSAGE] From peer 1: 256 bytes
[MESSAGE] From peer 1: 256 bytes
[MESSAGE] From peer 1: 256 bytes
[MESSAGE] From peer 1: 256 bytes
[MESSAGE] From peer 1: 256 bytes
[MESSAGE] From peer 1: 256 bytes
[MESSAGE] From peer 1: 256 bytes
[MESSAGE] From peer 1: 256 bytes
[MESSAGE] From peer 1: 256 bytes
[MESSAGE] From peer 1: 256 bytes
[MESSAGE] From peer 1: 256 bytes
[MESSAGE] From peer 1: 256 bytes
[MESSAGE] From peer 1: 256 bytes
[MESSAGE] From peer 1: 256 bytes
[MESSAGE] From peer 1: 256 bytes
[MESSAGE] From peer 1: 256 bytes
[MESSAGE] From peer 1: 256 bytes
[MESSAGE] From peer 1: 256 bytes
[MESSAGE] From peer 1: 256 bytes
[MESSAGE] From peer 1: 256 bytes
[MESSAGE] From peer 1: 256 bytes
[ECHO] 1300 messages echoed
[MESSAGE] From peer 1: 256 bytes
[MESSAGE] From peer 1: 256 bytes
[MESSAGE] From peer 1: 256 bytes
[MESSAGE] From peer 1: 256 bytes
[MESSAGE] From peer 1: 256 bytes
[MESSAGE] From peer 1: 256 bytes
[MESSAGE] From peer 1: 256 bytes
[MESSAGE] From peer 1: 256 bytes
[MESSAGE] From peer 1: 256 bytes
[MESSAGE] From peer 1: 256 bytes
[MESSAGE] From peer 1: 256 bytes
[MESSAGE] From peer 1: 256 bytes
[MESSAGE] From peer 1: 256 bytes
[MESSAGE] From peer 1: 256 bytes
[MESSAGE] From peer 1: 256 bytes
[MESSAGE] From peer 1: 256 bytes
[MESSAGE] From peer 1: 256 bytes
[MESSAGE] From peer 1: 256 bytes
[MESSAGE] From peer 1: 256 bytes
[MESSAGE] From peer 1: 256 bytes
[MESSAGE] From peer 1: 256 bytes
[MESSAGE] From peer 1: 256 bytes
[MESSAGE] From peer 1: 256 bytes
[MESSAGE] From peer 1: 256 bytes
[MESSAGE] From peer 1: 256 bytes
[MESSAGE] From peer 1: 256 bytes
[MESSAGE] From peer 1: 256 bytes
[MESSAGE] From peer 1: 256 bytes
[MESSAGE] From peer 1: 256 bytes
[MESSAGE] From peer 1: 256 bytes
[MESSAGE] From peer 1: 256 bytes
[MESSAGE] From peer 1: 256 bytes
[MESSAGE] From peer 1: 256 bytes
[MESSAGE] From peer 1: 256 bytes
[MESSAGE] From peer 1: 256 bytes
[MESSAGE] From peer 1: 256 bytes
[MESSAGE] From peer 1: 256 bytes
[MESSAGE] From peer 1: 256 bytes
[MESSAGE] From peer 1: 256 bytes
[MESSAGE] From peer 1: 256 bytes
[MESSAGE] From peer 1: 256 bytes
[MESSAGE] From peer 1: 256 bytes
[MESSAGE] From peer 1: 256 bytes
[MESSAGE] From peer 1: 256 bytes
[MESSAGE] From peer 1: 256 bytes
[MESSAGE] From peer 1: 256 bytes
[MESSAGE] From peer 1: 256 bytes
[MESSAGE] From peer 1: 256 bytes
[MESSAGE] From peer 1: 256 bytes
[MESSAGE] From peer 1: 256 bytes
[MESSAGE] From peer 1: 256 bytes
[MESSAGE] From peer 1: 256 bytes
[MESSAGE] From peer 1: 256 bytes
[MESSAGE] From peer 1: 256 bytes
[MESSAGE] From peer 1: 256 bytes
[MESSAGE] From peer 1: 256 bytes
[MESSAGE] From peer 1: 256 bytes
[MESSAGE] From peer 1: 256 bytes
[MESSAGE] From peer 1: 256 bytes
[MESSAGE] From peer 1: 256 bytes
[MESSAGE] From peer 1: 256 bytes
[MESSAGE] From peer 1: 256 bytes
[MESSAGE] From peer 1: 256 bytes
[MESSAGE] From peer 1: 256 bytes
[MESSAGE] From peer 1: 256 bytes
[MESSAGE] From peer 1: 256 bytes
[MESSAGE] From peer 1: 256 bytes
[MESSAGE] From peer 1: 256 bytes
[MESSAGE] From peer 1: 256 bytes
[MESSAGE] From peer 1: 256 bytes
[MESSAGE] From peer 1: 256 bytes
[MESSAGE] From peer 1: 256 bytes
[MESSAGE] From peer 1: 256 bytes
[MESSAGE] From peer 1: 256 bytes
[MESSAGE] From peer 1: 256 bytes
[MESSAGE] From peer 1: 256 bytes
[MESSAGE] From peer 1: 256 bytes
[MESSAGE] From peer 1: 256 bytes
[MESSAGE] From peer 1: 256 bytes
[MESSAGE] From peer 1: 256 bytes
[MESSAGE] From peer 1: 256 bytes
[MESSAGE] From peer 1: 256 bytes
[MESSAGE] From peer 1: 256 bytes
[MESSAGE] From peer 1: 256 bytes
[MESSAGE] From peer 1: 256 bytes
[MESSAGE] From peer 1: 256 bytes
[MESSAGE] From peer 1: 256 bytes
[MESSAGE] From peer 1: 256 bytes
[MESSAGE] From peer 1: 256 bytes
[MESSAGE] From peer 1: 256 bytes
[MESSAGE] From peer 1: 256 bytes
[MESSAGE] From peer 1: 256 bytes
[MESSAGE] From peer 1: 256 bytes
[MESSAGE] From peer 1: 256 bytes
[MESSAGE] From peer 1: 256 bytes
[MESSAGE] From peer 1: 256 bytes
[MESSAGE] From peer 1: 256 bytes
[MESSAGE] From peer 1: 256 bytes
[MESSAGE] From peer 1: 256 bytes
[MESSAGE] From peer 1: 256 bytes
[ECHO] 1400 messages echoed
[MESSAGE] From peer 1: 256 bytes
[MESSAGE] From peer 1: 256 bytes
[MESSAGE] From peer 1: 256 bytes
[MESSAGE] From peer 1: 256 bytes
[MESSAGE] From peer 1: 256 bytes
[MESSAGE] From peer 1: 256 bytes
[MESSAGE] From peer 1: 256 bytes
[MESSAGE] From peer 1: 256 bytes
[MESSAGE] From peer 1: 256 bytes
[MESSAGE] From peer 1: 256 bytes
[MESSAGE] From peer 1: 256 bytes
[MESSAGE] From peer 1: 256 bytes
[MESSAGE] From peer 1: 256 bytes
[MESSAGE] From peer 1: 256 bytes
[MESSAGE] From peer 1: 256 bytes
[MESSAGE] From peer 1: 256 bytes
[MESSAGE] From peer 1: 256 bytes
[MESSAGE] From peer 1: 256 bytes
[MESSAGE] From peer 1: 256 bytes
[MESSAGE] From peer 1: 256 bytes
[MESSAGE] From peer 1: 256 bytes
[MESSAGE] From peer 1: 256 bytes
[MESSAGE] From peer 1: 256 bytes
[MESSAGE] From peer 1: 256 bytes
[MESSAGE] From peer 1: 256 bytes
[MESSAGE] From peer 1: 256 bytes
[MESSAGE] From peer 1: 256 bytes
[MESSAGE] From peer 1: 256 bytes
[MESSAGE] From peer 1: 256 bytes
[MESSAGE] From peer 1: 256 bytes
[MESSAGE] From peer 1: 256 bytes
[MESSAGE] From peer 1: 256 bytes
[MESSAGE] From peer 1: 256 bytes
[MESSAGE] From peer 1: 256 bytes
[MESSAGE] From peer 1: 256 bytes
[MESSAGE] From peer 1: 256 bytes
[MESSAGE] From peer 1: 256 bytes
[MESSAGE] From peer 1: 256 bytes
[MESSAGE] From peer 1: 256 bytes
[MESSAGE] From peer 1: 256 bytes
[MESSAGE] From peer 1: 256 bytes
[MESSAGE] From peer 1: 256 bytes
[MESSAGE] From peer 1: 256 bytes
[MESSAGE] From peer 1: 256 bytes
[MESSAGE] From peer 1: 256 bytes
[MESSAGE] From peer 1: 256 bytes
[MESSAGE] From peer 1: 256 bytes
[MESSAGE] From peer 1: 256 bytes
[MESSAGE] From peer 1: 256 bytes
[MESSAGE] From peer 1: 256 bytes
[MESSAGE] From peer 1: 256 bytes
[MESSAGE] From peer 1: 256 bytes
[MESSAGE] From peer 1: 256 bytes
[MESSAGE] From peer 1: 256 bytes
[MESSAGE] From peer 1: 256 bytes
[MESSAGE] From peer 1: 256 bytes
[MESSAGE] From peer 1: 256 bytes
[MESSAGE] From peer 1: 256 bytes
[MESSAGE] From peer 1: 256 bytes
[MESSAGE] From peer 1: 256 bytes
[MESSAGE] From peer 1: 256 bytes
[MESSAGE] From peer 1: 256 bytes
[MESSAGE] From peer 1: 256 bytes
[MESSAGE] From peer 1: 256 bytes
[MESSAGE] From peer 1: 256 bytes
[MESSAGE] From peer 1: 256 bytes
[MESSAGE] From peer 1: 256 bytes
[MESSAGE] From peer 1: 256 bytes
[MESSAGE] From peer 1: 256 bytes
[MESSAGE] From peer 1: 256 bytes
[MESSAGE] From peer 1: 256 bytes
[MESSAGE] From peer 1: 256 bytes
[MESSAGE] From peer 1: 256 bytes
[MESSAGE] From peer 1: 256 bytes
[MESSAGE] From peer 1: 256 bytes
[MESSAGE] From peer 1: 256 bytes
[MESSAGE] From peer 1: 256 bytes
[MESSAGE] From peer 1: 256 bytes
[MESSAGE] From peer 1: 256 bytes
[MESSAGE] From peer 1: 256 bytes
[MESSAGE] From peer 1: 256 bytes
[MESSAGE] From peer 1: 256 bytes
[MESSAGE] From peer 1: 256 bytes
[MESSAGE] From peer 1: 256 bytes
[MESSAGE] From peer 1: 256 bytes
[MESSAGE] From peer 1: 256 bytes
[MESSAGE] From peer 1: 256 bytes
[MESSAGE] From peer 1: 256 bytes
[MESSAGE] From peer 1: 256 bytes
[MESSAGE] From peer 1: 256 bytes
[MESSAGE] From peer 1: 256 bytes
[MESSAGE] From peer 1: 256 bytes
[MESSAGE] From peer 1: 256 bytes
[MESSAGE] From peer 1: 256 bytes
[MESSAGE] From peer 1: 256 bytes
[MESSAGE] From peer 1: 256 bytes
[MESSAGE] From peer 1: 256 bytes
[MESSAGE] From peer 1: 256 bytes
[MESSAGE] From peer 1: 256 bytes
[MESSAGE] From peer 1: 256 bytes
[ECHO] 1500 messages echoed
[MESSAGE] From peer 1: 256 bytes
[MESSAGE] From peer 1: 256 bytes
[MESSAGE] From peer 1: 256 bytes
[MESSAGE] From peer 1: 256 bytes
[MESSAGE] From peer 1: 256 bytes
[MESSAGE] From peer 1: 256 bytes
[MESSAGE] From peer 1: 256 bytes
[MESSAGE] From peer 1: 256 bytes
[MESSAGE] From peer 1: 256 bytes
[MESSAGE] From peer 1: 256 bytes
[MESSAGE] From peer 1: 256 bytes
[MESSAGE] From peer 1: 256 bytes
[MESSAGE] From peer 1: 256 bytes
[MESSAGE] From peer 1: 256 bytes
[MESSAGE] From peer 1: 256 bytes
[MESSAGE] From peer 1: 256 bytes
[MESSAGE] From peer 1: 256 bytes
[MESSAGE] From peer 1: 256 bytes
[MESSAGE] From peer 1: 256 bytes
[MESSAGE] From peer 1: 256 bytes
[MESSAGE] From peer 1: 256 bytes
[MESSAGE] From peer 1: 256 bytes
[MESSAGE] From peer 1: 256 bytes
[MESSAGE] From peer 1: 256 bytes
[MESSAGE] From peer 1: 256 bytes
[MESSAGE] From peer 1: 256 bytes
[MESSAGE] From peer 1: 256 bytes
[MESSAGE] From peer 1: 256 bytes
[MESSAGE] From peer 1: 256 bytes
[MESSAGE] From peer 1: 256 bytes
[MESSAGE] From peer 1: 256 bytes
[MESSAGE] From peer 1: 256 bytes
[MESSAGE] From peer 1: 256 bytes
[MESSAGE] From peer 1: 256 bytes
[MESSAGE] From peer 1: 256 bytes
[MESSAGE] From peer 1: 256 bytes
[MESSAGE] From peer 1: 256 bytes
[MESSAGE] From peer 1: 256 bytes
[MESSAGE] From peer 1: 256 bytes
[MESSAGE] From peer 1: 256 bytes
[MESSAGE] From peer 1: 256 bytes
[MESSAGE] From peer 1: 256 bytes
[MESSAGE] From peer 1: 256 bytes
[MESSAGE] From peer 1: 256 bytes
[MESSAGE] From peer 1: 256 bytes
[MESSAGE] From peer 1: 256 bytes
[MESSAGE] From peer 1: 256 bytes
[MESSAGE] From peer 1: 256 bytes
[MESSAGE] From peer 1: 256 bytes
[MESSAGE] From peer 1: 256 bytes
[MESSAGE] From peer 1: 256 bytes
[MESSAGE] From peer 1: 256 bytes
[MESSAGE] From peer 1: 256 bytes
[MESSAGE] From peer 1: 256 bytes
[MESSAGE] From peer 1: 256 bytes
[MESSAGE] From peer 1: 256 bytes
[MESSAGE] From peer 1: 256 bytes
[MESSAGE] From peer 1: 256 bytes
[MESSAGE] From peer 1: 256 bytes
[MESSAGE] From peer 1: 256 bytes
[MESSAGE] From peer 1: 256 bytes
[MESSAGE] From peer 1: 256 bytes
[MESSAGE] From peer 1: 256 bytes
[MESSAGE] From peer 1: 256 bytes
[MESSAGE] From peer 1: 256 bytes
[MESSAGE] From peer 1: 256 bytes
[MESSAGE] From peer 1: 256 bytes
[MESSAGE] From peer 1: 256 bytes
[MESSAGE] From peer 1: 256 bytes
[MESSAGE] From peer 1: 256 bytes
[MESSAGE] From peer 1: 256 bytes
[MESSAGE] From peer 1: 256 bytes
[MESSAGE] From peer 1: 256 bytes
[MESSAGE] From peer 1: 256 bytes
[MESSAGE] From peer 1: 256 bytes
[MESSAGE] From peer 1: 256 bytes
[MESSAGE] From peer 1: 256 bytes
[MESSAGE] From peer 1: 256 bytes
[MESSAGE] From peer 1: 256 bytes
[MESSAGE] From peer 1: 256 bytes
[MESSAGE] From peer 1: 256 bytes
[MESSAGE] From peer 1: 256 bytes
[MESSAGE] From peer 1: 256 bytes
[MESSAGE] From peer 1: 256 bytes
[MESSAGE] From peer 1: 256 bytes
[MESSAGE] From peer 1: 256 bytes
[MESSAGE] From peer 1: 256 bytes
[MESSAGE] From peer 1: 256 bytes
[MESSAGE] From peer 1: 256 bytes
[MESSAGE] From peer 1: 256 bytes
[MESSAGE] From peer 1: 256 bytes
[MESSAGE] From peer 1: 256 bytes
[MESSAGE] From peer 1: 256 bytes
[MESSAGE] From peer 1: 256 bytes
[MESSAGE] From peer 1: 256 bytes
[MESSAGE] From peer 1: 256 bytes
[MESSAGE] From peer 1: 256 bytes
[MESSAGE] From peer 1: 256 bytes
[MESSAGE] From peer 1: 256 bytes
[MESSAGE] From peer 1: 256 bytes
[ECHO] 1600 messages echoed
[MESSAGE] From peer 1: 256 bytes
[MESSAGE] From peer 1: 256 bytes
[MESSAGE] From peer 1: 256 bytes
[MESSAGE] From peer 1: 256 bytes
[MESSAGE] From peer 1: 256 bytes
[MESSAGE] From peer 1: 256 bytes
[MESSAGE] From peer 1: 256 bytes
[MESSAGE] From peer 1: 256 bytes
[MESSAGE] From peer 1: 256 bytes
[MESSAGE] From peer 1: 256 bytes
[MESSAGE] From peer 1: 256 bytes
[MESSAGE] From peer 1: 256 bytes
[MESSAGE] From peer 1: 256 bytes
[MESSAGE] From peer 1: 256 bytes
[MESSAGE] From peer 1: 256 bytes
[MESSAGE] From peer 1: 256 bytes
[MESSAGE] From peer 1: 256 bytes
[MESSAGE] From peer 1: 256 bytes
[MESSAGE] From peer 1: 256 bytes
[MESSAGE] From peer 1: 256 bytes
[MESSAGE] From peer 1: 256 bytes
[MESSAGE] From peer 1: 256 bytes
[MESSAGE] From peer 1: 256 bytes
[MESSAGE] From peer 1: 256 bytes
[MESSAGE] From peer 1: 256 bytes
[MESSAGE] From peer 1: 256 bytes
[MESSAGE] From peer 1: 256 bytes
[MESSAGE] From peer 1: 256 bytes
[MESSAGE] From peer 1: 256 bytes
[MESSAGE] From peer 1: 256 bytes
[MESSAGE] From peer 1: 256 bytes
[MESSAGE] From peer 1: 256 bytes
[MESSAGE] From peer 1: 256 bytes
[MESSAGE] From peer 1: 256 bytes
[MESSAGE] From peer 1: 256 bytes
[MESSAGE] From peer 1: 256 bytes
[MESSAGE] From peer 1: 256 bytes
[MESSAGE] From peer 1: 256 bytes
[MESSAGE] From peer 1: 256 bytes
[MESSAGE] From peer 1: 256 bytes
[MESSAGE] From peer 1: 256 bytes
[MESSAGE] From peer 1: 256 bytes
[MESSAGE] From peer 1: 256 bytes
[MESSAGE] From peer 1: 256 bytes
[MESSAGE] From peer 1: 256 bytes
[MESSAGE] From peer 1: 256 bytes
[MESSAGE] From peer 1: 256 bytes
[MESSAGE] From peer 1: 256 bytes
[MESSAGE] From peer 1: 256 bytes
[MESSAGE] From peer 1: 256 bytes
[MESSAGE] From peer 1: 256 bytes
[MESSAGE] From peer 1: 256 bytes
[MESSAGE] From peer 1: 256 bytes
[MESSAGE] From peer 1: 256 bytes
[MESSAGE] From peer 1: 256 bytes
[MESSAGE] From peer 1: 256 bytes
[MESSAGE] From peer 1: 256 bytes
[MESSAGE] From peer 1: 256 bytes
[MESSAGE] From peer 1: 256 bytes
[MESSAGE] From peer 1: 256 bytes
[DISCOVERED] Peer 2: "MacThroughput" at 10.188.1.213:7354
[MESSAGE] From peer 1: 256 bytes
[MESSAGE] From peer 1: 256 bytes
[MESSAGE] From peer 1: 256 bytes
[MESSAGE] From peer 1: 256 bytes
[MESSAGE] From peer 1: 256 bytes
[MESSAGE] From peer 1: 256 bytes
[MESSAGE] From peer 1: 256 bytes
[MESSAGE] From peer 1: 256 bytes
[MESSAGE] From peer 1: 256 bytes
[MESSAGE] From peer 1: 256 bytes
[MESSAGE] From peer 1: 256 bytes
[MESSAGE] From peer 1: 256 bytes
[MESSAGE] From peer 1: 256 bytes
[MESSAGE] From peer 1: 256 bytes
[MESSAGE] From peer 1: 256 bytes
[MESSAGE] From peer 1: 256 bytes
[MESSAGE] From peer 1: 256 bytes
[MESSAGE] From peer 1: 256 bytes
[MESSAGE] From peer 1: 256 bytes
[MESSAGE] From peer 1: 256 bytes
[MESSAGE] From peer 1: 256 bytes
[MESSAGE] From peer 1: 256 bytes
[MESSAGE] From peer 1: 256 bytes
[MESSAGE] From peer 1: 256 bytes
[MESSAGE] From peer 1: 256 bytes
[MESSAGE] From peer 1: 256 bytes
[MESSAGE] From peer 1: 256 bytes
[MESSAGE] From peer 1: 256 bytes
[MESSAGE] From peer 1: 256 bytes
[MESSAGE] From peer 1: 256 bytes
[MESSAGE] From peer 1: 256 bytes
[MESSAGE] From peer 1: 256 bytes
[MESSAGE] From peer 1: 256 bytes
[MESSAGE] From peer 1: 256 bytes
[MESSAGE] From peer 1: 256 bytes
[MESSAGE] From peer 1: 256 bytes
[MESSAGE] From peer 1: 256 bytes
[MESSAGE] From peer 1: 256 bytes
[MESSAGE] From peer 1: 256 bytes
[MESSAGE] From peer 1: 256 bytes
[ECHO] 1700 messages echoed
[MESSAGE] From peer 1: 256 bytes
[MESSAGE] From peer 1: 256 bytes
[MESSAGE] From peer 1: 256 bytes
[MESSAGE] From peer 1: 256 bytes
[MESSAGE] From peer 1: 256 bytes
[MESSAGE] From peer 1: 256 bytes
[MESSAGE] From peer 1: 256 bytes
[MESSAGE] From peer 1: 256 bytes
[MESSAGE] From peer 1: 256 bytes
[MESSAGE] From peer 1: 256 bytes
[MESSAGE] From peer 1: 256 bytes
[MESSAGE] From peer 1: 256 bytes
[MESSAGE] From peer 1: 256 bytes
[MESSAGE] From peer 1: 256 bytes
[MESSAGE] From peer 1: 256 bytes
[MESSAGE] From peer 1: 256 bytes
[MESSAGE] From peer 1: 256 bytes
[MESSAGE] From peer 1: 256 bytes
[MESSAGE] From peer 1: 256 bytes
[MESSAGE] From peer 1: 256 bytes
[MESSAGE] From peer 1: 256 bytes
[MESSAGE] From peer 1: 256 bytes
[MESSAGE] From peer 1: 256 bytes
[MESSAGE] From peer 1: 256 bytes
[MESSAGE] From peer 1: 256 bytes
[MESSAGE] From peer 1: 256 bytes
[MESSAGE] From peer 1: 256 bytes
[MESSAGE] From peer 1: 256 bytes
[MESSAGE] From peer 1: 256 bytes
[MESSAGE] From peer 1: 256 bytes
[MESSAGE] From peer 1: 256 bytes
[MESSAGE] From peer 1: 256 bytes
[MESSAGE] From peer 1: 256 bytes
[MESSAGE] From peer 1: 256 bytes
[MESSAGE] From peer 1: 256 bytes
[MESSAGE] From peer 1: 256 bytes
[MESSAGE] From peer 1: 256 bytes
[MESSAGE] From peer 1: 256 bytes
[MESSAGE] From peer 1: 256 bytes
[MESSAGE] From peer 1: 256 bytes
[STATUS] 90 sec: peers=2, msgs=1740, connected=yes
[MESSAGE] From peer 1: 256 bytes
[MESSAGE] From peer 1: 256 bytes
[MESSAGE] From peer 1: 256 bytes
[MESSAGE] From peer 1: 256 bytes
[MESSAGE] From peer 1: 256 bytes
[MESSAGE] From peer 1: 256 bytes
[MESSAGE] From peer 1: 256 bytes
[MESSAGE] From peer 1: 256 bytes
[MESSAGE] From peer 1: 256 bytes
[MESSAGE] From peer 1: 256 bytes
[MESSAGE] From peer 1: 256 bytes
[MESSAGE] From peer 1: 256 bytes
[MESSAGE] From peer 1: 256 bytes
[MESSAGE] From peer 1: 256 bytes
[MESSAGE] From peer 1: 256 bytes
[MESSAGE] From peer 1: 256 bytes
[MESSAGE] From peer 1: 256 bytes
[MESSAGE] From peer 1: 256 bytes
[MESSAGE] From peer 1: 256 bytes
[MESSAGE] From peer 1: 256 bytes
[MESSAGE] From peer 1: 256 bytes
[MESSAGE] From peer 1: 256 bytes
[MESSAGE] From peer 1: 256 bytes
[MESSAGE] From peer 1: 256 bytes
[MESSAGE] From peer 1: 256 bytes
[MESSAGE] From peer 1: 256 bytes
[MESSAGE] From peer 1: 256 bytes
[MESSAGE] From peer 1: 256 bytes
[MESSAGE] From peer 1: 256 bytes
[MESSAGE] From peer 1: 256 bytes
[MESSAGE] From peer 1: 256 bytes
[MESSAGE] From peer 1: 256 bytes
[MESSAGE] From peer 1: 256 bytes
[MESSAGE] From peer 1: 256 bytes
[MESSAGE] From peer 1: 256 bytes
[MESSAGE] From peer 1: 256 bytes
[MESSAGE] From peer 1: 256 bytes
[MESSAGE] From peer 1: 256 bytes
[MESSAGE] From peer 1: 256 bytes
[MESSAGE] From peer 1: 256 bytes
[MESSAGE] From peer 1: 256 bytes
[MESSAGE] From peer 1: 256 bytes
[MESSAGE] From peer 1: 256 bytes
[MESSAGE] From peer 1: 256 bytes
[MESSAGE] From peer 1: 256 bytes
[MESSAGE] From peer 1: 256 bytes
[MESSAGE] From peer 1: 256 bytes
[MESSAGE] From peer 1: 256 bytes
[MESSAGE] From peer 1: 256 bytes
[MESSAGE] From peer 1: 256 bytes
[MESSAGE] From peer 1: 256 bytes
[MESSAGE] From peer 1: 256 bytes
[MESSAGE] From peer 1: 256 bytes
[MESSAGE] From peer 1: 256 bytes
[MESSAGE] From peer 1: 512 bytes
[MESSAGE] From peer 1: 512 bytes
[MESSAGE] From peer 1: 512 bytes
[MESSAGE] From peer 1: 512 bytes
[MESSAGE] From peer 1: 512 bytes
[MESSAGE] From peer 1: 512 bytes
[ECHO] 1800 messages echoed
[MESSAGE] From peer 1: 512 bytes
[MESSAGE] From peer 1: 512 bytes
[MESSAGE] From peer 1: 512 bytes
[MESSAGE] From peer 1: 512 bytes
[MESSAGE] From peer 1: 512 bytes
[MESSAGE] From peer 1: 512 bytes
[MESSAGE] From peer 1: 512 bytes
[MESSAGE] From peer 1: 512 bytes
[MESSAGE] From peer 1: 512 bytes
[MESSAGE] From peer 1: 512 bytes
[MESSAGE] From peer 1: 512 bytes
[MESSAGE] From peer 1: 512 bytes
[MESSAGE] From peer 1: 512 bytes
[MESSAGE] From peer 1: 512 bytes
[MESSAGE] From peer 1: 512 bytes
[MESSAGE] From peer 1: 512 bytes
[MESSAGE] From peer 1: 512 bytes
[MESSAGE] From peer 1: 512 bytes
[MESSAGE] From peer 1: 512 bytes
[MESSAGE] From peer 1: 512 bytes
[MESSAGE] From peer 1: 512 bytes
[MESSAGE] From peer 1: 512 bytes
[MESSAGE] From peer 1: 512 bytes
[MESSAGE] From peer 1: 512 bytes
[MESSAGE] From peer 1: 512 bytes
[MESSAGE] From peer 1: 512 bytes
[MESSAGE] From peer 1: 512 bytes
[MESSAGE] From peer 1: 512 bytes
[MESSAGE] From peer 1: 512 bytes
[MESSAGE] From peer 1: 512 bytes
[MESSAGE] From peer 1: 512 bytes
[MESSAGE] From peer 1: 512 bytes
[MESSAGE] From peer 1: 512 bytes
[MESSAGE] From peer 1: 512 bytes
[MESSAGE] From peer 1: 512 bytes
[MESSAGE] From peer 1: 512 bytes
[MESSAGE] From peer 1: 512 bytes
[MESSAGE] From peer 1: 512 bytes
[MESSAGE] From peer 1: 512 bytes
[MESSAGE] From peer 1: 512 bytes
[MESSAGE] From peer 1: 512 bytes
[MESSAGE] From peer 1: 512 bytes
[MESSAGE] From peer 1: 512 bytes
[MESSAGE] From peer 1: 512 bytes
[MESSAGE] From peer 1: 512 bytes
[MESSAGE] From peer 1: 512 bytes
[MESSAGE] From peer 1: 512 bytes
[MESSAGE] From peer 1: 512 bytes
[MESSAGE] From peer 1: 512 bytes
[MESSAGE] From peer 1: 512 bytes
[MESSAGE] From peer 1: 512 bytes
[MESSAGE] From peer 1: 512 bytes
[MESSAGE] From peer 1: 512 bytes
[MESSAGE] From peer 1: 512 bytes
[MESSAGE] From peer 1: 512 bytes
[MESSAGE] From peer 1: 512 bytes
[MESSAGE] From peer 1: 512 bytes
[MESSAGE] From peer 1: 512 bytes
[MESSAGE] From peer 1: 512 bytes
[MESSAGE] From peer 1: 512 bytes
[MESSAGE] From peer 1: 512 bytes
[MESSAGE] From peer 1: 512 bytes
[MESSAGE] From peer 1: 512 bytes
[MESSAGE] From peer 1: 512 bytes
[MESSAGE] From peer 1: 512 bytes
[MESSAGE] From peer 1: 512 bytes
[MESSAGE] From peer 1: 512 bytes
[MESSAGE] From peer 1: 512 bytes
[MESSAGE] From peer 1: 512 bytes
[MESSAGE] From peer 1: 512 bytes
[MESSAGE] From peer 1: 512 bytes
[MESSAGE] From peer 1: 512 bytes
[MESSAGE] From peer 1: 512 bytes
[MESSAGE] From peer 1: 512 bytes
[MESSAGE] From peer 1: 512 bytes
[MESSAGE] From peer 1: 512 bytes
[MESSAGE] From peer 1: 512 bytes
[MESSAGE] From peer 1: 512 bytes
[MESSAGE] From peer 1: 512 bytes
[MESSAGE] From peer 1: 512 bytes
[MESSAGE] From peer 1: 512 bytes
[MESSAGE] From peer 1: 512 bytes
[MESSAGE] From peer 1: 512 bytes
[MESSAGE] From peer 1: 512 bytes
[MESSAGE] From peer 1: 512 bytes
[MESSAGE] From peer 1: 512 bytes
[MESSAGE] From peer 1: 512 bytes
[MESSAGE] From peer 1: 512 bytes
[MESSAGE] From peer 1: 512 bytes
[MESSAGE] From peer 1: 512 bytes
[MESSAGE] From peer 1: 512 bytes
[MESSAGE] From peer 1: 512 bytes
[MESSAGE] From peer 1: 512 bytes
[MESSAGE] From peer 1: 512 bytes
[MESSAGE] From peer 1: 512 bytes
[MESSAGE] From peer 1: 512 bytes
[MESSAGE] From peer 1: 512 bytes
[MESSAGE] From peer 1: 512 bytes
[MESSAGE] From peer 1: 512 bytes
[MESSAGE] From peer 1: 512 bytes
[ECHO] 1900 messages echoed
[MESSAGE] From peer 1: 512 bytes
[MESSAGE] From peer 1: 512 bytes
[MESSAGE] From peer 1: 512 bytes
[MESSAGE] From peer 1: 512 bytes
[MESSAGE] From peer 1: 512 bytes
[MESSAGE] From peer 1: 512 bytes
[MESSAGE] From peer 1: 512 bytes
[MESSAGE] From peer 1: 512 bytes
[MESSAGE] From peer 1: 512 bytes
[MESSAGE] From peer 1: 512 bytes
[MESSAGE] From peer 1: 512 bytes
[MESSAGE] From peer 1: 512 bytes
[MESSAGE] From peer 1: 512 bytes
[MESSAGE] From peer 1: 512 bytes
[MESSAGE] From peer 1: 512 bytes
[MESSAGE] From peer 1: 512 bytes
[MESSAGE] From peer 1: 512 bytes
[MESSAGE] From peer 1: 512 bytes
[MESSAGE] From peer 1: 512 bytes
[MESSAGE] From peer 1: 512 bytes
[MESSAGE] From peer 1: 512 bytes
[MESSAGE] From peer 1: 512 bytes
[MESSAGE] From peer 1: 512 bytes
[MESSAGE] From peer 1: 512 bytes
[MESSAGE] From peer 1: 512 bytes
[MESSAGE] From peer 1: 512 bytes
[MESSAGE] From peer 1: 512 bytes
[MESSAGE] From peer 1: 512 bytes
[MESSAGE] From peer 1: 512 bytes
[MESSAGE] From peer 1: 512 bytes
[MESSAGE] From peer 1: 512 bytes
[MESSAGE] From peer 1: 512 bytes
[MESSAGE] From peer 1: 512 bytes
[MESSAGE] From peer 1: 512 bytes
[MESSAGE] From peer 1: 512 bytes
[MESSAGE] From peer 1: 512 bytes
[MESSAGE] From peer 1: 512 bytes
[MESSAGE] From peer 1: 512 bytes
[MESSAGE] From peer 1: 512 bytes
[MESSAGE] From peer 1: 512 bytes
[MESSAGE] From peer 1: 512 bytes
[MESSAGE] From peer 1: 512 bytes
[MESSAGE] From peer 1: 512 bytes
[MESSAGE] From peer 1: 512 bytes
[MESSAGE] From peer 1: 512 bytes
[MESSAGE] From peer 1: 512 bytes
[MESSAGE] From peer 1: 512 bytes
[MESSAGE] From peer 1: 512 bytes
[MESSAGE] From peer 1: 512 bytes
[MESSAGE] From peer 1: 512 bytes
[MESSAGE] From peer 1: 512 bytes
[MESSAGE] From peer 1: 512 bytes
[MESSAGE] From peer 1: 512 bytes
[MESSAGE] From peer 1: 512 bytes
[MESSAGE] From peer 1: 512 bytes
[MESSAGE] From peer 1: 512 bytes
[MESSAGE] From peer 1: 512 bytes
[MESSAGE] From peer 1: 512 bytes
[MESSAGE] From peer 1: 512 bytes
[MESSAGE] From peer 1: 512 bytes
[MESSAGE] From peer 1: 512 bytes
[MESSAGE] From peer 1: 512 bytes
[MESSAGE] From peer 1: 512 bytes
[MESSAGE] From peer 1: 512 bytes
[MESSAGE] From peer 1: 512 bytes
[MESSAGE] From peer 1: 512 bytes
[MESSAGE] From peer 1: 512 bytes
[MESSAGE] From peer 1: 512 bytes
[MESSAGE] From peer 1: 512 bytes
[MESSAGE] From peer 1: 512 bytes
[MESSAGE] From peer 1: 512 bytes
[MESSAGE] From peer 1: 512 bytes
[MESSAGE] From peer 1: 512 bytes
[MESSAGE] From peer 1: 512 bytes
[MESSAGE] From peer 1: 512 bytes
[MESSAGE] From peer 1: 512 bytes
[MESSAGE] From peer 1: 512 bytes
[MESSAGE] From peer 1: 512 bytes
[MESSAGE] From peer 1: 512 bytes
[MESSAGE] From peer 1: 512 bytes
[MESSAGE] From peer 1: 512 bytes
[MESSAGE] From peer 1: 512 bytes
[MESSAGE] From peer 1: 512 bytes
[MESSAGE] From peer 1: 512 bytes
[MESSAGE] From peer 1: 512 bytes
[MESSAGE] From peer 1: 512 bytes
[MESSAGE] From peer 1: 512 bytes
[MESSAGE] From peer 1: 512 bytes
[MESSAGE] From peer 1: 512 bytes
[MESSAGE] From peer 1: 512 bytes
[MESSAGE] From peer 1: 512 bytes
[MESSAGE] From peer 1: 512 bytes
[MESSAGE] From peer 1: 512 bytes
[MESSAGE] From peer 1: 512 bytes
[MESSAGE] From peer 1: 512 bytes
[MESSAGE] From peer 1: 512 bytes
[MESSAGE] From peer 1: 512 bytes
[MESSAGE] From peer 1: 512 bytes
[MESSAGE] From peer 1: 512 bytes
[MESSAGE] From peer 1: 512 bytes
[ECHO] 2000 messages echoed
[MESSAGE] From peer 1: 512 bytes
[MESSAGE] From peer 1: 512 bytes
[MESSAGE] From peer 1: 512 bytes
[MESSAGE] From peer 1: 512 bytes
[MESSAGE] From peer 1: 512 bytes
[MESSAGE] From peer 1: 512 bytes
[MESSAGE] From peer 1: 512 bytes
[MESSAGE] From peer 1: 512 bytes
[MESSAGE] From peer 1: 512 bytes
[MESSAGE] From peer 1: 512 bytes
[MESSAGE] From peer 1: 512 bytes
[MESSAGE] From peer 1: 512 bytes
[MESSAGE] From peer 1: 512 bytes
[MESSAGE] From peer 1: 512 bytes
[MESSAGE] From peer 1: 512 bytes
[MESSAGE] From peer 1: 512 bytes
[MESSAGE] From peer 1: 512 bytes
[MESSAGE] From peer 1: 512 bytes
[MESSAGE] From peer 1: 512 bytes
[MESSAGE] From peer 1: 512 bytes
[MESSAGE] From peer 1: 512 bytes
[MESSAGE] From peer 1: 512 bytes
[MESSAGE] From peer 1: 512 bytes
[MESSAGE] From peer 1: 512 bytes
[MESSAGE] From peer 1: 512 bytes
[MESSAGE] From peer 1: 512 bytes
[MESSAGE] From peer 1: 512 bytes
[MESSAGE] From peer 1: 512 bytes
[MESSAGE] From peer 1: 512 bytes
[MESSAGE] From peer 1: 512 bytes
[MESSAGE] From peer 1: 512 bytes
[MESSAGE] From peer 1: 512 bytes
[MESSAGE] From peer 1: 512 bytes
[MESSAGE] From peer 1: 512 bytes
[MESSAGE] From peer 1: 512 bytes
[MESSAGE] From peer 1: 512 bytes
[MESSAGE] From peer 1: 512 bytes
[MESSAGE] From peer 1: 512 bytes
[MESSAGE] From peer 1: 512 bytes
[MESSAGE] From peer 1: 512 bytes
[MESSAGE] From peer 1: 512 bytes
[MESSAGE] From peer 1: 512 bytes
[MESSAGE] From peer 1: 512 bytes
[MESSAGE] From peer 1: 512 bytes
[MESSAGE] From peer 1: 512 bytes
[MESSAGE] From peer 1: 512 bytes
[MESSAGE] From peer 1: 512 bytes
[MESSAGE] From peer 1: 512 bytes
[MESSAGE] From peer 1: 512 bytes
[MESSAGE] From peer 1: 512 bytes
[MESSAGE] From peer 1: 512 bytes
[MESSAGE] From peer 1: 512 bytes
[MESSAGE] From peer 1: 512 bytes
[MESSAGE] From peer 1: 512 bytes
[MESSAGE] From peer 1: 512 bytes
[MESSAGE] From peer 1: 512 bytes
[MESSAGE] From peer 1: 512 bytes
[MESSAGE] From peer 1: 512 bytes
[MESSAGE] From peer 1: 512 bytes
[MESSAGE] From peer 1: 512 bytes
[MESSAGE] From peer 1: 512 bytes
[MESSAGE] From peer 1: 512 bytes
[MESSAGE] From peer 1: 512 bytes
[MESSAGE] From peer 1: 512 bytes
[MESSAGE] From peer 1: 512 bytes
[MESSAGE] From peer 1: 512 bytes
[MESSAGE] From peer 1: 512 bytes
[MESSAGE] From peer 1: 512 bytes
[MESSAGE] From peer 1: 512 bytes
[MESSAGE] From peer 1: 512 bytes
[MESSAGE] From peer 1: 512 bytes
[MESSAGE] From peer 1: 512 bytes
[MESSAGE] From peer 1: 512 bytes
[MESSAGE] From peer 1: 512 bytes
[MESSAGE] From peer 1: 512 bytes
[MESSAGE] From peer 1: 512 bytes
[MESSAGE] From peer 1: 512 bytes
[MESSAGE] From peer 1: 512 bytes
[MESSAGE] From peer 1: 512 bytes
[MESSAGE] From peer 1: 512 bytes
[MESSAGE] From peer 1: 512 bytes
[MESSAGE] From peer 1: 512 bytes
[MESSAGE] From peer 1: 512 bytes
[MESSAGE] From peer 1: 512 bytes
[MESSAGE] From peer 1: 512 bytes
[MESSAGE] From peer 1: 512 bytes
[MESSAGE] From peer 1: 512 bytes
[MESSAGE] From peer 1: 512 bytes
[MESSAGE] From peer 1: 512 bytes
[MESSAGE] From peer 1: 512 bytes
[MESSAGE] From peer 1: 512 bytes
[MESSAGE] From peer 1: 512 bytes
[MESSAGE] From peer 1: 512 bytes
[MESSAGE] From peer 1: 512 bytes
[MESSAGE] From peer 1: 512 bytes
[MESSAGE] From peer 1: 512 bytes
[MESSAGE] From peer 1: 512 bytes
[MESSAGE] From peer 1: 512 bytes
[MESSAGE] From peer 1: 512 bytes
[MESSAGE] From peer 1: 512 bytes
[ECHO] 2100 messages echoed
[MESSAGE] From peer 1: 512 bytes
[MESSAGE] From peer 1: 512 bytes
[MESSAGE] From peer 1: 512 bytes
[MESSAGE] From peer 1: 512 bytes
[MESSAGE] From peer 1: 512 bytes
[MESSAGE] From peer 1: 512 bytes
[MESSAGE] From peer 1: 512 bytes
[MESSAGE] From peer 1: 512 bytes
[MESSAGE] From peer 1: 512 bytes
[MESSAGE] From peer 1: 512 bytes
[MESSAGE] From peer 1: 512 bytes
[MESSAGE] From peer 1: 512 bytes
[MESSAGE] From peer 1: 512 bytes
[MESSAGE] From peer 1: 512 bytes
[MESSAGE] From peer 1: 512 bytes
[MESSAGE] From peer 1: 512 bytes
[MESSAGE] From peer 1: 512 bytes
[MESSAGE] From peer 1: 512 bytes
[MESSAGE] From peer 1: 512 bytes
[MESSAGE] From peer 1: 512 bytes
[MESSAGE] From peer 1: 512 bytes
[MESSAGE] From peer 1: 512 bytes
[MESSAGE] From peer 1: 512 bytes
[MESSAGE] From peer 1: 512 bytes
[MESSAGE] From peer 1: 512 bytes
[MESSAGE] From peer 1: 512 bytes
[MESSAGE] From peer 1: 512 bytes
[MESSAGE] From peer 1: 512 bytes
[MESSAGE] From peer 1: 512 bytes
[MESSAGE] From peer 1: 512 bytes
[MESSAGE] From peer 1: 512 bytes
[MESSAGE] From peer 1: 512 bytes
[MESSAGE] From peer 1: 512 bytes
[MESSAGE] From peer 1: 512 bytes
[MESSAGE] From peer 1: 512 bytes
[MESSAGE] From peer 1: 512 bytes
[MESSAGE] From peer 1: 512 bytes
[MESSAGE] From peer 1: 512 bytes
[MESSAGE] From peer 1: 512 bytes
[MESSAGE] From peer 1: 512 bytes
[MESSAGE] From peer 1: 512 bytes
[MESSAGE] From peer 1: 512 bytes
[MESSAGE] From peer 1: 512 bytes
[MESSAGE] From peer 1: 512 bytes
[MESSAGE] From peer 1: 512 bytes
[MESSAGE] From peer 1: 512 bytes
[MESSAGE] From peer 1: 512 bytes
[MESSAGE] From peer 1: 512 bytes
[MESSAGE] From peer 1: 512 bytes
[MESSAGE] From peer 1: 512 bytes
[MESSAGE] From peer 1: 512 bytes
[MESSAGE] From peer 1: 512 bytes
[MESSAGE] From peer 1: 512 bytes
[MESSAGE] From peer 1: 512 bytes
[MESSAGE] From peer 1: 512 bytes
[MESSAGE] From peer 1: 512 bytes
[MESSAGE] From peer 1: 512 bytes
[MESSAGE] From peer 1: 512 bytes
[MESSAGE] From peer 1: 512 bytes
[MESSAGE] From peer 1: 512 bytes
[MESSAGE] From peer 1: 512 bytes
[MESSAGE] From peer 1: 512 bytes
[MESSAGE] From peer 1: 512 bytes
[MESSAGE] From peer 1: 512 bytes
[MESSAGE] From peer 1: 512 bytes
[MESSAGE] From peer 1: 512 bytes
[MESSAGE] From peer 1: 512 bytes
[MESSAGE] From peer 1: 512 bytes
[MESSAGE] From peer 1: 512 bytes
[MESSAGE] From peer 1: 512 bytes
[MESSAGE] From peer 1: 512 bytes
[MESSAGE] From peer 1: 512 bytes
[MESSAGE] From peer 1: 512 bytes
[MESSAGE] From peer 1: 512 bytes
[MESSAGE] From peer 1: 512 bytes
[MESSAGE] From peer 1: 512 bytes
[MESSAGE] From peer 1: 512 bytes
[MESSAGE] From peer 1: 512 bytes
[MESSAGE] From peer 1: 512 bytes
[MESSAGE] From peer 1: 512 bytes
[MESSAGE] From peer 1: 512 bytes
[MESSAGE] From peer 1: 512 bytes
[MESSAGE] From peer 1: 512 bytes
[MESSAGE] From peer 1: 512 bytes
[MESSAGE] From peer 1: 512 bytes
[MESSAGE] From peer 1: 512 bytes
[MESSAGE] From peer 1: 512 bytes
[MESSAGE] From peer 1: 512 bytes
[MESSAGE] From peer 1: 512 bytes
[MESSAGE] From peer 1: 512 bytes
[MESSAGE] From peer 1: 512 bytes
[MESSAGE] From peer 1: 512 bytes
[MESSAGE] From peer 1: 512 bytes
[MESSAGE] From peer 1: 512 bytes
[MESSAGE] From peer 1: 512 bytes
[MESSAGE] From peer 1: 512 bytes
[MESSAGE] From peer 1: 512 bytes
[MESSAGE] From peer 1: 512 bytes
[MESSAGE] From peer 1: 512 bytes
[MESSAGE] From peer 1: 512 bytes
[ECHO] 2200 messages echoed
[MESSAGE] From peer 1: 512 bytes
[MESSAGE] From peer 1: 512 bytes
[MESSAGE] From peer 1: 512 bytes
[MESSAGE] From peer 1: 512 bytes
[MESSAGE] From peer 1: 512 bytes
[MESSAGE] From peer 1: 512 bytes
[MESSAGE] From peer 1: 512 bytes
[MESSAGE] From peer 1: 512 bytes
[MESSAGE] From peer 1: 512 bytes
[MESSAGE] From peer 1: 512 bytes
[MESSAGE] From peer 1: 512 bytes
[MESSAGE] From peer 1: 512 bytes
[MESSAGE] From peer 1: 512 bytes
[MESSAGE] From peer 1: 512 bytes
[MESSAGE] From peer 1: 512 bytes
[MESSAGE] From peer 1: 512 bytes
[MESSAGE] From peer 1: 512 bytes
[MESSAGE] From peer 1: 512 bytes
[MESSAGE] From peer 1: 512 bytes
[MESSAGE] From peer 1: 512 bytes
[MESSAGE] From peer 1: 512 bytes
[MESSAGE] From peer 1: 512 bytes
[MESSAGE] From peer 1: 512 bytes
[MESSAGE] From peer 1: 512 bytes
[MESSAGE] From peer 1: 512 bytes
[MESSAGE] From peer 1: 512 bytes
[MESSAGE] From peer 1: 512 bytes
[MESSAGE] From peer 1: 512 bytes
[MESSAGE] From peer 1: 512 bytes
[MESSAGE] From peer 1: 512 bytes
[MESSAGE] From peer 1: 512 bytes
[MESSAGE] From peer 1: 512 bytes
[MESSAGE] From peer 1: 512 bytes
[MESSAGE] From peer 1: 512 bytes
[MESSAGE] From peer 1: 512 bytes
[MESSAGE] From peer 1: 512 bytes
[MESSAGE] From peer 1: 512 bytes
[MESSAGE] From peer 1: 512 bytes
[MESSAGE] From peer 1: 512 bytes
[MESSAGE] From peer 1: 512 bytes
[MESSAGE] From peer 1: 512 bytes
[MESSAGE] From peer 1: 512 bytes
[MESSAGE] From peer 1: 512 bytes
[MESSAGE] From peer 1: 512 bytes
[MESSAGE] From peer 1: 512 bytes
[MESSAGE] From peer 1: 512 bytes
[MESSAGE] From peer 1: 512 bytes
[MESSAGE] From peer 1: 512 bytes
[MESSAGE] From peer 1: 512 bytes
[MESSAGE] From peer 1: 512 bytes
[MESSAGE] From peer 1: 512 bytes
[MESSAGE] From peer 1: 512 bytes
[MESSAGE] From peer 1: 512 bytes
[MESSAGE] From peer 1: 512 bytes
[MESSAGE] From peer 1: 512 bytes
[MESSAGE] From peer 1: 512 bytes
[MESSAGE] From peer 1: 512 bytes
[MESSAGE] From peer 1: 512 bytes
[MESSAGE] From peer 1: 512 bytes
[MESSAGE] From peer 1: 512 bytes
[MESSAGE] From peer 1: 512 bytes
[MESSAGE] From peer 1: 512 bytes
[MESSAGE] From peer 1: 512 bytes
[MESSAGE] From peer 1: 512 bytes
[MESSAGE] From peer 1: 512 bytes
[MESSAGE] From peer 1: 512 bytes
[MESSAGE] From peer 1: 512 bytes
[MESSAGE] From peer 1: 512 bytes
[MESSAGE] From peer 1: 512 bytes
[MESSAGE] From peer 1: 512 bytes
[MESSAGE] From peer 1: 512 bytes
[MESSAGE] From peer 1: 512 bytes
[MESSAGE] From peer 1: 512 bytes
[MESSAGE] From peer 1: 512 bytes
[MESSAGE] From peer 1: 512 bytes
[MESSAGE] From peer 1: 512 bytes
[MESSAGE] From peer 1: 512 bytes
[MESSAGE] From peer 1: 512 bytes
[MESSAGE] From peer 1: 512 bytes
[MESSAGE] From peer 1: 512 bytes
[MESSAGE] From peer 1: 512 bytes
[MESSAGE] From peer 1: 512 bytes
[MESSAGE] From peer 1: 512 bytes
[MESSAGE] From peer 1: 512 bytes
[MESSAGE] From peer 1: 512 bytes
[MESSAGE] From peer 1: 512 bytes
[MESSAGE] From peer 1: 512 bytes
[MESSAGE] From peer 1: 512 bytes
[MESSAGE] From peer 1: 512 bytes
[MESSAGE] From peer 1: 512 bytes
[MESSAGE] From peer 1: 512 bytes
[MESSAGE] From peer 1: 512 bytes
[MESSAGE] From peer 1: 512 bytes
[MESSAGE] From peer 1: 512 bytes
[MESSAGE] From peer 1: 512 bytes
[MESSAGE] From peer 1: 512 bytes
[MESSAGE] From peer 1: 512 bytes
[MESSAGE] From peer 1: 512 bytes
[MESSAGE] From peer 1: 512 bytes
[MESSAGE] From peer 1: 512 bytes
[ECHO] 2300 messages echoed
[MESSAGE] From peer 1: 512 bytes
[MESSAGE] From peer 1: 512 bytes
[MESSAGE] From peer 1: 512 bytes
[MESSAGE] From peer 1: 512 bytes
[MESSAGE] From peer 1: 512 bytes
[MESSAGE] From peer 1: 512 bytes
[MESSAGE] From peer 1: 512 bytes
[MESSAGE] From peer 1: 512 bytes
[MESSAGE] From peer 1: 512 bytes
[MESSAGE] From peer 1: 512 bytes
[MESSAGE] From peer 1: 512 bytes
[MESSAGE] From peer 1: 512 bytes
[MESSAGE] From peer 1: 512 bytes
[MESSAGE] From peer 1: 512 bytes
[MESSAGE] From peer 1: 512 bytes
[MESSAGE] From peer 1: 512 bytes
[MESSAGE] From peer 1: 512 bytes
[MESSAGE] From peer 1: 512 bytes
[MESSAGE] From peer 1: 512 bytes
[MESSAGE] From peer 1: 512 bytes
[MESSAGE] From peer 1: 512 bytes
[MESSAGE] From peer 1: 512 bytes
[MESSAGE] From peer 1: 512 bytes
[MESSAGE] From peer 1: 512 bytes
[MESSAGE] From peer 1: 512 bytes
[MESSAGE] From peer 1: 512 bytes
[MESSAGE] From peer 1: 512 bytes
[MESSAGE] From peer 1: 512 bytes
[MESSAGE] From peer 1: 512 bytes
[MESSAGE] From peer 1: 512 bytes
[MESSAGE] From peer 1: 512 bytes
[MESSAGE] From peer 1: 512 bytes
[MESSAGE] From peer 1: 512 bytes
[MESSAGE] From peer 1: 512 bytes
[MESSAGE] From peer 1: 512 bytes
[MESSAGE] From peer 1: 512 bytes
[MESSAGE] From peer 1: 512 bytes
[MESSAGE] From peer 1: 512 bytes
[MESSAGE] From peer 1: 512 bytes
[MESSAGE] From peer 1: 512 bytes
[MESSAGE] From peer 1: 512 bytes
[MESSAGE] From peer 1: 512 bytes
[MESSAGE] From peer 1: 512 bytes
[MESSAGE] From peer 1: 512 bytes
[MESSAGE] From peer 1: 512 bytes
[MESSAGE] From peer 1: 512 bytes
[MESSAGE] From peer 1: 512 bytes
[MESSAGE] From peer 1: 512 bytes
[MESSAGE] From peer 1: 512 bytes
[MESSAGE] From peer 1: 512 bytes
[MESSAGE] From peer 1: 512 bytes
[MESSAGE] From peer 1: 512 bytes
[MESSAGE] From peer 1: 512 bytes
[MESSAGE] From peer 1: 512 bytes
[MESSAGE] From peer 1: 512 bytes
[MESSAGE] From peer 1: 512 bytes
[MESSAGE] From peer 1: 512 bytes
[MESSAGE] From peer 1: 512 bytes
[MESSAGE] From peer 1: 512 bytes
[MESSAGE] From peer 1: 512 bytes
[MESSAGE] From peer 1: 512 bytes
[MESSAGE] From peer 1: 512 bytes
[MESSAGE] From peer 1: 512 bytes
[MESSAGE] From peer 1: 512 bytes
[MESSAGE] From peer 1: 512 bytes
[MESSAGE] From peer 1: 512 bytes
[MESSAGE] From peer 1: 512 bytes
[MESSAGE] From peer 1: 512 bytes
[MESSAGE] From peer 1: 512 bytes
[MESSAGE] From peer 1: 512 bytes
[MESSAGE] From peer 1: 512 bytes
[MESSAGE] From peer 1: 512 bytes
[MESSAGE] From peer 1: 512 bytes
[MESSAGE] From peer 1: 512 bytes
[MESSAGE] From peer 1: 512 bytes
[MESSAGE] From peer 1: 512 bytes
[MESSAGE] From peer 1: 512 bytes
[MESSAGE] From peer 1: 512 bytes
[MESSAGE] From peer 1: 512 bytes
[MESSAGE] From peer 1: 512 bytes
[MESSAGE] From peer 1: 512 bytes
[MESSAGE] From peer 1: 512 bytes
[MESSAGE] From peer 1: 512 bytes
[MESSAGE] From peer 1: 512 bytes
[MESSAGE] From peer 1: 512 bytes
[MESSAGE] From peer 1: 512 bytes
[MESSAGE] From peer 1: 512 bytes
[MESSAGE] From peer 1: 512 bytes
[MESSAGE] From peer 1: 512 bytes
[MESSAGE] From peer 1: 512 bytes
[MESSAGE] From peer 1: 512 bytes
[MESSAGE] From peer 1: 512 bytes
[STATUS] 100 sec: peers=2, msgs=2392, connected=yes
[MESSAGE] From peer 1: 512 bytes
[MESSAGE] From peer 1: 512 bytes
[MESSAGE] From peer 1: 512 bytes
[MESSAGE] From peer 1: 512 bytes
[MESSAGE] From peer 1: 512 bytes
[MESSAGE] From peer 1: 512 bytes
[MESSAGE] From peer 1: 512 bytes
[MESSAGE] From peer 1: 512 bytes
[ECHO] 2400 messages echoed
[MESSAGE] From peer 1: 512 bytes
[MESSAGE] From peer 1: 512 bytes
[MESSAGE] From peer 1: 512 bytes
[MESSAGE] From peer 1: 512 bytes
[MESSAGE] From peer 1: 512 bytes
[MESSAGE] From peer 1: 512 bytes
[MESSAGE] From peer 1: 512 bytes
[MESSAGE] From peer 1: 512 bytes
[MESSAGE] From peer 1: 512 bytes
[MESSAGE] From peer 1: 512 bytes
[MESSAGE] From peer 1: 512 bytes
[MESSAGE] From peer 1: 512 bytes
[MESSAGE] From peer 1: 512 bytes
[MESSAGE] From peer 1: 512 bytes
[MESSAGE] From peer 1: 512 bytes
[MESSAGE] From peer 1: 512 bytes
[MESSAGE] From peer 1: 512 bytes
[MESSAGE] From peer 1: 512 bytes
[MESSAGE] From peer 1: 512 bytes
[MESSAGE] From peer 1: 512 bytes
[MESSAGE] From peer 1: 512 bytes
[MESSAGE] From peer 1: 512 bytes
[MESSAGE] From peer 1: 512 bytes
[MESSAGE] From peer 1: 512 bytes
[MESSAGE] From peer 1: 512 bytes
[MESSAGE] From peer 1: 512 bytes
[MESSAGE] From peer 1: 512 bytes
[MESSAGE] From peer 1: 512 bytes
[MESSAGE] From peer 1: 512 bytes
[MESSAGE] From peer 1: 512 bytes
[MESSAGE] From peer 1: 512 bytes
[MESSAGE] From peer 1: 512 bytes
[MESSAGE] From peer 1: 512 bytes
[MESSAGE] From peer 1: 512 bytes
[MESSAGE] From peer 1: 512 bytes
[MESSAGE] From peer 1: 512 bytes
[MESSAGE] From peer 1: 512 bytes
[MESSAGE] From peer 1: 512 bytes
[MESSAGE] From peer 1: 512 bytes
[MESSAGE] From peer 1: 512 bytes
[MESSAGE] From peer 1: 512 bytes
[MESSAGE] From peer 1: 512 bytes
[MESSAGE] From peer 1: 512 bytes
[MESSAGE] From peer 1: 512 bytes
[MESSAGE] From peer 1: 512 bytes
[MESSAGE] From peer 1: 512 bytes
[MESSAGE] From peer 1: 512 bytes
[MESSAGE] From peer 1: 512 bytes
[MESSAGE] From peer 1: 512 bytes
[MESSAGE] From peer 1: 512 bytes
[MESSAGE] From peer 1: 512 bytes
[MESSAGE] From peer 1: 512 bytes
[MESSAGE] From peer 1: 512 bytes
[MESSAGE] From peer 1: 512 bytes
[MESSAGE] From peer 1: 512 bytes
[MESSAGE] From peer 1: 512 bytes
[MESSAGE] From peer 1: 512 bytes
[MESSAGE] From peer 1: 512 bytes
[MESSAGE] From peer 1: 512 bytes
[MESSAGE] From peer 1: 512 bytes
[MESSAGE] From peer 1: 512 bytes
[MESSAGE] From peer 1: 512 bytes
[MESSAGE] From peer 1: 512 bytes
[MESSAGE] From peer 1: 512 bytes
[MESSAGE] From peer 1: 512 bytes
[MESSAGE] From peer 1: 512 bytes
[MESSAGE] From peer 1: 512 bytes
[MESSAGE] From peer 1: 512 bytes
[MESSAGE] From peer 1: 512 bytes
[MESSAGE] From peer 1: 512 bytes
[MESSAGE] From peer 1: 512 bytes
[MESSAGE] From peer 1: 512 bytes
[MESSAGE] From peer 1: 512 bytes
[MESSAGE] From peer 1: 512 bytes
[MESSAGE] From peer 1: 512 bytes
[MESSAGE] From peer 1: 512 bytes
[MESSAGE] From peer 1: 512 bytes
[MESSAGE] From peer 1: 512 bytes
[MESSAGE] From peer 1: 512 bytes
[MESSAGE] From peer 1: 512 bytes
[MESSAGE] From peer 1: 512 bytes
[MESSAGE] From peer 1: 512 bytes
[MESSAGE] From peer 1: 512 bytes
[MESSAGE] From peer 1: 512 bytes
[MESSAGE] From peer 1: 512 bytes
[MESSAGE] From peer 1: 512 bytes
[MESSAGE] From peer 1: 512 bytes
[MESSAGE] From peer 1: 512 bytes
[MESSAGE] From peer 1: 512 bytes
[MESSAGE] From peer 1: 512 bytes
[MESSAGE] From peer 1: 512 bytes
[MESSAGE] From peer 1: 512 bytes
[MESSAGE] From peer 1: 512 bytes
[MESSAGE] From peer 1: 512 bytes
[MESSAGE] From peer 1: 512 bytes
[MESSAGE] From peer 1: 512 bytes
[MESSAGE] From peer 1: 512 bytes
[MESSAGE] From peer 1: 512 bytes
[MESSAGE] From peer 1: 512 bytes
[MESSAGE] From peer 1: 512 bytes
[ECHO] 2500 messages echoed
[MESSAGE] From peer 1: 512 bytes
[MESSAGE] From peer 1: 512 bytes
[MESSAGE] From peer 1: 512 bytes
[MESSAGE] From peer 1: 512 bytes
[MESSAGE] From peer 1: 512 bytes
[MESSAGE] From peer 1: 512 bytes
[MESSAGE] From peer 1: 512 bytes
[MESSAGE] From peer 1: 512 bytes
[MESSAGE] From peer 1: 512 bytes
[MESSAGE] From peer 1: 512 bytes
[MESSAGE] From peer 1: 512 bytes
[MESSAGE] From peer 1: 512 bytes
[MESSAGE] From peer 1: 512 bytes
[MESSAGE] From peer 1: 512 bytes
[MESSAGE] From peer 1: 512 bytes
[MESSAGE] From peer 1: 512 bytes
[MESSAGE] From peer 1: 512 bytes
[MESSAGE] From peer 1: 512 bytes
[MESSAGE] From peer 1: 512 bytes
[MESSAGE] From peer 1: 512 bytes
[MESSAGE] From peer 1: 512 bytes
[MESSAGE] From peer 1: 512 bytes
[MESSAGE] From peer 1: 512 bytes
[MESSAGE] From peer 1: 512 bytes
[MESSAGE] From peer 1: 512 bytes
[MESSAGE] From peer 1: 512 bytes
[MESSAGE] From peer 1: 512 bytes
[MESSAGE] From peer 1: 512 bytes
[MESSAGE] From peer 1: 512 bytes
[MESSAGE] From peer 1: 512 bytes
[MESSAGE] From peer 1: 512 bytes
[MESSAGE] From peer 1: 512 bytes
[MESSAGE] From peer 1: 512 bytes
[MESSAGE] From peer 1: 512 bytes
[MESSAGE] From peer 1: 512 bytes
[MESSAGE] From peer 1: 512 bytes
[MESSAGE] From peer 1: 512 bytes
[MESSAGE] From peer 1: 512 bytes
[MESSAGE] From peer 1: 512 bytes
[MESSAGE] From peer 1: 512 bytes
[MESSAGE] From peer 1: 512 bytes
[MESSAGE] From peer 1: 512 bytes
[MESSAGE] From peer 1: 512 bytes
[MESSAGE] From peer 1: 512 bytes
[MESSAGE] From peer 1: 512 bytes
[MESSAGE] From peer 1: 512 bytes
[MESSAGE] From peer 1: 512 bytes
[MESSAGE] From peer 1: 512 bytes
[MESSAGE] From peer 1: 512 bytes
[MESSAGE] From peer 1: 512 bytes
[MESSAGE] From peer 1: 512 bytes
[MESSAGE] From peer 1: 512 bytes
[MESSAGE] From peer 1: 512 bytes
[MESSAGE] From peer 1: 512 bytes
[MESSAGE] From peer 1: 512 bytes
[MESSAGE] From peer 1: 512 bytes
[MESSAGE] From peer 1: 512 bytes
[MESSAGE] From peer 1: 512 bytes
[MESSAGE] From peer 1: 512 bytes
[MESSAGE] From peer 1: 512 bytes
[MESSAGE] From peer 1: 512 bytes
[MESSAGE] From peer 1: 512 bytes
[MESSAGE] From peer 1: 512 bytes
[MESSAGE] From peer 1: 512 bytes
[MESSAGE] From peer 1: 512 bytes
[MESSAGE] From peer 1: 512 bytes
[MESSAGE] From peer 1: 512 bytes
[MESSAGE] From peer 1: 512 bytes
[MESSAGE] From peer 1: 512 bytes
[MESSAGE] From peer 1: 512 bytes
[MESSAGE] From peer 1: 512 bytes
[MESSAGE] From peer 1: 512 bytes
[MESSAGE] From peer 1: 512 bytes
[MESSAGE] From peer 1: 512 bytes
[MESSAGE] From peer 1: 512 bytes
[MESSAGE] From peer 1: 512 bytes
[MESSAGE] From peer 1: 512 bytes
[MESSAGE] From peer 1: 512 bytes
[MESSAGE] From peer 1: 512 bytes
[MESSAGE] From peer 1: 512 bytes
[MESSAGE] From peer 1: 512 bytes
[MESSAGE] From peer 1: 512 bytes
[MESSAGE] From peer 1: 512 bytes
[MESSAGE] From peer 1: 512 bytes
[MESSAGE] From peer 1: 512 bytes
[MESSAGE] From peer 1: 512 bytes
[MESSAGE] From peer 1: 512 bytes
[MESSAGE] From peer 1: 512 bytes
[MESSAGE] From peer 1: 512 bytes
[MESSAGE] From peer 1: 512 bytes
[MESSAGE] From peer 1: 512 bytes
[MESSAGE] From peer 1: 512 bytes
[MESSAGE] From peer 1: 512 bytes
[MESSAGE] From peer 1: 512 bytes
[MESSAGE] From peer 1: 512 bytes
[MESSAGE] From peer 1: 512 bytes
[MESSAGE] From peer 1: 512 bytes
[MESSAGE] From peer 1: 512 bytes
[MESSAGE] From peer 1: 512 bytes
[MESSAGE] From peer 1: 512 bytes
[ECHO] 2600 messages echoed
[MESSAGE] From peer 1: 512 bytes
[MESSAGE] From peer 1: 512 bytes
[MESSAGE] From peer 1: 512 bytes
[MESSAGE] From peer 1: 512 bytes
[MESSAGE] From peer 1: 512 bytes
[MESSAGE] From peer 1: 512 bytes
[MESSAGE] From peer 1: 512 bytes
[MESSAGE] From peer 1: 512 bytes
[MESSAGE] From peer 1: 512 bytes
[MESSAGE] From peer 1: 512 bytes
[MESSAGE] From peer 1: 512 bytes
[MESSAGE] From peer 1: 512 bytes
[MESSAGE] From peer 1: 512 bytes
[MESSAGE] From peer 1: 512 bytes
[MESSAGE] From peer 1: 512 bytes
[MESSAGE] From peer 1: 512 bytes
[MESSAGE] From peer 1: 512 bytes
[MESSAGE] From peer 1: 512 bytes
[MESSAGE] From peer 1: 512 bytes
[MESSAGE] From peer 1: 512 bytes
[MESSAGE] From peer 1: 512 bytes
[MESSAGE] From peer 1: 512 bytes
[MESSAGE] From peer 1: 512 bytes
[MESSAGE] From peer 1: 512 bytes
[MESSAGE] From peer 1: 512 bytes
[MESSAGE] From peer 1: 512 bytes
[MESSAGE] From peer 1: 512 bytes
[MESSAGE] From peer 1: 512 bytes
[MESSAGE] From peer 1: 512 bytes
[MESSAGE] From peer 1: 512 bytes
[MESSAGE] From peer 1: 512 bytes
[MESSAGE] From peer 1: 512 bytes
[MESSAGE] From peer 1: 512 bytes
[MESSAGE] From peer 1: 512 bytes
[MESSAGE] From peer 1: 512 bytes
[MESSAGE] From peer 1: 512 bytes
[MESSAGE] From peer 1: 512 bytes
[MESSAGE] From peer 1: 512 bytes
[MESSAGE] From peer 1: 512 bytes
[MESSAGE] From peer 1: 512 bytes
[MESSAGE] From peer 1: 512 bytes
[MESSAGE] From peer 1: 512 bytes
[MESSAGE] From peer 1: 512 bytes
[MESSAGE] From peer 1: 512 bytes
[MESSAGE] From peer 1: 512 bytes
[MESSAGE] From peer 1: 512 bytes
[MESSAGE] From peer 1: 512 bytes
[MESSAGE] From peer 1: 512 bytes
[MESSAGE] From peer 1: 512 bytes
[MESSAGE] From peer 1: 512 bytes
[MESSAGE] From peer 1: 512 bytes
[MESSAGE] From peer 1: 512 bytes
[MESSAGE] From peer 1: 512 bytes
[MESSAGE] From peer 1: 512 bytes
[MESSAGE] From peer 1: 512 bytes
[MESSAGE] From peer 1: 512 bytes
[MESSAGE] From peer 1: 512 bytes
[MESSAGE] From peer 1: 512 bytes
[MESSAGE] From peer 1: 512 bytes
[MESSAGE] From peer 1: 512 bytes
[MESSAGE] From peer 1: 512 bytes
[MESSAGE] From peer 1: 512 bytes
[MESSAGE] From peer 1: 512 bytes
[MESSAGE] From peer 1: 512 bytes
[MESSAGE] From peer 1: 512 bytes
[MESSAGE] From peer 1: 512 bytes
[MESSAGE] From peer 1: 512 bytes
[MESSAGE] From peer 1: 512 bytes
[MESSAGE] From peer 1: 512 bytes
[MESSAGE] From peer 1: 512 bytes
[MESSAGE] From peer 1: 512 bytes
[MESSAGE] From peer 1: 512 bytes
[MESSAGE] From peer 1: 512 bytes
[MESSAGE] From peer 1: 512 bytes
[MESSAGE] From peer 1: 512 bytes
[MESSAGE] From peer 1: 512 bytes
[MESSAGE] From peer 1: 512 bytes
[MESSAGE] From peer 1: 512 bytes
[MESSAGE] From peer 1: 512 bytes
[MESSAGE] From peer 1: 512 bytes
[MESSAGE] From peer 1: 512 bytes
[MESSAGE] From peer 1: 512 bytes
[MESSAGE] From peer 1: 512 bytes
[MESSAGE] From peer 1: 512 bytes
[MESSAGE] From peer 1: 512 bytes
[MESSAGE] From peer 1: 512 bytes
[MESSAGE] From peer 1: 512 bytes
[MESSAGE] From peer 1: 512 bytes
[MESSAGE] From peer 1: 512 bytes
[MESSAGE] From peer 1: 512 bytes
[MESSAGE] From peer 1: 512 bytes
[MESSAGE] From peer 1: 512 bytes
[MESSAGE] From peer 1: 512 bytes
[MESSAGE] From peer 1: 512 bytes
[MESSAGE] From peer 1: 512 bytes
[MESSAGE] From peer 1: 512 bytes
[MESSAGE] From peer 1: 512 bytes
[MESSAGE] From peer 1: 512 bytes
[MESSAGE] From peer 1: 512 bytes
[MESSAGE] From peer 1: 512 bytes
[ECHO] 2700 messages echoed
[MESSAGE] From peer 1: 512 bytes
[MESSAGE] From peer 1: 512 bytes
[MESSAGE] From peer 1: 512 bytes
[MESSAGE] From peer 1: 512 bytes
[MESSAGE] From peer 1: 512 bytes
[MESSAGE] From peer 1: 512 bytes
[MESSAGE] From peer 1: 512 bytes
[MESSAGE] From peer 1: 512 bytes
[MESSAGE] From peer 1: 512 bytes
[MESSAGE] From peer 1: 512 bytes
[MESSAGE] From peer 1: 512 bytes
[MESSAGE] From peer 1: 512 bytes
[MESSAGE] From peer 1: 512 bytes
[MESSAGE] From peer 1: 512 bytes
[MESSAGE] From peer 1: 512 bytes
[MESSAGE] From peer 1: 512 bytes
[MESSAGE] From peer 1: 512 bytes
[MESSAGE] From peer 1: 512 bytes
[MESSAGE] From peer 1: 512 bytes
[MESSAGE] From peer 1: 512 bytes
[MESSAGE] From peer 1: 512 bytes
[MESSAGE] From peer 1: 512 bytes
[MESSAGE] From peer 1: 512 bytes
[MESSAGE] From peer 1: 512 bytes
[MESSAGE] From peer 1: 512 bytes
[MESSAGE] From peer 1: 512 bytes
[MESSAGE] From peer 1: 512 bytes
[MESSAGE] From peer 1: 512 bytes
[MESSAGE] From peer 1: 512 bytes
[MESSAGE] From peer 1: 512 bytes
[MESSAGE] From peer 1: 512 bytes
[MESSAGE] From peer 1: 512 bytes
[MESSAGE] From peer 1: 512 bytes
[MESSAGE] From peer 1: 512 bytes
[MESSAGE] From peer 1: 512 bytes
[MESSAGE] From peer 1: 512 bytes
[MESSAGE] From peer 1: 512 bytes
[MESSAGE] From peer 1: 512 bytes
[MESSAGE] From peer 1: 512 bytes
[MESSAGE] From peer 1: 512 bytes
[MESSAGE] From peer 1: 512 bytes
[MESSAGE] From peer 1: 512 bytes
[MESSAGE] From peer 1: 512 bytes
[MESSAGE] From peer 1: 512 bytes
[MESSAGE] From peer 1: 512 bytes
[MESSAGE] From peer 1: 512 bytes
[MESSAGE] From peer 1: 512 bytes
[MESSAGE] From peer 1: 512 bytes
[MESSAGE] From peer 1: 512 bytes
[MESSAGE] From peer 1: 512 bytes
[MESSAGE] From peer 1: 512 bytes
[MESSAGE] From peer 1: 512 bytes
[MESSAGE] From peer 1: 512 bytes
[MESSAGE] From peer 1: 512 bytes
[MESSAGE] From peer 1: 512 bytes
[MESSAGE] From peer 1: 512 bytes
[MESSAGE] From peer 1: 512 bytes
[MESSAGE] From peer 1: 512 bytes
[MESSAGE] From peer 1: 512 bytes
[MESSAGE] From peer 1: 512 bytes
[MESSAGE] From peer 1: 512 bytes
[MESSAGE] From peer 1: 512 bytes
[MESSAGE] From peer 1: 512 bytes
[MESSAGE] From peer 1: 512 bytes
[MESSAGE] From peer 1: 512 bytes
[MESSAGE] From peer 1: 512 bytes
[MESSAGE] From peer 1: 512 bytes
[MESSAGE] From peer 1: 512 bytes
[MESSAGE] From peer 1: 512 bytes
[MESSAGE] From peer 1: 512 bytes
[MESSAGE] From peer 1: 512 bytes
[MESSAGE] From peer 1: 512 bytes
[MESSAGE] From peer 1: 512 bytes
[MESSAGE] From peer 1: 512 bytes
[MESSAGE] From peer 1: 512 bytes
[MESSAGE] From peer 1: 512 bytes
[MESSAGE] From peer 1: 512 bytes
[MESSAGE] From peer 1: 512 bytes
[MESSAGE] From peer 1: 512 bytes
[MESSAGE] From peer 1: 512 bytes
[MESSAGE] From peer 1: 512 bytes
[MESSAGE] From peer 1: 512 bytes
[MESSAGE] From peer 1: 512 bytes
[MESSAGE] From peer 1: 512 bytes
[MESSAGE] From peer 1: 512 bytes
[MESSAGE] From peer 1: 512 bytes
[MESSAGE] From peer 1: 512 bytes
[MESSAGE] From peer 1: 512 bytes
[MESSAGE] From peer 1: 512 bytes
[MESSAGE] From peer 1: 512 bytes
[MESSAGE] From peer 1: 512 bytes
[MESSAGE] From peer 1: 512 bytes
[MESSAGE] From peer 1: 512 bytes
[MESSAGE] From peer 1: 512 bytes
[MESSAGE] From peer 1: 512 bytes
[MESSAGE] From peer 1: 512 bytes
[MESSAGE] From peer 1: 512 bytes
[MESSAGE] From peer 1: 512 bytes
[MESSAGE] From peer 1: 512 bytes
[MESSAGE] From peer 1: 512 bytes
[ECHO] 2800 messages echoed
[MESSAGE] From peer 1: 512 bytes
[MESSAGE] From peer 1: 512 bytes
[MESSAGE] From peer 1: 512 bytes
[MESSAGE] From peer 1: 512 bytes
[MESSAGE] From peer 1: 512 bytes
[MESSAGE] From peer 1: 512 bytes
[MESSAGE] From peer 1: 512 bytes
[MESSAGE] From peer 1: 512 bytes
[MESSAGE] From peer 1: 512 bytes
[MESSAGE] From peer 1: 512 bytes
[MESSAGE] From peer 1: 512 bytes
[MESSAGE] From peer 1: 512 bytes
[MESSAGE] From peer 1: 512 bytes
[MESSAGE] From peer 1: 512 bytes
[MESSAGE] From peer 1: 512 bytes
[MESSAGE] From peer 1: 512 bytes
[MESSAGE] From peer 1: 512 bytes
[MESSAGE] From peer 1: 512 bytes
[MESSAGE] From peer 1: 512 bytes
[MESSAGE] From peer 1: 512 bytes
[MESSAGE] From peer 1: 512 bytes
[MESSAGE] From peer 1: 512 bytes
[MESSAGE] From peer 1: 512 bytes
[MESSAGE] From peer 1: 512 bytes
[MESSAGE] From peer 1: 512 bytes
[MESSAGE] From peer 1: 512 bytes
[MESSAGE] From peer 1: 512 bytes
[MESSAGE] From peer 1: 512 bytes
[MESSAGE] From peer 1: 512 bytes
[MESSAGE] From peer 1: 512 bytes
[MESSAGE] From peer 1: 512 bytes
[MESSAGE] From peer 1: 512 bytes
[MESSAGE] From peer 1: 512 bytes
[MESSAGE] From peer 1: 512 bytes
[MESSAGE] From peer 1: 512 bytes
[MESSAGE] From peer 1: 512 bytes
[MESSAGE] From peer 1: 512 bytes
[MESSAGE] From peer 1: 512 bytes
[MESSAGE] From peer 1: 512 bytes
[STATUS] 110 sec: peers=2, msgs=2839, connected=yes
[MESSAGE] From peer 1: 512 bytes
[MESSAGE] From peer 1: 512 bytes
[MESSAGE] From peer 1: 512 bytes
[MESSAGE] From peer 1: 512 bytes
[MESSAGE] From peer 1: 512 bytes
[MESSAGE] From peer 1: 512 bytes
[MESSAGE] From peer 1: 512 bytes
[MESSAGE] From peer 1: 512 bytes
[MESSAGE] From peer 1: 512 bytes
[MESSAGE] From peer 1: 512 bytes
[MESSAGE] From peer 1: 512 bytes
[MESSAGE] From peer 1: 512 bytes
[MESSAGE] From peer 1: 512 bytes
[MESSAGE] From peer 1: 512 bytes
[MESSAGE] From peer 1: 512 bytes
[MESSAGE] From peer 1: 512 bytes
[MESSAGE] From peer 1: 512 bytes
[MESSAGE] From peer 1: 512 bytes
[MESSAGE] From peer 1: 512 bytes
[MESSAGE] From peer 1: 512 bytes
[MESSAGE] From peer 1: 512 bytes
[MESSAGE] From peer 1: 512 bytes
[MESSAGE] From peer 1: 512 bytes
[MESSAGE] From peer 1: 512 bytes
[MESSAGE] From peer 1: 512 bytes
[MESSAGE] From peer 1: 512 bytes
[MESSAGE] From peer 1: 512 bytes
[MESSAGE] From peer 1: 512 bytes
[MESSAGE] From peer 1: 512 bytes
[MESSAGE] From peer 1: 512 bytes
[MESSAGE] From peer 1: 512 bytes
[MESSAGE] From peer 1: 512 bytes
[MESSAGE] From peer 1: 512 bytes
[MESSAGE] From peer 1: 512 bytes
[MESSAGE] From peer 1: 512 bytes
[MESSAGE] From peer 1: 512 bytes
[MESSAGE] From peer 1: 512 bytes
[MESSAGE] From peer 1: 512 bytes
[MESSAGE] From peer 1: 512 bytes
[MESSAGE] From peer 1: 512 bytes
[MESSAGE] From peer 1: 512 bytes
[MESSAGE] From peer 1: 512 bytes
[MESSAGE] From peer 1: 512 bytes
[MESSAGE] From peer 1: 512 bytes
[MESSAGE] From peer 1: 512 bytes
[MESSAGE] From peer 1: 512 bytes
[MESSAGE] From peer 1: 512 bytes
[MESSAGE] From peer 1: 512 bytes
[MESSAGE] From peer 1: 512 bytes
[MESSAGE] From peer 1: 512 bytes
[MESSAGE] From peer 1: 512 bytes
[MESSAGE] From peer 1: 512 bytes
[MESSAGE] From peer 1: 512 bytes
[MESSAGE] From peer 1: 512 bytes
[MESSAGE] From peer 1: 512 bytes
[MESSAGE] From peer 1: 512 bytes
[MESSAGE] From peer 1: 512 bytes
[MESSAGE] From peer 1: 512 bytes
[MESSAGE] From peer 1: 512 bytes
[MESSAGE] From peer 1: 512 bytes
[MESSAGE] From peer 1: 512 bytes
[ECHO] 2900 messages echoed
[MESSAGE] From peer 1: 512 bytes
[MESSAGE] From peer 1: 512 bytes
[MESSAGE] From peer 1: 512 bytes
[MESSAGE] From peer 1: 512 bytes
[MESSAGE] From peer 1: 512 bytes
[MESSAGE] From peer 1: 512 bytes
[MESSAGE] From peer 1: 512 bytes
[MESSAGE] From peer 1: 512 bytes
[MESSAGE] From peer 1: 512 bytes
[MESSAGE] From peer 1: 512 bytes
[MESSAGE] From peer 1: 512 bytes
[MESSAGE] From peer 1: 512 bytes
[MESSAGE] From peer 1: 512 bytes
[MESSAGE] From peer 1: 512 bytes
[MESSAGE] From peer 1: 512 bytes
[MESSAGE] From peer 1: 512 bytes
[MESSAGE] From peer 1: 512 bytes
[MESSAGE] From peer 1: 512 bytes
[MESSAGE] From peer 1: 512 bytes
[MESSAGE] From peer 1: 512 bytes
[MESSAGE] From peer 1: 512 bytes
[MESSAGE] From peer 1: 512 bytes
[MESSAGE] From peer 1: 512 bytes
[MESSAGE] From peer 1: 512 bytes
[MESSAGE] From peer 1: 512 bytes
[MESSAGE] From peer 1: 512 bytes
[MESSAGE] From peer 1: 512 bytes
[MESSAGE] From peer 1: 512 bytes
[MESSAGE] From peer 1: 512 bytes
[MESSAGE] From peer 1: 512 bytes
[MESSAGE] From peer 1: 512 bytes
[MESSAGE] From peer 1: 512 bytes
[MESSAGE] From peer 1: 512 bytes
[MESSAGE] From peer 1: 512 bytes
[MESSAGE] From peer 1: 512 bytes
[MESSAGE] From peer 1: 512 bytes
[MESSAGE] From peer 1: 512 bytes
[MESSAGE] From peer 1: 512 bytes
[MESSAGE] From peer 1: 512 bytes
[MESSAGE] From peer 1: 512 bytes
[MESSAGE] From peer 1: 512 bytes
[MESSAGE] From peer 1: 512 bytes
[MESSAGE] From peer 1: 512 bytes
[MESSAGE] From peer 1: 512 bytes
[MESSAGE] From peer 1: 512 bytes
[MESSAGE] From peer 1: 512 bytes
[MESSAGE] From peer 1: 512 bytes
[MESSAGE] From peer 1: 512 bytes
[MESSAGE] From peer 1: 512 bytes
[MESSAGE] From peer 1: 512 bytes
[MESSAGE] From peer 1: 512 bytes
[MESSAGE] From peer 1: 512 bytes
[MESSAGE] From peer 1: 512 bytes
[MESSAGE] From peer 1: 512 bytes
[MESSAGE] From peer 1: 512 bytes
[MESSAGE] From peer 1: 512 bytes
[MESSAGE] From peer 1: 512 bytes
[MESSAGE] From peer 1: 512 bytes
[MESSAGE] From peer 1: 512 bytes
[MESSAGE] From peer 1: 512 bytes
[MESSAGE] From peer 1: 512 bytes
[MESSAGE] From peer 1: 512 bytes
[MESSAGE] From peer 1: 512 bytes
[MESSAGE] From peer 1: 512 bytes
[MESSAGE] From peer 1: 512 bytes
[MESSAGE] From peer 1: 512 bytes
[MESSAGE] From peer 1: 512 bytes
[MESSAGE] From peer 1: 512 bytes
[MESSAGE] From peer 1: 512 bytes
[MESSAGE] From peer 1: 512 bytes
[MESSAGE] From peer 1: 512 bytes
[MESSAGE] From peer 1: 512 bytes
[MESSAGE] From peer 1: 512 bytes
[MESSAGE] From peer 1: 512 bytes
[MESSAGE] From peer 1: 512 bytes
[MESSAGE] From peer 1: 512 bytes
[MESSAGE] From peer 1: 512 bytes
[MESSAGE] From peer 1: 512 bytes
[MESSAGE] From peer 1: 512 bytes
[MESSAGE] From peer 1: 512 bytes
[MESSAGE] From peer 1: 512 bytes
[MESSAGE] From peer 1: 512 bytes
[MESSAGE] From peer 1: 512 bytes
[MESSAGE] From peer 1: 512 bytes
[MESSAGE] From peer 1: 512 bytes
[MESSAGE] From peer 1: 512 bytes
[MESSAGE] From peer 1: 512 bytes
[MESSAGE] From peer 1: 512 bytes
[MESSAGE] From peer 1: 512 bytes
[MESSAGE] From peer 1: 512 bytes
[MESSAGE] From peer 1: 512 bytes
[MESSAGE] From peer 1: 512 bytes
[MESSAGE] From peer 1: 512 bytes
[MESSAGE] From peer 1: 512 bytes
[MESSAGE] From peer 1: 512 bytes
[MESSAGE] From peer 1: 512 bytes
[MESSAGE] From peer 1: 512 bytes
[MESSAGE] From peer 1: 512 bytes
[MESSAGE] From peer 1: 512 bytes
[MESSAGE] From peer 1: 512 bytes
[ECHO] 3000 messages echoed
[MESSAGE] From peer 1: 512 bytes
[MESSAGE] From peer 1: 512 bytes
[MESSAGE] From peer 1: 512 bytes
[MESSAGE] From peer 1: 512 bytes
[MESSAGE] From peer 1: 512 bytes
[MESSAGE] From peer 1: 512 bytes
[MESSAGE] From peer 1: 512 bytes
[MESSAGE] From peer 1: 512 bytes
[MESSAGE] From peer 1: 512 bytes
[MESSAGE] From peer 1: 512 bytes
[MESSAGE] From peer 1: 512 bytes
[MESSAGE] From peer 1: 512 bytes
[MESSAGE] From peer 1: 512 bytes
[MESSAGE] From peer 1: 512 bytes
[MESSAGE] From peer 1: 512 bytes
[MESSAGE] From peer 1: 512 bytes
[MESSAGE] From peer 1: 512 bytes
[MESSAGE] From peer 1: 512 bytes
[MESSAGE] From peer 1: 512 bytes
[MESSAGE] From peer 1: 512 bytes
[MESSAGE] From peer 1: 512 bytes
[MESSAGE] From peer 1: 512 bytes
[MESSAGE] From peer 1: 512 bytes
[MESSAGE] From peer 1: 512 bytes
[MESSAGE] From peer 1: 512 bytes
[MESSAGE] From peer 1: 512 bytes
[MESSAGE] From peer 1: 512 bytes
[MESSAGE] From peer 1: 512 bytes
[MESSAGE] From peer 1: 512 bytes
[MESSAGE] From peer 1: 512 bytes
[MESSAGE] From peer 1: 512 bytes
[MESSAGE] From peer 1: 512 bytes
[MESSAGE] From peer 1: 512 bytes
[MESSAGE] From peer 1: 512 bytes
[MESSAGE] From peer 1: 512 bytes
[MESSAGE] From peer 1: 512 bytes
[MESSAGE] From peer 1: 512 bytes
[MESSAGE] From peer 1: 512 bytes
[MESSAGE] From peer 1: 512 bytes
[MESSAGE] From peer 1: 512 bytes
[MESSAGE] From peer 1: 512 bytes
[MESSAGE] From peer 1: 512 bytes
[MESSAGE] From peer 1: 512 bytes
[MESSAGE] From peer 1: 512 bytes
[MESSAGE] From peer 1: 512 bytes
[MESSAGE] From peer 1: 512 bytes
[MESSAGE] From peer 1: 512 bytes
[MESSAGE] From peer 1: 512 bytes
[MESSAGE] From peer 1: 512 bytes
[MESSAGE] From peer 1: 512 bytes
[MESSAGE] From peer 1: 512 bytes
[MESSAGE] From peer 1: 512 bytes
[MESSAGE] From peer 1: 512 bytes
[MESSAGE] From peer 1: 512 bytes
[MESSAGE] From peer 1: 512 bytes
[MESSAGE] From peer 1: 512 bytes
[MESSAGE] From peer 1: 512 bytes
[MESSAGE] From peer 1: 512 bytes
[MESSAGE] From peer 1: 512 bytes
[MESSAGE] From peer 1: 512 bytes
[MESSAGE] From peer 1: 512 bytes
[MESSAGE] From peer 1: 512 bytes
[MESSAGE] From peer 1: 512 bytes
[MESSAGE] From peer 1: 512 bytes
[MESSAGE] From peer 1: 512 bytes
[MESSAGE] From peer 1: 512 bytes
[MESSAGE] From peer 1: 512 bytes
[MESSAGE] From peer 1: 512 bytes
[MESSAGE] From peer 1: 512 bytes
[MESSAGE] From peer 1: 512 bytes
[MESSAGE] From peer 1: 512 bytes
[MESSAGE] From peer 1: 512 bytes
[MESSAGE] From peer 1: 512 bytes
[MESSAGE] From peer 1: 512 bytes
[MESSAGE] From peer 1: 512 bytes
[MESSAGE] From peer 1: 512 bytes
[MESSAGE] From peer 1: 512 bytes
[MESSAGE] From peer 1: 512 bytes
[MESSAGE] From peer 1: 512 bytes
[MESSAGE] From peer 1: 512 bytes
[MESSAGE] From peer 1: 512 bytes
[MESSAGE] From peer 1: 512 bytes
[MESSAGE] From peer 1: 512 bytes
[MESSAGE] From peer 1: 512 bytes
[MESSAGE] From peer 1: 512 bytes
[MESSAGE] From peer 1: 512 bytes
[MESSAGE] From peer 1: 512 bytes
[MESSAGE] From peer 1: 512 bytes
[MESSAGE] From peer 1: 512 bytes
[MESSAGE] From peer 1: 512 bytes
[MESSAGE] From peer 1: 512 bytes
[MESSAGE] From peer 1: 512 bytes
[MESSAGE] From peer 1: 512 bytes
[MESSAGE] From peer 1: 512 bytes
[MESSAGE] From peer 1: 512 bytes
[MESSAGE] From peer 1: 512 bytes
[MESSAGE] From peer 1: 512 bytes
[MESSAGE] From peer 1: 512 bytes
[MESSAGE] From peer 1: 512 bytes
[MESSAGE] From peer 1: 512 bytes
[ECHO] 3100 messages echoed
[MESSAGE] From peer 1: 512 bytes
[MESSAGE] From peer 1: 512 bytes
[MESSAGE] From peer 1: 512 bytes
[MESSAGE] From peer 1: 512 bytes
[MESSAGE] From peer 1: 512 bytes
[MESSAGE] From peer 1: 512 bytes
[MESSAGE] From peer 1: 512 bytes
[MESSAGE] From peer 1: 512 bytes
[MESSAGE] From peer 1: 512 bytes
[MESSAGE] From peer 1: 512 bytes
[MESSAGE] From peer 1: 512 bytes
[MESSAGE] From peer 1: 512 bytes
[MESSAGE] From peer 1: 512 bytes
[MESSAGE] From peer 1: 512 bytes
[MESSAGE] From peer 1: 512 bytes
[MESSAGE] From peer 1: 512 bytes
[MESSAGE] From peer 1: 512 bytes
[MESSAGE] From peer 1: 512 bytes
[MESSAGE] From peer 1: 512 bytes
[MESSAGE] From peer 1: 512 bytes
[MESSAGE] From peer 1: 512 bytes
[MESSAGE] From peer 1: 512 bytes
[MESSAGE] From peer 1: 512 bytes
[MESSAGE] From peer 1: 512 bytes
[MESSAGE] From peer 1: 512 bytes
[MESSAGE] From peer 1: 512 bytes
[MESSAGE] From peer 1: 512 bytes
[MESSAGE] From peer 1: 512 bytes
[MESSAGE] From peer 1: 512 bytes
[MESSAGE] From peer 1: 512 bytes
[MESSAGE] From peer 1: 512 bytes
[MESSAGE] From peer 1: 512 bytes
[MESSAGE] From peer 1: 512 bytes
[MESSAGE] From peer 1: 512 bytes
[MESSAGE] From peer 1: 512 bytes
[MESSAGE] From peer 1: 512 bytes
[MESSAGE] From peer 1: 512 bytes
[MESSAGE] From peer 1: 512 bytes
[MESSAGE] From peer 1: 512 bytes
[MESSAGE] From peer 1: 512 bytes
[MESSAGE] From peer 1: 512 bytes
[MESSAGE] From peer 1: 512 bytes
[MESSAGE] From peer 1: 512 bytes
[MESSAGE] From peer 1: 512 bytes
[MESSAGE] From peer 1: 512 bytes
[MESSAGE] From peer 1: 512 bytes
[MESSAGE] From peer 1: 512 bytes
[MESSAGE] From peer 1: 512 bytes
[MESSAGE] From peer 1: 512 bytes
[MESSAGE] From peer 1: 512 bytes
[MESSAGE] From peer 1: 512 bytes
[MESSAGE] From peer 1: 512 bytes
[MESSAGE] From peer 1: 512 bytes
[MESSAGE] From peer 1: 512 bytes
[MESSAGE] From peer 1: 512 bytes
[MESSAGE] From peer 1: 512 bytes
[MESSAGE] From peer 1: 512 bytes
[MESSAGE] From peer 1: 512 bytes
[MESSAGE] From peer 1: 512 bytes
[MESSAGE] From peer 1: 512 bytes
[MESSAGE] From peer 1: 512 bytes
[MESSAGE] From peer 1: 512 bytes
[MESSAGE] From peer 1: 512 bytes
[MESSAGE] From peer 1: 512 bytes
[MESSAGE] From peer 1: 512 bytes
[MESSAGE] From peer 1: 512 bytes
[MESSAGE] From peer 1: 512 bytes
[MESSAGE] From peer 1: 512 bytes
[MESSAGE] From peer 1: 512 bytes
[MESSAGE] From peer 1: 512 bytes
[MESSAGE] From peer 1: 512 bytes
[MESSAGE] From peer 1: 512 bytes
[MESSAGE] From peer 1: 512 bytes
[MESSAGE] From peer 1: 512 bytes
[MESSAGE] From peer 1: 512 bytes
[MESSAGE] From peer 1: 512 bytes
[MESSAGE] From peer 1: 512 bytes
[MESSAGE] From peer 1: 512 bytes
[MESSAGE] From peer 1: 512 bytes
[MESSAGE] From peer 1: 512 bytes
[MESSAGE] From peer 1: 512 bytes
[MESSAGE] From peer 1: 512 bytes
[MESSAGE] From peer 1: 512 bytes
[MESSAGE] From peer 1: 512 bytes
[MESSAGE] From peer 1: 512 bytes
[MESSAGE] From peer 1: 512 bytes
[MESSAGE] From peer 1: 512 bytes
[MESSAGE] From peer 1: 512 bytes
[MESSAGE] From peer 1: 512 bytes
[MESSAGE] From peer 1: 512 bytes
[MESSAGE] From peer 1: 512 bytes
[MESSAGE] From peer 1: 512 bytes
[MESSAGE] From peer 1: 512 bytes
[MESSAGE] From peer 1: 512 bytes
[MESSAGE] From peer 1: 512 bytes
[MESSAGE] From peer 1: 512 bytes
[MESSAGE] From peer 1: 512 bytes
[MESSAGE] From peer 1: 512 bytes
[MESSAGE] From peer 1: 512 bytes
[MESSAGE] From peer 1: 512 bytes
[ECHO] 3200 messages echoed
[MESSAGE] From peer 1: 512 bytes
[MESSAGE] From peer 1: 512 bytes
[MESSAGE] From peer 1: 512 bytes
[MESSAGE] From peer 1: 512 bytes
[MESSAGE] From peer 1: 512 bytes
[MESSAGE] From peer 1: 512 bytes
[MESSAGE] From peer 1: 512 bytes
[MESSAGE] From peer 1: 512 bytes
[MESSAGE] From peer 1: 512 bytes
[MESSAGE] From peer 1: 512 bytes
[MESSAGE] From peer 1: 512 bytes
[MESSAGE] From peer 1: 512 bytes
[MESSAGE] From peer 1: 512 bytes
[MESSAGE] From peer 1: 512 bytes
[MESSAGE] From peer 1: 512 bytes
[MESSAGE] From peer 1: 512 bytes
[MESSAGE] From peer 1: 512 bytes
[MESSAGE] From peer 1: 512 bytes
[MESSAGE] From peer 1: 512 bytes
[MESSAGE] From peer 1: 512 bytes
[MESSAGE] From peer 1: 512 bytes
[MESSAGE] From peer 1: 512 bytes
[MESSAGE] From peer 1: 512 bytes
[MESSAGE] From peer 1: 512 bytes
[MESSAGE] From peer 1: 512 bytes
[MESSAGE] From peer 1: 512 bytes
[MESSAGE] From peer 1: 512 bytes
[MESSAGE] From peer 1: 512 bytes
[MESSAGE] From peer 1: 512 bytes
[MESSAGE] From peer 1: 512 bytes
[MESSAGE] From peer 1: 512 bytes
[MESSAGE] From peer 1: 512 bytes
[MESSAGE] From peer 1: 512 bytes
[MESSAGE] From peer 1: 512 bytes
[MESSAGE] From peer 1: 512 bytes
[MESSAGE] From peer 1: 512 bytes
[MESSAGE] From peer 1: 512 bytes
[MESSAGE] From peer 1: 512 bytes
[MESSAGE] From peer 1: 512 bytes
[MESSAGE] From peer 1: 512 bytes
[MESSAGE] From peer 1: 512 bytes
[MESSAGE] From peer 1: 512 bytes
[MESSAGE] From peer 1: 512 bytes
[MESSAGE] From peer 1: 512 bytes
[MESSAGE] From peer 1: 512 bytes
[MESSAGE] From peer 1: 512 bytes
[MESSAGE] From peer 1: 512 bytes
[MESSAGE] From peer 1: 512 bytes
[MESSAGE] From peer 1: 512 bytes
[MESSAGE] From peer 1: 512 bytes
[MESSAGE] From peer 1: 512 bytes
[MESSAGE] From peer 1: 512 bytes
[MESSAGE] From peer 1: 512 bytes
[MESSAGE] From peer 1: 512 bytes
[MESSAGE] From peer 1: 512 bytes
[MESSAGE] From peer 1: 512 bytes
[MESSAGE] From peer 1: 512 bytes
[MESSAGE] From peer 1: 512 bytes
[MESSAGE] From peer 1: 512 bytes
[MESSAGE] From peer 1: 512 bytes
[MESSAGE] From peer 1: 512 bytes
[MESSAGE] From peer 1: 512 bytes
[MESSAGE] From peer 1: 512 bytes
[MESSAGE] From peer 1: 512 bytes
[MESSAGE] From peer 1: 512 bytes
[MESSAGE] From peer 1: 512 bytes
[MESSAGE] From peer 1: 512 bytes
[MESSAGE] From peer 1: 512 bytes
[MESSAGE] From peer 1: 512 bytes
[MESSAGE] From peer 1: 512 bytes
[MESSAGE] From peer 1: 512 bytes
[MESSAGE] From peer 1: 512 bytes
[MESSAGE] From peer 1: 512 bytes
[MESSAGE] From peer 1: 512 bytes
[MESSAGE] From peer 1: 512 bytes
[MESSAGE] From peer 1: 512 bytes
[MESSAGE] From peer 1: 512 bytes
[MESSAGE] From peer 1: 512 bytes
[MESSAGE] From peer 1: 512 bytes
[MESSAGE] From peer 1: 512 bytes
[MESSAGE] From peer 1: 512 bytes
[MESSAGE] From peer 1: 512 bytes
[MESSAGE] From peer 1: 512 bytes
[MESSAGE] From peer 1: 512 bytes
[MESSAGE] From peer 1: 512 bytes
[MESSAGE] From peer 1: 512 bytes
[MESSAGE] From peer 1: 512 bytes
[MESSAGE] From peer 1: 512 bytes
[MESSAGE] From peer 1: 512 bytes
[MESSAGE] From peer 1: 512 bytes
[MESSAGE] From peer 1: 512 bytes
[MESSAGE] From peer 1: 512 bytes
[MESSAGE] From peer 1: 512 bytes
[MESSAGE] From peer 1: 512 bytes
[MESSAGE] From peer 1: 512 bytes
[MESSAGE] From peer 1: 512 bytes
[MESSAGE] From peer 1: 512 bytes
[MESSAGE] From peer 1: 512 bytes
[MESSAGE] From peer 1: 512 bytes
[MESSAGE] From peer 1: 512 bytes
[ECHO] 3300 messages echoed
[MESSAGE] From peer 1: 512 bytes
[MESSAGE] From peer 1: 512 bytes
[MESSAGE] From peer 1: 512 bytes
[MESSAGE] From peer 1: 512 bytes
[MESSAGE] From peer 1: 512 bytes
[MESSAGE] From peer 1: 512 bytes
[MESSAGE] From peer 1: 512 bytes
[MESSAGE] From peer 1: 512 bytes
[MESSAGE] From peer 1: 512 bytes
[MESSAGE] From peer 1: 512 bytes
[MESSAGE] From peer 1: 512 bytes
[MESSAGE] From peer 1: 512 bytes
[MESSAGE] From peer 1: 512 bytes
[MESSAGE] From peer 1: 512 bytes
[MESSAGE] From peer 1: 512 bytes
[MESSAGE] From peer 1: 512 bytes
[MESSAGE] From peer 1: 512 bytes
[MESSAGE] From peer 1: 512 bytes
[MESSAGE] From peer 1: 512 bytes
[MESSAGE] From peer 1: 512 bytes
[MESSAGE] From peer 1: 512 bytes
[MESSAGE] From peer 1: 512 bytes
[MESSAGE] From peer 1: 512 bytes
[MESSAGE] From peer 1: 512 bytes
[MESSAGE] From peer 1: 512 bytes
[MESSAGE] From peer 1: 512 bytes
[MESSAGE] From peer 1: 512 bytes
[MESSAGE] From peer 1: 512 bytes
[MESSAGE] From peer 1: 512 bytes
[MESSAGE] From peer 1: 512 bytes
[MESSAGE] From peer 1: 512 bytes
[MESSAGE] From peer 1: 512 bytes
[MESSAGE] From peer 1: 512 bytes
[MESSAGE] From peer 1: 512 bytes
[MESSAGE] From peer 1: 512 bytes
[MESSAGE] From peer 1: 512 bytes
[MESSAGE] From peer 1: 512 bytes
[MESSAGE] From peer 1: 512 bytes
[MESSAGE] From peer 1: 512 bytes
[MESSAGE] From peer 1: 512 bytes
[MESSAGE] From peer 1: 512 bytes
[MESSAGE] From peer 1: 512 bytes
[MESSAGE] From peer 1: 512 bytes
[MESSAGE] From peer 1: 512 bytes
[MESSAGE] From peer 1: 512 bytes
[MESSAGE] From peer 1: 512 bytes
[MESSAGE] From peer 1: 512 bytes
[MESSAGE] From peer 1: 512 bytes
[MESSAGE] From peer 1: 512 bytes
[MESSAGE] From peer 1: 512 bytes
[MESSAGE] From peer 1: 512 bytes
[MESSAGE] From peer 1: 512 bytes
[MESSAGE] From peer 1: 512 bytes
[MESSAGE] From peer 1: 512 bytes
[MESSAGE] From peer 1: 512 bytes
[MESSAGE] From peer 1: 512 bytes
[MESSAGE] From peer 1: 512 bytes
[MESSAGE] From peer 1: 512 bytes
[MESSAGE] From peer 1: 512 bytes
[MESSAGE] From peer 1: 512 bytes
[MESSAGE] From peer 1: 512 bytes
[MESSAGE] From peer 1: 512 bytes
[MESSAGE] From peer 1: 512 bytes
[MESSAGE] From peer 1: 512 bytes
[MESSAGE] From peer 1: 512 bytes
[MESSAGE] From peer 1: 512 bytes
[MESSAGE] From peer 1: 512 bytes
[MESSAGE] From peer 1: 512 bytes
[MESSAGE] From peer 1: 512 bytes
[MESSAGE] From peer 1: 512 bytes
[MESSAGE] From peer 1: 512 bytes
[MESSAGE] From peer 1: 512 bytes
[MESSAGE] From peer 1: 512 bytes
[MESSAGE] From peer 1: 512 bytes
[MESSAGE] From peer 1: 512 bytes
[MESSAGE] From peer 1: 512 bytes
[MESSAGE] From peer 1: 512 bytes
[MESSAGE] From peer 1: 512 bytes
[MESSAGE] From peer 1: 512 bytes
[MESSAGE] From peer 1: 512 bytes
[MESSAGE] From peer 1: 512 bytes
[MESSAGE] From peer 1: 512 bytes
[MESSAGE] From peer 1: 512 bytes
[MESSAGE] From peer 1: 512 bytes
[MESSAGE] From peer 1: 512 bytes
[MESSAGE] From peer 1: 512 bytes
[MESSAGE] From peer 1: 512 bytes
[MESSAGE] From peer 1: 512 bytes
[MESSAGE] From peer 1: 512 bytes
[MESSAGE] From peer 1: 512 bytes
[MESSAGE] From peer 1: 512 bytes
[MESSAGE] From peer 1: 512 bytes
[MESSAGE] From peer 1: 512 bytes
[MESSAGE] From peer 1: 512 bytes
[MESSAGE] From peer 1: 512 bytes
[MESSAGE] From peer 1: 512 bytes
[MESSAGE] From peer 1: 512 bytes
[MESSAGE] From peer 1: 512 bytes
[MESSAGE] From peer 1: 512 bytes
[MESSAGE] From peer 1: 512 bytes
[ECHO] 3400 messages echoed
[MESSAGE] From peer 1: 512 bytes
[MESSAGE] From peer 1: 512 bytes
[MESSAGE] From peer 1: 512 bytes
[MESSAGE] From peer 1: 512 bytes
[MESSAGE] From peer 1: 512 bytes
[MESSAGE] From peer 1: 512 bytes
[MESSAGE] From peer 1: 512 bytes
[MESSAGE] From peer 1: 512 bytes
[MESSAGE] From peer 1: 512 bytes
[MESSAGE] From peer 1: 512 bytes
[MESSAGE] From peer 1: 512 bytes
[MESSAGE] From peer 1: 512 bytes
[MESSAGE] From peer 1: 512 bytes
[MESSAGE] From peer 1: 512 bytes
[MESSAGE] From peer 1: 512 bytes
[MESSAGE] From peer 1: 512 bytes
[MESSAGE] From peer 1: 512 bytes
[MESSAGE] From peer 1: 512 bytes
[MESSAGE] From peer 1: 512 bytes
[MESSAGE] From peer 1: 512 bytes
[MESSAGE] From peer 1: 512 bytes
[MESSAGE] From peer 1: 512 bytes
[MESSAGE] From peer 1: 512 bytes
[MESSAGE] From peer 1: 512 bytes
[MESSAGE] From peer 1: 512 bytes
[MESSAGE] From peer 1: 512 bytes
[MESSAGE] From peer 1: 512 bytes
[MESSAGE] From peer 1: 512 bytes
[MESSAGE] From peer 1: 512 bytes
[MESSAGE] From peer 1: 512 bytes
[MESSAGE] From peer 1: 512 bytes
[MESSAGE] From peer 1: 512 bytes
[MESSAGE] From peer 1: 512 bytes
[MESSAGE] From peer 1: 512 bytes
[MESSAGE] From peer 1: 512 bytes
[MESSAGE] From peer 1: 512 bytes
[MESSAGE] From peer 1: 512 bytes
[MESSAGE] From peer 1: 512 bytes
[MESSAGE] From peer 1: 512 bytes
[MESSAGE] From peer 1: 512 bytes
[MESSAGE] From peer 1: 512 bytes
[MESSAGE] From peer 1: 512 bytes
[MESSAGE] From peer 1: 512 bytes
[MESSAGE] From peer 1: 512 bytes
[MESSAGE] From peer 1: 512 bytes
[DISCOVERED] Peer 2: "MacThroughput" at 10.188.1.213:7354
[MESSAGE] From peer 1: 512 bytes
[MESSAGE] From peer 1: 512 bytes
[MESSAGE] From peer 1: 512 bytes
[MESSAGE] From peer 1: 512 bytes
[MESSAGE] From peer 1: 512 bytes
[MESSAGE] From peer 1: 512 bytes
[MESSAGE] From peer 1: 512 bytes
[MESSAGE] From peer 1: 512 bytes
[MESSAGE] From peer 1: 512 bytes
[MESSAGE] From peer 1: 512 bytes
[MESSAGE] From peer 1: 512 bytes
[MESSAGE] From peer 1: 512 bytes
[MESSAGE] From peer 1: 512 bytes
[MESSAGE] From peer 1: 512 bytes
[MESSAGE] From peer 1: 512 bytes
[MESSAGE] From peer 1: 512 bytes
[MESSAGE] From peer 1: 512 bytes
[MESSAGE] From peer 1: 512 bytes
[MESSAGE] From peer 1: 512 bytes
[MESSAGE] From peer 1: 512 bytes
[MESSAGE] From peer 1: 512 bytes
[MESSAGE] From peer 1: 512 bytes
[MESSAGE] From peer 1: 512 bytes
[MESSAGE] From peer 1: 512 bytes
[MESSAGE] From peer 1: 512 bytes
[MESSAGE] From peer 1: 512 bytes
[MESSAGE] From peer 1: 512 bytes
[MESSAGE] From peer 1: 512 bytes
[MESSAGE] From peer 1: 512 bytes
[MESSAGE] From peer 1: 512 bytes
[MESSAGE] From peer 1: 512 bytes
[MESSAGE] From peer 1: 512 bytes
[MESSAGE] From peer 1: 512 bytes
[MESSAGE] From peer 1: 512 bytes
[MESSAGE] From peer 1: 512 bytes
[MESSAGE] From peer 1: 512 bytes
[MESSAGE] From peer 1: 512 bytes
[MESSAGE] From peer 1: 512 bytes
[MESSAGE] From peer 1: 512 bytes
[MESSAGE] From peer 1: 512 bytes
[MESSAGE] From peer 1: 512 bytes
[MESSAGE] From peer 1: 512 bytes
[MESSAGE] From peer 1: 512 bytes
[MESSAGE] From peer 1: 512 bytes
[MESSAGE] From peer 1: 512 bytes
[MESSAGE] From peer 1: 512 bytes
[MESSAGE] From peer 1: 512 bytes
[MESSAGE] From peer 1: 512 bytes
[MESSAGE] From peer 1: 512 bytes
[MESSAGE] From peer 1: 512 bytes
[MESSAGE] From peer 1: 512 bytes
[MESSAGE] From peer 1: 512 bytes
[MESSAGE] From peer 1: 512 bytes
[MESSAGE] From peer 1: 512 bytes
[MESSAGE] From peer 1: 512 bytes
[ECHO] 3500 messages echoed
[MESSAGE] From peer 1: 512 bytes
[MESSAGE] From peer 1: 512 bytes
[MESSAGE] From peer 1: 512 bytes
[MESSAGE] From peer 1: 512 bytes
[MESSAGE] From peer 1: 512 bytes
[MESSAGE] From peer 1: 512 bytes
[MESSAGE] From peer 1: 512 bytes
[MESSAGE] From peer 1: 512 bytes
[MESSAGE] From peer 1: 512 bytes
[MESSAGE] From peer 1: 512 bytes
[MESSAGE] From peer 1: 512 bytes
[MESSAGE] From peer 1: 512 bytes
[MESSAGE] From peer 1: 512 bytes
[MESSAGE] From peer 1: 512 bytes
[MESSAGE] From peer 1: 512 bytes
[STATUS] 120 sec: peers=3, msgs=3515, connected=yes
[MESSAGE] From peer 1: 512 bytes
[MESSAGE] From peer 1: 512 bytes
[MESSAGE] From peer 1: 512 bytes
[MESSAGE] From peer 1: 512 bytes
[MESSAGE] From peer 1: 512 bytes
[MESSAGE] From peer 1: 512 bytes
[MESSAGE] From peer 1: 512 bytes
[MESSAGE] From peer 1: 512 bytes
[MESSAGE] From peer 1: 512 bytes
[MESSAGE] From peer 1: 512 bytes
[MESSAGE] From peer 1: 512 bytes
[MESSAGE] From peer 1: 512 bytes
[MESSAGE] From peer 1: 512 bytes
[MESSAGE] From peer 1: 512 bytes
[MESSAGE] From peer 1: 512 bytes
[MESSAGE] From peer 1: 512 bytes
[MESSAGE] From peer 1: 512 bytes
[MESSAGE] From peer 1: 512 bytes
[MESSAGE] From peer 1: 512 bytes
[MESSAGE] From peer 1: 512 bytes
[MESSAGE] From peer 1: 512 bytes
[MESSAGE] From peer 1: 512 bytes
[MESSAGE] From peer 1: 512 bytes
[MESSAGE] From peer 1: 512 bytes
[MESSAGE] From peer 1: 512 bytes
[MESSAGE] From peer 1: 512 bytes
[MESSAGE] From peer 1: 512 bytes
[MESSAGE] From peer 1: 512 bytes
[MESSAGE] From peer 1: 512 bytes
[MESSAGE] From peer 1: 512 bytes
[MESSAGE] From peer 1: 512 bytes
[MESSAGE] From peer 1: 512 bytes
[MESSAGE] From peer 1: 512 bytes
[MESSAGE] From peer 1: 512 bytes
[MESSAGE] From peer 1: 512 bytes
[MESSAGE] From peer 1: 512 bytes
[MESSAGE] From peer 1: 512 bytes
[MESSAGE] From peer 1: 512 bytes
[MESSAGE] From peer 1: 512 bytes
[MESSAGE] From peer 1: 512 bytes
[MESSAGE] From peer 1: 512 bytes
[MESSAGE] From peer 1: 512 bytes
[MESSAGE] From peer 1: 512 bytes
[MESSAGE] From peer 1: 512 bytes
[MESSAGE] From peer 1: 512 bytes
[MESSAGE] From peer 1: 512 bytes
[MESSAGE] From peer 1: 512 bytes
[MESSAGE] From peer 1: 512 bytes
[MESSAGE] From peer 1: 512 bytes
[MESSAGE] From peer 1: 512 bytes
[MESSAGE] From peer 1: 512 bytes
[MESSAGE] From peer 1: 1024 bytes
[MESSAGE] From peer 1: 1024 bytes
[MESSAGE] From peer 1: 1024 bytes
[MESSAGE] From peer 1: 1024 bytes
[MESSAGE] From peer 1: 1024 bytes
[MESSAGE] From peer 1: 1024 bytes
[MESSAGE] From peer 1: 1024 bytes
[MESSAGE] From peer 1: 1024 bytes
[MESSAGE] From peer 1: 1024 bytes
[MESSAGE] From peer 1: 1024 bytes
[MESSAGE] From peer 1: 1024 bytes
[MESSAGE] From peer 1: 1024 bytes
[MESSAGE] From peer 1: 1024 bytes
[MESSAGE] From peer 1: 1024 bytes
[MESSAGE] From peer 1: 1024 bytes
[MESSAGE] From peer 1: 1024 bytes
[MESSAGE] From peer 1: 1024 bytes
[MESSAGE] From peer 1: 1024 bytes
[MESSAGE] From peer 1: 1024 bytes
[MESSAGE] From peer 1: 1024 bytes
[MESSAGE] From peer 1: 1024 bytes
[MESSAGE] From peer 1: 1024 bytes
[MESSAGE] From peer 1: 1024 bytes
[MESSAGE] From peer 1: 1024 bytes
[MESSAGE] From peer 1: 1024 bytes
[MESSAGE] From peer 1: 1024 bytes
[MESSAGE] From peer 1: 1024 bytes
[MESSAGE] From peer 1: 1024 bytes
[MESSAGE] From peer 1: 1024 bytes
[MESSAGE] From peer 1: 1024 bytes
[MESSAGE] From peer 1: 1024 bytes
[MESSAGE] From peer 1: 1024 bytes
[MESSAGE] From peer 1: 1024 bytes
[MESSAGE] From peer 1: 1024 bytes
[ECHO] 3600 messages echoed
[MESSAGE] From peer 1: 1024 bytes
[MESSAGE] From peer 1: 1024 bytes
[MESSAGE] From peer 1: 1024 bytes
[MESSAGE] From peer 1: 1024 bytes
[MESSAGE] From peer 1: 1024 bytes
[MESSAGE] From peer 1: 1024 bytes
[MESSAGE] From peer 1: 1024 bytes
[MESSAGE] From peer 1: 1024 bytes
[MESSAGE] From peer 1: 1024 bytes
[MESSAGE] From peer 1: 1024 bytes
[MESSAGE] From peer 1: 1024 bytes
[MESSAGE] From peer 1: 1024 bytes
[MESSAGE] From peer 1: 1024 bytes
[MESSAGE] From peer 1: 1024 bytes
[MESSAGE] From peer 1: 1024 bytes
[MESSAGE] From peer 1: 1024 bytes
[MESSAGE] From peer 1: 1024 bytes
[MESSAGE] From peer 1: 1024 bytes
[MESSAGE] From peer 1: 1024 bytes
[MESSAGE] From peer 1: 1024 bytes
[MESSAGE] From peer 1: 1024 bytes
[MESSAGE] From peer 1: 1024 bytes
[MESSAGE] From peer 1: 1024 bytes
[MESSAGE] From peer 1: 1024 bytes
[MESSAGE] From peer 1: 1024 bytes
[MESSAGE] From peer 1: 1024 bytes
[MESSAGE] From peer 1: 1024 bytes
[MESSAGE] From peer 1: 1024 bytes
[MESSAGE] From peer 1: 1024 bytes
[MESSAGE] From peer 1: 1024 bytes
[MESSAGE] From peer 1: 1024 bytes
[MESSAGE] From peer 1: 1024 bytes
[MESSAGE] From peer 1: 1024 bytes
[MESSAGE] From peer 1: 1024 bytes
[MESSAGE] From peer 1: 1024 bytes
[MESSAGE] From peer 1: 1024 bytes
[MESSAGE] From peer 1: 1024 bytes
[MESSAGE] From peer 1: 1024 bytes
[MESSAGE] From peer 1: 1024 bytes
[MESSAGE] From peer 1: 1024 bytes
[MESSAGE] From peer 1: 1024 bytes
[MESSAGE] From peer 1: 1024 bytes
[MESSAGE] From peer 1: 1024 bytes
[MESSAGE] From peer 1: 1024 bytes
[MESSAGE] From peer 1: 1024 bytes
[MESSAGE] From peer 1: 1024 bytes
[MESSAGE] From peer 1: 1024 bytes
[MESSAGE] From peer 1: 1024 bytes
[MESSAGE] From peer 1: 1024 bytes
[MESSAGE] From peer 1: 1024 bytes
[MESSAGE] From peer 1: 1024 bytes
[MESSAGE] From peer 1: 1024 bytes
[MESSAGE] From peer 1: 1024 bytes
[MESSAGE] From peer 1: 1024 bytes
[MESSAGE] From peer 1: 1024 bytes
[MESSAGE] From peer 1: 1024 bytes
[MESSAGE] From peer 1: 1024 bytes
[MESSAGE] From peer 1: 1024 bytes
[MESSAGE] From peer 1: 1024 bytes
[MESSAGE] From peer 1: 1024 bytes
[MESSAGE] From peer 1: 1024 bytes
[MESSAGE] From peer 1: 1024 bytes
[MESSAGE] From peer 1: 1024 bytes
[MESSAGE] From peer 1: 1024 bytes
[MESSAGE] From peer 1: 1024 bytes
[MESSAGE] From peer 1: 1024 bytes
[MESSAGE] From peer 1: 1024 bytes
[MESSAGE] From peer 1: 1024 bytes
[MESSAGE] From peer 1: 1024 bytes
[MESSAGE] From peer 1: 1024 bytes
[MESSAGE] From peer 1: 1024 bytes
[MESSAGE] From peer 1: 1024 bytes
[MESSAGE] From peer 1: 1024 bytes
[MESSAGE] From peer 1: 1024 bytes
[MESSAGE] From peer 1: 1024 bytes
[MESSAGE] From peer 1: 1024 bytes
[MESSAGE] From peer 1: 1024 bytes
[MESSAGE] From peer 1: 1024 bytes
[MESSAGE] From peer 1: 1024 bytes
[MESSAGE] From peer 1: 1024 bytes
[MESSAGE] From peer 1: 1024 bytes
[MESSAGE] From peer 1: 1024 bytes
[MESSAGE] From peer 1: 1024 bytes
[MESSAGE] From peer 1: 1024 bytes
[MESSAGE] From peer 1: 1024 bytes
[MESSAGE] From peer 1: 1024 bytes
[MESSAGE] From peer 1: 1024 bytes
[MESSAGE] From peer 1: 1024 bytes
[MESSAGE] From peer 1: 1024 bytes
[MESSAGE] From peer 1: 1024 bytes
[MESSAGE] From peer 1: 1024 bytes
[MESSAGE] From peer 1: 1024 bytes
[MESSAGE] From peer 1: 1024 bytes
[MESSAGE] From peer 1: 1024 bytes
[MESSAGE] From peer 1: 1024 bytes
[MESSAGE] From peer 1: 1024 bytes
[MESSAGE] From peer 1: 1024 bytes
[MESSAGE] From peer 1: 1024 bytes
[MESSAGE] From peer 1: 1024 bytes
[MESSAGE] From peer 1: 1024 bytes
[ECHO] 3700 messages echoed
[MESSAGE] From peer 1: 1024 bytes
[MESSAGE] From peer 1: 1024 bytes
[MESSAGE] From peer 1: 1024 bytes
[MESSAGE] From peer 1: 1024 bytes
[MESSAGE] From peer 1: 1024 bytes
[MESSAGE] From peer 1: 1024 bytes
[MESSAGE] From peer 1: 1024 bytes
[MESSAGE] From peer 1: 1024 bytes
[MESSAGE] From peer 1: 1024 bytes
[MESSAGE] From peer 1: 1024 bytes
[MESSAGE] From peer 1: 1024 bytes
[MESSAGE] From peer 1: 1024 bytes
[MESSAGE] From peer 1: 1024 bytes
[MESSAGE] From peer 1: 1024 bytes
[MESSAGE] From peer 1: 1024 bytes
[MESSAGE] From peer 1: 1024 bytes
[MESSAGE] From peer 1: 1024 bytes
[MESSAGE] From peer 1: 1024 bytes
[MESSAGE] From peer 1: 1024 bytes
[MESSAGE] From peer 1: 1024 bytes
[MESSAGE] From peer 1: 1024 bytes
[MESSAGE] From peer 1: 1024 bytes
[MESSAGE] From peer 1: 1024 bytes
[MESSAGE] From peer 1: 1024 bytes
[MESSAGE] From peer 1: 1024 bytes
[MESSAGE] From peer 1: 1024 bytes
[MESSAGE] From peer 1: 1024 bytes
[MESSAGE] From peer 1: 1024 bytes
[MESSAGE] From peer 1: 1024 bytes
[MESSAGE] From peer 1: 1024 bytes
[MESSAGE] From peer 1: 1024 bytes
[MESSAGE] From peer 1: 1024 bytes
[MESSAGE] From peer 1: 1024 bytes
[MESSAGE] From peer 1: 1024 bytes
[MESSAGE] From peer 1: 1024 bytes
[MESSAGE] From peer 1: 1024 bytes
[MESSAGE] From peer 1: 1024 bytes
[MESSAGE] From peer 1: 1024 bytes
[MESSAGE] From peer 1: 1024 bytes
[MESSAGE] From peer 1: 1024 bytes
[MESSAGE] From peer 1: 1024 bytes
[MESSAGE] From peer 1: 1024 bytes
[MESSAGE] From peer 1: 1024 bytes
[MESSAGE] From peer 1: 1024 bytes
[MESSAGE] From peer 1: 1024 bytes
[MESSAGE] From peer 1: 1024 bytes
[MESSAGE] From peer 1: 1024 bytes
[MESSAGE] From peer 1: 1024 bytes
[MESSAGE] From peer 1: 1024 bytes
[MESSAGE] From peer 1: 1024 bytes
[MESSAGE] From peer 1: 1024 bytes
[MESSAGE] From peer 1: 1024 bytes
[MESSAGE] From peer 1: 1024 bytes
[MESSAGE] From peer 1: 1024 bytes
[MESSAGE] From peer 1: 1024 bytes
[MESSAGE] From peer 1: 1024 bytes
[MESSAGE] From peer 1: 1024 bytes
[MESSAGE] From peer 1: 1024 bytes
[MESSAGE] From peer 1: 1024 bytes
[MESSAGE] From peer 1: 1024 bytes
[MESSAGE] From peer 1: 1024 bytes
[MESSAGE] From peer 1: 1024 bytes
[MESSAGE] From peer 1: 1024 bytes
[MESSAGE] From peer 1: 1024 bytes
[MESSAGE] From peer 1: 1024 bytes
[MESSAGE] From peer 1: 1024 bytes
[MESSAGE] From peer 1: 1024 bytes
[MESSAGE] From peer 1: 1024 bytes
[MESSAGE] From peer 1: 1024 bytes
[MESSAGE] From peer 1: 1024 bytes
[MESSAGE] From peer 1: 1024 bytes
[MESSAGE] From peer 1: 1024 bytes
[MESSAGE] From peer 1: 1024 bytes
[MESSAGE] From peer 1: 1024 bytes
[MESSAGE] From peer 1: 1024 bytes
[MESSAGE] From peer 1: 1024 bytes
[MESSAGE] From peer 1: 1024 bytes
[MESSAGE] From peer 1: 1024 bytes
[MESSAGE] From peer 1: 1024 bytes
[MESSAGE] From peer 1: 1024 bytes
[MESSAGE] From peer 1: 1024 bytes
[MESSAGE] From peer 1: 1024 bytes
[MESSAGE] From peer 1: 1024 bytes
[MESSAGE] From peer 1: 1024 bytes
[MESSAGE] From peer 1: 1024 bytes
[MESSAGE] From peer 1: 1024 bytes
[MESSAGE] From peer 1: 1024 bytes
[MESSAGE] From peer 1: 1024 bytes
[MESSAGE] From peer 1: 1024 bytes
[MESSAGE] From peer 1: 1024 bytes
[MESSAGE] From peer 1: 1024 bytes
[MESSAGE] From peer 1: 1024 bytes
[MESSAGE] From peer 1: 1024 bytes
[MESSAGE] From peer 1: 1024 bytes
[MESSAGE] From peer 1: 1024 bytes
[MESSAGE] From peer 1: 1024 bytes
[MESSAGE] From peer 1: 1024 bytes
[MESSAGE] From peer 1: 1024 bytes
[MESSAGE] From peer 1: 1024 bytes
[MESSAGE] From peer 1: 1024 bytes
[ECHO] 3800 messages echoed
[MESSAGE] From peer 1: 1024 bytes
[MESSAGE] From peer 1: 1024 bytes
[MESSAGE] From peer 1: 1024 bytes
[MESSAGE] From peer 1: 1024 bytes
[MESSAGE] From peer 1: 1024 bytes
[MESSAGE] From peer 1: 1024 bytes
[MESSAGE] From peer 1: 1024 bytes
[MESSAGE] From peer 1: 1024 bytes
[MESSAGE] From peer 1: 1024 bytes
[MESSAGE] From peer 1: 1024 bytes
[MESSAGE] From peer 1: 1024 bytes
[MESSAGE] From peer 1: 1024 bytes
[MESSAGE] From peer 1: 1024 bytes
[MESSAGE] From peer 1: 1024 bytes
[MESSAGE] From peer 1: 1024 bytes
[MESSAGE] From peer 1: 1024 bytes
[MESSAGE] From peer 1: 1024 bytes
[MESSAGE] From peer 1: 1024 bytes
[MESSAGE] From peer 1: 1024 bytes
[MESSAGE] From peer 1: 1024 bytes
[MESSAGE] From peer 1: 1024 bytes
[MESSAGE] From peer 1: 1024 bytes
[MESSAGE] From peer 1: 1024 bytes
[MESSAGE] From peer 1: 1024 bytes
[MESSAGE] From peer 1: 1024 bytes
[MESSAGE] From peer 1: 1024 bytes
[MESSAGE] From peer 1: 1024 bytes
[MESSAGE] From peer 1: 1024 bytes
[MESSAGE] From peer 1: 1024 bytes
[MESSAGE] From peer 1: 1024 bytes
[MESSAGE] From peer 1: 1024 bytes
[MESSAGE] From peer 1: 1024 bytes
[MESSAGE] From peer 1: 1024 bytes
[MESSAGE] From peer 1: 1024 bytes
[MESSAGE] From peer 1: 1024 bytes
[MESSAGE] From peer 1: 1024 bytes
[MESSAGE] From peer 1: 1024 bytes
[MESSAGE] From peer 1: 1024 bytes
[MESSAGE] From peer 1: 1024 bytes
[MESSAGE] From peer 1: 1024 bytes
[MESSAGE] From peer 1: 1024 bytes
[MESSAGE] From peer 1: 1024 bytes
[MESSAGE] From peer 1: 1024 bytes
[MESSAGE] From peer 1: 1024 bytes
[MESSAGE] From peer 1: 1024 bytes
[MESSAGE] From peer 1: 1024 bytes
[MESSAGE] From peer 1: 1024 bytes
[MESSAGE] From peer 1: 1024 bytes
[MESSAGE] From peer 1: 1024 bytes
[MESSAGE] From peer 1: 1024 bytes
[MESSAGE] From peer 1: 1024 bytes
[MESSAGE] From peer 1: 1024 bytes
[MESSAGE] From peer 1: 1024 bytes
[MESSAGE] From peer 1: 1024 bytes
[MESSAGE] From peer 1: 1024 bytes
[MESSAGE] From peer 1: 1024 bytes
[MESSAGE] From peer 1: 1024 bytes
[MESSAGE] From peer 1: 1024 bytes
[MESSAGE] From peer 1: 1024 bytes
[MESSAGE] From peer 1: 1024 bytes
[MESSAGE] From peer 1: 1024 bytes
[MESSAGE] From peer 1: 1024 bytes
[MESSAGE] From peer 1: 1024 bytes
[MESSAGE] From peer 1: 1024 bytes
[MESSAGE] From peer 1: 1024 bytes
[MESSAGE] From peer 1: 1024 bytes
[MESSAGE] From peer 1: 1024 bytes
[MESSAGE] From peer 1: 1024 bytes
[MESSAGE] From peer 1: 1024 bytes
[MESSAGE] From peer 1: 1024 bytes
[MESSAGE] From peer 1: 1024 bytes
[MESSAGE] From peer 1: 1024 bytes
[MESSAGE] From peer 1: 1024 bytes
[MESSAGE] From peer 1: 1024 bytes
[MESSAGE] From peer 1: 1024 bytes
[MESSAGE] From peer 1: 1024 bytes
[MESSAGE] From peer 1: 1024 bytes
[MESSAGE] From peer 1: 1024 bytes
[MESSAGE] From peer 1: 1024 bytes
[MESSAGE] From peer 1: 1024 bytes
[MESSAGE] From peer 1: 1024 bytes
[MESSAGE] From peer 1: 1024 bytes
[MESSAGE] From peer 1: 1024 bytes
[MESSAGE] From peer 1: 1024 bytes
[MESSAGE] From peer 1: 1024 bytes
[MESSAGE] From peer 1: 1024 bytes
[MESSAGE] From peer 1: 1024 bytes
[MESSAGE] From peer 1: 1024 bytes
[MESSAGE] From peer 1: 1024 bytes
[MESSAGE] From peer 1: 1024 bytes
[MESSAGE] From peer 1: 1024 bytes
[MESSAGE] From peer 1: 1024 bytes
[MESSAGE] From peer 1: 1024 bytes
[MESSAGE] From peer 1: 1024 bytes
[MESSAGE] From peer 1: 1024 bytes
[MESSAGE] From peer 1: 1024 bytes
[MESSAGE] From peer 1: 1024 bytes
[MESSAGE] From peer 1: 1024 bytes
[MESSAGE] From peer 1: 1024 bytes
[MESSAGE] From peer 1: 1024 bytes
[ECHO] 3900 messages echoed
[MESSAGE] From peer 1: 1024 bytes
[MESSAGE] From peer 1: 1024 bytes
[MESSAGE] From peer 1: 1024 bytes
[MESSAGE] From peer 1: 1024 bytes
[MESSAGE] From peer 1: 1024 bytes
[MESSAGE] From peer 1: 1024 bytes
[MESSAGE] From peer 1: 1024 bytes
[MESSAGE] From peer 1: 1024 bytes
[MESSAGE] From peer 1: 1024 bytes
[MESSAGE] From peer 1: 1024 bytes
[MESSAGE] From peer 1: 1024 bytes
[MESSAGE] From peer 1: 1024 bytes
[MESSAGE] From peer 1: 1024 bytes
[MESSAGE] From peer 1: 1024 bytes
[MESSAGE] From peer 1: 1024 bytes
[MESSAGE] From peer 1: 1024 bytes
[MESSAGE] From peer 1: 1024 bytes
[MESSAGE] From peer 1: 1024 bytes
[MESSAGE] From peer 1: 1024 bytes
[MESSAGE] From peer 1: 1024 bytes
[MESSAGE] From peer 1: 1024 bytes
[MESSAGE] From peer 1: 1024 bytes
[MESSAGE] From peer 1: 1024 bytes
[MESSAGE] From peer 1: 1024 bytes
[MESSAGE] From peer 1: 1024 bytes
[MESSAGE] From peer 1: 1024 bytes
[MESSAGE] From peer 1: 1024 bytes
[MESSAGE] From peer 1: 1024 bytes
[MESSAGE] From peer 1: 1024 bytes
[MESSAGE] From peer 1: 1024 bytes
[MESSAGE] From peer 1: 1024 bytes
[MESSAGE] From peer 1: 1024 bytes
[MESSAGE] From peer 1: 1024 bytes
[MESSAGE] From peer 1: 1024 bytes
[MESSAGE] From peer 1: 1024 bytes
[MESSAGE] From peer 1: 1024 bytes
[MESSAGE] From peer 1: 1024 bytes
[MESSAGE] From peer 1: 1024 bytes
[MESSAGE] From peer 1: 1024 bytes
[MESSAGE] From peer 1: 1024 bytes
[MESSAGE] From peer 1: 1024 bytes
[MESSAGE] From peer 1: 1024 bytes
[MESSAGE] From peer 1: 1024 bytes
[MESSAGE] From peer 1: 1024 bytes
[MESSAGE] From peer 1: 1024 bytes
[MESSAGE] From peer 1: 1024 bytes
[MESSAGE] From peer 1: 1024 bytes
[MESSAGE] From peer 1: 1024 bytes
[MESSAGE] From peer 1: 1024 bytes
[MESSAGE] From peer 1: 1024 bytes
[MESSAGE] From peer 1: 1024 bytes
[MESSAGE] From peer 1: 1024 bytes
[MESSAGE] From peer 1: 1024 bytes
[MESSAGE] From peer 1: 1024 bytes
[MESSAGE] From peer 1: 1024 bytes
[MESSAGE] From peer 1: 1024 bytes
[MESSAGE] From peer 1: 1024 bytes
[MESSAGE] From peer 1: 1024 bytes
[MESSAGE] From peer 1: 1024 bytes
[MESSAGE] From peer 1: 1024 bytes
[MESSAGE] From peer 1: 1024 bytes
[MESSAGE] From peer 1: 1024 bytes
[MESSAGE] From peer 1: 1024 bytes
[MESSAGE] From peer 1: 1024 bytes
[MESSAGE] From peer 1: 1024 bytes
[MESSAGE] From peer 1: 1024 bytes
[MESSAGE] From peer 1: 1024 bytes
[MESSAGE] From peer 1: 1024 bytes
[MESSAGE] From peer 1: 1024 bytes
[MESSAGE] From peer 1: 1024 bytes
[MESSAGE] From peer 1: 1024 bytes
[MESSAGE] From peer 1: 1024 bytes
[MESSAGE] From peer 1: 1024 bytes
[MESSAGE] From peer 1: 1024 bytes
[MESSAGE] From peer 1: 1024 bytes
[MESSAGE] From peer 1: 1024 bytes
[MESSAGE] From peer 1: 1024 bytes
[MESSAGE] From peer 1: 1024 bytes
[MESSAGE] From peer 1: 1024 bytes
[MESSAGE] From peer 1: 1024 bytes
[MESSAGE] From peer 1: 1024 bytes
[MESSAGE] From peer 1: 1024 bytes
[MESSAGE] From peer 1: 1024 bytes
[MESSAGE] From peer 1: 1024 bytes
[MESSAGE] From peer 1: 1024 bytes
[MESSAGE] From peer 1: 1024 bytes
[MESSAGE] From peer 1: 1024 bytes
[MESSAGE] From peer 1: 1024 bytes
[MESSAGE] From peer 1: 1024 bytes
[MESSAGE] From peer 1: 1024 bytes
[MESSAGE] From peer 1: 1024 bytes
[MESSAGE] From peer 1: 1024 bytes
[MESSAGE] From peer 1: 1024 bytes
[MESSAGE] From peer 1: 1024 bytes
[MESSAGE] From peer 1: 1024 bytes
[MESSAGE] From peer 1: 1024 bytes
[MESSAGE] From peer 1: 1024 bytes
[MESSAGE] From peer 1: 1024 bytes
[MESSAGE] From peer 1: 1024 bytes
[MESSAGE] From peer 1: 1024 bytes
[ECHO] 4000 messages echoed
[MESSAGE] From peer 1: 1024 bytes
[MESSAGE] From peer 1: 1024 bytes
[MESSAGE] From peer 1: 1024 bytes
[MESSAGE] From peer 1: 1024 bytes
[MESSAGE] From peer 1: 1024 bytes
[MESSAGE] From peer 1: 1024 bytes
[MESSAGE] From peer 1: 1024 bytes
[MESSAGE] From peer 1: 1024 bytes
[MESSAGE] From peer 1: 1024 bytes
[MESSAGE] From peer 1: 1024 bytes
[MESSAGE] From peer 1: 1024 bytes
[MESSAGE] From peer 1: 1024 bytes
[MESSAGE] From peer 1: 1024 bytes
[MESSAGE] From peer 1: 1024 bytes
[MESSAGE] From peer 1: 1024 bytes
[MESSAGE] From peer 1: 1024 bytes
[MESSAGE] From peer 1: 1024 bytes
[MESSAGE] From peer 1: 1024 bytes
[MESSAGE] From peer 1: 1024 bytes
[MESSAGE] From peer 1: 1024 bytes
[MESSAGE] From peer 1: 1024 bytes
[MESSAGE] From peer 1: 1024 bytes
[MESSAGE] From peer 1: 1024 bytes
[MESSAGE] From peer 1: 1024 bytes
[MESSAGE] From peer 1: 1024 bytes
[MESSAGE] From peer 1: 1024 bytes
[MESSAGE] From peer 1: 1024 bytes
[MESSAGE] From peer 1: 1024 bytes
[MESSAGE] From peer 1: 1024 bytes
[MESSAGE] From peer 1: 1024 bytes
[MESSAGE] From peer 1: 1024 bytes
[MESSAGE] From peer 1: 1024 bytes
[MESSAGE] From peer 1: 1024 bytes
[MESSAGE] From peer 1: 1024 bytes
[MESSAGE] From peer 1: 1024 bytes
[MESSAGE] From peer 1: 1024 bytes
[MESSAGE] From peer 1: 1024 bytes
[MESSAGE] From peer 1: 1024 bytes
[MESSAGE] From peer 1: 1024 bytes
[MESSAGE] From peer 1: 1024 bytes
[MESSAGE] From peer 1: 1024 bytes
[MESSAGE] From peer 1: 1024 bytes
[MESSAGE] From peer 1: 1024 bytes
[MESSAGE] From peer 1: 1024 bytes
[MESSAGE] From peer 1: 1024 bytes
[MESSAGE] From peer 1: 1024 bytes
[MESSAGE] From peer 1: 1024 bytes
[MESSAGE] From peer 1: 1024 bytes
[MESSAGE] From peer 1: 1024 bytes
[MESSAGE] From peer 1: 1024 bytes
[MESSAGE] From peer 1: 1024 bytes
[MESSAGE] From peer 1: 1024 bytes
[MESSAGE] From peer 1: 1024 bytes
[MESSAGE] From peer 1: 1024 bytes
[MESSAGE] From peer 1: 1024 bytes
[MESSAGE] From peer 1: 1024 bytes
[MESSAGE] From peer 1: 1024 bytes
[MESSAGE] From peer 1: 1024 bytes
[MESSAGE] From peer 1: 1024 bytes
[MESSAGE] From peer 1: 1024 bytes
[MESSAGE] From peer 1: 1024 bytes
[MESSAGE] From peer 1: 1024 bytes
[MESSAGE] From peer 1: 1024 bytes
[MESSAGE] From peer 1: 1024 bytes
[MESSAGE] From peer 1: 1024 bytes
[MESSAGE] From peer 1: 1024 bytes
[MESSAGE] From peer 1: 1024 bytes
[MESSAGE] From peer 1: 1024 bytes
[MESSAGE] From peer 1: 1024 bytes
[MESSAGE] From peer 1: 1024 bytes
[MESSAGE] From peer 1: 1024 bytes
[MESSAGE] From peer 1: 1024 bytes
[MESSAGE] From peer 1: 1024 bytes
[MESSAGE] From peer 1: 1024 bytes
[MESSAGE] From peer 1: 1024 bytes
[MESSAGE] From peer 1: 1024 bytes
[MESSAGE] From peer 1: 1024 bytes
[MESSAGE] From peer 1: 1024 bytes
[MESSAGE] From peer 1: 1024 bytes
[MESSAGE] From peer 1: 1024 bytes
[MESSAGE] From peer 1: 1024 bytes
[MESSAGE] From peer 1: 1024 bytes
[MESSAGE] From peer 1: 1024 bytes
[MESSAGE] From peer 1: 1024 bytes
[MESSAGE] From peer 1: 1024 bytes
[MESSAGE] From peer 1: 1024 bytes
[MESSAGE] From peer 1: 1024 bytes
[MESSAGE] From peer 1: 1024 bytes
[MESSAGE] From peer 1: 1024 bytes
[MESSAGE] From peer 1: 1024 bytes
[MESSAGE] From peer 1: 1024 bytes
[MESSAGE] From peer 1: 1024 bytes
[MESSAGE] From peer 1: 1024 bytes
[MESSAGE] From peer 1: 1024 bytes
[MESSAGE] From peer 1: 1024 bytes
[MESSAGE] From peer 1: 1024 bytes
[MESSAGE] From peer 1: 1024 bytes
[MESSAGE] From peer 1: 1024 bytes
[MESSAGE] From peer 1: 1024 bytes
[MESSAGE] From peer 1: 1024 bytes
[ECHO] 4100 messages echoed
[MESSAGE] From peer 1: 1024 bytes
[MESSAGE] From peer 1: 1024 bytes
[MESSAGE] From peer 1: 1024 bytes
[MESSAGE] From peer 1: 1024 bytes
[MESSAGE] From peer 1: 1024 bytes
[MESSAGE] From peer 1: 1024 bytes
[MESSAGE] From peer 1: 1024 bytes
[MESSAGE] From peer 1: 1024 bytes
[MESSAGE] From peer 1: 1024 bytes
[MESSAGE] From peer 1: 1024 bytes
[MESSAGE] From peer 1: 1024 bytes
[MESSAGE] From peer 1: 1024 bytes
[MESSAGE] From peer 1: 1024 bytes
[MESSAGE] From peer 1: 1024 bytes
[MESSAGE] From peer 1: 1024 bytes
[MESSAGE] From peer 1: 1024 bytes
[MESSAGE] From peer 1: 1024 bytes
[MESSAGE] From peer 1: 1024 bytes
[MESSAGE] From peer 1: 1024 bytes
[MESSAGE] From peer 1: 1024 bytes
[MESSAGE] From peer 1: 1024 bytes
[MESSAGE] From peer 1: 1024 bytes
[MESSAGE] From peer 1: 1024 bytes
[MESSAGE] From peer 1: 1024 bytes
[MESSAGE] From peer 1: 1024 bytes
[MESSAGE] From peer 1: 1024 bytes
[MESSAGE] From peer 1: 1024 bytes
[MESSAGE] From peer 1: 1024 bytes
[MESSAGE] From peer 1: 1024 bytes
[MESSAGE] From peer 1: 1024 bytes
[MESSAGE] From peer 1: 1024 bytes
[MESSAGE] From peer 1: 1024 bytes
[MESSAGE] From peer 1: 1024 bytes
[MESSAGE] From peer 1: 1024 bytes
[MESSAGE] From peer 1: 1024 bytes
[MESSAGE] From peer 1: 1024 bytes
[MESSAGE] From peer 1: 1024 bytes
[MESSAGE] From peer 1: 1024 bytes
[MESSAGE] From peer 1: 1024 bytes
[MESSAGE] From peer 1: 1024 bytes
[MESSAGE] From peer 1: 1024 bytes
[MESSAGE] From peer 1: 1024 bytes
[MESSAGE] From peer 1: 1024 bytes
[STATUS] 130 sec: peers=3, msgs=4143, connected=yes
[MESSAGE] From peer 1: 1024 bytes
[MESSAGE] From peer 1: 1024 bytes
[MESSAGE] From peer 1: 1024 bytes
[MESSAGE] From peer 1: 1024 bytes
[MESSAGE] From peer 1: 1024 bytes
[MESSAGE] From peer 1: 1024 bytes
[MESSAGE] From peer 1: 1024 bytes
[MESSAGE] From peer 1: 1024 bytes
[MESSAGE] From peer 1: 1024 bytes
[MESSAGE] From peer 1: 1024 bytes
[MESSAGE] From peer 1: 1024 bytes
[MESSAGE] From peer 1: 1024 bytes
[MESSAGE] From peer 1: 1024 bytes
[MESSAGE] From peer 1: 1024 bytes
[MESSAGE] From peer 1: 1024 bytes
[MESSAGE] From peer 1: 1024 bytes
[MESSAGE] From peer 1: 1024 bytes
[MESSAGE] From peer 1: 1024 bytes
[MESSAGE] From peer 1: 1024 bytes
[MESSAGE] From peer 1: 1024 bytes
[MESSAGE] From peer 1: 1024 bytes
[MESSAGE] From peer 1: 1024 bytes
[MESSAGE] From peer 1: 1024 bytes
[MESSAGE] From peer 1: 1024 bytes
[MESSAGE] From peer 1: 1024 bytes
[MESSAGE] From peer 1: 1024 bytes
[MESSAGE] From peer 1: 1024 bytes
[MESSAGE] From peer 1: 1024 bytes
[MESSAGE] From peer 1: 1024 bytes
[MESSAGE] From peer 1: 1024 bytes
[MESSAGE] From peer 1: 1024 bytes
[MESSAGE] From peer 1: 1024 bytes
[MESSAGE] From peer 1: 1024 bytes
[MESSAGE] From peer 1: 1024 bytes
[MESSAGE] From peer 1: 1024 bytes
[MESSAGE] From peer 1: 1024 bytes
[MESSAGE] From peer 1: 1024 bytes
[MESSAGE] From peer 1: 1024 bytes
[MESSAGE] From peer 1: 1024 bytes
[MESSAGE] From peer 1: 1024 bytes
[MESSAGE] From peer 1: 1024 bytes
[MESSAGE] From peer 1: 1024 bytes
[MESSAGE] From peer 1: 1024 bytes
[MESSAGE] From peer 1: 1024 bytes
[MESSAGE] From peer 1: 1024 bytes
[MESSAGE] From peer 1: 1024 bytes
[MESSAGE] From peer 1: 1024 bytes
[MESSAGE] From peer 1: 1024 bytes
[MESSAGE] From peer 1: 1024 bytes
[MESSAGE] From peer 1: 1024 bytes
[MESSAGE] From peer 1: 1024 bytes
[MESSAGE] From peer 1: 1024 bytes
[MESSAGE] From peer 1: 1024 bytes
[MESSAGE] From peer 1: 1024 bytes
[MESSAGE] From peer 1: 1024 bytes
[MESSAGE] From peer 1: 1024 bytes
[MESSAGE] From peer 1: 1024 bytes
[ECHO] 4200 messages echoed
[MESSAGE] From peer 1: 1024 bytes
[MESSAGE] From peer 1: 1024 bytes
[MESSAGE] From peer 1: 1024 bytes
[MESSAGE] From peer 1: 1024 bytes
[MESSAGE] From peer 1: 1024 bytes
[MESSAGE] From peer 1: 1024 bytes
[MESSAGE] From peer 1: 1024 bytes
[MESSAGE] From peer 1: 1024 bytes
[MESSAGE] From peer 1: 1024 bytes
[MESSAGE] From peer 1: 1024 bytes
[MESSAGE] From peer 1: 1024 bytes
[MESSAGE] From peer 1: 1024 bytes
[MESSAGE] From peer 1: 1024 bytes
[MESSAGE] From peer 1: 1024 bytes
[MESSAGE] From peer 1: 1024 bytes
[MESSAGE] From peer 1: 1024 bytes
[MESSAGE] From peer 1: 1024 bytes
[MESSAGE] From peer 1: 1024 bytes
[MESSAGE] From peer 1: 1024 bytes
[MESSAGE] From peer 1: 1024 bytes
[MESSAGE] From peer 1: 1024 bytes
[MESSAGE] From peer 1: 1024 bytes
[MESSAGE] From peer 1: 1024 bytes
[MESSAGE] From peer 1: 1024 bytes
[MESSAGE] From peer 1: 1024 bytes
[MESSAGE] From peer 1: 1024 bytes
[MESSAGE] From peer 1: 1024 bytes
[MESSAGE] From peer 1: 1024 bytes
[MESSAGE] From peer 1: 1024 bytes
[MESSAGE] From peer 1: 1024 bytes
[MESSAGE] From peer 1: 1024 bytes
[MESSAGE] From peer 1: 1024 bytes
[MESSAGE] From peer 1: 1024 bytes
[MESSAGE] From peer 1: 1024 bytes
[MESSAGE] From peer 1: 1024 bytes
[MESSAGE] From peer 1: 1024 bytes
[MESSAGE] From peer 1: 1024 bytes
[MESSAGE] From peer 1: 1024 bytes
[MESSAGE] From peer 1: 1024 bytes
[MESSAGE] From peer 1: 1024 bytes
[MESSAGE] From peer 1: 1024 bytes
[MESSAGE] From peer 1: 1024 bytes
[MESSAGE] From peer 1: 1024 bytes
[MESSAGE] From peer 1: 1024 bytes
[MESSAGE] From peer 1: 1024 bytes
[MESSAGE] From peer 1: 1024 bytes
[MESSAGE] From peer 1: 1024 bytes
[MESSAGE] From peer 1: 1024 bytes
[MESSAGE] From peer 1: 1024 bytes
[MESSAGE] From peer 1: 1024 bytes
[MESSAGE] From peer 1: 1024 bytes
[MESSAGE] From peer 1: 1024 bytes
[MESSAGE] From peer 1: 1024 bytes
[MESSAGE] From peer 1: 1024 bytes
[MESSAGE] From peer 1: 1024 bytes
[MESSAGE] From peer 1: 1024 bytes
[MESSAGE] From peer 1: 1024 bytes
[MESSAGE] From peer 1: 1024 bytes
[MESSAGE] From peer 1: 1024 bytes
[MESSAGE] From peer 1: 1024 bytes
[MESSAGE] From peer 1: 1024 bytes
[MESSAGE] From peer 1: 1024 bytes
[MESSAGE] From peer 1: 1024 bytes
[MESSAGE] From peer 1: 1024 bytes
[MESSAGE] From peer 1: 1024 bytes
[MESSAGE] From peer 1: 1024 bytes
[MESSAGE] From peer 1: 1024 bytes
[MESSAGE] From peer 1: 1024 bytes
[MESSAGE] From peer 1: 1024 bytes
[MESSAGE] From peer 1: 1024 bytes
[MESSAGE] From peer 1: 1024 bytes
[MESSAGE] From peer 1: 1024 bytes
[MESSAGE] From peer 1: 1024 bytes
[MESSAGE] From peer 1: 1024 bytes
[MESSAGE] From peer 1: 1024 bytes
[MESSAGE] From peer 1: 1024 bytes
[MESSAGE] From peer 1: 1024 bytes
[MESSAGE] From peer 1: 1024 bytes
[MESSAGE] From peer 1: 1024 bytes
[MESSAGE] From peer 1: 1024 bytes
[MESSAGE] From peer 1: 1024 bytes
[MESSAGE] From peer 1: 1024 bytes
[MESSAGE] From peer 1: 1024 bytes
[MESSAGE] From peer 1: 1024 bytes
[MESSAGE] From peer 1: 1024 bytes
[MESSAGE] From peer 1: 1024 bytes
[MESSAGE] From peer 1: 1024 bytes
[MESSAGE] From peer 1: 1024 bytes
[MESSAGE] From peer 1: 1024 bytes
[MESSAGE] From peer 1: 1024 bytes
[MESSAGE] From peer 1: 1024 bytes
[MESSAGE] From peer 1: 1024 bytes
[MESSAGE] From peer 1: 1024 bytes
[MESSAGE] From peer 1: 1024 bytes
[MESSAGE] From peer 1: 1024 bytes
[MESSAGE] From peer 1: 1024 bytes
[MESSAGE] From peer 1: 1024 bytes
[MESSAGE] From peer 1: 1024 bytes
[MESSAGE] From peer 1: 1024 bytes
[MESSAGE] From peer 1: 1024 bytes
[ECHO] 4300 messages echoed
[MESSAGE] From peer 1: 1024 bytes
[MESSAGE] From peer 1: 1024 bytes
[MESSAGE] From peer 1: 1024 bytes
[MESSAGE] From peer 1: 1024 bytes
[MESSAGE] From peer 1: 1024 bytes
[MESSAGE] From peer 1: 1024 bytes
[MESSAGE] From peer 1: 1024 bytes
[MESSAGE] From peer 1: 1024 bytes
[MESSAGE] From peer 1: 1024 bytes
[MESSAGE] From peer 1: 1024 bytes
[MESSAGE] From peer 1: 1024 bytes
[MESSAGE] From peer 1: 1024 bytes
[MESSAGE] From peer 1: 1024 bytes
[MESSAGE] From peer 1: 1024 bytes
[MESSAGE] From peer 1: 1024 bytes
[MESSAGE] From peer 1: 1024 bytes
[MESSAGE] From peer 1: 1024 bytes
[MESSAGE] From peer 1: 1024 bytes
[MESSAGE] From peer 1: 1024 bytes
[MESSAGE] From peer 1: 1024 bytes
[MESSAGE] From peer 1: 1024 bytes
[MESSAGE] From peer 1: 1024 bytes
[MESSAGE] From peer 1: 1024 bytes
[MESSAGE] From peer 1: 1024 bytes
[MESSAGE] From peer 1: 1024 bytes
[MESSAGE] From peer 1: 1024 bytes
[MESSAGE] From peer 1: 1024 bytes
[MESSAGE] From peer 1: 1024 bytes
[MESSAGE] From peer 1: 1024 bytes
[MESSAGE] From peer 1: 1024 bytes
[MESSAGE] From peer 1: 1024 bytes
[MESSAGE] From peer 1: 1024 bytes
[MESSAGE] From peer 1: 1024 bytes
[MESSAGE] From peer 1: 1024 bytes
[MESSAGE] From peer 1: 1024 bytes
[MESSAGE] From peer 1: 1024 bytes
[MESSAGE] From peer 1: 1024 bytes
[MESSAGE] From peer 1: 1024 bytes
[MESSAGE] From peer 1: 1024 bytes
[MESSAGE] From peer 1: 1024 bytes
[MESSAGE] From peer 1: 1024 bytes
[MESSAGE] From peer 1: 1024 bytes
[MESSAGE] From peer 1: 1024 bytes
[MESSAGE] From peer 1: 1024 bytes
[MESSAGE] From peer 1: 1024 bytes
[MESSAGE] From peer 1: 1024 bytes
[MESSAGE] From peer 1: 1024 bytes
[MESSAGE] From peer 1: 1024 bytes
[MESSAGE] From peer 1: 1024 bytes
[MESSAGE] From peer 1: 1024 bytes
[MESSAGE] From peer 1: 1024 bytes
[MESSAGE] From peer 1: 1024 bytes
[MESSAGE] From peer 1: 1024 bytes
[MESSAGE] From peer 1: 1024 bytes
[MESSAGE] From peer 1: 1024 bytes
[MESSAGE] From peer 1: 1024 bytes
[MESSAGE] From peer 1: 1024 bytes
[MESSAGE] From peer 1: 1024 bytes
[MESSAGE] From peer 1: 1024 bytes
[MESSAGE] From peer 1: 1024 bytes
[MESSAGE] From peer 1: 1024 bytes
[MESSAGE] From peer 1: 1024 bytes
[MESSAGE] From peer 1: 1024 bytes
[MESSAGE] From peer 1: 1024 bytes
[MESSAGE] From peer 1: 1024 bytes
[MESSAGE] From peer 1: 1024 bytes
[MESSAGE] From peer 1: 1024 bytes
[MESSAGE] From peer 1: 1024 bytes
[MESSAGE] From peer 1: 1024 bytes
[MESSAGE] From peer 1: 1024 bytes
[MESSAGE] From peer 1: 1024 bytes
[MESSAGE] From peer 1: 1024 bytes
[MESSAGE] From peer 1: 1024 bytes
[MESSAGE] From peer 1: 1024 bytes
[MESSAGE] From peer 1: 1024 bytes
[MESSAGE] From peer 1: 1024 bytes
[MESSAGE] From peer 1: 1024 bytes
[MESSAGE] From peer 1: 1024 bytes
[MESSAGE] From peer 1: 1024 bytes
[MESSAGE] From peer 1: 1024 bytes
[MESSAGE] From peer 1: 1024 bytes
[MESSAGE] From peer 1: 1024 bytes
[MESSAGE] From peer 1: 1024 bytes
[MESSAGE] From peer 1: 1024 bytes
[MESSAGE] From peer 1: 1024 bytes
[MESSAGE] From peer 1: 1024 bytes
[MESSAGE] From peer 1: 1024 bytes
[MESSAGE] From peer 1: 1024 bytes
[MESSAGE] From peer 1: 1024 bytes
[MESSAGE] From peer 1: 1024 bytes
[MESSAGE] From peer 1: 1024 bytes
[MESSAGE] From peer 1: 1024 bytes
[MESSAGE] From peer 1: 1024 bytes
[MESSAGE] From peer 1: 1024 bytes
[MESSAGE] From peer 1: 1024 bytes
[MESSAGE] From peer 1: 1024 bytes
[MESSAGE] From peer 1: 1024 bytes
[MESSAGE] From peer 1: 1024 bytes
[DISCOVERED] Peer 2: "MacThroughput" at 10.188.1.213:7354
[MESSAGE] From peer 1: 1024 bytes
[MESSAGE] From peer 1: 1024 bytes
[ECHO] 4400 messages echoed
[MESSAGE] From peer 1: 1024 bytes
[MESSAGE] From peer 1: 1024 bytes
[MESSAGE] From peer 1: 1024 bytes
[MESSAGE] From peer 1: 1024 bytes
[MESSAGE] From peer 1: 1024 bytes
[MESSAGE] From peer 1: 1024 bytes
[MESSAGE] From peer 1: 1024 bytes
[MESSAGE] From peer 1: 1024 bytes
[MESSAGE] From peer 1: 1024 bytes
[MESSAGE] From peer 1: 1024 bytes
[MESSAGE] From peer 1: 1024 bytes
[MESSAGE] From peer 1: 1024 bytes
[MESSAGE] From peer 1: 1024 bytes
[MESSAGE] From peer 1: 1024 bytes
[MESSAGE] From peer 1: 1024 bytes
[MESSAGE] From peer 1: 1024 bytes
[MESSAGE] From peer 1: 1024 bytes
[MESSAGE] From peer 1: 1024 bytes
[MESSAGE] From peer 1: 1024 bytes
[MESSAGE] From peer 1: 1024 bytes
[MESSAGE] From peer 1: 1024 bytes
[MESSAGE] From peer 1: 1024 bytes
[MESSAGE] From peer 1: 1024 bytes
[MESSAGE] From peer 1: 1024 bytes
[MESSAGE] From peer 1: 1024 bytes
[MESSAGE] From peer 1: 1024 bytes
[MESSAGE] From peer 1: 1024 bytes
[MESSAGE] From peer 1: 1024 bytes
[MESSAGE] From peer 1: 1024 bytes
[MESSAGE] From peer 1: 1024 bytes
[MESSAGE] From peer 1: 1024 bytes
[MESSAGE] From peer 1: 1024 bytes
[MESSAGE] From peer 1: 1024 bytes
[MESSAGE] From peer 1: 1024 bytes
[MESSAGE] From peer 1: 1024 bytes
[MESSAGE] From peer 1: 1024 bytes
[MESSAGE] From peer 1: 1024 bytes
[MESSAGE] From peer 1: 1024 bytes
[MESSAGE] From peer 1: 1024 bytes
[MESSAGE] From peer 1: 1024 bytes
[MESSAGE] From peer 1: 1024 bytes
[MESSAGE] From peer 1: 1024 bytes
[MESSAGE] From peer 1: 1024 bytes
[MESSAGE] From peer 1: 1024 bytes
[MESSAGE] From peer 1: 1024 bytes
[MESSAGE] From peer 1: 1024 bytes
[MESSAGE] From peer 1: 1024 bytes
[MESSAGE] From peer 1: 1024 bytes
[MESSAGE] From peer 1: 1024 bytes
[MESSAGE] From peer 1: 1024 bytes
[MESSAGE] From peer 1: 1024 bytes
[MESSAGE] From peer 1: 1024 bytes
[MESSAGE] From peer 1: 1024 bytes
[MESSAGE] From peer 1: 1024 bytes
[MESSAGE] From peer 1: 1024 bytes
[MESSAGE] From peer 1: 1024 bytes
[MESSAGE] From peer 1: 1024 bytes
[MESSAGE] From peer 1: 1024 bytes
[MESSAGE] From peer 1: 1024 bytes
[MESSAGE] From peer 1: 1024 bytes
[MESSAGE] From peer 1: 1024 bytes
[MESSAGE] From peer 1: 1024 bytes
[MESSAGE] From peer 1: 1024 bytes
[MESSAGE] From peer 1: 1024 bytes
[MESSAGE] From peer 1: 1024 bytes
[MESSAGE] From peer 1: 1024 bytes
[MESSAGE] From peer 1: 1024 bytes
[MESSAGE] From peer 1: 1024 bytes
[MESSAGE] From peer 1: 1024 bytes
[MESSAGE] From peer 1: 1024 bytes
[MESSAGE] From peer 1: 1024 bytes
[MESSAGE] From peer 1: 1024 bytes
[MESSAGE] From peer 1: 1024 bytes
[MESSAGE] From peer 1: 1024 bytes
[MESSAGE] From peer 1: 1024 bytes
[MESSAGE] From peer 1: 1024 bytes
[MESSAGE] From peer 1: 1024 bytes
[MESSAGE] From peer 1: 1024 bytes
[MESSAGE] From peer 1: 1024 bytes
[MESSAGE] From peer 1: 1024 bytes
[MESSAGE] From peer 1: 1024 bytes
[MESSAGE] From peer 1: 1024 bytes
[MESSAGE] From peer 1: 1024 bytes
[MESSAGE] From peer 1: 1024 bytes
[MESSAGE] From peer 1: 1024 bytes
[MESSAGE] From peer 1: 1024 bytes
[MESSAGE] From peer 1: 1024 bytes
[MESSAGE] From peer 1: 1024 bytes
[MESSAGE] From peer 1: 1024 bytes
[MESSAGE] From peer 1: 1024 bytes
[MESSAGE] From peer 1: 1024 bytes
[MESSAGE] From peer 1: 1024 bytes
[MESSAGE] From peer 1: 1024 bytes
[MESSAGE] From peer 1: 1024 bytes
[MESSAGE] From peer 1: 1024 bytes
[MESSAGE] From peer 1: 1024 bytes
[MESSAGE] From peer 1: 1024 bytes
[MESSAGE] From peer 1: 1024 bytes
[MESSAGE] From peer 1: 1024 bytes
[MESSAGE] From peer 1: 1024 bytes
[ECHO] 4500 messages echoed
[MESSAGE] From peer 1: 1024 bytes
[MESSAGE] From peer 1: 1024 bytes
[MESSAGE] From peer 1: 1024 bytes
[MESSAGE] From peer 1: 1024 bytes
[MESSAGE] From peer 1: 1024 bytes
[MESSAGE] From peer 1: 1024 bytes
[MESSAGE] From peer 1: 1024 bytes
[MESSAGE] From peer 1: 1024 bytes
[MESSAGE] From peer 1: 1024 bytes
[MESSAGE] From peer 1: 1024 bytes
[MESSAGE] From peer 1: 1024 bytes
[MESSAGE] From peer 1: 1024 bytes
[MESSAGE] From peer 1: 1024 bytes
[MESSAGE] From peer 1: 1024 bytes
[MESSAGE] From peer 1: 1024 bytes
[MESSAGE] From peer 1: 1024 bytes
[MESSAGE] From peer 1: 1024 bytes
[MESSAGE] From peer 1: 1024 bytes
[MESSAGE] From peer 1: 1024 bytes
[MESSAGE] From peer 1: 1024 bytes
[MESSAGE] From peer 1: 1024 bytes
[MESSAGE] From peer 1: 1024 bytes
[MESSAGE] From peer 1: 1024 bytes
[MESSAGE] From peer 1: 1024 bytes
[MESSAGE] From peer 1: 1024 bytes
[MESSAGE] From peer 1: 1024 bytes
[MESSAGE] From peer 1: 1024 bytes
[MESSAGE] From peer 1: 1024 bytes
[MESSAGE] From peer 1: 1024 bytes
[MESSAGE] From peer 1: 1024 bytes
[MESSAGE] From peer 1: 1024 bytes
[MESSAGE] From peer 1: 1024 bytes
[MESSAGE] From peer 1: 1024 bytes
[MESSAGE] From peer 1: 1024 bytes
[MESSAGE] From peer 1: 1024 bytes
[MESSAGE] From peer 1: 1024 bytes
[MESSAGE] From peer 1: 1024 bytes
[MESSAGE] From peer 1: 1024 bytes
[MESSAGE] From peer 1: 1024 bytes
[MESSAGE] From peer 1: 1024 bytes
[MESSAGE] From peer 1: 1024 bytes
[MESSAGE] From peer 1: 1024 bytes
[MESSAGE] From peer 1: 1024 bytes
[MESSAGE] From peer 1: 1024 bytes
[MESSAGE] From peer 1: 1024 bytes
[MESSAGE] From peer 1: 1024 bytes
[MESSAGE] From peer 1: 1024 bytes
[MESSAGE] From peer 1: 1024 bytes
[MESSAGE] From peer 1: 1024 bytes
[MESSAGE] From peer 1: 1024 bytes
[MESSAGE] From peer 1: 1024 bytes
[MESSAGE] From peer 1: 1024 bytes
[MESSAGE] From peer 1: 1024 bytes
[MESSAGE] From peer 1: 1024 bytes
[MESSAGE] From peer 1: 1024 bytes
[MESSAGE] From peer 1: 1024 bytes
[MESSAGE] From peer 1: 1024 bytes
[MESSAGE] From peer 1: 1024 bytes
[MESSAGE] From peer 1: 1024 bytes
[MESSAGE] From peer 1: 1024 bytes
[MESSAGE] From peer 1: 1024 bytes
[MESSAGE] From peer 1: 1024 bytes
[MESSAGE] From peer 1: 1024 bytes
[MESSAGE] From peer 1: 1024 bytes
[MESSAGE] From peer 1: 1024 bytes
[MESSAGE] From peer 1: 1024 bytes
[MESSAGE] From peer 1: 1024 bytes
[MESSAGE] From peer 1: 1024 bytes
[MESSAGE] From peer 1: 1024 bytes
[MESSAGE] From peer 1: 1024 bytes
[MESSAGE] From peer 1: 1024 bytes
[MESSAGE] From peer 1: 1024 bytes
[MESSAGE] From peer 1: 1024 bytes
[MESSAGE] From peer 1: 1024 bytes
[MESSAGE] From peer 1: 1024 bytes
[MESSAGE] From peer 1: 1024 bytes
[MESSAGE] From peer 1: 1024 bytes
[MESSAGE] From peer 1: 1024 bytes
[MESSAGE] From peer 1: 1024 bytes
[MESSAGE] From peer 1: 1024 bytes
[MESSAGE] From peer 1: 1024 bytes
[MESSAGE] From peer 1: 1024 bytes
[MESSAGE] From peer 1: 1024 bytes
[MESSAGE] From peer 1: 1024 bytes
[MESSAGE] From peer 1: 1024 bytes
[MESSAGE] From peer 1: 1024 bytes
[MESSAGE] From peer 1: 1024 bytes
[MESSAGE] From peer 1: 1024 bytes
[MESSAGE] From peer 1: 1024 bytes
[MESSAGE] From peer 1: 1024 bytes
[MESSAGE] From peer 1: 1024 bytes
[MESSAGE] From peer 1: 1024 bytes
[MESSAGE] From peer 1: 1024 bytes
[MESSAGE] From peer 1: 1024 bytes
[MESSAGE] From peer 1: 1024 bytes
[MESSAGE] From peer 1: 1024 bytes
[MESSAGE] From peer 1: 1024 bytes
[MESSAGE] From peer 1: 1024 bytes
[MESSAGE] From peer 1: 1024 bytes
[MESSAGE] From peer 1: 1024 bytes
[ECHO] 4600 messages echoed
[MESSAGE] From peer 1: 1024 bytes
[MESSAGE] From peer 1: 1024 bytes
[MESSAGE] From peer 1: 1024 bytes
[MESSAGE] From peer 1: 1024 bytes
[MESSAGE] From peer 1: 1024 bytes
[MESSAGE] From peer 1: 1024 bytes
[MESSAGE] From peer 1: 1024 bytes
[MESSAGE] From peer 1: 1024 bytes
[MESSAGE] From peer 1: 1024 bytes
[MESSAGE] From peer 1: 1024 bytes
[MESSAGE] From peer 1: 1024 bytes
[MESSAGE] From peer 1: 1024 bytes
[MESSAGE] From peer 1: 1024 bytes
[MESSAGE] From peer 1: 1024 bytes
[MESSAGE] From peer 1: 1024 bytes
[MESSAGE] From peer 1: 1024 bytes
[MESSAGE] From peer 1: 1024 bytes
[MESSAGE] From peer 1: 1024 bytes
[MESSAGE] From peer 1: 1024 bytes
[MESSAGE] From peer 1: 1024 bytes
[MESSAGE] From peer 1: 1024 bytes
[MESSAGE] From peer 1: 1024 bytes
[MESSAGE] From peer 1: 1024 bytes
[MESSAGE] From peer 1: 1024 bytes
[MESSAGE] From peer 1: 1024 bytes
[MESSAGE] From peer 1: 1024 bytes
[MESSAGE] From peer 1: 1024 bytes
[MESSAGE] From peer 1: 1024 bytes
[MESSAGE] From peer 1: 1024 bytes
[MESSAGE] From peer 1: 1024 bytes
[MESSAGE] From peer 1: 1024 bytes
[MESSAGE] From peer 1: 1024 bytes
[MESSAGE] From peer 1: 1024 bytes
[MESSAGE] From peer 1: 1024 bytes
[MESSAGE] From peer 1: 1024 bytes
[MESSAGE] From peer 1: 1024 bytes
[MESSAGE] From peer 1: 1024 bytes
[MESSAGE] From peer 1: 1024 bytes
[MESSAGE] From peer 1: 1024 bytes
[MESSAGE] From peer 1: 1024 bytes
[MESSAGE] From peer 1: 1024 bytes
[MESSAGE] From peer 1: 1024 bytes
[MESSAGE] From peer 1: 1024 bytes
[MESSAGE] From peer 1: 1024 bytes
[MESSAGE] From peer 1: 1024 bytes
[MESSAGE] From peer 1: 1024 bytes
[MESSAGE] From peer 1: 1024 bytes
[MESSAGE] From peer 1: 1024 bytes
[MESSAGE] From peer 1: 1024 bytes
[MESSAGE] From peer 1: 1024 bytes
[MESSAGE] From peer 1: 1024 bytes
[MESSAGE] From peer 1: 1024 bytes
[MESSAGE] From peer 1: 1024 bytes
[MESSAGE] From peer 1: 1024 bytes
[MESSAGE] From peer 1: 1024 bytes
[MESSAGE] From peer 1: 1024 bytes
[MESSAGE] From peer 1: 1024 bytes
[MESSAGE] From peer 1: 1024 bytes
[STATUS] 140 sec: peers=4, msgs=4658, connected=yes
[MESSAGE] From peer 1: 1024 bytes
[MESSAGE] From peer 1: 1024 bytes
[MESSAGE] From peer 1: 1024 bytes
[MESSAGE] From peer 1: 1024 bytes
[MESSAGE] From peer 1: 1024 bytes
[MESSAGE] From peer 1: 1024 bytes
[MESSAGE] From peer 1: 1024 bytes
[MESSAGE] From peer 1: 1024 bytes
[MESSAGE] From peer 1: 1024 bytes
[MESSAGE] From peer 1: 1024 bytes
[MESSAGE] From peer 1: 1024 bytes
[MESSAGE] From peer 1: 1024 bytes
[MESSAGE] From peer 1: 1024 bytes
[MESSAGE] From peer 1: 1024 bytes
[MESSAGE] From peer 1: 1024 bytes
[MESSAGE] From peer 1: 1024 bytes
[MESSAGE] From peer 1: 1024 bytes
[MESSAGE] From peer 1: 1024 bytes
[MESSAGE] From peer 1: 1024 bytes
[MESSAGE] From peer 1: 1024 bytes
[MESSAGE] From peer 1: 1024 bytes
[MESSAGE] From peer 1: 1024 bytes
[MESSAGE] From peer 1: 1024 bytes
[MESSAGE] From peer 1: 1024 bytes
[MESSAGE] From peer 1: 1024 bytes
[MESSAGE] From peer 1: 1024 bytes
[MESSAGE] From peer 1: 1024 bytes
[MESSAGE] From peer 1: 1024 bytes
[MESSAGE] From peer 1: 1024 bytes
[MESSAGE] From peer 1: 1024 bytes
[MESSAGE] From peer 1: 1024 bytes
[MESSAGE] From peer 1: 1024 bytes
[MESSAGE] From peer 1: 1024 bytes
[MESSAGE] From peer 1: 1024 bytes
[MESSAGE] From peer 1: 1024 bytes
[MESSAGE] From peer 1: 1024 bytes
[MESSAGE] From peer 1: 1024 bytes
[MESSAGE] From peer 1: 1024 bytes
[MESSAGE] From peer 1: 1024 bytes
[MESSAGE] From peer 1: 1024 bytes
[MESSAGE] From peer 1: 1024 bytes
[MESSAGE] From peer 1: 1024 bytes
[ECHO] 4700 messages echoed
[MESSAGE] From peer 1: 1024 bytes
[MESSAGE] From peer 1: 1024 bytes
[MESSAGE] From peer 1: 1024 bytes
[MESSAGE] From peer 1: 1024 bytes
[MESSAGE] From peer 1: 1024 bytes
[MESSAGE] From peer 1: 1024 bytes
[MESSAGE] From peer 1: 1024 bytes
[MESSAGE] From peer 1: 1024 bytes
[MESSAGE] From peer 1: 1024 bytes
[MESSAGE] From peer 1: 1024 bytes
[MESSAGE] From peer 1: 1024 bytes
[MESSAGE] From peer 1: 1024 bytes
[MESSAGE] From peer 1: 1024 bytes
[MESSAGE] From peer 1: 1024 bytes
[MESSAGE] From peer 1: 1024 bytes
[MESSAGE] From peer 1: 1024 bytes
[MESSAGE] From peer 1: 1024 bytes
[MESSAGE] From peer 1: 1024 bytes
[MESSAGE] From peer 1: 1024 bytes
[MESSAGE] From peer 1: 1024 bytes
[MESSAGE] From peer 1: 1024 bytes
[MESSAGE] From peer 1: 1024 bytes
[MESSAGE] From peer 1: 1024 bytes
[MESSAGE] From peer 1: 1024 bytes
[MESSAGE] From peer 1: 1024 bytes
[MESSAGE] From peer 1: 1024 bytes
[MESSAGE] From peer 1: 1024 bytes
[MESSAGE] From peer 1: 1024 bytes
[MESSAGE] From peer 1: 1024 bytes
[MESSAGE] From peer 1: 1024 bytes
[MESSAGE] From peer 1: 1024 bytes
[MESSAGE] From peer 1: 1024 bytes
[MESSAGE] From peer 1: 1024 bytes
[MESSAGE] From peer 1: 1024 bytes
[MESSAGE] From peer 1: 1024 bytes
[MESSAGE] From peer 1: 1024 bytes
[MESSAGE] From peer 1: 1024 bytes
[MESSAGE] From peer 1: 1024 bytes
[MESSAGE] From peer 1: 1024 bytes
[MESSAGE] From peer 1: 1024 bytes
[MESSAGE] From peer 1: 1024 bytes
[MESSAGE] From peer 1: 1024 bytes
[MESSAGE] From peer 1: 1024 bytes
[MESSAGE] From peer 1: 1024 bytes
[MESSAGE] From peer 1: 1024 bytes
[MESSAGE] From peer 1: 1024 bytes
[MESSAGE] From peer 1: 1024 bytes
[MESSAGE] From peer 1: 1024 bytes
[MESSAGE] From peer 1: 1024 bytes
[MESSAGE] From peer 1: 1024 bytes
[MESSAGE] From peer 1: 1024 bytes
[MESSAGE] From peer 1: 1024 bytes
[MESSAGE] From peer 1: 1024 bytes
[MESSAGE] From peer 1: 1024 bytes
[MESSAGE] From peer 1: 1024 bytes
[MESSAGE] From peer 1: 1024 bytes
[MESSAGE] From peer 1: 1024 bytes
[MESSAGE] From peer 1: 1024 bytes
[MESSAGE] From peer 1: 1024 bytes
[MESSAGE] From peer 1: 1024 bytes
[MESSAGE] From peer 1: 1024 bytes
[MESSAGE] From peer 1: 1024 bytes
[MESSAGE] From peer 1: 1024 bytes
[MESSAGE] From peer 1: 1024 bytes
[MESSAGE] From peer 1: 1024 bytes
[MESSAGE] From peer 1: 1024 bytes
[MESSAGE] From peer 1: 1024 bytes
[MESSAGE] From peer 1: 1024 bytes
[MESSAGE] From peer 1: 1024 bytes
[MESSAGE] From peer 1: 1024 bytes
[MESSAGE] From peer 1: 1024 bytes
[MESSAGE] From peer 1: 1024 bytes
[MESSAGE] From peer 1: 1024 bytes
[MESSAGE] From peer 1: 1024 bytes
[MESSAGE] From peer 1: 1024 bytes
[MESSAGE] From peer 1: 1024 bytes
[MESSAGE] From peer 1: 1024 bytes
[MESSAGE] From peer 1: 1024 bytes
[MESSAGE] From peer 1: 1024 bytes
[MESSAGE] From peer 1: 1024 bytes
[MESSAGE] From peer 1: 1024 bytes
[MESSAGE] From peer 1: 1024 bytes
[MESSAGE] From peer 1: 1024 bytes
[MESSAGE] From peer 1: 1024 bytes
[MESSAGE] From peer 1: 1024 bytes
[MESSAGE] From peer 1: 1024 bytes
[MESSAGE] From peer 1: 1024 bytes
[MESSAGE] From peer 1: 1024 bytes
[MESSAGE] From peer 1: 1024 bytes
[MESSAGE] From peer 1: 1024 bytes
[MESSAGE] From peer 1: 1024 bytes
[MESSAGE] From peer 1: 1024 bytes
[MESSAGE] From peer 1: 1024 bytes
[MESSAGE] From peer 1: 1024 bytes
[MESSAGE] From peer 1: 1024 bytes
[MESSAGE] From peer 1: 1024 bytes
[MESSAGE] From peer 1: 1024 bytes
[MESSAGE] From peer 1: 1024 bytes
[MESSAGE] From peer 1: 1024 bytes
[MESSAGE] From peer 1: 1024 bytes
[ECHO] 4800 messages echoed
[MESSAGE] From peer 1: 1024 bytes
[MESSAGE] From peer 1: 1024 bytes
[MESSAGE] From peer 1: 1024 bytes
[MESSAGE] From peer 1: 1024 bytes
[MESSAGE] From peer 1: 1024 bytes
[MESSAGE] From peer 1: 1024 bytes
[MESSAGE] From peer 1: 1024 bytes
[MESSAGE] From peer 1: 1024 bytes
[MESSAGE] From peer 1: 1024 bytes
[MESSAGE] From peer 1: 1024 bytes
[MESSAGE] From peer 1: 1024 bytes
[MESSAGE] From peer 1: 1024 bytes
[MESSAGE] From peer 1: 1024 bytes
[MESSAGE] From peer 1: 1024 bytes
[MESSAGE] From peer 1: 1024 bytes
[MESSAGE] From peer 1: 1024 bytes
[MESSAGE] From peer 1: 1024 bytes
[MESSAGE] From peer 1: 1024 bytes
[MESSAGE] From peer 1: 1024 bytes
[MESSAGE] From peer 1: 1024 bytes
[MESSAGE] From peer 1: 1024 bytes
[MESSAGE] From peer 1: 1024 bytes
[MESSAGE] From peer 1: 1024 bytes
[MESSAGE] From peer 1: 1024 bytes
[MESSAGE] From peer 1: 1024 bytes
[MESSAGE] From peer 1: 1024 bytes
[MESSAGE] From peer 1: 1024 bytes
[MESSAGE] From peer 1: 1024 bytes
[MESSAGE] From peer 1: 1024 bytes
[MESSAGE] From peer 1: 1024 bytes
[MESSAGE] From peer 1: 1024 bytes
[MESSAGE] From peer 1: 1024 bytes
[MESSAGE] From peer 1: 1024 bytes
[MESSAGE] From peer 1: 1024 bytes
[MESSAGE] From peer 1: 1024 bytes
[MESSAGE] From peer 1: 1024 bytes
[MESSAGE] From peer 1: 1024 bytes
[MESSAGE] From peer 1: 1024 bytes
[MESSAGE] From peer 1: 1024 bytes
[MESSAGE] From peer 1: 1024 bytes
[MESSAGE] From peer 1: 1024 bytes
[MESSAGE] From peer 1: 1024 bytes
[MESSAGE] From peer 1: 1024 bytes
[MESSAGE] From peer 1: 1024 bytes
[MESSAGE] From peer 1: 1024 bytes
[MESSAGE] From peer 1: 1024 bytes
[MESSAGE] From peer 1: 1024 bytes
[MESSAGE] From peer 1: 1024 bytes
[MESSAGE] From peer 1: 1024 bytes
[MESSAGE] From peer 1: 1024 bytes
[MESSAGE] From peer 1: 1024 bytes
[MESSAGE] From peer 1: 1024 bytes
[MESSAGE] From peer 1: 1024 bytes
[MESSAGE] From peer 1: 1024 bytes
[MESSAGE] From peer 1: 1024 bytes
[MESSAGE] From peer 1: 1024 bytes
[MESSAGE] From peer 1: 1024 bytes
[MESSAGE] From peer 1: 1024 bytes
[MESSAGE] From peer 1: 1024 bytes
[MESSAGE] From peer 1: 1024 bytes
[MESSAGE] From peer 1: 1024 bytes
[MESSAGE] From peer 1: 1024 bytes
[MESSAGE] From peer 1: 1024 bytes
[MESSAGE] From peer 1: 1024 bytes
[MESSAGE] From peer 1: 1024 bytes
[MESSAGE] From peer 1: 1024 bytes
[MESSAGE] From peer 1: 1024 bytes
[MESSAGE] From peer 1: 1024 bytes
[MESSAGE] From peer 1: 1024 bytes
[MESSAGE] From peer 1: 1024 bytes
[MESSAGE] From peer 1: 1024 bytes
[MESSAGE] From peer 1: 1024 bytes
[MESSAGE] From peer 1: 1024 bytes
[MESSAGE] From peer 1: 1024 bytes
[MESSAGE] From peer 1: 1024 bytes
[MESSAGE] From peer 1: 1024 bytes
[MESSAGE] From peer 1: 1024 bytes
[MESSAGE] From peer 1: 1024 bytes
[MESSAGE] From peer 1: 1024 bytes
[MESSAGE] From peer 1: 1024 bytes
[MESSAGE] From peer 1: 1024 bytes
[MESSAGE] From peer 1: 1024 bytes
[MESSAGE] From peer 1: 1024 bytes
[MESSAGE] From peer 1: 1024 bytes
[MESSAGE] From peer 1: 1024 bytes
[MESSAGE] From peer 1: 1024 bytes
[MESSAGE] From peer 1: 1024 bytes
[MESSAGE] From peer 1: 1024 bytes
[MESSAGE] From peer 1: 1024 bytes
[MESSAGE] From peer 1: 1024 bytes
[MESSAGE] From peer 1: 1024 bytes
[MESSAGE] From peer 1: 1024 bytes
[MESSAGE] From peer 1: 1024 bytes
[MESSAGE] From peer 1: 1024 bytes
[MESSAGE] From peer 1: 1024 bytes
[MESSAGE] From peer 1: 1024 bytes
[MESSAGE] From peer 1: 1024 bytes
[MESSAGE] From peer 1: 1024 bytes
[MESSAGE] From peer 1: 1024 bytes
[MESSAGE] From peer 1: 1024 bytes
[ECHO] 4900 messages echoed
[MESSAGE] From peer 1: 1024 bytes
[MESSAGE] From peer 1: 1024 bytes
[MESSAGE] From peer 1: 1024 bytes
[MESSAGE] From peer 1: 1024 bytes
[MESSAGE] From peer 1: 1024 bytes
[MESSAGE] From peer 1: 1024 bytes
[MESSAGE] From peer 1: 1024 bytes
[MESSAGE] From peer 1: 1024 bytes
[MESSAGE] From peer 1: 1024 bytes
[MESSAGE] From peer 1: 1024 bytes
[MESSAGE] From peer 1: 1024 bytes
[MESSAGE] From peer 1: 1024 bytes
[MESSAGE] From peer 1: 1024 bytes
[MESSAGE] From peer 1: 1024 bytes
[MESSAGE] From peer 1: 1024 bytes
[MESSAGE] From peer 1: 1024 bytes
[MESSAGE] From peer 1: 1024 bytes
[MESSAGE] From peer 1: 1024 bytes
[MESSAGE] From peer 1: 1024 bytes
[MESSAGE] From peer 1: 1024 bytes
[MESSAGE] From peer 1: 1024 bytes
[MESSAGE] From peer 1: 1024 bytes
[MESSAGE] From peer 1: 1024 bytes
[MESSAGE] From peer 1: 1024 bytes
[MESSAGE] From peer 1: 1024 bytes
[MESSAGE] From peer 1: 1024 bytes
[MESSAGE] From peer 1: 1024 bytes
[MESSAGE] From peer 1: 1024 bytes
[MESSAGE] From peer 1: 1024 bytes
[MESSAGE] From peer 1: 1024 bytes
[MESSAGE] From peer 1: 1024 bytes
[MESSAGE] From peer 1: 1024 bytes
[MESSAGE] From peer 1: 1024 bytes
[MESSAGE] From peer 1: 1024 bytes
[MESSAGE] From peer 1: 1024 bytes
[MESSAGE] From peer 1: 1024 bytes
[MESSAGE] From peer 1: 1024 bytes
[MESSAGE] From peer 1: 1024 bytes
[MESSAGE] From peer 1: 1024 bytes
[MESSAGE] From peer 1: 1024 bytes
[MESSAGE] From peer 1: 1024 bytes
[MESSAGE] From peer 1: 1024 bytes
[MESSAGE] From peer 1: 1024 bytes
[MESSAGE] From peer 1: 1024 bytes
[MESSAGE] From peer 1: 1024 bytes
[MESSAGE] From peer 1: 1024 bytes
[MESSAGE] From peer 1: 1024 bytes
[MESSAGE] From peer 1: 1024 bytes
[MESSAGE] From peer 1: 1024 bytes
[MESSAGE] From peer 1: 1024 bytes
[MESSAGE] From peer 1: 1024 bytes
[MESSAGE] From peer 1: 1024 bytes
[MESSAGE] From peer 1: 1024 bytes
[MESSAGE] From peer 1: 1024 bytes
[MESSAGE] From peer 1: 1024 bytes
[MESSAGE] From peer 1: 1024 bytes
[MESSAGE] From peer 1: 1024 bytes
[MESSAGE] From peer 1: 1024 bytes
[MESSAGE] From peer 1: 1024 bytes
[MESSAGE] From peer 1: 1024 bytes
[MESSAGE] From peer 1: 1024 bytes
[MESSAGE] From peer 1: 1024 bytes
[MESSAGE] From peer 1: 1024 bytes
[MESSAGE] From peer 1: 1024 bytes
[MESSAGE] From peer 1: 1024 bytes
[MESSAGE] From peer 1: 1024 bytes
[MESSAGE] From peer 1: 1024 bytes
[MESSAGE] From peer 1: 1024 bytes
[MESSAGE] From peer 1: 1024 bytes
[MESSAGE] From peer 1: 1024 bytes
[MESSAGE] From peer 1: 1024 bytes
[MESSAGE] From peer 1: 1024 bytes
[MESSAGE] From peer 1: 1024 bytes
[MESSAGE] From peer 1: 1024 bytes
[MESSAGE] From peer 1: 1024 bytes
[MESSAGE] From peer 1: 1024 bytes
[MESSAGE] From peer 1: 1024 bytes
[MESSAGE] From peer 1: 1024 bytes
[MESSAGE] From peer 1: 1024 bytes
[MESSAGE] From peer 1: 1024 bytes
[MESSAGE] From peer 1: 1024 bytes
[MESSAGE] From peer 1: 1024 bytes
[MESSAGE] From peer 1: 1024 bytes
[MESSAGE] From peer 1: 1024 bytes
[MESSAGE] From peer 1: 1024 bytes
[MESSAGE] From peer 1: 1024 bytes
[MESSAGE] From peer 1: 1024 bytes
[MESSAGE] From peer 1: 1024 bytes
[MESSAGE] From peer 1: 1024 bytes
[MESSAGE] From peer 1: 1024 bytes
[MESSAGE] From peer 1: 1024 bytes
[MESSAGE] From peer 1: 1024 bytes
[MESSAGE] From peer 1: 1024 bytes
[MESSAGE] From peer 1: 1024 bytes
[MESSAGE] From peer 1: 1024 bytes
[MESSAGE] From peer 1: 1024 bytes
[MESSAGE] From peer 1: 1024 bytes
[MESSAGE] From peer 1: 1024 bytes
[MESSAGE] From peer 1: 1024 bytes
[MESSAGE] From peer 1: 1024 bytes
[ECHO] 5000 messages echoed
[MESSAGE] From peer 1: 1024 bytes
[MESSAGE] From peer 1: 1024 bytes
[MESSAGE] From peer 1: 1024 bytes
[MESSAGE] From peer 1: 1024 bytes
[MESSAGE] From peer 1: 1024 bytes
[MESSAGE] From peer 1: 1024 bytes
[MESSAGE] From peer 1: 1024 bytes
[MESSAGE] From peer 1: 1024 bytes
[MESSAGE] From peer 1: 1024 bytes
[MESSAGE] From peer 1: 1024 bytes
[MESSAGE] From peer 1: 1024 bytes
[MESSAGE] From peer 1: 1024 bytes
[MESSAGE] From peer 1: 1024 bytes
[MESSAGE] From peer 1: 1024 bytes
[MESSAGE] From peer 1: 1024 bytes
[MESSAGE] From peer 1: 1024 bytes
[MESSAGE] From peer 1: 1024 bytes
[MESSAGE] From peer 1: 1024 bytes
[MESSAGE] From peer 1: 1024 bytes
[MESSAGE] From peer 1: 1024 bytes
[MESSAGE] From peer 1: 1024 bytes
[MESSAGE] From peer 1: 1024 bytes
[MESSAGE] From peer 1: 1024 bytes
[MESSAGE] From peer 1: 1024 bytes
[MESSAGE] From peer 1: 1024 bytes
[MESSAGE] From peer 1: 1024 bytes
[MESSAGE] From peer 1: 1024 bytes
[MESSAGE] From peer 1: 1024 bytes
[MESSAGE] From peer 1: 1024 bytes
[MESSAGE] From peer 1: 1024 bytes
[MESSAGE] From peer 1: 1024 bytes
[MESSAGE] From peer 1: 1024 bytes
[MESSAGE] From peer 1: 1024 bytes
[MESSAGE] From peer 1: 1024 bytes
[MESSAGE] From peer 1: 1024 bytes
[MESSAGE] From peer 1: 1024 bytes
[MESSAGE] From peer 1: 1024 bytes
[MESSAGE] From peer 1: 1024 bytes
[MESSAGE] From peer 1: 1024 bytes
[MESSAGE] From peer 1: 1024 bytes
[MESSAGE] From peer 1: 1024 bytes
[MESSAGE] From peer 1: 1024 bytes
[MESSAGE] From peer 1: 1024 bytes
[MESSAGE] From peer 1: 1024 bytes
[MESSAGE] From peer 1: 1024 bytes
[MESSAGE] From peer 1: 1024 bytes
[DISCOVERED] Peer 2: "MacThroughput" at 10.188.1.213:7354
[MESSAGE] From peer 1: 1024 bytes
[MESSAGE] From peer 1: 1024 bytes
[MESSAGE] From peer 1: 1024 bytes
[MESSAGE] From peer 1: 1024 bytes
[MESSAGE] From peer 1: 1024 bytes
[MESSAGE] From peer 1: 1024 bytes
[MESSAGE] From peer 1: 1024 bytes
[MESSAGE] From peer 1: 1024 bytes
[MESSAGE] From peer 1: 1024 bytes
[MESSAGE] From peer 1: 1024 bytes
[MESSAGE] From peer 1: 1024 bytes
[MESSAGE] From peer 1: 1024 bytes
[MESSAGE] From peer 1: 1024 bytes
[MESSAGE] From peer 1: 1024 bytes
[MESSAGE] From peer 1: 1024 bytes
[MESSAGE] From peer 1: 1024 bytes
[MESSAGE] From peer 1: 1024 bytes
[MESSAGE] From peer 1: 1024 bytes
[MESSAGE] From peer 1: 1024 bytes
[MESSAGE] From peer 1: 1024 bytes
[MESSAGE] From peer 1: 1024 bytes
[MESSAGE] From peer 1: 1024 bytes
[MESSAGE] From peer 1: 1024 bytes
[MESSAGE] From peer 1: 1024 bytes
[MESSAGE] From peer 1: 1024 bytes
[MESSAGE] From peer 1: 1024 bytes
[MESSAGE] From peer 1: 1024 bytes
[MESSAGE] From peer 1: 1024 bytes
[MESSAGE] From peer 1: 1024 bytes
[MESSAGE] From peer 1: 1024 bytes
[MESSAGE] From peer 1: 1024 bytes
[MESSAGE] From peer 1: 1024 bytes
[MESSAGE] From peer 1: 1024 bytes
[MESSAGE] From peer 1: 1024 bytes
[MESSAGE] From peer 1: 1024 bytes
[MESSAGE] From peer 1: 1024 bytes
[MESSAGE] From peer 1: 1024 bytes
[MESSAGE] From peer 1: 1024 bytes
[MESSAGE] From peer 1: 1024 bytes
[MESSAGE] From peer 1: 1024 bytes
[MESSAGE] From peer 1: 1024 bytes
[MESSAGE] From peer 1: 1024 bytes
[MESSAGE] From peer 1: 1024 bytes
[MESSAGE] From peer 1: 1024 bytes
[MESSAGE] From peer 1: 1024 bytes
[MESSAGE] From peer 1: 1024 bytes
[MESSAGE] From peer 1: 1024 bytes
[MESSAGE] From peer 1: 1024 bytes
[MESSAGE] From peer 1: 1024 bytes
[MESSAGE] From peer 1: 1024 bytes
[MESSAGE] From peer 1: 1024 bytes
[MESSAGE] From peer 1: 1024 bytes
[MESSAGE] From peer 1: 1024 bytes
[MESSAGE] From peer 1: 1024 bytes
[ECHO] 5100 messages echoed
[MESSAGE] From peer 1: 1024 bytes
[MESSAGE] From peer 1: 1024 bytes
[MESSAGE] From peer 1: 1024 bytes
[MESSAGE] From peer 1: 1024 bytes
[MESSAGE] From peer 1: 1024 bytes
[MESSAGE] From peer 1: 1024 bytes
[MESSAGE] From peer 1: 1024 bytes
[MESSAGE] From peer 1: 1024 bytes
[MESSAGE] From peer 1: 1024 bytes
[MESSAGE] From peer 1: 1024 bytes
[MESSAGE] From peer 1: 1024 bytes
[MESSAGE] From peer 1: 1024 bytes
[MESSAGE] From peer 1: 1024 bytes
[MESSAGE] From peer 1: 1024 bytes
[MESSAGE] From peer 1: 1024 bytes
[MESSAGE] From peer 1: 1024 bytes
[MESSAGE] From peer 1: 1024 bytes
[STATUS] 150 sec: peers=5, msgs=5117, connected=yes
[MESSAGE] From peer 1: 1024 bytes
[MESSAGE] From peer 1: 1024 bytes
[MESSAGE] From peer 1: 1024 bytes
[MESSAGE] From peer 1: 1024 bytes
[MESSAGE] From peer 1: 1024 bytes
[MESSAGE] From peer 1: 1024 bytes
[MESSAGE] From peer 1: 1024 bytes
[MESSAGE] From peer 1: 1024 bytes
[MESSAGE] From peer 1: 1024 bytes
[MESSAGE] From peer 1: 1024 bytes
[MESSAGE] From peer 1: 1024 bytes
[MESSAGE] From peer 1: 1024 bytes
[MESSAGE] From peer 1: 1024 bytes
[MESSAGE] From peer 1: 1024 bytes
[MESSAGE] From peer 1: 1024 bytes
[MESSAGE] From peer 1: 1024 bytes
[MESSAGE] From peer 1: 1024 bytes
[MESSAGE] From peer 1: 1024 bytes
[MESSAGE] From peer 1: 1024 bytes
[MESSAGE] From peer 1: 1024 bytes
[MESSAGE] From peer 1: 1024 bytes
[MESSAGE] From peer 1: 1024 bytes
[MESSAGE] From peer 1: 1024 bytes
[MESSAGE] From peer 1: 1024 bytes
[MESSAGE] From peer 1: 1024 bytes
[MESSAGE] From peer 1: 1024 bytes
[MESSAGE] From peer 1: 1024 bytes
[MESSAGE] From peer 1: 1024 bytes
[MESSAGE] From peer 1: 1024 bytes
[MESSAGE] From peer 1: 1024 bytes
[MESSAGE] From peer 1: 1024 bytes
[MESSAGE] From peer 1: 1024 bytes
[MESSAGE] From peer 1: 1024 bytes
[MESSAGE] From peer 1: 1024 bytes
[MESSAGE] From peer 1: 1024 bytes
[MESSAGE] From peer 1: 1024 bytes
[MESSAGE] From peer 1: 1024 bytes
[MESSAGE] From peer 1: 1024 bytes
[MESSAGE] From peer 1: 1024 bytes
[MESSAGE] From peer 1: 1024 bytes
[MESSAGE] From peer 1: 1024 bytes
[MESSAGE] From peer 1: 1024 bytes
[MESSAGE] From peer 1: 1024 bytes
[MESSAGE] From peer 1: 1024 bytes
[MESSAGE] From peer 1: 1024 bytes
[MESSAGE] From peer 1: 1024 bytes
[MESSAGE] From peer 1: 1024 bytes
[MESSAGE] From peer 1: 1024 bytes
[MESSAGE] From peer 1: 1024 bytes
[MESSAGE] From peer 1: 1024 bytes
[MESSAGE] From peer 1: 1024 bytes
[MESSAGE] From peer 1: 1024 bytes
[MESSAGE] From peer 1: 1024 bytes
[MESSAGE] From peer 1: 2048 bytes
[MESSAGE] From peer 1: 2048 bytes
[MESSAGE] From peer 1: 2048 bytes
[MESSAGE] From peer 1: 2048 bytes
[MESSAGE] From peer 1: 2048 bytes
[MESSAGE] From peer 1: 2048 bytes
[MESSAGE] From peer 1: 2048 bytes
[MESSAGE] From peer 1: 2048 bytes
[MESSAGE] From peer 1: 2048 bytes
[MESSAGE] From peer 1: 2048 bytes
[MESSAGE] From peer 1: 2048 bytes
[MESSAGE] From peer 1: 2048 bytes
[MESSAGE] From peer 1: 2048 bytes
[MESSAGE] From peer 1: 2048 bytes
[MESSAGE] From peer 1: 2048 bytes
[MESSAGE] From peer 1: 2048 bytes
[MESSAGE] From peer 1: 2048 bytes
[MESSAGE] From peer 1: 2048 bytes
[MESSAGE] From peer 1: 2048 bytes
[MESSAGE] From peer 1: 2048 bytes
[MESSAGE] From peer 1: 2048 bytes
[MESSAGE] From peer 1: 2048 bytes
[MESSAGE] From peer 1: 2048 bytes
[MESSAGE] From peer 1: 2048 bytes
[MESSAGE] From peer 1: 2048 bytes
[MESSAGE] From peer 1: 2048 bytes
[MESSAGE] From peer 1: 2048 bytes
[MESSAGE] From peer 1: 2048 bytes
[MESSAGE] From peer 1: 2048 bytes
[MESSAGE] From peer 1: 2048 bytes
[ECHO] 5200 messages echoed
[MESSAGE] From peer 1: 2048 bytes
[MESSAGE] From peer 1: 2048 bytes
[MESSAGE] From peer 1: 2048 bytes
[MESSAGE] From peer 1: 2048 bytes
[MESSAGE] From peer 1: 2048 bytes
[MESSAGE] From peer 1: 2048 bytes
[MESSAGE] From peer 1: 2048 bytes
[MESSAGE] From peer 1: 2048 bytes
[MESSAGE] From peer 1: 2048 bytes
[MESSAGE] From peer 1: 2048 bytes
[MESSAGE] From peer 1: 2048 bytes
[MESSAGE] From peer 1: 2048 bytes
[MESSAGE] From peer 1: 2048 bytes
[MESSAGE] From peer 1: 2048 bytes
[MESSAGE] From peer 1: 2048 bytes
[MESSAGE] From peer 1: 2048 bytes
[MESSAGE] From peer 1: 2048 bytes
[MESSAGE] From peer 1: 2048 bytes
[MESSAGE] From peer 1: 2048 bytes
[MESSAGE] From peer 1: 2048 bytes
[MESSAGE] From peer 1: 2048 bytes
[MESSAGE] From peer 1: 2048 bytes
[MESSAGE] From peer 1: 2048 bytes
[MESSAGE] From peer 1: 2048 bytes
[MESSAGE] From peer 1: 2048 bytes
[MESSAGE] From peer 1: 2048 bytes
[MESSAGE] From peer 1: 2048 bytes
[MESSAGE] From peer 1: 2048 bytes
[MESSAGE] From peer 1: 2048 bytes
[MESSAGE] From peer 1: 2048 bytes
[MESSAGE] From peer 1: 2048 bytes
[MESSAGE] From peer 1: 2048 bytes
[MESSAGE] From peer 1: 2048 bytes
[MESSAGE] From peer 1: 2048 bytes
[MESSAGE] From peer 1: 2048 bytes
[MESSAGE] From peer 1: 2048 bytes
[MESSAGE] From peer 1: 2048 bytes
[MESSAGE] From peer 1: 2048 bytes
[MESSAGE] From peer 1: 2048 bytes
[MESSAGE] From peer 1: 2048 bytes
[MESSAGE] From peer 1: 2048 bytes
[MESSAGE] From peer 1: 2048 bytes
[MESSAGE] From peer 1: 2048 bytes
[MESSAGE] From peer 1: 2048 bytes
[MESSAGE] From peer 1: 2048 bytes
[MESSAGE] From peer 1: 2048 bytes
[MESSAGE] From peer 1: 2048 bytes
[MESSAGE] From peer 1: 2048 bytes
[MESSAGE] From peer 1: 2048 bytes
[MESSAGE] From peer 1: 2048 bytes
[MESSAGE] From peer 1: 2048 bytes
[MESSAGE] From peer 1: 2048 bytes
[MESSAGE] From peer 1: 2048 bytes
[MESSAGE] From peer 1: 2048 bytes
[MESSAGE] From peer 1: 2048 bytes
[MESSAGE] From peer 1: 2048 bytes
[MESSAGE] From peer 1: 2048 bytes
[MESSAGE] From peer 1: 2048 bytes
[MESSAGE] From peer 1: 2048 bytes
[MESSAGE] From peer 1: 2048 bytes
[MESSAGE] From peer 1: 2048 bytes
[MESSAGE] From peer 1: 2048 bytes
[MESSAGE] From peer 1: 2048 bytes
[MESSAGE] From peer 1: 2048 bytes
[MESSAGE] From peer 1: 2048 bytes
[MESSAGE] From peer 1: 2048 bytes
[MESSAGE] From peer 1: 2048 bytes
[MESSAGE] From peer 1: 2048 bytes
[MESSAGE] From peer 1: 2048 bytes
[MESSAGE] From peer 1: 2048 bytes
[MESSAGE] From peer 1: 2048 bytes
[MESSAGE] From peer 1: 2048 bytes
[MESSAGE] From peer 1: 2048 bytes
[MESSAGE] From peer 1: 2048 bytes
[MESSAGE] From peer 1: 2048 bytes
[MESSAGE] From peer 1: 2048 bytes
[MESSAGE] From peer 1: 2048 bytes
[MESSAGE] From peer 1: 2048 bytes
[MESSAGE] From peer 1: 2048 bytes
[MESSAGE] From peer 1: 2048 bytes
[MESSAGE] From peer 1: 2048 bytes
[MESSAGE] From peer 1: 2048 bytes
[MESSAGE] From peer 1: 2048 bytes
[MESSAGE] From peer 1: 2048 bytes
[MESSAGE] From peer 1: 2048 bytes
[MESSAGE] From peer 1: 2048 bytes
[MESSAGE] From peer 1: 2048 bytes
[MESSAGE] From peer 1: 2048 bytes
[MESSAGE] From peer 1: 2048 bytes
[MESSAGE] From peer 1: 2048 bytes
[MESSAGE] From peer 1: 2048 bytes
[MESSAGE] From peer 1: 2048 bytes
[MESSAGE] From peer 1: 2048 bytes
[MESSAGE] From peer 1: 2048 bytes
[MESSAGE] From peer 1: 2048 bytes
[MESSAGE] From peer 1: 2048 bytes
[MESSAGE] From peer 1: 2048 bytes
[MESSAGE] From peer 1: 2048 bytes
[MESSAGE] From peer 1: 2048 bytes
[MESSAGE] From peer 1: 2048 bytes
[ECHO] 5300 messages echoed
[MESSAGE] From peer 1: 2048 bytes
[MESSAGE] From peer 1: 2048 bytes
[MESSAGE] From peer 1: 2048 bytes
[MESSAGE] From peer 1: 2048 bytes
[MESSAGE] From peer 1: 2048 bytes
[MESSAGE] From peer 1: 2048 bytes
[MESSAGE] From peer 1: 2048 bytes
[MESSAGE] From peer 1: 2048 bytes
[MESSAGE] From peer 1: 2048 bytes
[MESSAGE] From peer 1: 2048 bytes
[MESSAGE] From peer 1: 2048 bytes
[MESSAGE] From peer 1: 2048 bytes
[MESSAGE] From peer 1: 2048 bytes
[MESSAGE] From peer 1: 2048 bytes
[MESSAGE] From peer 1: 2048 bytes
[MESSAGE] From peer 1: 2048 bytes
[MESSAGE] From peer 1: 2048 bytes
[MESSAGE] From peer 1: 2048 bytes
[MESSAGE] From peer 1: 2048 bytes
[MESSAGE] From peer 1: 2048 bytes
[MESSAGE] From peer 1: 2048 bytes
[MESSAGE] From peer 1: 2048 bytes
[MESSAGE] From peer 1: 2048 bytes
[MESSAGE] From peer 1: 2048 bytes
[MESSAGE] From peer 1: 2048 bytes
[MESSAGE] From peer 1: 2048 bytes
[MESSAGE] From peer 1: 2048 bytes
[MESSAGE] From peer 1: 2048 bytes
[MESSAGE] From peer 1: 2048 bytes
[MESSAGE] From peer 1: 2048 bytes
[MESSAGE] From peer 1: 2048 bytes
[MESSAGE] From peer 1: 2048 bytes
[MESSAGE] From peer 1: 2048 bytes
[MESSAGE] From peer 1: 2048 bytes
[MESSAGE] From peer 1: 2048 bytes
[MESSAGE] From peer 1: 2048 bytes
[MESSAGE] From peer 1: 2048 bytes
[MESSAGE] From peer 1: 2048 bytes
[MESSAGE] From peer 1: 2048 bytes
[MESSAGE] From peer 1: 2048 bytes
[MESSAGE] From peer 1: 2048 bytes
[MESSAGE] From peer 1: 2048 bytes
[MESSAGE] From peer 1: 2048 bytes
[MESSAGE] From peer 1: 2048 bytes
[MESSAGE] From peer 1: 2048 bytes
[MESSAGE] From peer 1: 2048 bytes
[MESSAGE] From peer 1: 2048 bytes
[MESSAGE] From peer 1: 2048 bytes
[MESSAGE] From peer 1: 2048 bytes
[MESSAGE] From peer 1: 2048 bytes
[MESSAGE] From peer 1: 2048 bytes
[MESSAGE] From peer 1: 2048 bytes
[MESSAGE] From peer 1: 2048 bytes
[MESSAGE] From peer 1: 2048 bytes
[MESSAGE] From peer 1: 2048 bytes
[MESSAGE] From peer 1: 2048 bytes
[MESSAGE] From peer 1: 2048 bytes
[MESSAGE] From peer 1: 2048 bytes
[MESSAGE] From peer 1: 2048 bytes
[MESSAGE] From peer 1: 2048 bytes
[MESSAGE] From peer 1: 2048 bytes
[MESSAGE] From peer 1: 2048 bytes
[MESSAGE] From peer 1: 2048 bytes
[MESSAGE] From peer 1: 2048 bytes
[MESSAGE] From peer 1: 2048 bytes
[MESSAGE] From peer 1: 2048 bytes
[MESSAGE] From peer 1: 2048 bytes
[MESSAGE] From peer 1: 2048 bytes
[MESSAGE] From peer 1: 2048 bytes
[MESSAGE] From peer 1: 2048 bytes
[MESSAGE] From peer 1: 2048 bytes
[MESSAGE] From peer 1: 2048 bytes
[MESSAGE] From peer 1: 2048 bytes
[MESSAGE] From peer 1: 2048 bytes
[MESSAGE] From peer 1: 2048 bytes
[MESSAGE] From peer 1: 2048 bytes
[MESSAGE] From peer 1: 2048 bytes
[MESSAGE] From peer 1: 2048 bytes
[MESSAGE] From peer 1: 2048 bytes
[MESSAGE] From peer 1: 2048 bytes
[MESSAGE] From peer 1: 2048 bytes
[MESSAGE] From peer 1: 2048 bytes
[MESSAGE] From peer 1: 2048 bytes
[MESSAGE] From peer 1: 2048 bytes
[MESSAGE] From peer 1: 2048 bytes
[MESSAGE] From peer 1: 2048 bytes
[MESSAGE] From peer 1: 2048 bytes
[MESSAGE] From peer 1: 2048 bytes
[MESSAGE] From peer 1: 2048 bytes
[MESSAGE] From peer 1: 2048 bytes
[MESSAGE] From peer 1: 2048 bytes
[MESSAGE] From peer 1: 2048 bytes
[MESSAGE] From peer 1: 2048 bytes
[MESSAGE] From peer 1: 2048 bytes
[MESSAGE] From peer 1: 2048 bytes
[MESSAGE] From peer 1: 2048 bytes
[MESSAGE] From peer 1: 2048 bytes
[MESSAGE] From peer 1: 2048 bytes
[MESSAGE] From peer 1: 2048 bytes
[MESSAGE] From peer 1: 2048 bytes
[ECHO] 5400 messages echoed
[MESSAGE] From peer 1: 2048 bytes
[MESSAGE] From peer 1: 2048 bytes
[MESSAGE] From peer 1: 2048 bytes
[MESSAGE] From peer 1: 2048 bytes
[MESSAGE] From peer 1: 2048 bytes
[MESSAGE] From peer 1: 2048 bytes
[MESSAGE] From peer 1: 2048 bytes
[MESSAGE] From peer 1: 2048 bytes
[MESSAGE] From peer 1: 2048 bytes
[MESSAGE] From peer 1: 2048 bytes
[MESSAGE] From peer 1: 2048 bytes
[MESSAGE] From peer 1: 2048 bytes
[MESSAGE] From peer 1: 2048 bytes
[MESSAGE] From peer 1: 2048 bytes
[MESSAGE] From peer 1: 2048 bytes
[MESSAGE] From peer 1: 2048 bytes
[MESSAGE] From peer 1: 2048 bytes
[MESSAGE] From peer 1: 2048 bytes
[MESSAGE] From peer 1: 2048 bytes
[MESSAGE] From peer 1: 2048 bytes
[MESSAGE] From peer 1: 2048 bytes
[MESSAGE] From peer 1: 2048 bytes
[MESSAGE] From peer 1: 2048 bytes
[MESSAGE] From peer 1: 2048 bytes
[MESSAGE] From peer 1: 2048 bytes
[MESSAGE] From peer 1: 2048 bytes
[MESSAGE] From peer 1: 2048 bytes
[MESSAGE] From peer 1: 2048 bytes
[MESSAGE] From peer 1: 2048 bytes
[MESSAGE] From peer 1: 2048 bytes
[MESSAGE] From peer 1: 2048 bytes
[MESSAGE] From peer 1: 2048 bytes
[MESSAGE] From peer 1: 2048 bytes
[MESSAGE] From peer 1: 2048 bytes
[MESSAGE] From peer 1: 2048 bytes
[MESSAGE] From peer 1: 2048 bytes
[MESSAGE] From peer 1: 2048 bytes
[MESSAGE] From peer 1: 2048 bytes
[MESSAGE] From peer 1: 2048 bytes
[MESSAGE] From peer 1: 2048 bytes
[MESSAGE] From peer 1: 2048 bytes
[MESSAGE] From peer 1: 2048 bytes
[MESSAGE] From peer 1: 2048 bytes
[MESSAGE] From peer 1: 2048 bytes
[MESSAGE] From peer 1: 2048 bytes
[MESSAGE] From peer 1: 2048 bytes
[MESSAGE] From peer 1: 2048 bytes
[MESSAGE] From peer 1: 2048 bytes
[MESSAGE] From peer 1: 2048 bytes
[MESSAGE] From peer 1: 2048 bytes
[MESSAGE] From peer 1: 2048 bytes
[MESSAGE] From peer 1: 2048 bytes
[MESSAGE] From peer 1: 2048 bytes
[MESSAGE] From peer 1: 2048 bytes
[MESSAGE] From peer 1: 2048 bytes
[MESSAGE] From peer 1: 2048 bytes
[MESSAGE] From peer 1: 2048 bytes
[MESSAGE] From peer 1: 2048 bytes
[MESSAGE] From peer 1: 2048 bytes
[MESSAGE] From peer 1: 2048 bytes
[MESSAGE] From peer 1: 2048 bytes
[MESSAGE] From peer 1: 2048 bytes
[MESSAGE] From peer 1: 2048 bytes
[MESSAGE] From peer 1: 2048 bytes
[MESSAGE] From peer 1: 2048 bytes
[MESSAGE] From peer 1: 2048 bytes
[MESSAGE] From peer 1: 2048 bytes
[MESSAGE] From peer 1: 2048 bytes
[MESSAGE] From peer 1: 2048 bytes
[MESSAGE] From peer 1: 2048 bytes
[MESSAGE] From peer 1: 2048 bytes
[MESSAGE] From peer 1: 2048 bytes
[MESSAGE] From peer 1: 2048 bytes
[MESSAGE] From peer 1: 2048 bytes
[MESSAGE] From peer 1: 2048 bytes
[MESSAGE] From peer 1: 2048 bytes
[MESSAGE] From peer 1: 2048 bytes
[MESSAGE] From peer 1: 2048 bytes
[MESSAGE] From peer 1: 2048 bytes
[MESSAGE] From peer 1: 2048 bytes
[MESSAGE] From peer 1: 2048 bytes
[MESSAGE] From peer 1: 2048 bytes
[MESSAGE] From peer 1: 2048 bytes
[MESSAGE] From peer 1: 2048 bytes
[MESSAGE] From peer 1: 2048 bytes
[MESSAGE] From peer 1: 2048 bytes
[MESSAGE] From peer 1: 2048 bytes
[MESSAGE] From peer 1: 2048 bytes
[MESSAGE] From peer 1: 2048 bytes
[MESSAGE] From peer 1: 2048 bytes
[MESSAGE] From peer 1: 2048 bytes
[MESSAGE] From peer 1: 2048 bytes
[MESSAGE] From peer 1: 2048 bytes
[MESSAGE] From peer 1: 2048 bytes
[MESSAGE] From peer 1: 2048 bytes
[MESSAGE] From peer 1: 2048 bytes
[MESSAGE] From peer 1: 2048 bytes
[MESSAGE] From peer 1: 2048 bytes
[MESSAGE] From peer 1: 2048 bytes
[MESSAGE] From peer 1: 2048 bytes
[ECHO] 5500 messages echoed
[MESSAGE] From peer 1: 2048 bytes
[MESSAGE] From peer 1: 2048 bytes
[MESSAGE] From peer 1: 2048 bytes
[MESSAGE] From peer 1: 2048 bytes
[MESSAGE] From peer 1: 2048 bytes
[MESSAGE] From peer 1: 2048 bytes
[MESSAGE] From peer 1: 2048 bytes
[MESSAGE] From peer 1: 2048 bytes
[MESSAGE] From peer 1: 2048 bytes
[MESSAGE] From peer 1: 2048 bytes
[MESSAGE] From peer 1: 2048 bytes
[MESSAGE] From peer 1: 2048 bytes
[MESSAGE] From peer 1: 2048 bytes
[MESSAGE] From peer 1: 2048 bytes
[MESSAGE] From peer 1: 2048 bytes
[MESSAGE] From peer 1: 2048 bytes
[MESSAGE] From peer 1: 2048 bytes
[MESSAGE] From peer 1: 2048 bytes
[MESSAGE] From peer 1: 2048 bytes
[MESSAGE] From peer 1: 2048 bytes
[MESSAGE] From peer 1: 2048 bytes
[MESSAGE] From peer 1: 2048 bytes
[MESSAGE] From peer 1: 2048 bytes
[MESSAGE] From peer 1: 2048 bytes
[MESSAGE] From peer 1: 2048 bytes
[MESSAGE] From peer 1: 2048 bytes
[MESSAGE] From peer 1: 2048 bytes
[MESSAGE] From peer 1: 2048 bytes
[MESSAGE] From peer 1: 2048 bytes
[MESSAGE] From peer 1: 2048 bytes
[MESSAGE] From peer 1: 2048 bytes
[MESSAGE] From peer 1: 2048 bytes
[MESSAGE] From peer 1: 2048 bytes
[MESSAGE] From peer 1: 2048 bytes
[MESSAGE] From peer 1: 2048 bytes
[MESSAGE] From peer 1: 2048 bytes
[MESSAGE] From peer 1: 2048 bytes
[MESSAGE] From peer 1: 2048 bytes
[MESSAGE] From peer 1: 2048 bytes
[MESSAGE] From peer 1: 2048 bytes
[MESSAGE] From peer 1: 2048 bytes
[MESSAGE] From peer 1: 2048 bytes
[MESSAGE] From peer 1: 2048 bytes
[MESSAGE] From peer 1: 2048 bytes
[MESSAGE] From peer 1: 2048 bytes
[MESSAGE] From peer 1: 2048 bytes
[MESSAGE] From peer 1: 2048 bytes
[MESSAGE] From peer 1: 2048 bytes
[MESSAGE] From peer 1: 2048 bytes
[MESSAGE] From peer 1: 2048 bytes
[MESSAGE] From peer 1: 2048 bytes
[MESSAGE] From peer 1: 2048 bytes
[MESSAGE] From peer 1: 2048 bytes
[MESSAGE] From peer 1: 2048 bytes
[MESSAGE] From peer 1: 2048 bytes
[MESSAGE] From peer 1: 2048 bytes
[MESSAGE] From peer 1: 2048 bytes
[MESSAGE] From peer 1: 2048 bytes
[MESSAGE] From peer 1: 2048 bytes
[MESSAGE] From peer 1: 2048 bytes
[MESSAGE] From peer 1: 2048 bytes
[MESSAGE] From peer 1: 2048 bytes
[MESSAGE] From peer 1: 2048 bytes
[MESSAGE] From peer 1: 2048 bytes
[MESSAGE] From peer 1: 2048 bytes
[MESSAGE] From peer 1: 2048 bytes
[MESSAGE] From peer 1: 2048 bytes
[MESSAGE] From peer 1: 2048 bytes
[MESSAGE] From peer 1: 2048 bytes
[MESSAGE] From peer 1: 2048 bytes
[MESSAGE] From peer 1: 2048 bytes
[MESSAGE] From peer 1: 2048 bytes
[MESSAGE] From peer 1: 2048 bytes
[MESSAGE] From peer 1: 2048 bytes
[MESSAGE] From peer 1: 2048 bytes
[MESSAGE] From peer 1: 2048 bytes
[MESSAGE] From peer 1: 2048 bytes
[MESSAGE] From peer 1: 2048 bytes
[MESSAGE] From peer 1: 2048 bytes
[MESSAGE] From peer 1: 2048 bytes
[MESSAGE] From peer 1: 2048 bytes
[MESSAGE] From peer 1: 2048 bytes
[MESSAGE] From peer 1: 2048 bytes
[MESSAGE] From peer 1: 2048 bytes
[MESSAGE] From peer 1: 2048 bytes
[STATUS] 160 sec: peers=5, msgs=5585, connected=yes
[MESSAGE] From peer 1: 2048 bytes
[MESSAGE] From peer 1: 2048 bytes
[MESSAGE] From peer 1: 2048 bytes
[MESSAGE] From peer 1: 2048 bytes
[MESSAGE] From peer 1: 2048 bytes
[MESSAGE] From peer 1: 2048 bytes
[MESSAGE] From peer 1: 2048 bytes
[MESSAGE] From peer 1: 2048 bytes
[MESSAGE] From peer 1: 2048 bytes
[MESSAGE] From peer 1: 2048 bytes
[MESSAGE] From peer 1: 2048 bytes
[MESSAGE] From peer 1: 2048 bytes
[MESSAGE] From peer 1: 2048 bytes
[MESSAGE] From peer 1: 2048 bytes
[MESSAGE] From peer 1: 2048 bytes
[ECHO] 5600 messages echoed
[MESSAGE] From peer 1: 2048 bytes
[MESSAGE] From peer 1: 2048 bytes
[MESSAGE] From peer 1: 2048 bytes
[MESSAGE] From peer 1: 2048 bytes
[MESSAGE] From peer 1: 2048 bytes
[MESSAGE] From peer 1: 2048 bytes
[MESSAGE] From peer 1: 2048 bytes
[MESSAGE] From peer 1: 2048 bytes
[MESSAGE] From peer 1: 2048 bytes
[MESSAGE] From peer 1: 2048 bytes
[MESSAGE] From peer 1: 2048 bytes
[MESSAGE] From peer 1: 2048 bytes
[MESSAGE] From peer 1: 2048 bytes
[MESSAGE] From peer 1: 2048 bytes
[MESSAGE] From peer 1: 2048 bytes
[MESSAGE] From peer 1: 2048 bytes
[MESSAGE] From peer 1: 2048 bytes
[MESSAGE] From peer 1: 2048 bytes
[MESSAGE] From peer 1: 2048 bytes
[MESSAGE] From peer 1: 2048 bytes
[MESSAGE] From peer 1: 2048 bytes
[MESSAGE] From peer 1: 2048 bytes
[MESSAGE] From peer 1: 2048 bytes
[MESSAGE] From peer 1: 2048 bytes
[MESSAGE] From peer 1: 2048 bytes
[MESSAGE] From peer 1: 2048 bytes
[MESSAGE] From peer 1: 2048 bytes
[MESSAGE] From peer 1: 2048 bytes
[MESSAGE] From peer 1: 2048 bytes
[MESSAGE] From peer 1: 2048 bytes
[MESSAGE] From peer 1: 2048 bytes
[MESSAGE] From peer 1: 2048 bytes
[MESSAGE] From peer 1: 2048 bytes
[MESSAGE] From peer 1: 2048 bytes
[MESSAGE] From peer 1: 2048 bytes
[MESSAGE] From peer 1: 2048 bytes
[MESSAGE] From peer 1: 2048 bytes
[MESSAGE] From peer 1: 2048 bytes
[MESSAGE] From peer 1: 2048 bytes
[MESSAGE] From peer 1: 2048 bytes
[MESSAGE] From peer 1: 2048 bytes
[MESSAGE] From peer 1: 2048 bytes
[MESSAGE] From peer 1: 2048 bytes
[MESSAGE] From peer 1: 2048 bytes
[MESSAGE] From peer 1: 2048 bytes
[MESSAGE] From peer 1: 2048 bytes
[MESSAGE] From peer 1: 2048 bytes
[MESSAGE] From peer 1: 2048 bytes
[MESSAGE] From peer 1: 2048 bytes
[MESSAGE] From peer 1: 2048 bytes
[MESSAGE] From peer 1: 2048 bytes
[MESSAGE] From peer 1: 2048 bytes
[MESSAGE] From peer 1: 2048 bytes
[MESSAGE] From peer 1: 2048 bytes
[MESSAGE] From peer 1: 2048 bytes
[MESSAGE] From peer 1: 2048 bytes
[MESSAGE] From peer 1: 2048 bytes
[MESSAGE] From peer 1: 2048 bytes
[MESSAGE] From peer 1: 2048 bytes
[MESSAGE] From peer 1: 2048 bytes
[MESSAGE] From peer 1: 2048 bytes
[MESSAGE] From peer 1: 2048 bytes
[MESSAGE] From peer 1: 2048 bytes
[MESSAGE] From peer 1: 2048 bytes
[MESSAGE] From peer 1: 2048 bytes
[MESSAGE] From peer 1: 2048 bytes
[MESSAGE] From peer 1: 2048 bytes
[MESSAGE] From peer 1: 2048 bytes
[MESSAGE] From peer 1: 2048 bytes
[MESSAGE] From peer 1: 2048 bytes
[MESSAGE] From peer 1: 2048 bytes
[MESSAGE] From peer 1: 2048 bytes
[MESSAGE] From peer 1: 2048 bytes
[MESSAGE] From peer 1: 2048 bytes
[MESSAGE] From peer 1: 2048 bytes
[MESSAGE] From peer 1: 2048 bytes
[MESSAGE] From peer 1: 2048 bytes
[MESSAGE] From peer 1: 2048 bytes
[MESSAGE] From peer 1: 2048 bytes
[MESSAGE] From peer 1: 2048 bytes
[MESSAGE] From peer 1: 2048 bytes
[MESSAGE] From peer 1: 2048 bytes
[MESSAGE] From peer 1: 2048 bytes
[MESSAGE] From peer 1: 2048 bytes
[MESSAGE] From peer 1: 2048 bytes
[MESSAGE] From peer 1: 2048 bytes
[MESSAGE] From peer 1: 2048 bytes
[MESSAGE] From peer 1: 2048 bytes
[MESSAGE] From peer 1: 2048 bytes
[MESSAGE] From peer 1: 2048 bytes
[MESSAGE] From peer 1: 2048 bytes
[MESSAGE] From peer 1: 2048 bytes
[MESSAGE] From peer 1: 2048 bytes
[MESSAGE] From peer 1: 2048 bytes
[MESSAGE] From peer 1: 2048 bytes
[MESSAGE] From peer 1: 2048 bytes
[MESSAGE] From peer 1: 2048 bytes
[MESSAGE] From peer 1: 2048 bytes
[MESSAGE] From peer 1: 2048 bytes
[MESSAGE] From peer 1: 2048 bytes
[ECHO] 5700 messages echoed
[MESSAGE] From peer 1: 2048 bytes
[MESSAGE] From peer 1: 2048 bytes
[MESSAGE] From peer 1: 2048 bytes
[MESSAGE] From peer 1: 2048 bytes
[MESSAGE] From peer 1: 2048 bytes
[MESSAGE] From peer 1: 2048 bytes
[MESSAGE] From peer 1: 2048 bytes
[MESSAGE] From peer 1: 2048 bytes
[MESSAGE] From peer 1: 2048 bytes
[MESSAGE] From peer 1: 2048 bytes
[MESSAGE] From peer 1: 2048 bytes
[MESSAGE] From peer 1: 2048 bytes
[MESSAGE] From peer 1: 2048 bytes
[MESSAGE] From peer 1: 2048 bytes
[MESSAGE] From peer 1: 2048 bytes
[MESSAGE] From peer 1: 2048 bytes
[MESSAGE] From peer 1: 2048 bytes
[MESSAGE] From peer 1: 2048 bytes
[MESSAGE] From peer 1: 2048 bytes
[MESSAGE] From peer 1: 2048 bytes
[MESSAGE] From peer 1: 2048 bytes
[MESSAGE] From peer 1: 2048 bytes
[MESSAGE] From peer 1: 2048 bytes
[MESSAGE] From peer 1: 2048 bytes
[MESSAGE] From peer 1: 2048 bytes
[MESSAGE] From peer 1: 2048 bytes
[MESSAGE] From peer 1: 2048 bytes
[MESSAGE] From peer 1: 2048 bytes
[MESSAGE] From peer 1: 2048 bytes
[MESSAGE] From peer 1: 2048 bytes
[MESSAGE] From peer 1: 2048 bytes
[MESSAGE] From peer 1: 2048 bytes
[MESSAGE] From peer 1: 2048 bytes
[MESSAGE] From peer 1: 2048 bytes
[MESSAGE] From peer 1: 2048 bytes
[MESSAGE] From peer 1: 2048 bytes
[MESSAGE] From peer 1: 2048 bytes
[MESSAGE] From peer 1: 2048 bytes
[MESSAGE] From peer 1: 2048 bytes
[MESSAGE] From peer 1: 2048 bytes
[MESSAGE] From peer 1: 2048 bytes
[MESSAGE] From peer 1: 2048 bytes
[MESSAGE] From peer 1: 2048 bytes
[MESSAGE] From peer 1: 2048 bytes
[MESSAGE] From peer 1: 2048 bytes
[MESSAGE] From peer 1: 2048 bytes
[MESSAGE] From peer 1: 2048 bytes
[MESSAGE] From peer 1: 2048 bytes
[MESSAGE] From peer 1: 2048 bytes
[MESSAGE] From peer 1: 2048 bytes
[MESSAGE] From peer 1: 2048 bytes
[MESSAGE] From peer 1: 2048 bytes
[MESSAGE] From peer 1: 2048 bytes
[MESSAGE] From peer 1: 2048 bytes
[MESSAGE] From peer 1: 2048 bytes
[MESSAGE] From peer 1: 2048 bytes
[MESSAGE] From peer 1: 2048 bytes
[MESSAGE] From peer 1: 2048 bytes
[MESSAGE] From peer 1: 2048 bytes
[MESSAGE] From peer 1: 2048 bytes
[MESSAGE] From peer 1: 2048 bytes
[MESSAGE] From peer 1: 2048 bytes
[MESSAGE] From peer 1: 2048 bytes
[MESSAGE] From peer 1: 2048 bytes
[MESSAGE] From peer 1: 2048 bytes
[MESSAGE] From peer 1: 2048 bytes
[MESSAGE] From peer 1: 2048 bytes
[MESSAGE] From peer 1: 2048 bytes
[MESSAGE] From peer 1: 2048 bytes
[MESSAGE] From peer 1: 2048 bytes
[DISCOVERED] Peer 2: "MacThroughput" at 10.188.1.213:7354
[MESSAGE] From peer 1: 2048 bytes
[MESSAGE] From peer 1: 2048 bytes
[MESSAGE] From peer 1: 2048 bytes
[MESSAGE] From peer 1: 2048 bytes
[MESSAGE] From peer 1: 2048 bytes
[MESSAGE] From peer 1: 2048 bytes
[MESSAGE] From peer 1: 2048 bytes
[MESSAGE] From peer 1: 2048 bytes
[MESSAGE] From peer 1: 2048 bytes
[MESSAGE] From peer 1: 2048 bytes
[MESSAGE] From peer 1: 2048 bytes
[MESSAGE] From peer 1: 2048 bytes
[MESSAGE] From peer 1: 2048 bytes
[MESSAGE] From peer 1: 2048 bytes
[MESSAGE] From peer 1: 2048 bytes
[MESSAGE] From peer 1: 2048 bytes
[MESSAGE] From peer 1: 2048 bytes
[MESSAGE] From peer 1: 2048 bytes
[MESSAGE] From peer 1: 2048 bytes
[MESSAGE] From peer 1: 2048 bytes
[MESSAGE] From peer 1: 2048 bytes
[MESSAGE] From peer 1: 2048 bytes
[MESSAGE] From peer 1: 2048 bytes
[MESSAGE] From peer 1: 2048 bytes
[MESSAGE] From peer 1: 2048 bytes
[MESSAGE] From peer 1: 2048 bytes
[MESSAGE] From peer 1: 2048 bytes
[MESSAGE] From peer 1: 2048 bytes
[MESSAGE] From peer 1: 2048 bytes
[MESSAGE] From peer 1: 2048 bytes
[ECHO] 5800 messages echoed
[MESSAGE] From peer 1: 2048 bytes
[MESSAGE] From peer 1: 2048 bytes
[MESSAGE] From peer 1: 2048 bytes
[MESSAGE] From peer 1: 2048 bytes
[MESSAGE] From peer 1: 2048 bytes
[MESSAGE] From peer 1: 2048 bytes
[MESSAGE] From peer 1: 2048 bytes
[MESSAGE] From peer 1: 2048 bytes
[MESSAGE] From peer 1: 2048 bytes
[MESSAGE] From peer 1: 2048 bytes
[MESSAGE] From peer 1: 2048 bytes
[MESSAGE] From peer 1: 2048 bytes
[MESSAGE] From peer 1: 2048 bytes
[MESSAGE] From peer 1: 2048 bytes
[MESSAGE] From peer 1: 2048 bytes
[MESSAGE] From peer 1: 2048 bytes
[MESSAGE] From peer 1: 2048 bytes
[MESSAGE] From peer 1: 2048 bytes
[MESSAGE] From peer 1: 2048 bytes
[MESSAGE] From peer 1: 2048 bytes
[MESSAGE] From peer 1: 2048 bytes
[MESSAGE] From peer 1: 2048 bytes
[MESSAGE] From peer 1: 2048 bytes
[MESSAGE] From peer 1: 2048 bytes
[MESSAGE] From peer 1: 2048 bytes
[MESSAGE] From peer 1: 2048 bytes
[MESSAGE] From peer 1: 2048 bytes
[MESSAGE] From peer 1: 2048 bytes
[MESSAGE] From peer 1: 2048 bytes
[MESSAGE] From peer 1: 2048 bytes
[MESSAGE] From peer 1: 2048 bytes
[MESSAGE] From peer 1: 2048 bytes
[MESSAGE] From peer 1: 2048 bytes
[MESSAGE] From peer 1: 2048 bytes
[MESSAGE] From peer 1: 2048 bytes
[MESSAGE] From peer 1: 2048 bytes
[MESSAGE] From peer 1: 2048 bytes
[MESSAGE] From peer 1: 2048 bytes
[MESSAGE] From peer 1: 2048 bytes
[MESSAGE] From peer 1: 2048 bytes
[MESSAGE] From peer 1: 2048 bytes
[MESSAGE] From peer 1: 2048 bytes
[MESSAGE] From peer 1: 2048 bytes
[MESSAGE] From peer 1: 2048 bytes
[MESSAGE] From peer 1: 2048 bytes
[MESSAGE] From peer 1: 2048 bytes
[MESSAGE] From peer 1: 2048 bytes
[MESSAGE] From peer 1: 2048 bytes
[MESSAGE] From peer 1: 2048 bytes
[MESSAGE] From peer 1: 2048 bytes
[MESSAGE] From peer 1: 2048 bytes
[MESSAGE] From peer 1: 2048 bytes
[MESSAGE] From peer 1: 2048 bytes
[MESSAGE] From peer 1: 2048 bytes
[MESSAGE] From peer 1: 2048 bytes
[MESSAGE] From peer 1: 2048 bytes
[MESSAGE] From peer 1: 2048 bytes
[MESSAGE] From peer 1: 2048 bytes
[MESSAGE] From peer 1: 2048 bytes
[MESSAGE] From peer 1: 2048 bytes
[MESSAGE] From peer 1: 2048 bytes
[MESSAGE] From peer 1: 2048 bytes
[MESSAGE] From peer 1: 2048 bytes
[MESSAGE] From peer 1: 2048 bytes
[MESSAGE] From peer 1: 2048 bytes
[MESSAGE] From peer 1: 2048 bytes
[MESSAGE] From peer 1: 2048 bytes
[MESSAGE] From peer 1: 2048 bytes
[MESSAGE] From peer 1: 2048 bytes
[MESSAGE] From peer 1: 2048 bytes
[MESSAGE] From peer 1: 2048 bytes
[MESSAGE] From peer 1: 2048 bytes
[MESSAGE] From peer 1: 2048 bytes
[MESSAGE] From peer 1: 2048 bytes
[MESSAGE] From peer 1: 2048 bytes
[MESSAGE] From peer 1: 2048 bytes
[MESSAGE] From peer 1: 2048 bytes
[MESSAGE] From peer 1: 2048 bytes
[MESSAGE] From peer 1: 2048 bytes
[MESSAGE] From peer 1: 2048 bytes
[MESSAGE] From peer 1: 2048 bytes
[MESSAGE] From peer 1: 2048 bytes
[MESSAGE] From peer 1: 2048 bytes
[MESSAGE] From peer 1: 2048 bytes
[MESSAGE] From peer 1: 2048 bytes
[MESSAGE] From peer 1: 2048 bytes
[MESSAGE] From peer 1: 2048 bytes
[MESSAGE] From peer 1: 2048 bytes
[MESSAGE] From peer 1: 2048 bytes
[MESSAGE] From peer 1: 2048 bytes
[MESSAGE] From peer 1: 2048 bytes
[MESSAGE] From peer 1: 2048 bytes
[MESSAGE] From peer 1: 2048 bytes
[MESSAGE] From peer 1: 2048 bytes
[MESSAGE] From peer 1: 2048 bytes
[MESSAGE] From peer 1: 2048 bytes
[MESSAGE] From peer 1: 2048 bytes
[MESSAGE] From peer 1: 2048 bytes
[MESSAGE] From peer 1: 2048 bytes
[MESSAGE] From peer 1: 2048 bytes
[ECHO] 5900 messages echoed
[MESSAGE] From peer 1: 2048 bytes
[MESSAGE] From peer 1: 2048 bytes
[MESSAGE] From peer 1: 2048 bytes
[MESSAGE] From peer 1: 2048 bytes
[MESSAGE] From peer 1: 2048 bytes
[MESSAGE] From peer 1: 2048 bytes
[MESSAGE] From peer 1: 2048 bytes
[MESSAGE] From peer 1: 2048 bytes
[MESSAGE] From peer 1: 2048 bytes
[MESSAGE] From peer 1: 2048 bytes
[MESSAGE] From peer 1: 2048 bytes
[MESSAGE] From peer 1: 2048 bytes
[MESSAGE] From peer 1: 2048 bytes
[MESSAGE] From peer 1: 2048 bytes
[MESSAGE] From peer 1: 2048 bytes
[MESSAGE] From peer 1: 2048 bytes
[MESSAGE] From peer 1: 2048 bytes
[MESSAGE] From peer 1: 2048 bytes
[MESSAGE] From peer 1: 2048 bytes
[MESSAGE] From peer 1: 2048 bytes
[MESSAGE] From peer 1: 2048 bytes
[MESSAGE] From peer 1: 2048 bytes
[MESSAGE] From peer 1: 2048 bytes
[MESSAGE] From peer 1: 2048 bytes
[MESSAGE] From peer 1: 2048 bytes
[MESSAGE] From peer 1: 2048 bytes
[MESSAGE] From peer 1: 2048 bytes
[MESSAGE] From peer 1: 2048 bytes
[MESSAGE] From peer 1: 2048 bytes
[MESSAGE] From peer 1: 2048 bytes
[MESSAGE] From peer 1: 2048 bytes
[MESSAGE] From peer 1: 2048 bytes
[MESSAGE] From peer 1: 2048 bytes
[MESSAGE] From peer 1: 2048 bytes
[MESSAGE] From peer 1: 2048 bytes
[MESSAGE] From peer 1: 2048 bytes
[MESSAGE] From peer 1: 2048 bytes
[MESSAGE] From peer 1: 2048 bytes
[MESSAGE] From peer 1: 2048 bytes
[MESSAGE] From peer 1: 2048 bytes
[MESSAGE] From peer 1: 2048 bytes
[MESSAGE] From peer 1: 2048 bytes
[MESSAGE] From peer 1: 2048 bytes
[MESSAGE] From peer 1: 2048 bytes
[MESSAGE] From peer 1: 2048 bytes
[MESSAGE] From peer 1: 2048 bytes
[MESSAGE] From peer 1: 2048 bytes
[MESSAGE] From peer 1: 2048 bytes
[MESSAGE] From peer 1: 2048 bytes
[MESSAGE] From peer 1: 2048 bytes
[MESSAGE] From peer 1: 2048 bytes
[MESSAGE] From peer 1: 2048 bytes
[MESSAGE] From peer 1: 2048 bytes
[MESSAGE] From peer 1: 2048 bytes
[MESSAGE] From peer 1: 2048 bytes
[MESSAGE] From peer 1: 2048 bytes
[MESSAGE] From peer 1: 2048 bytes
[MESSAGE] From peer 1: 2048 bytes
[MESSAGE] From peer 1: 2048 bytes
[MESSAGE] From peer 1: 2048 bytes
[MESSAGE] From peer 1: 2048 bytes
[MESSAGE] From peer 1: 2048 bytes
[MESSAGE] From peer 1: 2048 bytes
[MESSAGE] From peer 1: 2048 bytes
[MESSAGE] From peer 1: 2048 bytes
[MESSAGE] From peer 1: 2048 bytes
[MESSAGE] From peer 1: 2048 bytes
[MESSAGE] From peer 1: 2048 bytes
[MESSAGE] From peer 1: 2048 bytes
[MESSAGE] From peer 1: 2048 bytes
[MESSAGE] From peer 1: 2048 bytes
[MESSAGE] From peer 1: 2048 bytes
[MESSAGE] From peer 1: 2048 bytes
[MESSAGE] From peer 1: 2048 bytes
[MESSAGE] From peer 1: 2048 bytes
[MESSAGE] From peer 1: 2048 bytes
[MESSAGE] From peer 1: 2048 bytes
[MESSAGE] From peer 1: 2048 bytes
[MESSAGE] From peer 1: 2048 bytes
[MESSAGE] From peer 1: 2048 bytes
[MESSAGE] From peer 1: 2048 bytes
[MESSAGE] From peer 1: 2048 bytes
[MESSAGE] From peer 1: 2048 bytes
[MESSAGE] From peer 1: 2048 bytes
[MESSAGE] From peer 1: 2048 bytes
[MESSAGE] From peer 1: 2048 bytes
[MESSAGE] From peer 1: 2048 bytes
[MESSAGE] From peer 1: 2048 bytes
[MESSAGE] From peer 1: 2048 bytes
[MESSAGE] From peer 1: 2048 bytes
[MESSAGE] From peer 1: 2048 bytes
[MESSAGE] From peer 1: 2048 bytes
[MESSAGE] From peer 1: 2048 bytes
[MESSAGE] From peer 1: 2048 bytes
[MESSAGE] From peer 1: 2048 bytes
[MESSAGE] From peer 1: 2048 bytes
[MESSAGE] From peer 1: 2048 bytes
[MESSAGE] From peer 1: 2048 bytes
[MESSAGE] From peer 1: 2048 bytes
[MESSAGE] From peer 1: 2048 bytes
[ECHO] 6000 messages echoed
[MESSAGE] From peer 1: 2048 bytes
[MESSAGE] From peer 1: 2048 bytes
[MESSAGE] From peer 1: 2048 bytes
[MESSAGE] From peer 1: 2048 bytes
[MESSAGE] From peer 1: 2048 bytes
[MESSAGE] From peer 1: 2048 bytes
[MESSAGE] From peer 1: 2048 bytes
[MESSAGE] From peer 1: 2048 bytes
[MESSAGE] From peer 1: 2048 bytes
[MESSAGE] From peer 1: 2048 bytes
[MESSAGE] From peer 1: 2048 bytes
[MESSAGE] From peer 1: 2048 bytes
[MESSAGE] From peer 1: 2048 bytes
[MESSAGE] From peer 1: 2048 bytes
[MESSAGE] From peer 1: 2048 bytes
[MESSAGE] From peer 1: 2048 bytes
[MESSAGE] From peer 1: 2048 bytes
[MESSAGE] From peer 1: 2048 bytes
[MESSAGE] From peer 1: 2048 bytes
[MESSAGE] From peer 1: 2048 bytes
[MESSAGE] From peer 1: 2048 bytes
[MESSAGE] From peer 1: 2048 bytes
[MESSAGE] From peer 1: 2048 bytes
[MESSAGE] From peer 1: 2048 bytes
[MESSAGE] From peer 1: 2048 bytes
[MESSAGE] From peer 1: 2048 bytes
[MESSAGE] From peer 1: 2048 bytes
[MESSAGE] From peer 1: 2048 bytes
[MESSAGE] From peer 1: 2048 bytes
[MESSAGE] From peer 1: 2048 bytes
[MESSAGE] From peer 1: 2048 bytes
[MESSAGE] From peer 1: 2048 bytes
[MESSAGE] From peer 1: 2048 bytes
[MESSAGE] From peer 1: 2048 bytes
[MESSAGE] From peer 1: 2048 bytes
[MESSAGE] From peer 1: 2048 bytes
[MESSAGE] From peer 1: 2048 bytes
[MESSAGE] From peer 1: 2048 bytes
[MESSAGE] From peer 1: 2048 bytes
[MESSAGE] From peer 1: 2048 bytes
[MESSAGE] From peer 1: 2048 bytes
[MESSAGE] From peer 1: 2048 bytes
[MESSAGE] From peer 1: 2048 bytes
[MESSAGE] From peer 1: 2048 bytes
[MESSAGE] From peer 1: 2048 bytes
[MESSAGE] From peer 1: 2048 bytes
[MESSAGE] From peer 1: 2048 bytes
[MESSAGE] From peer 1: 2048 bytes
[MESSAGE] From peer 1: 2048 bytes
[MESSAGE] From peer 1: 2048 bytes
[MESSAGE] From peer 1: 2048 bytes
[MESSAGE] From peer 1: 2048 bytes
[MESSAGE] From peer 1: 2048 bytes
[MESSAGE] From peer 1: 2048 bytes
[MESSAGE] From peer 1: 2048 bytes
[MESSAGE] From peer 1: 2048 bytes
[MESSAGE] From peer 1: 2048 bytes
[MESSAGE] From peer 1: 2048 bytes
[MESSAGE] From peer 1: 2048 bytes
[MESSAGE] From peer 1: 2048 bytes
[MESSAGE] From peer 1: 2048 bytes
[MESSAGE] From peer 1: 2048 bytes
[MESSAGE] From peer 1: 2048 bytes
[MESSAGE] From peer 1: 2048 bytes
[MESSAGE] From peer 1: 2048 bytes
[MESSAGE] From peer 1: 2048 bytes
[MESSAGE] From peer 1: 2048 bytes
[MESSAGE] From peer 1: 2048 bytes
[MESSAGE] From peer 1: 2048 bytes
[MESSAGE] From peer 1: 2048 bytes
[MESSAGE] From peer 1: 2048 bytes
[MESSAGE] From peer 1: 2048 bytes
[MESSAGE] From peer 1: 2048 bytes
[MESSAGE] From peer 1: 2048 bytes
[MESSAGE] From peer 1: 2048 bytes
[MESSAGE] From peer 1: 2048 bytes
[MESSAGE] From peer 1: 2048 bytes
[MESSAGE] From peer 1: 2048 bytes
[MESSAGE] From peer 1: 2048 bytes
[MESSAGE] From peer 1: 2048 bytes
[MESSAGE] From peer 1: 2048 bytes
[STATUS] 170 sec: peers=6, msgs=6081, connected=yes
[MESSAGE] From peer 1: 2048 bytes
[MESSAGE] From peer 1: 2048 bytes
[MESSAGE] From peer 1: 2048 bytes
[MESSAGE] From peer 1: 2048 bytes
[MESSAGE] From peer 1: 2048 bytes
[MESSAGE] From peer 1: 2048 bytes
[MESSAGE] From peer 1: 2048 bytes
[MESSAGE] From peer 1: 2048 bytes
[MESSAGE] From peer 1: 2048 bytes
[MESSAGE] From peer 1: 2048 bytes
[MESSAGE] From peer 1: 2048 bytes
[MESSAGE] From peer 1: 2048 bytes
[MESSAGE] From peer 1: 2048 bytes
[MESSAGE] From peer 1: 2048 bytes
[MESSAGE] From peer 1: 2048 bytes
[MESSAGE] From peer 1: 2048 bytes
[MESSAGE] From peer 1: 2048 bytes
[MESSAGE] From peer 1: 2048 bytes
[MESSAGE] From peer 1: 2048 bytes
[ECHO] 6100 messages echoed
[MESSAGE] From peer 1: 2048 bytes
[MESSAGE] From peer 1: 2048 bytes
[MESSAGE] From peer 1: 2048 bytes
[MESSAGE] From peer 1: 2048 bytes
[MESSAGE] From peer 1: 2048 bytes
[MESSAGE] From peer 1: 2048 bytes
[MESSAGE] From peer 1: 2048 bytes
[MESSAGE] From peer 1: 2048 bytes
[MESSAGE] From peer 1: 2048 bytes
[MESSAGE] From peer 1: 2048 bytes
[MESSAGE] From peer 1: 2048 bytes
[MESSAGE] From peer 1: 2048 bytes
[MESSAGE] From peer 1: 2048 bytes
[MESSAGE] From peer 1: 2048 bytes
[MESSAGE] From peer 1: 2048 bytes
[MESSAGE] From peer 1: 2048 bytes
[MESSAGE] From peer 1: 2048 bytes
[MESSAGE] From peer 1: 2048 bytes
[MESSAGE] From peer 1: 2048 bytes
[MESSAGE] From peer 1: 2048 bytes
[MESSAGE] From peer 1: 2048 bytes
[MESSAGE] From peer 1: 2048 bytes
[MESSAGE] From peer 1: 2048 bytes
[MESSAGE] From peer 1: 2048 bytes
[MESSAGE] From peer 1: 2048 bytes
[MESSAGE] From peer 1: 2048 bytes
[MESSAGE] From peer 1: 2048 bytes
[MESSAGE] From peer 1: 2048 bytes
[MESSAGE] From peer 1: 2048 bytes
[MESSAGE] From peer 1: 2048 bytes
[MESSAGE] From peer 1: 2048 bytes
[MESSAGE] From peer 1: 2048 bytes
[MESSAGE] From peer 1: 2048 bytes
[MESSAGE] From peer 1: 2048 bytes
[MESSAGE] From peer 1: 2048 bytes
[MESSAGE] From peer 1: 2048 bytes
[MESSAGE] From peer 1: 2048 bytes
[MESSAGE] From peer 1: 2048 bytes
[MESSAGE] From peer 1: 2048 bytes
[MESSAGE] From peer 1: 2048 bytes
[MESSAGE] From peer 1: 2048 bytes
[MESSAGE] From peer 1: 2048 bytes
[MESSAGE] From peer 1: 2048 bytes
[MESSAGE] From peer 1: 2048 bytes
[MESSAGE] From peer 1: 2048 bytes
[MESSAGE] From peer 1: 2048 bytes
[MESSAGE] From peer 1: 2048 bytes
[MESSAGE] From peer 1: 2048 bytes
[MESSAGE] From peer 1: 2048 bytes
[MESSAGE] From peer 1: 2048 bytes
[MESSAGE] From peer 1: 2048 bytes
[MESSAGE] From peer 1: 2048 bytes
[MESSAGE] From peer 1: 2048 bytes
[MESSAGE] From peer 1: 2048 bytes
[MESSAGE] From peer 1: 2048 bytes
[MESSAGE] From peer 1: 2048 bytes
[MESSAGE] From peer 1: 2048 bytes
[MESSAGE] From peer 1: 2048 bytes
[MESSAGE] From peer 1: 2048 bytes
[MESSAGE] From peer 1: 2048 bytes
[MESSAGE] From peer 1: 2048 bytes
[MESSAGE] From peer 1: 2048 bytes
[MESSAGE] From peer 1: 2048 bytes
[MESSAGE] From peer 1: 2048 bytes
[MESSAGE] From peer 1: 2048 bytes
[MESSAGE] From peer 1: 2048 bytes
[MESSAGE] From peer 1: 2048 bytes
[MESSAGE] From peer 1: 2048 bytes
[MESSAGE] From peer 1: 2048 bytes
[MESSAGE] From peer 1: 2048 bytes
[MESSAGE] From peer 1: 2048 bytes
[MESSAGE] From peer 1: 2048 bytes
[MESSAGE] From peer 1: 2048 bytes
[MESSAGE] From peer 1: 2048 bytes
[MESSAGE] From peer 1: 2048 bytes
[MESSAGE] From peer 1: 2048 bytes
[MESSAGE] From peer 1: 2048 bytes
[MESSAGE] From peer 1: 2048 bytes
[MESSAGE] From peer 1: 2048 bytes
[MESSAGE] From peer 1: 2048 bytes
[MESSAGE] From peer 1: 2048 bytes
[MESSAGE] From peer 1: 2048 bytes
[MESSAGE] From peer 1: 2048 bytes
[MESSAGE] From peer 1: 2048 bytes
[MESSAGE] From peer 1: 2048 bytes
[MESSAGE] From peer 1: 2048 bytes
[MESSAGE] From peer 1: 2048 bytes
[MESSAGE] From peer 1: 2048 bytes
[MESSAGE] From peer 1: 2048 bytes
[MESSAGE] From peer 1: 2048 bytes
[MESSAGE] From peer 1: 2048 bytes
[MESSAGE] From peer 1: 2048 bytes
[MESSAGE] From peer 1: 2048 bytes
[MESSAGE] From peer 1: 2048 bytes
[MESSAGE] From peer 1: 2048 bytes
[MESSAGE] From peer 1: 2048 bytes
[MESSAGE] From peer 1: 2048 bytes
[MESSAGE] From peer 1: 2048 bytes
[MESSAGE] From peer 1: 2048 bytes
[MESSAGE] From peer 1: 2048 bytes
[ECHO] 6200 messages echoed
[MESSAGE] From peer 1: 2048 bytes
[MESSAGE] From peer 1: 2048 bytes
[MESSAGE] From peer 1: 2048 bytes
[MESSAGE] From peer 1: 2048 bytes
[MESSAGE] From peer 1: 2048 bytes
[MESSAGE] From peer 1: 2048 bytes
[MESSAGE] From peer 1: 2048 bytes
[MESSAGE] From peer 1: 2048 bytes
[MESSAGE] From peer 1: 2048 bytes
[MESSAGE] From peer 1: 2048 bytes
[MESSAGE] From peer 1: 2048 bytes
[MESSAGE] From peer 1: 2048 bytes
[MESSAGE] From peer 1: 2048 bytes
[MESSAGE] From peer 1: 2048 bytes
[MESSAGE] From peer 1: 2048 bytes
[MESSAGE] From peer 1: 2048 bytes
[MESSAGE] From peer 1: 2048 bytes
[MESSAGE] From peer 1: 2048 bytes
[MESSAGE] From peer 1: 2048 bytes
[MESSAGE] From peer 1: 2048 bytes
[MESSAGE] From peer 1: 2048 bytes
[MESSAGE] From peer 1: 2048 bytes
[MESSAGE] From peer 1: 2048 bytes
[MESSAGE] From peer 1: 2048 bytes
[MESSAGE] From peer 1: 2048 bytes
[MESSAGE] From peer 1: 2048 bytes
[MESSAGE] From peer 1: 2048 bytes
[MESSAGE] From peer 1: 2048 bytes
[MESSAGE] From peer 1: 2048 bytes
[MESSAGE] From peer 1: 2048 bytes
[MESSAGE] From peer 1: 2048 bytes
[MESSAGE] From peer 1: 2048 bytes
[MESSAGE] From peer 1: 2048 bytes
[MESSAGE] From peer 1: 2048 bytes
[MESSAGE] From peer 1: 2048 bytes
[MESSAGE] From peer 1: 2048 bytes
[MESSAGE] From peer 1: 2048 bytes
[MESSAGE] From peer 1: 2048 bytes
[MESSAGE] From peer 1: 2048 bytes
[MESSAGE] From peer 1: 2048 bytes
[MESSAGE] From peer 1: 2048 bytes
[MESSAGE] From peer 1: 2048 bytes
[MESSAGE] From peer 1: 2048 bytes
[MESSAGE] From peer 1: 2048 bytes
[MESSAGE] From peer 1: 2048 bytes
[MESSAGE] From peer 1: 2048 bytes
[MESSAGE] From peer 1: 2048 bytes
[MESSAGE] From peer 1: 2048 bytes
[MESSAGE] From peer 1: 2048 bytes
[MESSAGE] From peer 1: 2048 bytes
[MESSAGE] From peer 1: 2048 bytes
[MESSAGE] From peer 1: 2048 bytes
[MESSAGE] From peer 1: 2048 bytes
[MESSAGE] From peer 1: 2048 bytes
[MESSAGE] From peer 1: 2048 bytes
[MESSAGE] From peer 1: 2048 bytes
[MESSAGE] From peer 1: 2048 bytes
[MESSAGE] From peer 1: 2048 bytes
[MESSAGE] From peer 1: 2048 bytes
[MESSAGE] From peer 1: 2048 bytes
[MESSAGE] From peer 1: 2048 bytes
[MESSAGE] From peer 1: 2048 bytes
[MESSAGE] From peer 1: 2048 bytes
[MESSAGE] From peer 1: 2048 bytes
[MESSAGE] From peer 1: 2048 bytes
[MESSAGE] From peer 1: 2048 bytes
[MESSAGE] From peer 1: 2048 bytes
[MESSAGE] From peer 1: 2048 bytes
[MESSAGE] From peer 1: 2048 bytes
[MESSAGE] From peer 1: 2048 bytes
[MESSAGE] From peer 1: 2048 bytes
[MESSAGE] From peer 1: 2048 bytes
[MESSAGE] From peer 1: 2048 bytes
[MESSAGE] From peer 1: 2048 bytes
[MESSAGE] From peer 1: 2048 bytes
[MESSAGE] From peer 1: 2048 bytes
[MESSAGE] From peer 1: 2048 bytes
[MESSAGE] From peer 1: 2048 bytes
[MESSAGE] From peer 1: 2048 bytes
[MESSAGE] From peer 1: 2048 bytes
[MESSAGE] From peer 1: 2048 bytes
[MESSAGE] From peer 1: 2048 bytes
[MESSAGE] From peer 1: 2048 bytes
[MESSAGE] From peer 1: 2048 bytes
[MESSAGE] From peer 1: 2048 bytes
[MESSAGE] From peer 1: 2048 bytes
[MESSAGE] From peer 1: 2048 bytes
[MESSAGE] From peer 1: 2048 bytes
[MESSAGE] From peer 1: 2048 bytes
[MESSAGE] From peer 1: 2048 bytes
[MESSAGE] From peer 1: 2048 bytes
[MESSAGE] From peer 1: 2048 bytes
[MESSAGE] From peer 1: 2048 bytes
[MESSAGE] From peer 1: 2048 bytes
[MESSAGE] From peer 1: 2048 bytes
[MESSAGE] From peer 1: 2048 bytes
[MESSAGE] From peer 1: 2048 bytes
[MESSAGE] From peer 1: 2048 bytes
[MESSAGE] From peer 1: 2048 bytes
[MESSAGE] From peer 1: 2048 bytes
[ECHO] 6300 messages echoed
[MESSAGE] From peer 1: 2048 bytes
[MESSAGE] From peer 1: 2048 bytes
[MESSAGE] From peer 1: 2048 bytes
[MESSAGE] From peer 1: 2048 bytes
[MESSAGE] From peer 1: 2048 bytes
[MESSAGE] From peer 1: 2048 bytes
[MESSAGE] From peer 1: 2048 bytes
[MESSAGE] From peer 1: 2048 bytes
[MESSAGE] From peer 1: 2048 bytes
[MESSAGE] From peer 1: 2048 bytes
[MESSAGE] From peer 1: 2048 bytes
[MESSAGE] From peer 1: 2048 bytes
[MESSAGE] From peer 1: 2048 bytes
[MESSAGE] From peer 1: 2048 bytes
[MESSAGE] From peer 1: 2048 bytes
[MESSAGE] From peer 1: 2048 bytes
[MESSAGE] From peer 1: 2048 bytes
[MESSAGE] From peer 1: 2048 bytes
[MESSAGE] From peer 1: 2048 bytes
[MESSAGE] From peer 1: 2048 bytes
[MESSAGE] From peer 1: 2048 bytes
[MESSAGE] From peer 1: 2048 bytes
[MESSAGE] From peer 1: 2048 bytes
[MESSAGE] From peer 1: 2048 bytes
[MESSAGE] From peer 1: 2048 bytes
[MESSAGE] From peer 1: 2048 bytes
[MESSAGE] From peer 1: 2048 bytes
[MESSAGE] From peer 1: 2048 bytes
[MESSAGE] From peer 1: 2048 bytes
[MESSAGE] From peer 1: 2048 bytes
[MESSAGE] From peer 1: 2048 bytes
[MESSAGE] From peer 1: 2048 bytes
[MESSAGE] From peer 1: 2048 bytes
[MESSAGE] From peer 1: 2048 bytes
[MESSAGE] From peer 1: 2048 bytes
[MESSAGE] From peer 1: 2048 bytes
[MESSAGE] From peer 1: 2048 bytes
[MESSAGE] From peer 1: 2048 bytes
[MESSAGE] From peer 1: 2048 bytes
[MESSAGE] From peer 1: 2048 bytes
[MESSAGE] From peer 1: 2048 bytes
[MESSAGE] From peer 1: 2048 bytes
[MESSAGE] From peer 1: 2048 bytes
[MESSAGE] From peer 1: 2048 bytes
[MESSAGE] From peer 1: 2048 bytes
[MESSAGE] From peer 1: 2048 bytes
[MESSAGE] From peer 1: 2048 bytes
[MESSAGE] From peer 1: 2048 bytes
[MESSAGE] From peer 1: 2048 bytes
[MESSAGE] From peer 1: 2048 bytes
[MESSAGE] From peer 1: 2048 bytes
[MESSAGE] From peer 1: 2048 bytes
[MESSAGE] From peer 1: 2048 bytes
[MESSAGE] From peer 1: 2048 bytes
[MESSAGE] From peer 1: 2048 bytes
[MESSAGE] From peer 1: 2048 bytes
[MESSAGE] From peer 1: 2048 bytes
[MESSAGE] From peer 1: 2048 bytes
[MESSAGE] From peer 1: 2048 bytes
[MESSAGE] From peer 1: 2048 bytes
[MESSAGE] From peer 1: 2048 bytes
[MESSAGE] From peer 1: 2048 bytes
[MESSAGE] From peer 1: 2048 bytes
[MESSAGE] From peer 1: 2048 bytes
[MESSAGE] From peer 1: 2048 bytes
[MESSAGE] From peer 1: 2048 bytes
[MESSAGE] From peer 1: 2048 bytes
[MESSAGE] From peer 1: 2048 bytes
[MESSAGE] From peer 1: 2048 bytes
[MESSAGE] From peer 1: 2048 bytes
[MESSAGE] From peer 1: 2048 bytes
[MESSAGE] From peer 1: 2048 bytes
[MESSAGE] From peer 1: 2048 bytes
[MESSAGE] From peer 1: 2048 bytes
[MESSAGE] From peer 1: 2048 bytes
[MESSAGE] From peer 1: 2048 bytes
[MESSAGE] From peer 1: 2048 bytes
[MESSAGE] From peer 1: 2048 bytes
[MESSAGE] From peer 1: 2048 bytes
[MESSAGE] From peer 1: 2048 bytes
[MESSAGE] From peer 1: 2048 bytes
[MESSAGE] From peer 1: 2048 bytes
[MESSAGE] From peer 1: 2048 bytes
[MESSAGE] From peer 1: 2048 bytes
[MESSAGE] From peer 1: 2048 bytes
[MESSAGE] From peer 1: 2048 bytes
[MESSAGE] From peer 1: 2048 bytes
[MESSAGE] From peer 1: 2048 bytes
[MESSAGE] From peer 1: 2048 bytes
[MESSAGE] From peer 1: 2048 bytes
[MESSAGE] From peer 1: 2048 bytes
[MESSAGE] From peer 1: 2048 bytes
[MESSAGE] From peer 1: 2048 bytes
[MESSAGE] From peer 1: 2048 bytes
[MESSAGE] From peer 1: 2048 bytes
[MESSAGE] From peer 1: 2048 bytes
[MESSAGE] From peer 1: 2048 bytes
[MESSAGE] From peer 1: 2048 bytes
[MESSAGE] From peer 1: 2048 bytes
[MESSAGE] From peer 1: 2048 bytes
[ECHO] 6400 messages echoed
[MESSAGE] From peer 1: 2048 bytes
[STATUS] 180 sec: peers=6, msgs=6401, connected=yes
[MESSAGE] From peer 1: 2048 bytes
[MESSAGE] From peer 1: 2048 bytes
[MESSAGE] From peer 1: 2048 bytes
[MESSAGE] From peer 1: 2048 bytes
[MESSAGE] From peer 1: 2048 bytes
[MESSAGE] From peer 1: 2048 bytes
[MESSAGE] From peer 1: 2048 bytes
[MESSAGE] From peer 1: 2048 bytes
[MESSAGE] From peer 1: 2048 bytes
[MESSAGE] From peer 1: 2048 bytes
[MESSAGE] From peer 1: 2048 bytes
[MESSAGE] From peer 1: 2048 bytes
[MESSAGE] From peer 1: 2048 bytes
[MESSAGE] From peer 1: 2048 bytes
[MESSAGE] From peer 1: 2048 bytes
[MESSAGE] From peer 1: 2048 bytes
[MESSAGE] From peer 1: 2048 bytes
[MESSAGE] From peer 1: 2048 bytes
[MESSAGE] From peer 1: 2048 bytes
[MESSAGE] From peer 1: 2048 bytes
[MESSAGE] From peer 1: 2048 bytes
[MESSAGE] From peer 1: 2048 bytes
[MESSAGE] From peer 1: 2048 bytes
[MESSAGE] From peer 1: 2048 bytes
[MESSAGE] From peer 1: 2048 bytes
[MESSAGE] From peer 1: 2048 bytes
[MESSAGE] From peer 1: 2048 bytes
[MESSAGE] From peer 1: 2048 bytes
[MESSAGE] From peer 1: 2048 bytes
[MESSAGE] From peer 1: 2048 bytes
[MESSAGE] From peer 1: 2048 bytes
[MESSAGE] From peer 1: 2048 bytes
[MESSAGE] From peer 1: 2048 bytes
[MESSAGE] From peer 1: 2048 bytes
[MESSAGE] From peer 1: 2048 bytes
[MESSAGE] From peer 1: 2048 bytes
[MESSAGE] From peer 1: 2048 bytes
[MESSAGE] From peer 1: 2048 bytes
[MESSAGE] From peer 1: 2048 bytes
[MESSAGE] From peer 1: 2048 bytes
[MESSAGE] From peer 1: 2048 bytes
[MESSAGE] From peer 1: 2048 bytes
[MESSAGE] From peer 1: 2048 bytes
[MESSAGE] From peer 1: 4096 bytes
[MESSAGE] From peer 1: 4096 bytes
[MESSAGE] From peer 1: 4096 bytes
[MESSAGE] From peer 1: 4096 bytes
[MESSAGE] From peer 1: 4096 bytes
[MESSAGE] From peer 1: 4096 bytes
[MESSAGE] From peer 1: 4096 bytes
[MESSAGE] From peer 1: 4096 bytes
[MESSAGE] From peer 1: 4096 bytes
[MESSAGE] From peer 1: 4096 bytes
[MESSAGE] From peer 1: 4096 bytes
[MESSAGE] From peer 1: 4096 bytes
[MESSAGE] From peer 1: 4096 bytes
[MESSAGE] From peer 1: 4096 bytes
[MESSAGE] From peer 1: 4096 bytes
[MESSAGE] From peer 1: 4096 bytes
[MESSAGE] From peer 1: 4096 bytes
[MESSAGE] From peer 1: 4096 bytes
[MESSAGE] From peer 1: 4096 bytes
[MESSAGE] From peer 1: 4096 bytes
[MESSAGE] From peer 1: 4096 bytes
[MESSAGE] From peer 1: 4096 bytes
[MESSAGE] From peer 1: 4096 bytes
[MESSAGE] From peer 1: 4096 bytes
[MESSAGE] From peer 1: 4096 bytes
[MESSAGE] From peer 1: 4096 bytes
[MESSAGE] From peer 1: 4096 bytes
[MESSAGE] From peer 1: 4096 bytes
[MESSAGE] From peer 1: 4096 bytes
[MESSAGE] From peer 1: 4096 bytes
[MESSAGE] From peer 1: 4096 bytes
[MESSAGE] From peer 1: 4096 bytes
[MESSAGE] From peer 1: 4096 bytes
[MESSAGE] From peer 1: 4096 bytes
[MESSAGE] From peer 1: 4096 bytes
[MESSAGE] From peer 1: 4096 bytes
[MESSAGE] From peer 1: 4096 bytes
[MESSAGE] From peer 1: 4096 bytes
[MESSAGE] From peer 1: 4096 bytes
[MESSAGE] From peer 1: 4096 bytes
[MESSAGE] From peer 1: 4096 bytes
[MESSAGE] From peer 1: 4096 bytes
[MESSAGE] From peer 1: 4096 bytes
[MESSAGE] From peer 1: 4096 bytes
[MESSAGE] From peer 1: 4096 bytes
[MESSAGE] From peer 1: 4096 bytes
[MESSAGE] From peer 1: 4096 bytes
[MESSAGE] From peer 1: 4096 bytes
[MESSAGE] From peer 1: 4096 bytes
[MESSAGE] From peer 1: 4096 bytes
[MESSAGE] From peer 1: 4096 bytes
[MESSAGE] From peer 1: 4096 bytes
[MESSAGE] From peer 1: 4096 bytes
[MESSAGE] From peer 1: 4096 bytes
[MESSAGE] From peer 1: 4096 bytes
[MESSAGE] From peer 1: 4096 bytes
[MESSAGE] From peer 1: 4096 bytes
[MESSAGE] From peer 1: 4096 bytes
[STATUS] 190 sec: peers=6, msgs=6502, connected=yes
[STATUS] 200 sec: peers=6, msgs=6502, connected=yes
[DISCOVERED] Peer 2: "MacThroughput" at 10.188.1.213:7354
[STATUS] 210 sec: peers=7, msgs=6502, connected=yes
[MESSAGE] From peer 1: 1024 bytes
[LOG] Detected log stream marker from peer 1 (IP 0x0ABC01D5)
[LOG] Started receiving logs from  (IP 0x0ABC01D5, 4379 bytes expected)
[MESSAGE] From peer 1: 1024 bytes
[LOG] Received 2048/4379 bytes
[MESSAGE] From peer 1: 1024 bytes
[LOG] Received 3072/4379 bytes
[MESSAGE] From peer 1: 1024 bytes
[LOG] Received 4096/4379 bytes
[MESSAGE] From peer 1: 283 bytes
[LOG] Received 4379/4379 bytes
[REGISTRY] Loaded 2 machines from MACHINE_REGISTRY
[LOG] Saved 4371 bytes to plan/performance/mactcp/performa6200/throughput_20260215_163108.log

========== throughput METRICS ==========
=====================================

[DISCONNECTED] Peer 1 (reason=0)
[STATUS] 220 sec: peers=7, msgs=6507, connected=no
[STATUS] 230 sec: peers=7, msgs=6507, connected=no
[STATUS] 240 sec: peers=7, msgs=6507, connected=no
[STATUS] 250 sec: peers=7, msgs=6507, connected=no
[STATUS] 260 sec: peers=7, msgs=6507, connected=no
[STATUS] 270 sec: peers=7, msgs=6507, connected=no
[STATUS] 280 sec: peers=7, msgs=6507, connected=no
[STATUS] 290 sec: peers=7, msgs=6507, connected=no
[STATUS] 300 sec: peers=7, msgs=6507, connected=no
[STATUS] 310 sec: peers=7, msgs=6507, connected=no
[STATUS] 320 sec: peers=7, msgs=6507, connected=no
[STATUS] 330 sec: peers=7, msgs=6507, connected=no
[STATUS] 340 sec: peers=7, msgs=6507, connected=no
[STATUS] 350 sec: peers=7, msgs=6507, connected=no
[STATUS] 360 sec: peers=7, msgs=6507, connected=no
[STATUS] 370 sec: peers=7, msgs=6507, connected=no
[STATUS] 380 sec: peers=7, msgs=6507, connected=no
[STATUS] 390 sec: peers=7, msgs=6507, connected=no
[STATUS] 400 sec: peers=7, msgs=6507, connected=no
[STATUS] 410 sec: peers=7, msgs=6507, connected=no
[STATUS] 420 sec: peers=7, msgs=6507, connected=no
[STATUS] 430 sec: peers=7, msgs=6507, connected=no
[STATUS] 440 sec: peers=7, msgs=6507, connected=no
[STATUS] 450 sec: peers=7, msgs=6507, connected=no
[STATUS] 460 sec: peers=7, msgs=6507, connected=no
[STATUS] 470 sec: peers=7, msgs=6507, connected=no
[STATUS] 480 sec: peers=7, msgs=6507, connected=no
[STATUS] 490 sec: peers=7, msgs=6507, connected=no
[STATUS] 500 sec: peers=7, msgs=6507, connected=no
[STATUS] 510 sec: peers=7, msgs=6507, connected=no
[STATUS] 520 sec: peers=7, msgs=6507, connected=no
[STATUS] 530 sec: peers=7, msgs=6507, connected=no
[STATUS] 540 sec: peers=7, msgs=6507, connected=no
[STATUS] 550 sec: peers=7, msgs=6507, connected=no
[STATUS] 560 sec: peers=7, msgs=6507, connected=no
[STATUS] 570 sec: peers=7, msgs=6507, connected=no
[STATUS] 580 sec: peers=7, msgs=6507, connected=no
[STATUS] 590 sec: peers=7, msgs=6507, connected=no
[STATUS] 600 sec: peers=7, msgs=6507, connected=no
[STATUS] 610 sec: peers=7, msgs=6507, connected=no
[STATUS] 620 sec: peers=7, msgs=6507, connected=no
[STATUS] 630 sec: peers=7, msgs=6507, connected=no
[STATUS] 640 sec: peers=7, msgs=6507, connected=no
[STATUS] 650 sec: peers=7, msgs=6507, connected=no
[STATUS] 660 sec: peers=7, msgs=6507, connected=no
[STATUS] 670 sec: peers=7, msgs=6507, connected=no
[STATUS] 680 sec: peers=7, msgs=6507, connected=no
[STATUS] 690 sec: peers=7, msgs=6507, connected=no
[STATUS] 700 sec: peers=7, msgs=6507, connected=no
[STATUS] 710 sec: peers=7, msgs=6507, connected=no
[STATUS] 720 sec: peers=7, msgs=6507, connected=no
[STATUS] 730 sec: peers=7, msgs=6507, connected=no
[STATUS] 740 sec: peers=7, msgs=6507, connected=no
[STATUS] 750 sec: peers=7, msgs=6507, connected=no
[STATUS] 760 sec: peers=7, msgs=6507, connected=no
[STATUS] 770 sec: peers=7, msgs=6507, connected=no
[STATUS] 780 sec: peers=7, msgs=6507, connected=no
[STATUS] 790 sec: peers=7, msgs=6507, connected=no
[STATUS] 800 sec: peers=7, msgs=6507, connected=no
[STATUS] 810 sec: peers=7, msgs=6507, connected=no
[STATUS] 820 sec: peers=7, msgs=6507, connected=no
[STATUS] 830 sec: peers=7, msgs=6507, connected=no
[STATUS] 840 sec: peers=7, msgs=6507, connected=no
[STATUS] 850 sec: peers=7, msgs=6507, connected=no
[STATUS] 860 sec: peers=7, msgs=6507, connected=no
[STATUS] 870 sec: peers=7, msgs=6507, connected=no
[STATUS] 880 sec: peers=7, msgs=6507, connected=no
[STATUS] 890 sec: peers=7, msgs=6507, connected=no
[STATUS] 900 sec: peers=7, msgs=6507, connected=no
[STATUS] 910 sec: peers=7, msgs=6507, connected=no
[STATUS] 920 sec: peers=7, msgs=6507, connected=no
[STATUS] 930 sec: peers=7, msgs=6507, connected=no
[STATUS] 940 sec: peers=7, msgs=6507, connected=no
[STATUS] 950 sec: peers=7, msgs=6507, connected=no
[STATUS] 960 sec: peers=7, msgs=6507, connected=no
[STATUS] 970 sec: peers=7, msgs=6507, connected=no
[STATUS] 980 sec: peers=7, msgs=6507, connected=no
[STATUS] 990 sec: peers=7, msgs=6507, connected=no
[STATUS] 1000 sec: peers=7, msgs=6507, connected=no
[STATUS] 1010 sec: peers=7, msgs=6507, connected=no
[STATUS] 1020 sec: peers=7, msgs=6507, connected=no
[STATUS] 1030 sec: peers=7, msgs=6507, connected=no
[STATUS] 1040 sec: peers=7, msgs=6507, connected=no
[STATUS] 1050 sec: peers=7, msgs=6507, connected=no
[STATUS] 1060 sec: peers=7, msgs=6507, connected=no
[STATUS] 1070 sec: peers=7, msgs=6507, connected=no
[STATUS] 1080 sec: peers=7, msgs=6507, connected=no
[STATUS] 1090 sec: peers=7, msgs=6507, connected=no
[STATUS] 1100 sec: peers=7, msgs=6507, connected=no
[STATUS] 1110 sec: peers=7, msgs=6507, connected=no
[STATUS] 1120 sec: peers=7, msgs=6507, connected=no
[STATUS] 1130 sec: peers=7, msgs=6507, connected=no
[STATUS] 1140 sec: peers=7, msgs=6507, connected=no
[STATUS] 1150 sec: peers=7, msgs=6507, connected=no
[STATUS] 1160 sec: peers=7, msgs=6507, connected=no
[STATUS] 1170 sec: peers=7, msgs=6507, connected=no
[STATUS] 1180 sec: peers=7, msgs=6507, connected=no
[STATUS] 1190 sec: peers=7, msgs=6507, connected=no
[STATUS] 1200 sec: peers=7, msgs=6507, connected=no
[STATUS] 1210 sec: peers=7, msgs=6507, connected=no
[STATUS] 1220 sec: peers=7, msgs=6507, connected=no
[STATUS] 1230 sec: peers=7, msgs=6507, connected=no
[STATUS] 1240 sec: peers=7, msgs=6507, connected=no
[STATUS] 1250 sec: peers=7, msgs=6507, connected=no
[STATUS] 1260 sec: peers=7, msgs=6507, connected=no
[STATUS] 1270 sec: peers=7, msgs=6507, connected=no
[STATUS] 1280 sec: peers=7, msgs=6507, connected=no
[STATUS] 1290 sec: peers=7, msgs=6507, connected=no
[STATUS] 1300 sec: peers=7, msgs=6507, connected=no
[DISCOVERED] Peer 1: "MacThroughput" at 10.188.1.213:7354
[STATUS] 1310 sec: peers=8, msgs=6507, connected=no
[CONNECTED] Peer 1
[CAPS] Peer 1: max_msg=4096 chunk=1024 pressure=0 [FRAG]
[CAPS] Peer buffer: recv_buf=8192 optimal_chunk=2048
[CAPS] Effective max message: 4096 bytes
[CAPS] Optimal chunk for peer: 1024 bytes
[MESSAGE] From peer 1: 256 bytes
[MESSAGE] From peer 1: 256 bytes
[MESSAGE] From peer 1: 256 bytes
[MESSAGE] From peer 1: 256 bytes
[MESSAGE] From peer 1: 256 bytes
[MESSAGE] From peer 1: 256 bytes
[MESSAGE] From peer 1: 256 bytes
[MESSAGE] From peer 1: 256 bytes
[MESSAGE] From peer 1: 256 bytes
[MESSAGE] From peer 1: 256 bytes
[MESSAGE] From peer 1: 256 bytes
[MESSAGE] From peer 1: 256 bytes
[MESSAGE] From peer 1: 256 bytes
[MESSAGE] From peer 1: 256 bytes
[MESSAGE] From peer 1: 256 bytes
[MESSAGE] From peer 1: 256 bytes
[MESSAGE] From peer 1: 256 bytes
[MESSAGE] From peer 1: 256 bytes
[MESSAGE] From peer 1: 256 bytes
[MESSAGE] From peer 1: 256 bytes
[MESSAGE] From peer 1: 256 bytes
[MESSAGE] From peer 1: 256 bytes
[MESSAGE] From peer 1: 256 bytes
[MESSAGE] From peer 1: 256 bytes
[MESSAGE] From peer 1: 256 bytes
[MESSAGE] From peer 1: 256 bytes
[MESSAGE] From peer 1: 256 bytes
[MESSAGE] From peer 1: 256 bytes
[MESSAGE] From peer 1: 256 bytes
[MESSAGE] From peer 1: 256 bytes
[MESSAGE] From peer 1: 256 bytes
[MESSAGE] From peer 1: 256 bytes
[MESSAGE] From peer 1: 256 bytes
[MESSAGE] From peer 1: 256 bytes
[MESSAGE] From peer 1: 256 bytes
[MESSAGE] From peer 1: 256 bytes
[MESSAGE] From peer 1: 256 bytes
[MESSAGE] From peer 1: 256 bytes
[MESSAGE] From peer 1: 256 bytes
[MESSAGE] From peer 1: 256 bytes
[MESSAGE] From peer 1: 256 bytes
[MESSAGE] From peer 1: 256 bytes
[MESSAGE] From peer 1: 256 bytes
[MESSAGE] From peer 1: 256 bytes
[MESSAGE] From peer 1: 256 bytes
[MESSAGE] From peer 1: 256 bytes
[MESSAGE] From peer 1: 256 bytes
[MESSAGE] From peer 1: 256 bytes
[MESSAGE] From peer 1: 256 bytes
[MESSAGE] From peer 1: 256 bytes
[MESSAGE] From peer 1: 256 bytes
[MESSAGE] From peer 1: 256 bytes
[MESSAGE] From peer 1: 256 bytes
[MESSAGE] From peer 1: 256 bytes
[MESSAGE] From peer 1: 256 bytes
[MESSAGE] From peer 1: 256 bytes
[MESSAGE] From peer 1: 256 bytes
[MESSAGE] From peer 1: 256 bytes
[MESSAGE] From peer 1: 256 bytes
[MESSAGE] From peer 1: 256 bytes
[MESSAGE] From peer 1: 256 bytes
[MESSAGE] From peer 1: 256 bytes
[MESSAGE] From peer 1: 256 bytes
[MESSAGE] From peer 1: 256 bytes
[MESSAGE] From peer 1: 256 bytes
[MESSAGE] From peer 1: 256 bytes
[MESSAGE] From peer 1: 256 bytes
[MESSAGE] From peer 1: 256 bytes
[MESSAGE] From peer 1: 256 bytes
[MESSAGE] From peer 1: 256 bytes
[MESSAGE] From peer 1: 256 bytes
[MESSAGE] From peer 1: 256 bytes
[MESSAGE] From peer 1: 256 bytes
[MESSAGE] From peer 1: 256 bytes
[MESSAGE] From peer 1: 256 bytes
[MESSAGE] From peer 1: 256 bytes
[MESSAGE] From peer 1: 256 bytes
[MESSAGE] From peer 1: 256 bytes
[MESSAGE] From peer 1: 256 bytes
[MESSAGE] From peer 1: 256 bytes
[MESSAGE] From peer 1: 256 bytes
[MESSAGE] From peer 1: 256 bytes
[MESSAGE] From peer 1: 256 bytes
[MESSAGE] From peer 1: 256 bytes
[MESSAGE] From peer 1: 256 bytes
[MESSAGE] From peer 1: 256 bytes
[MESSAGE] From peer 1: 256 bytes
[MESSAGE] From peer 1: 256 bytes
[MESSAGE] From peer 1: 256 bytes
[MESSAGE] From peer 1: 256 bytes
[MESSAGE] From peer 1: 256 bytes
[MESSAGE] From peer 1: 256 bytes
[MESSAGE] From peer 1: 256 bytes
[MESSAGE] From peer 1: 256 bytes
[MESSAGE] From peer 1: 256 bytes
[MESSAGE] From peer 1: 256 bytes
[MESSAGE] From peer 1: 256 bytes
[MESSAGE] From peer 1: 256 bytes
[ECHO] 6600 messages echoed
[MESSAGE] From peer 1: 256 bytes
[MESSAGE] From peer 1: 256 bytes
[MESSAGE] From peer 1: 256 bytes
[MESSAGE] From peer 1: 256 bytes
[MESSAGE] From peer 1: 256 bytes
[MESSAGE] From peer 1: 256 bytes
[MESSAGE] From peer 1: 256 bytes
[MESSAGE] From peer 1: 256 bytes
[MESSAGE] From peer 1: 256 bytes
[MESSAGE] From peer 1: 256 bytes
[MESSAGE] From peer 1: 256 bytes
[MESSAGE] From peer 1: 256 bytes
[MESSAGE] From peer 1: 256 bytes
[MESSAGE] From peer 1: 256 bytes
[MESSAGE] From peer 1: 256 bytes
[MESSAGE] From peer 1: 256 bytes
[MESSAGE] From peer 1: 256 bytes
[MESSAGE] From peer 1: 256 bytes
[MESSAGE] From peer 1: 256 bytes
[MESSAGE] From peer 1: 256 bytes
[MESSAGE] From peer 1: 256 bytes
[MESSAGE] From peer 1: 256 bytes
[MESSAGE] From peer 1: 256 bytes
[MESSAGE] From peer 1: 256 bytes
[MESSAGE] From peer 1: 256 bytes
[MESSAGE] From peer 1: 256 bytes
[MESSAGE] From peer 1: 256 bytes
[MESSAGE] From peer 1: 256 bytes
[MESSAGE] From peer 1: 256 bytes
[MESSAGE] From peer 1: 256 bytes
[MESSAGE] From peer 1: 256 bytes
[MESSAGE] From peer 1: 256 bytes
[MESSAGE] From peer 1: 256 bytes
[MESSAGE] From peer 1: 256 bytes
[MESSAGE] From peer 1: 256 bytes
[MESSAGE] From peer 1: 256 bytes
[MESSAGE] From peer 1: 256 bytes
[MESSAGE] From peer 1: 256 bytes
[MESSAGE] From peer 1: 256 bytes
[MESSAGE] From peer 1: 256 bytes
[MESSAGE] From peer 1: 256 bytes
[MESSAGE] From peer 1: 256 bytes
[MESSAGE] From peer 1: 256 bytes
[MESSAGE] From peer 1: 256 bytes
[MESSAGE] From peer 1: 256 bytes
[MESSAGE] From peer 1: 256 bytes
[MESSAGE] From peer 1: 256 bytes
[MESSAGE] From peer 1: 256 bytes
[MESSAGE] From peer 1: 256 bytes
[MESSAGE] From peer 1: 256 bytes
[MESSAGE] From peer 1: 256 bytes
[MESSAGE] From peer 1: 256 bytes
[MESSAGE] From peer 1: 256 bytes
[MESSAGE] From peer 1: 256 bytes
[MESSAGE] From peer 1: 256 bytes
[MESSAGE] From peer 1: 256 bytes
[MESSAGE] From peer 1: 256 bytes
[MESSAGE] From peer 1: 256 bytes
[MESSAGE] From peer 1: 256 bytes
[MESSAGE] From peer 1: 256 bytes
[MESSAGE] From peer 1: 256 bytes
[MESSAGE] From peer 1: 256 bytes
[MESSAGE] From peer 1: 256 bytes
[MESSAGE] From peer 1: 256 bytes
[MESSAGE] From peer 1: 256 bytes
[MESSAGE] From peer 1: 256 bytes
[MESSAGE] From peer 1: 256 bytes
[MESSAGE] From peer 1: 256 bytes
[MESSAGE] From peer 1: 256 bytes
[MESSAGE] From peer 1: 256 bytes
[MESSAGE] From peer 1: 256 bytes
[MESSAGE] From peer 1: 256 bytes
[MESSAGE] From peer 1: 256 bytes
[MESSAGE] From peer 1: 256 bytes
[MESSAGE] From peer 1: 256 bytes
[MESSAGE] From peer 1: 256 bytes
[MESSAGE] From peer 1: 256 bytes
[MESSAGE] From peer 1: 256 bytes
[MESSAGE] From peer 1: 256 bytes
[MESSAGE] From peer 1: 256 bytes
[MESSAGE] From peer 1: 256 bytes
[MESSAGE] From peer 1: 256 bytes
[MESSAGE] From peer 1: 256 bytes
[MESSAGE] From peer 1: 256 bytes
[MESSAGE] From peer 1: 256 bytes
[MESSAGE] From peer 1: 256 bytes
[MESSAGE] From peer 1: 256 bytes
[MESSAGE] From peer 1: 256 bytes
[MESSAGE] From peer 1: 256 bytes
[MESSAGE] From peer 1: 256 bytes
[MESSAGE] From peer 1: 256 bytes
[MESSAGE] From peer 1: 256 bytes
[MESSAGE] From peer 1: 256 bytes
[MESSAGE] From peer 1: 256 bytes
[MESSAGE] From peer 1: 256 bytes
[MESSAGE] From peer 1: 256 bytes
[MESSAGE] From peer 1: 256 bytes
[MESSAGE] From peer 1: 256 bytes
[MESSAGE] From peer 1: 256 bytes
[MESSAGE] From peer 1: 256 bytes
[ECHO] 6700 messages echoed
[MESSAGE] From peer 1: 256 bytes
[MESSAGE] From peer 1: 256 bytes
[MESSAGE] From peer 1: 256 bytes
[MESSAGE] From peer 1: 256 bytes
[MESSAGE] From peer 1: 256 bytes
[MESSAGE] From peer 1: 256 bytes
[MESSAGE] From peer 1: 256 bytes
[MESSAGE] From peer 1: 256 bytes
[MESSAGE] From peer 1: 256 bytes
[MESSAGE] From peer 1: 256 bytes
[MESSAGE] From peer 1: 256 bytes
[MESSAGE] From peer 1: 256 bytes
[MESSAGE] From peer 1: 256 bytes
[MESSAGE] From peer 1: 256 bytes
[MESSAGE] From peer 1: 256 bytes
[MESSAGE] From peer 1: 256 bytes
[MESSAGE] From peer 1: 256 bytes
[MESSAGE] From peer 1: 256 bytes
[MESSAGE] From peer 1: 256 bytes
[MESSAGE] From peer 1: 256 bytes
[MESSAGE] From peer 1: 256 bytes
[MESSAGE] From peer 1: 256 bytes
[MESSAGE] From peer 1: 256 bytes
[MESSAGE] From peer 1: 256 bytes
[MESSAGE] From peer 1: 256 bytes
[MESSAGE] From peer 1: 256 bytes
[MESSAGE] From peer 1: 256 bytes
[MESSAGE] From peer 1: 256 bytes
[MESSAGE] From peer 1: 256 bytes
[MESSAGE] From peer 1: 256 bytes
[MESSAGE] From peer 1: 256 bytes
[MESSAGE] From peer 1: 256 bytes
[MESSAGE] From peer 1: 256 bytes
[MESSAGE] From peer 1: 256 bytes
[MESSAGE] From peer 1: 256 bytes
[MESSAGE] From peer 1: 256 bytes
[MESSAGE] From peer 1: 256 bytes
[MESSAGE] From peer 1: 256 bytes
[MESSAGE] From peer 1: 256 bytes
[MESSAGE] From peer 1: 256 bytes
[MESSAGE] From peer 1: 256 bytes
[MESSAGE] From peer 1: 256 bytes
[MESSAGE] From peer 1: 256 bytes
[MESSAGE] From peer 1: 256 bytes
[MESSAGE] From peer 1: 256 bytes
[MESSAGE] From peer 1: 256 bytes
[MESSAGE] From peer 1: 256 bytes
[MESSAGE] From peer 1: 256 bytes
[MESSAGE] From peer 1: 256 bytes
[MESSAGE] From peer 1: 256 bytes
[MESSAGE] From peer 1: 256 bytes
[MESSAGE] From peer 1: 256 bytes
[MESSAGE] From peer 1: 256 bytes
[MESSAGE] From peer 1: 256 bytes
[MESSAGE] From peer 1: 256 bytes
[MESSAGE] From peer 1: 256 bytes
[MESSAGE] From peer 1: 256 bytes
[MESSAGE] From peer 1: 256 bytes
[MESSAGE] From peer 1: 256 bytes
[MESSAGE] From peer 1: 256 bytes
[MESSAGE] From peer 1: 256 bytes
[MESSAGE] From peer 1: 256 bytes
[MESSAGE] From peer 1: 256 bytes
[MESSAGE] From peer 1: 256 bytes
[MESSAGE] From peer 1: 256 bytes
[MESSAGE] From peer 1: 256 bytes
[MESSAGE] From peer 1: 256 bytes
[MESSAGE] From peer 1: 256 bytes
[MESSAGE] From peer 1: 256 bytes
[MESSAGE] From peer 1: 256 bytes
[MESSAGE] From peer 1: 256 bytes
[MESSAGE] From peer 1: 256 bytes
[MESSAGE] From peer 1: 256 bytes
[MESSAGE] From peer 1: 256 bytes
[MESSAGE] From peer 1: 256 bytes
[MESSAGE] From peer 1: 256 bytes
[MESSAGE] From peer 1: 256 bytes
[MESSAGE] From peer 1: 256 bytes
[MESSAGE] From peer 1: 256 bytes
[MESSAGE] From peer 1: 256 bytes
[MESSAGE] From peer 1: 256 bytes
[MESSAGE] From peer 1: 256 bytes
[MESSAGE] From peer 1: 256 bytes
[MESSAGE] From peer 1: 256 bytes
[MESSAGE] From peer 1: 256 bytes
[MESSAGE] From peer 1: 256 bytes
[MESSAGE] From peer 1: 256 bytes
[MESSAGE] From peer 1: 256 bytes
[MESSAGE] From peer 1: 256 bytes
[MESSAGE] From peer 1: 256 bytes
[MESSAGE] From peer 1: 256 bytes
[MESSAGE] From peer 1: 256 bytes
[MESSAGE] From peer 1: 256 bytes
[MESSAGE] From peer 1: 256 bytes
[MESSAGE] From peer 1: 256 bytes
[MESSAGE] From peer 1: 256 bytes
[MESSAGE] From peer 1: 256 bytes
[MESSAGE] From peer 1: 256 bytes
[MESSAGE] From peer 1: 256 bytes
[MESSAGE] From peer 1: 256 bytes
[ECHO] 6800 messages echoed
[MESSAGE] From peer 1: 256 bytes
[MESSAGE] From peer 1: 256 bytes
[MESSAGE] From peer 1: 256 bytes
[MESSAGE] From peer 1: 256 bytes
[MESSAGE] From peer 1: 256 bytes
[MESSAGE] From peer 1: 256 bytes
[MESSAGE] From peer 1: 256 bytes
[MESSAGE] From peer 1: 256 bytes
[MESSAGE] From peer 1: 256 bytes
[MESSAGE] From peer 1: 256 bytes
[MESSAGE] From peer 1: 256 bytes
[MESSAGE] From peer 1: 256 bytes
[MESSAGE] From peer 1: 256 bytes
[MESSAGE] From peer 1: 256 bytes
[MESSAGE] From peer 1: 256 bytes
[MESSAGE] From peer 1: 256 bytes
[MESSAGE] From peer 1: 256 bytes
[MESSAGE] From peer 1: 256 bytes
[MESSAGE] From peer 1: 256 bytes
[MESSAGE] From peer 1: 256 bytes
[MESSAGE] From peer 1: 256 bytes
[MESSAGE] From peer 1: 256 bytes
[MESSAGE] From peer 1: 256 bytes
[MESSAGE] From peer 1: 256 bytes
[MESSAGE] From peer 1: 256 bytes
[MESSAGE] From peer 1: 256 bytes
[MESSAGE] From peer 1: 256 bytes
[MESSAGE] From peer 1: 256 bytes
[MESSAGE] From peer 1: 256 bytes
[MESSAGE] From peer 1: 256 bytes
[MESSAGE] From peer 1: 256 bytes
[MESSAGE] From peer 1: 256 bytes
[MESSAGE] From peer 1: 256 bytes
[MESSAGE] From peer 1: 256 bytes
[MESSAGE] From peer 1: 256 bytes
[MESSAGE] From peer 1: 256 bytes
[MESSAGE] From peer 1: 256 bytes
[MESSAGE] From peer 1: 256 bytes
[MESSAGE] From peer 1: 256 bytes
[MESSAGE] From peer 1: 256 bytes
[MESSAGE] From peer 1: 256 bytes
[MESSAGE] From peer 1: 256 bytes
[MESSAGE] From peer 1: 256 bytes
[MESSAGE] From peer 1: 256 bytes
[MESSAGE] From peer 1: 256 bytes
[MESSAGE] From peer 1: 256 bytes
[MESSAGE] From peer 1: 256 bytes
[MESSAGE] From peer 1: 256 bytes
[MESSAGE] From peer 1: 256 bytes
[MESSAGE] From peer 1: 256 bytes
[MESSAGE] From peer 1: 256 bytes
[MESSAGE] From peer 1: 256 bytes
[MESSAGE] From peer 1: 256 bytes
[MESSAGE] From peer 1: 256 bytes
[MESSAGE] From peer 1: 256 bytes
[MESSAGE] From peer 1: 256 bytes
[MESSAGE] From peer 1: 256 bytes
[MESSAGE] From peer 1: 256 bytes
[MESSAGE] From peer 1: 256 bytes
[MESSAGE] From peer 1: 256 bytes
[MESSAGE] From peer 1: 256 bytes
[MESSAGE] From peer 1: 256 bytes
[MESSAGE] From peer 1: 256 bytes
[MESSAGE] From peer 1: 256 bytes
[MESSAGE] From peer 1: 256 bytes
[MESSAGE] From peer 1: 256 bytes
[MESSAGE] From peer 1: 256 bytes
[MESSAGE] From peer 1: 256 bytes
[MESSAGE] From peer 1: 256 bytes
[MESSAGE] From peer 1: 256 bytes
[MESSAGE] From peer 1: 256 bytes
[MESSAGE] From peer 1: 256 bytes
[MESSAGE] From peer 1: 256 bytes
[MESSAGE] From peer 1: 256 bytes
[MESSAGE] From peer 1: 256 bytes
[MESSAGE] From peer 1: 256 bytes
[MESSAGE] From peer 1: 256 bytes
[MESSAGE] From peer 1: 256 bytes
[MESSAGE] From peer 1: 256 bytes
[MESSAGE] From peer 1: 256 bytes
[MESSAGE] From peer 1: 256 bytes
[MESSAGE] From peer 1: 256 bytes
[MESSAGE] From peer 1: 256 bytes
[MESSAGE] From peer 1: 256 bytes
[MESSAGE] From peer 1: 256 bytes
[MESSAGE] From peer 1: 256 bytes
[MESSAGE] From peer 1: 256 bytes
[MESSAGE] From peer 1: 256 bytes
[MESSAGE] From peer 1: 256 bytes
[MESSAGE] From peer 1: 256 bytes
[MESSAGE] From peer 1: 256 bytes
[MESSAGE] From peer 1: 256 bytes
[MESSAGE] From peer 1: 256 bytes
[MESSAGE] From peer 1: 256 bytes
[MESSAGE] From peer 1: 256 bytes
[MESSAGE] From peer 1: 256 bytes
[MESSAGE] From peer 1: 256 bytes
[MESSAGE] From peer 1: 256 bytes
[MESSAGE] From peer 1: 256 bytes
[MESSAGE] From peer 1: 256 bytes
[ECHO] 6900 messages echoed
[MESSAGE] From peer 1: 256 bytes
[MESSAGE] From peer 1: 256 bytes
[MESSAGE] From peer 1: 256 bytes
[MESSAGE] From peer 1: 256 bytes
[MESSAGE] From peer 1: 256 bytes
[MESSAGE] From peer 1: 256 bytes
[MESSAGE] From peer 1: 256 bytes
[MESSAGE] From peer 1: 256 bytes
[MESSAGE] From peer 1: 256 bytes
[MESSAGE] From peer 1: 256 bytes
[MESSAGE] From peer 1: 256 bytes
[MESSAGE] From peer 1: 256 bytes
[MESSAGE] From peer 1: 256 bytes
[MESSAGE] From peer 1: 256 bytes
[MESSAGE] From peer 1: 256 bytes
[MESSAGE] From peer 1: 256 bytes
[MESSAGE] From peer 1: 256 bytes
[MESSAGE] From peer 1: 256 bytes
[MESSAGE] From peer 1: 256 bytes
[MESSAGE] From peer 1: 256 bytes
[MESSAGE] From peer 1: 256 bytes
[MESSAGE] From peer 1: 256 bytes
[MESSAGE] From peer 1: 256 bytes
[MESSAGE] From peer 1: 256 bytes
[MESSAGE] From peer 1: 256 bytes
[MESSAGE] From peer 1: 256 bytes
[MESSAGE] From peer 1: 256 bytes
[MESSAGE] From peer 1: 256 bytes
[MESSAGE] From peer 1: 256 bytes
[MESSAGE] From peer 1: 256 bytes
[MESSAGE] From peer 1: 256 bytes
[MESSAGE] From peer 1: 256 bytes
[MESSAGE] From peer 1: 256 bytes
[MESSAGE] From peer 1: 256 bytes
[MESSAGE] From peer 1: 256 bytes
[MESSAGE] From peer 1: 256 bytes
[MESSAGE] From peer 1: 256 bytes
[MESSAGE] From peer 1: 256 bytes
[MESSAGE] From peer 1: 256 bytes
[MESSAGE] From peer 1: 256 bytes
[MESSAGE] From peer 1: 256 bytes
[MESSAGE] From peer 1: 256 bytes
[MESSAGE] From peer 1: 256 bytes
[MESSAGE] From peer 1: 256 bytes
[MESSAGE] From peer 1: 256 bytes
[MESSAGE] From peer 1: 256 bytes
[MESSAGE] From peer 1: 256 bytes
[MESSAGE] From peer 1: 256 bytes
[MESSAGE] From peer 1: 256 bytes
[MESSAGE] From peer 1: 256 bytes
[MESSAGE] From peer 1: 256 bytes
[MESSAGE] From peer 1: 256 bytes
[MESSAGE] From peer 1: 256 bytes
[MESSAGE] From peer 1: 256 bytes
[MESSAGE] From peer 1: 256 bytes
[MESSAGE] From peer 1: 256 bytes
[MESSAGE] From peer 1: 256 bytes
[MESSAGE] From peer 1: 256 bytes
[MESSAGE] From peer 1: 256 bytes
[MESSAGE] From peer 1: 256 bytes
[MESSAGE] From peer 1: 256 bytes
[MESSAGE] From peer 1: 256 bytes
[MESSAGE] From peer 1: 256 bytes
[MESSAGE] From peer 1: 256 bytes
[MESSAGE] From peer 1: 256 bytes
[MESSAGE] From peer 1: 256 bytes
[MESSAGE] From peer 1: 256 bytes
[MESSAGE] From peer 1: 256 bytes
[MESSAGE] From peer 1: 256 bytes
[MESSAGE] From peer 1: 256 bytes
[MESSAGE] From peer 1: 256 bytes
[MESSAGE] From peer 1: 256 bytes
[MESSAGE] From peer 1: 256 bytes
[MESSAGE] From peer 1: 256 bytes
[MESSAGE] From peer 1: 256 bytes
[MESSAGE] From peer 1: 256 bytes
[MESSAGE] From peer 1: 256 bytes
[MESSAGE] From peer 1: 256 bytes
[MESSAGE] From peer 1: 256 bytes
[MESSAGE] From peer 1: 256 bytes
[MESSAGE] From peer 1: 256 bytes
[MESSAGE] From peer 1: 256 bytes
[MESSAGE] From peer 1: 256 bytes
[MESSAGE] From peer 1: 256 bytes
[MESSAGE] From peer 1: 256 bytes
[MESSAGE] From peer 1: 256 bytes
[MESSAGE] From peer 1: 256 bytes
[MESSAGE] From peer 1: 256 bytes
[MESSAGE] From peer 1: 256 bytes
[MESSAGE] From peer 1: 256 bytes
[MESSAGE] From peer 1: 256 bytes
[MESSAGE] From peer 1: 256 bytes
[MESSAGE] From peer 1: 256 bytes
[MESSAGE] From peer 1: 256 bytes
[MESSAGE] From peer 1: 256 bytes
[MESSAGE] From peer 1: 256 bytes
[MESSAGE] From peer 1: 256 bytes
[MESSAGE] From peer 1: 256 bytes
[MESSAGE] From peer 1: 256 bytes
[MESSAGE] From peer 1: 256 bytes
[ECHO] 7000 messages echoed
[MESSAGE] From peer 1: 256 bytes
[MESSAGE] From peer 1: 256 bytes
[MESSAGE] From peer 1: 256 bytes
[MESSAGE] From peer 1: 256 bytes
[MESSAGE] From peer 1: 256 bytes
[MESSAGE] From peer 1: 256 bytes
[MESSAGE] From peer 1: 256 bytes
[MESSAGE] From peer 1: 256 bytes
[MESSAGE] From peer 1: 256 bytes
[MESSAGE] From peer 1: 256 bytes
[MESSAGE] From peer 1: 256 bytes
[MESSAGE] From peer 1: 256 bytes
[MESSAGE] From peer 1: 256 bytes
[MESSAGE] From peer 1: 256 bytes
[MESSAGE] From peer 1: 256 bytes
[MESSAGE] From peer 1: 256 bytes
[MESSAGE] From peer 1: 256 bytes
[MESSAGE] From peer 1: 256 bytes
[MESSAGE] From peer 1: 256 bytes
[MESSAGE] From peer 1: 256 bytes
[MESSAGE] From peer 1: 256 bytes
[MESSAGE] From peer 1: 256 bytes
[MESSAGE] From peer 1: 256 bytes
[MESSAGE] From peer 1: 256 bytes
[MESSAGE] From peer 1: 256 bytes
[MESSAGE] From peer 1: 256 bytes
[MESSAGE] From peer 1: 256 bytes
[MESSAGE] From peer 1: 256 bytes
[MESSAGE] From peer 1: 256 bytes
[MESSAGE] From peer 1: 256 bytes
[MESSAGE] From peer 1: 256 bytes
[MESSAGE] From peer 1: 256 bytes
[MESSAGE] From peer 1: 256 bytes
[MESSAGE] From peer 1: 256 bytes
[MESSAGE] From peer 1: 256 bytes
[MESSAGE] From peer 1: 256 bytes
[MESSAGE] From peer 1: 256 bytes
[MESSAGE] From peer 1: 256 bytes
[MESSAGE] From peer 1: 256 bytes
[MESSAGE] From peer 1: 256 bytes
[MESSAGE] From peer 1: 256 bytes
[MESSAGE] From peer 1: 256 bytes
[MESSAGE] From peer 1: 256 bytes
[MESSAGE] From peer 1: 256 bytes
[MESSAGE] From peer 1: 256 bytes
[MESSAGE] From peer 1: 256 bytes
[MESSAGE] From peer 1: 256 bytes
[MESSAGE] From peer 1: 256 bytes
[MESSAGE] From peer 1: 256 bytes
[MESSAGE] From peer 1: 256 bytes
[MESSAGE] From peer 1: 256 bytes
[MESSAGE] From peer 1: 256 bytes
[MESSAGE] From peer 1: 256 bytes
[MESSAGE] From peer 1: 256 bytes
[MESSAGE] From peer 1: 256 bytes
[MESSAGE] From peer 1: 256 bytes
[MESSAGE] From peer 1: 256 bytes
[MESSAGE] From peer 1: 256 bytes
[MESSAGE] From peer 1: 256 bytes
[MESSAGE] From peer 1: 256 bytes
[MESSAGE] From peer 1: 256 bytes
[MESSAGE] From peer 1: 256 bytes
[MESSAGE] From peer 1: 256 bytes
[MESSAGE] From peer 1: 256 bytes
[MESSAGE] From peer 1: 256 bytes
[MESSAGE] From peer 1: 256 bytes
[MESSAGE] From peer 1: 256 bytes
[MESSAGE] From peer 1: 256 bytes
[MESSAGE] From peer 1: 256 bytes
[MESSAGE] From peer 1: 256 bytes
[MESSAGE] From peer 1: 256 bytes
[MESSAGE] From peer 1: 256 bytes
[MESSAGE] From peer 1: 256 bytes
[MESSAGE] From peer 1: 256 bytes
[MESSAGE] From peer 1: 256 bytes
[MESSAGE] From peer 1: 256 bytes
[MESSAGE] From peer 1: 256 bytes
[MESSAGE] From peer 1: 256 bytes
[MESSAGE] From peer 1: 256 bytes
[MESSAGE] From peer 1: 256 bytes
[MESSAGE] From peer 1: 256 bytes
[MESSAGE] From peer 1: 256 bytes
[MESSAGE] From peer 1: 256 bytes
[MESSAGE] From peer 1: 256 bytes
[MESSAGE] From peer 1: 256 bytes
[MESSAGE] From peer 1: 256 bytes
[MESSAGE] From peer 1: 256 bytes
[MESSAGE] From peer 1: 256 bytes
[MESSAGE] From peer 1: 256 bytes
[MESSAGE] From peer 1: 256 bytes
[MESSAGE] From peer 1: 256 bytes
[MESSAGE] From peer 1: 256 bytes
[MESSAGE] From peer 1: 256 bytes
[MESSAGE] From peer 1: 256 bytes
[STATUS] 1320 sec: peers=8, msgs=7099, connected=yes
[MESSAGE] From peer 1: 256 bytes
[MESSAGE] From peer 1: 256 bytes
[MESSAGE] From peer 1: 256 bytes
[MESSAGE] From peer 1: 256 bytes
[MESSAGE] From peer 1: 256 bytes
[MESSAGE] From peer 1: 256 bytes
[ECHO] 7100 messages echoed
[MESSAGE] From peer 1: 256 bytes
[MESSAGE] From peer 1: 256 bytes
[MESSAGE] From peer 1: 256 bytes
[MESSAGE] From peer 1: 256 bytes
[MESSAGE] From peer 1: 256 bytes
[MESSAGE] From peer 1: 256 bytes
[MESSAGE] From peer 1: 256 bytes
[MESSAGE] From peer 1: 256 bytes
[MESSAGE] From peer 1: 256 bytes
[MESSAGE] From peer 1: 256 bytes
[MESSAGE] From peer 1: 256 bytes
[MESSAGE] From peer 1: 256 bytes
[MESSAGE] From peer 1: 256 bytes
[MESSAGE] From peer 1: 256 bytes
[MESSAGE] From peer 1: 256 bytes
[MESSAGE] From peer 1: 256 bytes
[MESSAGE] From peer 1: 256 bytes
[MESSAGE] From peer 1: 256 bytes
[MESSAGE] From peer 1: 256 bytes
[MESSAGE] From peer 1: 256 bytes
[MESSAGE] From peer 1: 256 bytes
[MESSAGE] From peer 1: 256 bytes
[MESSAGE] From peer 1: 256 bytes
[MESSAGE] From peer 1: 256 bytes
[DISCOVERED] Peer 2: "MacThroughput" at 10.188.1.213:7354
[MESSAGE] From peer 1: 256 bytes
[MESSAGE] From peer 1: 256 bytes
[MESSAGE] From peer 1: 256 bytes
[MESSAGE] From peer 1: 256 bytes
[MESSAGE] From peer 1: 256 bytes
[MESSAGE] From peer 1: 256 bytes
[MESSAGE] From peer 1: 256 bytes
[MESSAGE] From peer 1: 256 bytes
[MESSAGE] From peer 1: 256 bytes
[MESSAGE] From peer 1: 256 bytes
[MESSAGE] From peer 1: 256 bytes
[MESSAGE] From peer 1: 256 bytes
[MESSAGE] From peer 1: 256 bytes
[MESSAGE] From peer 1: 256 bytes
[MESSAGE] From peer 1: 256 bytes
[MESSAGE] From peer 1: 256 bytes
[MESSAGE] From peer 1: 256 bytes
[MESSAGE] From peer 1: 256 bytes
[MESSAGE] From peer 1: 256 bytes
[MESSAGE] From peer 1: 256 bytes
[MESSAGE] From peer 1: 256 bytes
[MESSAGE] From peer 1: 256 bytes
[MESSAGE] From peer 1: 256 bytes
[MESSAGE] From peer 1: 256 bytes
[MESSAGE] From peer 1: 256 bytes
[MESSAGE] From peer 1: 256 bytes
[MESSAGE] From peer 1: 256 bytes
[MESSAGE] From peer 1: 256 bytes
[MESSAGE] From peer 1: 256 bytes
[MESSAGE] From peer 1: 256 bytes
[MESSAGE] From peer 1: 256 bytes
[MESSAGE] From peer 1: 256 bytes
[MESSAGE] From peer 1: 256 bytes
[MESSAGE] From peer 1: 256 bytes
[MESSAGE] From peer 1: 256 bytes
[MESSAGE] From peer 1: 256 bytes
[MESSAGE] From peer 1: 256 bytes
[MESSAGE] From peer 1: 256 bytes
[MESSAGE] From peer 1: 256 bytes
[MESSAGE] From peer 1: 256 bytes
[MESSAGE] From peer 1: 256 bytes
[MESSAGE] From peer 1: 256 bytes
[MESSAGE] From peer 1: 256 bytes
[MESSAGE] From peer 1: 256 bytes
[MESSAGE] From peer 1: 256 bytes
[MESSAGE] From peer 1: 256 bytes
[MESSAGE] From peer 1: 256 bytes
[MESSAGE] From peer 1: 256 bytes
[MESSAGE] From peer 1: 256 bytes
[MESSAGE] From peer 1: 256 bytes
[MESSAGE] From peer 1: 256 bytes
[MESSAGE] From peer 1: 256 bytes
[MESSAGE] From peer 1: 256 bytes
[MESSAGE] From peer 1: 256 bytes
[MESSAGE] From peer 1: 256 bytes
[MESSAGE] From peer 1: 256 bytes
[MESSAGE] From peer 1: 256 bytes
[MESSAGE] From peer 1: 256 bytes
[MESSAGE] From peer 1: 256 bytes
[MESSAGE] From peer 1: 256 bytes
[MESSAGE] From peer 1: 256 bytes
[MESSAGE] From peer 1: 256 bytes
[MESSAGE] From peer 1: 256 bytes
[MESSAGE] From peer 1: 256 bytes
[MESSAGE] From peer 1: 256 bytes
[MESSAGE] From peer 1: 256 bytes
[MESSAGE] From peer 1: 256 bytes
[MESSAGE] From peer 1: 256 bytes
[MESSAGE] From peer 1: 256 bytes
[MESSAGE] From peer 1: 256 bytes
[MESSAGE] From peer 1: 256 bytes
[MESSAGE] From peer 1: 256 bytes
[MESSAGE] From peer 1: 256 bytes
[MESSAGE] From peer 1: 256 bytes
[MESSAGE] From peer 1: 256 bytes
[MESSAGE] From peer 1: 256 bytes
[ECHO] 7200 messages echoed
[MESSAGE] From peer 1: 256 bytes
[MESSAGE] From peer 1: 256 bytes
[MESSAGE] From peer 1: 256 bytes
[MESSAGE] From peer 1: 256 bytes
[MESSAGE] From peer 1: 256 bytes
[MESSAGE] From peer 1: 256 bytes
[MESSAGE] From peer 1: 256 bytes
[MESSAGE] From peer 1: 256 bytes
[MESSAGE] From peer 1: 256 bytes
[MESSAGE] From peer 1: 256 bytes
[MESSAGE] From peer 1: 256 bytes
[MESSAGE] From peer 1: 256 bytes
[MESSAGE] From peer 1: 256 bytes
[MESSAGE] From peer 1: 256 bytes
[MESSAGE] From peer 1: 256 bytes
[MESSAGE] From peer 1: 256 bytes
[MESSAGE] From peer 1: 256 bytes
[MESSAGE] From peer 1: 256 bytes
[MESSAGE] From peer 1: 256 bytes
[MESSAGE] From peer 1: 256 bytes
[MESSAGE] From peer 1: 256 bytes
[MESSAGE] From peer 1: 256 bytes
[MESSAGE] From peer 1: 256 bytes
[MESSAGE] From peer 1: 256 bytes
[MESSAGE] From peer 1: 256 bytes
[MESSAGE] From peer 1: 256 bytes
[MESSAGE] From peer 1: 256 bytes
[MESSAGE] From peer 1: 256 bytes
[MESSAGE] From peer 1: 256 bytes
[MESSAGE] From peer 1: 256 bytes
[MESSAGE] From peer 1: 256 bytes
[MESSAGE] From peer 1: 256 bytes
[MESSAGE] From peer 1: 256 bytes
[MESSAGE] From peer 1: 256 bytes
[MESSAGE] From peer 1: 256 bytes
[MESSAGE] From peer 1: 256 bytes
[MESSAGE] From peer 1: 256 bytes
[MESSAGE] From peer 1: 256 bytes
[MESSAGE] From peer 1: 256 bytes
[MESSAGE] From peer 1: 256 bytes
[MESSAGE] From peer 1: 256 bytes
[MESSAGE] From peer 1: 256 bytes
[MESSAGE] From peer 1: 256 bytes
[MESSAGE] From peer 1: 256 bytes
[MESSAGE] From peer 1: 256 bytes
[MESSAGE] From peer 1: 256 bytes
[MESSAGE] From peer 1: 256 bytes
[MESSAGE] From peer 1: 256 bytes
[MESSAGE] From peer 1: 256 bytes
[MESSAGE] From peer 1: 256 bytes
[MESSAGE] From peer 1: 256 bytes
[MESSAGE] From peer 1: 256 bytes
[MESSAGE] From peer 1: 256 bytes
[MESSAGE] From peer 1: 256 bytes
[MESSAGE] From peer 1: 256 bytes
[MESSAGE] From peer 1: 256 bytes
[MESSAGE] From peer 1: 256 bytes
[MESSAGE] From peer 1: 256 bytes
[MESSAGE] From peer 1: 256 bytes
[MESSAGE] From peer 1: 256 bytes
[MESSAGE] From peer 1: 256 bytes
[MESSAGE] From peer 1: 256 bytes
[MESSAGE] From peer 1: 256 bytes
[MESSAGE] From peer 1: 256 bytes
[MESSAGE] From peer 1: 256 bytes
[MESSAGE] From peer 1: 256 bytes
[MESSAGE] From peer 1: 256 bytes
[MESSAGE] From peer 1: 256 bytes
[MESSAGE] From peer 1: 256 bytes
[MESSAGE] From peer 1: 256 bytes
[MESSAGE] From peer 1: 256 bytes
[MESSAGE] From peer 1: 256 bytes
[MESSAGE] From peer 1: 256 bytes
[MESSAGE] From peer 1: 256 bytes
[MESSAGE] From peer 1: 256 bytes
[MESSAGE] From peer 1: 256 bytes
[MESSAGE] From peer 1: 256 bytes
[MESSAGE] From peer 1: 256 bytes
[MESSAGE] From peer 1: 256 bytes
[MESSAGE] From peer 1: 256 bytes
[MESSAGE] From peer 1: 256 bytes
[MESSAGE] From peer 1: 256 bytes
[MESSAGE] From peer 1: 256 bytes
[MESSAGE] From peer 1: 256 bytes
[MESSAGE] From peer 1: 256 bytes
[MESSAGE] From peer 1: 256 bytes
[MESSAGE] From peer 1: 256 bytes
[MESSAGE] From peer 1: 256 bytes
[MESSAGE] From peer 1: 256 bytes
[MESSAGE] From peer 1: 256 bytes
[MESSAGE] From peer 1: 256 bytes
[MESSAGE] From peer 1: 256 bytes
[MESSAGE] From peer 1: 256 bytes
[MESSAGE] From peer 1: 256 bytes
[MESSAGE] From peer 1: 256 bytes
[MESSAGE] From peer 1: 256 bytes
[MESSAGE] From peer 1: 256 bytes
[MESSAGE] From peer 1: 256 bytes
[MESSAGE] From peer 1: 256 bytes
[MESSAGE] From peer 1: 256 bytes
[ECHO] 7300 messages echoed
[MESSAGE] From peer 1: 256 bytes
[MESSAGE] From peer 1: 256 bytes
[MESSAGE] From peer 1: 256 bytes
[MESSAGE] From peer 1: 256 bytes
[MESSAGE] From peer 1: 256 bytes
[MESSAGE] From peer 1: 256 bytes
[MESSAGE] From peer 1: 256 bytes
[MESSAGE] From peer 1: 256 bytes
[MESSAGE] From peer 1: 256 bytes
[MESSAGE] From peer 1: 256 bytes
[MESSAGE] From peer 1: 256 bytes
[MESSAGE] From peer 1: 256 bytes
[MESSAGE] From peer 1: 256 bytes
[MESSAGE] From peer 1: 256 bytes
[MESSAGE] From peer 1: 256 bytes
[MESSAGE] From peer 1: 256 bytes
[MESSAGE] From peer 1: 256 bytes
[MESSAGE] From peer 1: 256 bytes
[MESSAGE] From peer 1: 256 bytes
[MESSAGE] From peer 1: 256 bytes
[MESSAGE] From peer 1: 256 bytes
[MESSAGE] From peer 1: 256 bytes
[MESSAGE] From peer 1: 256 bytes
[MESSAGE] From peer 1: 256 bytes
[MESSAGE] From peer 1: 256 bytes
[MESSAGE] From peer 1: 256 bytes
[MESSAGE] From peer 1: 256 bytes
[MESSAGE] From peer 1: 256 bytes
[MESSAGE] From peer 1: 256 bytes
[MESSAGE] From peer 1: 256 bytes
[MESSAGE] From peer 1: 256 bytes
[MESSAGE] From peer 1: 256 bytes
[MESSAGE] From peer 1: 256 bytes
[MESSAGE] From peer 1: 256 bytes
[MESSAGE] From peer 1: 256 bytes
[MESSAGE] From peer 1: 256 bytes
[MESSAGE] From peer 1: 256 bytes
[MESSAGE] From peer 1: 256 bytes
[MESSAGE] From peer 1: 256 bytes
[MESSAGE] From peer 1: 256 bytes
[MESSAGE] From peer 1: 256 bytes
[MESSAGE] From peer 1: 256 bytes
[MESSAGE] From peer 1: 256 bytes
[MESSAGE] From peer 1: 256 bytes
[MESSAGE] From peer 1: 256 bytes
[MESSAGE] From peer 1: 256 bytes
[MESSAGE] From peer 1: 256 bytes
[MESSAGE] From peer 1: 256 bytes
[MESSAGE] From peer 1: 256 bytes
[MESSAGE] From peer 1: 256 bytes
[MESSAGE] From peer 1: 256 bytes
[MESSAGE] From peer 1: 256 bytes
[MESSAGE] From peer 1: 256 bytes
[MESSAGE] From peer 1: 256 bytes
[MESSAGE] From peer 1: 256 bytes
[MESSAGE] From peer 1: 256 bytes
[MESSAGE] From peer 1: 256 bytes
[MESSAGE] From peer 1: 256 bytes
[MESSAGE] From peer 1: 256 bytes
[MESSAGE] From peer 1: 256 bytes
[MESSAGE] From peer 1: 256 bytes
[MESSAGE] From peer 1: 256 bytes
[MESSAGE] From peer 1: 256 bytes
[MESSAGE] From peer 1: 256 bytes
[MESSAGE] From peer 1: 256 bytes
[MESSAGE] From peer 1: 256 bytes
[MESSAGE] From peer 1: 256 bytes
[MESSAGE] From peer 1: 256 bytes
[MESSAGE] From peer 1: 256 bytes
[MESSAGE] From peer 1: 256 bytes
[MESSAGE] From peer 1: 256 bytes
[MESSAGE] From peer 1: 256 bytes
[MESSAGE] From peer 1: 256 bytes
[MESSAGE] From peer 1: 256 bytes
[MESSAGE] From peer 1: 256 bytes
[MESSAGE] From peer 1: 256 bytes
[MESSAGE] From peer 1: 256 bytes
[MESSAGE] From peer 1: 256 bytes
[MESSAGE] From peer 1: 256 bytes
[MESSAGE] From peer 1: 256 bytes
[MESSAGE] From peer 1: 256 bytes
[MESSAGE] From peer 1: 256 bytes
[MESSAGE] From peer 1: 256 bytes
[MESSAGE] From peer 1: 256 bytes
[MESSAGE] From peer 1: 256 bytes
[MESSAGE] From peer 1: 256 bytes
[MESSAGE] From peer 1: 256 bytes
[MESSAGE] From peer 1: 256 bytes
[MESSAGE] From peer 1: 256 bytes
[MESSAGE] From peer 1: 256 bytes
[MESSAGE] From peer 1: 256 bytes
[MESSAGE] From peer 1: 256 bytes
[MESSAGE] From peer 1: 256 bytes
[MESSAGE] From peer 1: 256 bytes
[MESSAGE] From peer 1: 256 bytes
[MESSAGE] From peer 1: 256 bytes
[MESSAGE] From peer 1: 256 bytes
[MESSAGE] From peer 1: 256 bytes
[MESSAGE] From peer 1: 256 bytes
[MESSAGE] From peer 1: 256 bytes
[ECHO] 7400 messages echoed
[MESSAGE] From peer 1: 256 bytes
[MESSAGE] From peer 1: 256 bytes
[MESSAGE] From peer 1: 256 bytes
[MESSAGE] From peer 1: 256 bytes
[MESSAGE] From peer 1: 256 bytes
[MESSAGE] From peer 1: 256 bytes
[MESSAGE] From peer 1: 256 bytes
[MESSAGE] From peer 1: 256 bytes
[MESSAGE] From peer 1: 256 bytes
[MESSAGE] From peer 1: 256 bytes
[MESSAGE] From peer 1: 256 bytes
[MESSAGE] From peer 1: 256 bytes
[MESSAGE] From peer 1: 256 bytes
[MESSAGE] From peer 1: 256 bytes
[MESSAGE] From peer 1: 256 bytes
[MESSAGE] From peer 1: 256 bytes
[MESSAGE] From peer 1: 256 bytes
[MESSAGE] From peer 1: 256 bytes
[MESSAGE] From peer 1: 256 bytes
[MESSAGE] From peer 1: 256 bytes
[MESSAGE] From peer 1: 256 bytes
[MESSAGE] From peer 1: 256 bytes
[MESSAGE] From peer 1: 256 bytes
[MESSAGE] From peer 1: 256 bytes
[MESSAGE] From peer 1: 256 bytes
[MESSAGE] From peer 1: 256 bytes
[MESSAGE] From peer 1: 256 bytes
[MESSAGE] From peer 1: 256 bytes
[MESSAGE] From peer 1: 256 bytes
[MESSAGE] From peer 1: 256 bytes
[MESSAGE] From peer 1: 256 bytes
[MESSAGE] From peer 1: 256 bytes
[MESSAGE] From peer 1: 256 bytes
[MESSAGE] From peer 1: 256 bytes
[MESSAGE] From peer 1: 256 bytes
[MESSAGE] From peer 1: 256 bytes
[MESSAGE] From peer 1: 256 bytes
[MESSAGE] From peer 1: 256 bytes
[MESSAGE] From peer 1: 256 bytes
[MESSAGE] From peer 1: 256 bytes
[MESSAGE] From peer 1: 256 bytes
[MESSAGE] From peer 1: 256 bytes
[MESSAGE] From peer 1: 256 bytes
[MESSAGE] From peer 1: 256 bytes
[MESSAGE] From peer 1: 256 bytes
[MESSAGE] From peer 1: 256 bytes
[MESSAGE] From peer 1: 256 bytes
[MESSAGE] From peer 1: 256 bytes
[MESSAGE] From peer 1: 256 bytes
[MESSAGE] From peer 1: 256 bytes
[MESSAGE] From peer 1: 256 bytes
[MESSAGE] From peer 1: 256 bytes
[MESSAGE] From peer 1: 256 bytes
[MESSAGE] From peer 1: 256 bytes
[MESSAGE] From peer 1: 256 bytes
[MESSAGE] From peer 1: 256 bytes
[MESSAGE] From peer 1: 256 bytes
[MESSAGE] From peer 1: 256 bytes
[MESSAGE] From peer 1: 256 bytes
[MESSAGE] From peer 1: 256 bytes
[MESSAGE] From peer 1: 256 bytes
[MESSAGE] From peer 1: 256 bytes
[MESSAGE] From peer 1: 256 bytes
[MESSAGE] From peer 1: 256 bytes
[MESSAGE] From peer 1: 256 bytes
[MESSAGE] From peer 1: 256 bytes
[MESSAGE] From peer 1: 256 bytes
[MESSAGE] From peer 1: 256 bytes
[MESSAGE] From peer 1: 256 bytes
[MESSAGE] From peer 1: 256 bytes
[MESSAGE] From peer 1: 256 bytes
[MESSAGE] From peer 1: 256 bytes
[MESSAGE] From peer 1: 256 bytes
[MESSAGE] From peer 1: 256 bytes
[MESSAGE] From peer 1: 256 bytes
[MESSAGE] From peer 1: 256 bytes
[MESSAGE] From peer 1: 256 bytes
[MESSAGE] From peer 1: 256 bytes
[MESSAGE] From peer 1: 256 bytes
[MESSAGE] From peer 1: 256 bytes
[MESSAGE] From peer 1: 256 bytes
[MESSAGE] From peer 1: 256 bytes
[MESSAGE] From peer 1: 256 bytes
[MESSAGE] From peer 1: 256 bytes
[MESSAGE] From peer 1: 256 bytes
[MESSAGE] From peer 1: 256 bytes
[MESSAGE] From peer 1: 256 bytes
[MESSAGE] From peer 1: 256 bytes
[MESSAGE] From peer 1: 256 bytes
[MESSAGE] From peer 1: 256 bytes
[MESSAGE] From peer 1: 256 bytes
[MESSAGE] From peer 1: 256 bytes
[MESSAGE] From peer 1: 256 bytes
[MESSAGE] From peer 1: 256 bytes
[MESSAGE] From peer 1: 256 bytes
[MESSAGE] From peer 1: 256 bytes
[MESSAGE] From peer 1: 256 bytes
[MESSAGE] From peer 1: 256 bytes
[MESSAGE] From peer 1: 256 bytes
[MESSAGE] From peer 1: 256 bytes
[ECHO] 7500 messages echoed
[MESSAGE] From peer 1: 256 bytes
[MESSAGE] From peer 1: 256 bytes
[MESSAGE] From peer 1: 256 bytes
[MESSAGE] From peer 1: 256 bytes
[MESSAGE] From peer 1: 256 bytes
[MESSAGE] From peer 1: 256 bytes
[MESSAGE] From peer 1: 256 bytes
[MESSAGE] From peer 1: 256 bytes
[MESSAGE] From peer 1: 256 bytes
[MESSAGE] From peer 1: 256 bytes
[MESSAGE] From peer 1: 256 bytes
[MESSAGE] From peer 1: 256 bytes
[MESSAGE] From peer 1: 256 bytes
[MESSAGE] From peer 1: 256 bytes
[MESSAGE] From peer 1: 256 bytes
[MESSAGE] From peer 1: 256 bytes
[MESSAGE] From peer 1: 256 bytes
[MESSAGE] From peer 1: 256 bytes
[MESSAGE] From peer 1: 256 bytes
[MESSAGE] From peer 1: 256 bytes
[MESSAGE] From peer 1: 256 bytes
[MESSAGE] From peer 1: 256 bytes
[MESSAGE] From peer 1: 256 bytes
[MESSAGE] From peer 1: 256 bytes
[MESSAGE] From peer 1: 256 bytes
[MESSAGE] From peer 1: 256 bytes
[MESSAGE] From peer 1: 256 bytes
[MESSAGE] From peer 1: 256 bytes
[MESSAGE] From peer 1: 256 bytes
[MESSAGE] From peer 1: 256 bytes
[MESSAGE] From peer 1: 256 bytes
[MESSAGE] From peer 1: 256 bytes
[MESSAGE] From peer 1: 256 bytes
[MESSAGE] From peer 1: 256 bytes
[MESSAGE] From peer 1: 256 bytes
[MESSAGE] From peer 1: 256 bytes
[MESSAGE] From peer 1: 256 bytes
[MESSAGE] From peer 1: 256 bytes
[MESSAGE] From peer 1: 256 bytes
[MESSAGE] From peer 1: 256 bytes
[MESSAGE] From peer 1: 256 bytes
[MESSAGE] From peer 1: 256 bytes
[MESSAGE] From peer 1: 256 bytes
[MESSAGE] From peer 1: 256 bytes
[MESSAGE] From peer 1: 256 bytes
[MESSAGE] From peer 1: 256 bytes
[MESSAGE] From peer 1: 256 bytes
[MESSAGE] From peer 1: 256 bytes
[MESSAGE] From peer 1: 256 bytes
[MESSAGE] From peer 1: 256 bytes
[MESSAGE] From peer 1: 256 bytes
[MESSAGE] From peer 1: 256 bytes
[MESSAGE] From peer 1: 256 bytes
[MESSAGE] From peer 1: 256 bytes
[MESSAGE] From peer 1: 256 bytes
[MESSAGE] From peer 1: 256 bytes
[MESSAGE] From peer 1: 256 bytes
[MESSAGE] From peer 1: 256 bytes
[MESSAGE] From peer 1: 256 bytes
[STATUS] 1330 sec: peers=9, msgs=7564, connected=yes
[MESSAGE] From peer 1: 256 bytes
[MESSAGE] From peer 1: 256 bytes
[MESSAGE] From peer 1: 256 bytes
[MESSAGE] From peer 1: 256 bytes
[MESSAGE] From peer 1: 256 bytes
[MESSAGE] From peer 1: 256 bytes
[MESSAGE] From peer 1: 256 bytes
[MESSAGE] From peer 1: 256 bytes
[MESSAGE] From peer 1: 256 bytes
[MESSAGE] From peer 1: 256 bytes
[MESSAGE] From peer 1: 256 bytes
[MESSAGE] From peer 1: 256 bytes
[MESSAGE] From peer 1: 256 bytes
[MESSAGE] From peer 1: 256 bytes
[MESSAGE] From peer 1: 256 bytes
[MESSAGE] From peer 1: 256 bytes
[MESSAGE] From peer 1: 256 bytes
[MESSAGE] From peer 1: 256 bytes
[MESSAGE] From peer 1: 256 bytes
[MESSAGE] From peer 1: 256 bytes
[MESSAGE] From peer 1: 256 bytes
[MESSAGE] From peer 1: 256 bytes
[MESSAGE] From peer 1: 256 bytes
[MESSAGE] From peer 1: 256 bytes
[MESSAGE] From peer 1: 256 bytes
[MESSAGE] From peer 1: 256 bytes
[MESSAGE] From peer 1: 256 bytes
[MESSAGE] From peer 1: 256 bytes
[MESSAGE] From peer 1: 256 bytes
[MESSAGE] From peer 1: 256 bytes
[MESSAGE] From peer 1: 256 bytes
[MESSAGE] From peer 1: 256 bytes
[MESSAGE] From peer 1: 256 bytes
[MESSAGE] From peer 1: 256 bytes
[MESSAGE] From peer 1: 256 bytes
[MESSAGE] From peer 1: 256 bytes
[MESSAGE] From peer 1: 256 bytes
[MESSAGE] From peer 1: 256 bytes
[MESSAGE] From peer 1: 256 bytes
[MESSAGE] From peer 1: 256 bytes
[MESSAGE] From peer 1: 256 bytes
[ECHO] 7600 messages echoed
[MESSAGE] From peer 1: 256 bytes
[MESSAGE] From peer 1: 256 bytes
[MESSAGE] From peer 1: 256 bytes
[MESSAGE] From peer 1: 256 bytes
[MESSAGE] From peer 1: 256 bytes
[MESSAGE] From peer 1: 256 bytes
[MESSAGE] From peer 1: 256 bytes
[MESSAGE] From peer 1: 256 bytes
[MESSAGE] From peer 1: 256 bytes
[MESSAGE] From peer 1: 256 bytes
[MESSAGE] From peer 1: 256 bytes
[MESSAGE] From peer 1: 256 bytes
[MESSAGE] From peer 1: 256 bytes
[MESSAGE] From peer 1: 256 bytes
[MESSAGE] From peer 1: 256 bytes
[MESSAGE] From peer 1: 256 bytes
[MESSAGE] From peer 1: 256 bytes
[MESSAGE] From peer 1: 256 bytes
[MESSAGE] From peer 1: 256 bytes
[MESSAGE] From peer 1: 256 bytes
[MESSAGE] From peer 1: 256 bytes
[MESSAGE] From peer 1: 256 bytes
[MESSAGE] From peer 1: 256 bytes
[MESSAGE] From peer 1: 256 bytes
[MESSAGE] From peer 1: 256 bytes
[MESSAGE] From peer 1: 256 bytes
[MESSAGE] From peer 1: 256 bytes
[MESSAGE] From peer 1: 256 bytes
[MESSAGE] From peer 1: 256 bytes
[MESSAGE] From peer 1: 256 bytes
[MESSAGE] From peer 1: 256 bytes
[MESSAGE] From peer 1: 256 bytes
[MESSAGE] From peer 1: 256 bytes
[MESSAGE] From peer 1: 256 bytes
[MESSAGE] From peer 1: 256 bytes
[MESSAGE] From peer 1: 256 bytes
[MESSAGE] From peer 1: 256 bytes
[MESSAGE] From peer 1: 256 bytes
[MESSAGE] From peer 1: 256 bytes
[MESSAGE] From peer 1: 256 bytes
[MESSAGE] From peer 1: 256 bytes
[MESSAGE] From peer 1: 256 bytes
[MESSAGE] From peer 1: 256 bytes
[MESSAGE] From peer 1: 256 bytes
[MESSAGE] From peer 1: 256 bytes
[MESSAGE] From peer 1: 256 bytes
[MESSAGE] From peer 1: 256 bytes
[MESSAGE] From peer 1: 256 bytes
[MESSAGE] From peer 1: 256 bytes
[MESSAGE] From peer 1: 256 bytes
[MESSAGE] From peer 1: 256 bytes
[MESSAGE] From peer 1: 256 bytes
[MESSAGE] From peer 1: 256 bytes
[MESSAGE] From peer 1: 256 bytes
[MESSAGE] From peer 1: 256 bytes
[MESSAGE] From peer 1: 256 bytes
[MESSAGE] From peer 1: 256 bytes
[MESSAGE] From peer 1: 256 bytes
[MESSAGE] From peer 1: 256 bytes
[MESSAGE] From peer 1: 256 bytes
[MESSAGE] From peer 1: 256 bytes
[MESSAGE] From peer 1: 256 bytes
[MESSAGE] From peer 1: 256 bytes
[MESSAGE] From peer 1: 256 bytes
[MESSAGE] From peer 1: 256 bytes
[MESSAGE] From peer 1: 256 bytes
[MESSAGE] From peer 1: 256 bytes
[MESSAGE] From peer 1: 256 bytes
[MESSAGE] From peer 1: 256 bytes
[MESSAGE] From peer 1: 256 bytes
[MESSAGE] From peer 1: 256 bytes
[MESSAGE] From peer 1: 256 bytes
[MESSAGE] From peer 1: 256 bytes
[MESSAGE] From peer 1: 256 bytes
[MESSAGE] From peer 1: 256 bytes
[MESSAGE] From peer 1: 256 bytes
[MESSAGE] From peer 1: 256 bytes
[MESSAGE] From peer 1: 256 bytes
[MESSAGE] From peer 1: 256 bytes
[MESSAGE] From peer 1: 256 bytes
[MESSAGE] From peer 1: 256 bytes
[MESSAGE] From peer 1: 256 bytes
[MESSAGE] From peer 1: 256 bytes
[MESSAGE] From peer 1: 256 bytes
[MESSAGE] From peer 1: 256 bytes
[MESSAGE] From peer 1: 256 bytes
[MESSAGE] From peer 1: 256 bytes
[MESSAGE] From peer 1: 256 bytes
[MESSAGE] From peer 1: 256 bytes
[MESSAGE] From peer 1: 256 bytes
[MESSAGE] From peer 1: 256 bytes
[MESSAGE] From peer 1: 256 bytes
[MESSAGE] From peer 1: 256 bytes
[MESSAGE] From peer 1: 256 bytes
[MESSAGE] From peer 1: 256 bytes
[MESSAGE] From peer 1: 256 bytes
[MESSAGE] From peer 1: 256 bytes
[MESSAGE] From peer 1: 256 bytes
[MESSAGE] From peer 1: 256 bytes
[MESSAGE] From peer 1: 256 bytes
[ECHO] 7700 messages echoed
[MESSAGE] From peer 1: 256 bytes
[MESSAGE] From peer 1: 256 bytes
[MESSAGE] From peer 1: 256 bytes
[MESSAGE] From peer 1: 256 bytes
[MESSAGE] From peer 1: 256 bytes
[MESSAGE] From peer 1: 256 bytes
[MESSAGE] From peer 1: 256 bytes
[MESSAGE] From peer 1: 256 bytes
[MESSAGE] From peer 1: 256 bytes
[MESSAGE] From peer 1: 256 bytes
[MESSAGE] From peer 1: 256 bytes
[MESSAGE] From peer 1: 256 bytes
[MESSAGE] From peer 1: 256 bytes
[MESSAGE] From peer 1: 256 bytes
[MESSAGE] From peer 1: 256 bytes
[MESSAGE] From peer 1: 256 bytes
[MESSAGE] From peer 1: 256 bytes
[MESSAGE] From peer 1: 256 bytes
[MESSAGE] From peer 1: 256 bytes
[MESSAGE] From peer 1: 256 bytes
[MESSAGE] From peer 1: 256 bytes
[MESSAGE] From peer 1: 256 bytes
[MESSAGE] From peer 1: 256 bytes
[MESSAGE] From peer 1: 256 bytes
[MESSAGE] From peer 1: 256 bytes
[MESSAGE] From peer 1: 256 bytes
[MESSAGE] From peer 1: 256 bytes
[MESSAGE] From peer 1: 256 bytes
[MESSAGE] From peer 1: 256 bytes
[MESSAGE] From peer 1: 256 bytes
[MESSAGE] From peer 1: 256 bytes
[MESSAGE] From peer 1: 256 bytes
[MESSAGE] From peer 1: 256 bytes
[MESSAGE] From peer 1: 256 bytes
[MESSAGE] From peer 1: 256 bytes
[MESSAGE] From peer 1: 256 bytes
[MESSAGE] From peer 1: 256 bytes
[MESSAGE] From peer 1: 256 bytes
[MESSAGE] From peer 1: 256 bytes
[MESSAGE] From peer 1: 256 bytes
[MESSAGE] From peer 1: 256 bytes
[MESSAGE] From peer 1: 256 bytes
[MESSAGE] From peer 1: 256 bytes
[MESSAGE] From peer 1: 256 bytes
[MESSAGE] From peer 1: 256 bytes
[MESSAGE] From peer 1: 256 bytes
[MESSAGE] From peer 1: 256 bytes
[MESSAGE] From peer 1: 256 bytes
[MESSAGE] From peer 1: 256 bytes
[MESSAGE] From peer 1: 256 bytes
[MESSAGE] From peer 1: 256 bytes
[MESSAGE] From peer 1: 256 bytes
[MESSAGE] From peer 1: 256 bytes
[MESSAGE] From peer 1: 256 bytes
[MESSAGE] From peer 1: 256 bytes
[MESSAGE] From peer 1: 256 bytes
[MESSAGE] From peer 1: 256 bytes
[MESSAGE] From peer 1: 256 bytes
[MESSAGE] From peer 1: 256 bytes
[MESSAGE] From peer 1: 256 bytes
[MESSAGE] From peer 1: 256 bytes
[MESSAGE] From peer 1: 256 bytes
[MESSAGE] From peer 1: 256 bytes
[MESSAGE] From peer 1: 256 bytes
[MESSAGE] From peer 1: 256 bytes
[MESSAGE] From peer 1: 256 bytes
[MESSAGE] From peer 1: 256 bytes
[MESSAGE] From peer 1: 256 bytes
[MESSAGE] From peer 1: 256 bytes
[MESSAGE] From peer 1: 256 bytes
[MESSAGE] From peer 1: 256 bytes
[MESSAGE] From peer 1: 256 bytes
[MESSAGE] From peer 1: 256 bytes
[MESSAGE] From peer 1: 256 bytes
[MESSAGE] From peer 1: 256 bytes
[MESSAGE] From peer 1: 256 bytes
[MESSAGE] From peer 1: 256 bytes
[MESSAGE] From peer 1: 256 bytes
[MESSAGE] From peer 1: 256 bytes
[MESSAGE] From peer 1: 256 bytes
[MESSAGE] From peer 1: 256 bytes
[MESSAGE] From peer 1: 256 bytes
[MESSAGE] From peer 1: 256 bytes
[MESSAGE] From peer 1: 256 bytes
[MESSAGE] From peer 1: 256 bytes
[MESSAGE] From peer 1: 256 bytes
[MESSAGE] From peer 1: 256 bytes
[MESSAGE] From peer 1: 256 bytes
[MESSAGE] From peer 1: 256 bytes
[MESSAGE] From peer 1: 256 bytes
[MESSAGE] From peer 1: 256 bytes
[MESSAGE] From peer 1: 256 bytes
[MESSAGE] From peer 1: 256 bytes
[MESSAGE] From peer 1: 256 bytes
[MESSAGE] From peer 1: 256 bytes
[MESSAGE] From peer 1: 256 bytes
[MESSAGE] From peer 1: 256 bytes
[MESSAGE] From peer 1: 256 bytes
[MESSAGE] From peer 1: 256 bytes
[MESSAGE] From peer 1: 256 bytes
[ECHO] 7800 messages echoed
[MESSAGE] From peer 1: 256 bytes
[MESSAGE] From peer 1: 256 bytes
[MESSAGE] From peer 1: 256 bytes
[MESSAGE] From peer 1: 256 bytes
[MESSAGE] From peer 1: 256 bytes
[MESSAGE] From peer 1: 256 bytes
[MESSAGE] From peer 1: 256 bytes
[MESSAGE] From peer 1: 256 bytes
[MESSAGE] From peer 1: 256 bytes
[MESSAGE] From peer 1: 256 bytes
[MESSAGE] From peer 1: 256 bytes
[MESSAGE] From peer 1: 256 bytes
[MESSAGE] From peer 1: 256 bytes
[MESSAGE] From peer 1: 256 bytes
[MESSAGE] From peer 1: 256 bytes
[MESSAGE] From peer 1: 256 bytes
[MESSAGE] From peer 1: 256 bytes
[MESSAGE] From peer 1: 256 bytes
[MESSAGE] From peer 1: 256 bytes
[MESSAGE] From peer 1: 256 bytes
[MESSAGE] From peer 1: 256 bytes
[MESSAGE] From peer 1: 256 bytes
[MESSAGE] From peer 1: 256 bytes
[MESSAGE] From peer 1: 256 bytes
[MESSAGE] From peer 1: 256 bytes
[MESSAGE] From peer 1: 256 bytes
[MESSAGE] From peer 1: 256 bytes
[MESSAGE] From peer 1: 256 bytes
[MESSAGE] From peer 1: 256 bytes
[MESSAGE] From peer 1: 256 bytes
[MESSAGE] From peer 1: 256 bytes
[MESSAGE] From peer 1: 256 bytes
[MESSAGE] From peer 1: 256 bytes
[MESSAGE] From peer 1: 256 bytes
[MESSAGE] From peer 1: 256 bytes
[MESSAGE] From peer 1: 256 bytes
[MESSAGE] From peer 1: 256 bytes
[MESSAGE] From peer 1: 256 bytes
[MESSAGE] From peer 1: 256 bytes
[MESSAGE] From peer 1: 256 bytes
[MESSAGE] From peer 1: 256 bytes
[MESSAGE] From peer 1: 256 bytes
[MESSAGE] From peer 1: 256 bytes
[MESSAGE] From peer 1: 256 bytes
[MESSAGE] From peer 1: 256 bytes
[MESSAGE] From peer 1: 256 bytes
[MESSAGE] From peer 1: 256 bytes
[MESSAGE] From peer 1: 256 bytes
[MESSAGE] From peer 1: 256 bytes
[MESSAGE] From peer 1: 256 bytes
[MESSAGE] From peer 1: 256 bytes
[MESSAGE] From peer 1: 256 bytes
[DISCOVERED] Peer 2: "MacThroughput" at 10.188.1.213:7354
[MESSAGE] From peer 1: 256 bytes
[MESSAGE] From peer 1: 256 bytes
[MESSAGE] From peer 1: 256 bytes
[MESSAGE] From peer 1: 256 bytes
[MESSAGE] From peer 1: 256 bytes
[MESSAGE] From peer 1: 256 bytes
[MESSAGE] From peer 1: 256 bytes
[MESSAGE] From peer 1: 256 bytes
[MESSAGE] From peer 1: 256 bytes
[MESSAGE] From peer 1: 256 bytes
[MESSAGE] From peer 1: 256 bytes
[MESSAGE] From peer 1: 256 bytes
[MESSAGE] From peer 1: 256 bytes
[MESSAGE] From peer 1: 256 bytes
[MESSAGE] From peer 1: 256 bytes
[MESSAGE] From peer 1: 256 bytes
[MESSAGE] From peer 1: 256 bytes
[MESSAGE] From peer 1: 256 bytes
[MESSAGE] From peer 1: 256 bytes
[MESSAGE] From peer 1: 256 bytes
[MESSAGE] From peer 1: 256 bytes
[MESSAGE] From peer 1: 256 bytes
[MESSAGE] From peer 1: 256 bytes
[MESSAGE] From peer 1: 256 bytes
[MESSAGE] From peer 1: 256 bytes
[MESSAGE] From peer 1: 256 bytes
[MESSAGE] From peer 1: 256 bytes
[MESSAGE] From peer 1: 256 bytes
[MESSAGE] From peer 1: 256 bytes
[MESSAGE] From peer 1: 256 bytes
[MESSAGE] From peer 1: 256 bytes
[MESSAGE] From peer 1: 256 bytes
[MESSAGE] From peer 1: 256 bytes
[MESSAGE] From peer 1: 256 bytes
[MESSAGE] From peer 1: 256 bytes
[MESSAGE] From peer 1: 256 bytes
[MESSAGE] From peer 1: 256 bytes
[MESSAGE] From peer 1: 256 bytes
[MESSAGE] From peer 1: 256 bytes
[MESSAGE] From peer 1: 256 bytes
[MESSAGE] From peer 1: 256 bytes
[MESSAGE] From peer 1: 256 bytes
[MESSAGE] From peer 1: 256 bytes
[MESSAGE] From peer 1: 256 bytes
[MESSAGE] From peer 1: 256 bytes
[MESSAGE] From peer 1: 256 bytes
[MESSAGE] From peer 1: 256 bytes
[MESSAGE] From peer 1: 256 bytes
[ECHO] 7900 messages echoed
[MESSAGE] From peer 1: 256 bytes
[MESSAGE] From peer 1: 256 bytes
[MESSAGE] From peer 1: 256 bytes
[MESSAGE] From peer 1: 256 bytes
[MESSAGE] From peer 1: 256 bytes
[MESSAGE] From peer 1: 256 bytes
[MESSAGE] From peer 1: 256 bytes
[MESSAGE] From peer 1: 256 bytes
[MESSAGE] From peer 1: 256 bytes
[MESSAGE] From peer 1: 256 bytes
[MESSAGE] From peer 1: 256 bytes
[MESSAGE] From peer 1: 256 bytes
[MESSAGE] From peer 1: 256 bytes
[MESSAGE] From peer 1: 256 bytes
[MESSAGE] From peer 1: 256 bytes
[MESSAGE] From peer 1: 256 bytes
[MESSAGE] From peer 1: 256 bytes
[MESSAGE] From peer 1: 256 bytes
[MESSAGE] From peer 1: 256 bytes
[MESSAGE] From peer 1: 256 bytes
[MESSAGE] From peer 1: 256 bytes
[MESSAGE] From peer 1: 256 bytes
[MESSAGE] From peer 1: 256 bytes
[MESSAGE] From peer 1: 256 bytes
[MESSAGE] From peer 1: 256 bytes
[MESSAGE] From peer 1: 256 bytes
[MESSAGE] From peer 1: 256 bytes
[MESSAGE] From peer 1: 256 bytes
[MESSAGE] From peer 1: 256 bytes
[MESSAGE] From peer 1: 256 bytes
[MESSAGE] From peer 1: 256 bytes
[MESSAGE] From peer 1: 256 bytes
[MESSAGE] From peer 1: 256 bytes
[MESSAGE] From peer 1: 256 bytes
[MESSAGE] From peer 1: 256 bytes
[MESSAGE] From peer 1: 256 bytes
[MESSAGE] From peer 1: 256 bytes
[MESSAGE] From peer 1: 256 bytes
[MESSAGE] From peer 1: 256 bytes
[MESSAGE] From peer 1: 256 bytes
[MESSAGE] From peer 1: 256 bytes
[MESSAGE] From peer 1: 256 bytes
[MESSAGE] From peer 1: 256 bytes
[MESSAGE] From peer 1: 256 bytes
[MESSAGE] From peer 1: 256 bytes
[MESSAGE] From peer 1: 256 bytes
[MESSAGE] From peer 1: 256 bytes
[MESSAGE] From peer 1: 256 bytes
[MESSAGE] From peer 1: 256 bytes
[MESSAGE] From peer 1: 256 bytes
[MESSAGE] From peer 1: 256 bytes
[MESSAGE] From peer 1: 256 bytes
[MESSAGE] From peer 1: 256 bytes
[MESSAGE] From peer 1: 256 bytes
[MESSAGE] From peer 1: 256 bytes
[MESSAGE] From peer 1: 256 bytes
[MESSAGE] From peer 1: 256 bytes
[MESSAGE] From peer 1: 256 bytes
[MESSAGE] From peer 1: 256 bytes
[MESSAGE] From peer 1: 256 bytes
[MESSAGE] From peer 1: 256 bytes
[MESSAGE] From peer 1: 256 bytes
[MESSAGE] From peer 1: 256 bytes
[MESSAGE] From peer 1: 256 bytes
[MESSAGE] From peer 1: 256 bytes
[MESSAGE] From peer 1: 256 bytes
[MESSAGE] From peer 1: 256 bytes
[MESSAGE] From peer 1: 256 bytes
[MESSAGE] From peer 1: 256 bytes
[MESSAGE] From peer 1: 256 bytes
[MESSAGE] From peer 1: 256 bytes
[MESSAGE] From peer 1: 256 bytes
[MESSAGE] From peer 1: 256 bytes
[MESSAGE] From peer 1: 256 bytes
[MESSAGE] From peer 1: 256 bytes
[MESSAGE] From peer 1: 256 bytes
[MESSAGE] From peer 1: 256 bytes
[MESSAGE] From peer 1: 256 bytes
[MESSAGE] From peer 1: 256 bytes
[MESSAGE] From peer 1: 256 bytes
[MESSAGE] From peer 1: 256 bytes
[MESSAGE] From peer 1: 256 bytes
[MESSAGE] From peer 1: 256 bytes
[MESSAGE] From peer 1: 256 bytes
[MESSAGE] From peer 1: 256 bytes
[MESSAGE] From peer 1: 256 bytes
[MESSAGE] From peer 1: 256 bytes
[MESSAGE] From peer 1: 256 bytes
[MESSAGE] From peer 1: 256 bytes
[MESSAGE] From peer 1: 256 bytes
[MESSAGE] From peer 1: 256 bytes
[MESSAGE] From peer 1: 256 bytes
[MESSAGE] From peer 1: 256 bytes
[MESSAGE] From peer 1: 256 bytes
[MESSAGE] From peer 1: 256 bytes
[MESSAGE] From peer 1: 256 bytes
[MESSAGE] From peer 1: 256 bytes
[MESSAGE] From peer 1: 256 bytes
[MESSAGE] From peer 1: 256 bytes
[MESSAGE] From peer 1: 256 bytes
[ECHO] 8000 messages echoed
[MESSAGE] From peer 1: 256 bytes
[MESSAGE] From peer 1: 256 bytes
[MESSAGE] From peer 1: 256 bytes
[MESSAGE] From peer 1: 256 bytes
[MESSAGE] From peer 1: 256 bytes
[MESSAGE] From peer 1: 256 bytes
[MESSAGE] From peer 1: 256 bytes
[MESSAGE] From peer 1: 256 bytes
[MESSAGE] From peer 1: 256 bytes
[MESSAGE] From peer 1: 256 bytes
[MESSAGE] From peer 1: 256 bytes
[MESSAGE] From peer 1: 256 bytes
[MESSAGE] From peer 1: 256 bytes
[MESSAGE] From peer 1: 256 bytes
[MESSAGE] From peer 1: 256 bytes
[MESSAGE] From peer 1: 256 bytes
[MESSAGE] From peer 1: 256 bytes
[MESSAGE] From peer 1: 256 bytes
[MESSAGE] From peer 1: 256 bytes
[MESSAGE] From peer 1: 256 bytes
[MESSAGE] From peer 1: 256 bytes
[MESSAGE] From peer 1: 256 bytes
[MESSAGE] From peer 1: 256 bytes
[MESSAGE] From peer 1: 256 bytes
[MESSAGE] From peer 1: 256 bytes
[MESSAGE] From peer 1: 256 bytes
[MESSAGE] From peer 1: 256 bytes
[MESSAGE] From peer 1: 256 bytes
[MESSAGE] From peer 1: 256 bytes
[MESSAGE] From peer 1: 256 bytes
[MESSAGE] From peer 1: 256 bytes
[MESSAGE] From peer 1: 256 bytes
[MESSAGE] From peer 1: 256 bytes
[MESSAGE] From peer 1: 256 bytes
[MESSAGE] From peer 1: 256 bytes
[MESSAGE] From peer 1: 256 bytes
[MESSAGE] From peer 1: 256 bytes
[MESSAGE] From peer 1: 256 bytes
[MESSAGE] From peer 1: 256 bytes
[MESSAGE] From peer 1: 256 bytes
[MESSAGE] From peer 1: 256 bytes
[MESSAGE] From peer 1: 256 bytes
[MESSAGE] From peer 1: 256 bytes
[MESSAGE] From peer 1: 256 bytes
[MESSAGE] From peer 1: 256 bytes
[MESSAGE] From peer 1: 256 bytes
[MESSAGE] From peer 1: 256 bytes
[MESSAGE] From peer 1: 256 bytes
[MESSAGE] From peer 1: 256 bytes
[MESSAGE] From peer 1: 256 bytes
[MESSAGE] From peer 1: 256 bytes
[MESSAGE] From peer 1: 256 bytes
[MESSAGE] From peer 1: 256 bytes
[MESSAGE] From peer 1: 256 bytes
[MESSAGE] From peer 1: 256 bytes
[MESSAGE] From peer 1: 256 bytes
[MESSAGE] From peer 1: 256 bytes
[MESSAGE] From peer 1: 256 bytes
[MESSAGE] From peer 1: 256 bytes
[MESSAGE] From peer 1: 256 bytes
[MESSAGE] From peer 1: 256 bytes
[MESSAGE] From peer 1: 256 bytes
[MESSAGE] From peer 1: 256 bytes
[MESSAGE] From peer 1: 256 bytes
[MESSAGE] From peer 1: 256 bytes
[MESSAGE] From peer 1: 256 bytes
[MESSAGE] From peer 1: 256 bytes
[MESSAGE] From peer 1: 256 bytes
[MESSAGE] From peer 1: 256 bytes
[MESSAGE] From peer 1: 256 bytes
[MESSAGE] From peer 1: 256 bytes
[MESSAGE] From peer 1: 256 bytes
[MESSAGE] From peer 1: 256 bytes
[MESSAGE] From peer 1: 256 bytes
[MESSAGE] From peer 1: 256 bytes
[MESSAGE] From peer 1: 256 bytes
[MESSAGE] From peer 1: 256 bytes
[MESSAGE] From peer 1: 256 bytes
[MESSAGE] From peer 1: 256 bytes
[MESSAGE] From peer 1: 256 bytes
[MESSAGE] From peer 1: 256 bytes
[MESSAGE] From peer 1: 256 bytes
[MESSAGE] From peer 1: 256 bytes
[MESSAGE] From peer 1: 256 bytes
[MESSAGE] From peer 1: 256 bytes
[MESSAGE] From peer 1: 256 bytes
[MESSAGE] From peer 1: 256 bytes
[MESSAGE] From peer 1: 256 bytes
[MESSAGE] From peer 1: 256 bytes
[MESSAGE] From peer 1: 256 bytes
[MESSAGE] From peer 1: 256 bytes
[MESSAGE] From peer 1: 256 bytes
[MESSAGE] From peer 1: 256 bytes
[MESSAGE] From peer 1: 256 bytes
[MESSAGE] From peer 1: 256 bytes
[MESSAGE] From peer 1: 256 bytes
[MESSAGE] From peer 1: 256 bytes
[MESSAGE] From peer 1: 256 bytes
[MESSAGE] From peer 1: 256 bytes
[MESSAGE] From peer 1: 256 bytes
[ECHO] 8100 messages echoed
[MESSAGE] From peer 1: 256 bytes
[MESSAGE] From peer 1: 256 bytes
[MESSAGE] From peer 1: 256 bytes
[MESSAGE] From peer 1: 256 bytes
[MESSAGE] From peer 1: 256 bytes
[MESSAGE] From peer 1: 256 bytes
[MESSAGE] From peer 1: 256 bytes
[MESSAGE] From peer 1: 256 bytes
[MESSAGE] From peer 1: 256 bytes
[MESSAGE] From peer 1: 256 bytes
[MESSAGE] From peer 1: 256 bytes
[MESSAGE] From peer 1: 256 bytes
[MESSAGE] From peer 1: 256 bytes
[MESSAGE] From peer 1: 256 bytes
[MESSAGE] From peer 1: 256 bytes
[MESSAGE] From peer 1: 256 bytes
[MESSAGE] From peer 1: 256 bytes
[MESSAGE] From peer 1: 256 bytes
[MESSAGE] From peer 1: 256 bytes
[MESSAGE] From peer 1: 256 bytes
[MESSAGE] From peer 1: 256 bytes
[MESSAGE] From peer 1: 256 bytes
[MESSAGE] From peer 1: 256 bytes
[MESSAGE] From peer 1: 256 bytes
[MESSAGE] From peer 1: 256 bytes
[MESSAGE] From peer 1: 256 bytes
[MESSAGE] From peer 1: 256 bytes
[MESSAGE] From peer 1: 256 bytes
[MESSAGE] From peer 1: 256 bytes
[MESSAGE] From peer 1: 256 bytes
[MESSAGE] From peer 1: 256 bytes
[MESSAGE] From peer 1: 256 bytes
[MESSAGE] From peer 1: 256 bytes
[MESSAGE] From peer 1: 256 bytes
[MESSAGE] From peer 1: 256 bytes
[MESSAGE] From peer 1: 256 bytes
[MESSAGE] From peer 1: 256 bytes
[MESSAGE] From peer 1: 256 bytes
[MESSAGE] From peer 1: 256 bytes
[MESSAGE] From peer 1: 256 bytes
[MESSAGE] From peer 1: 256 bytes
[MESSAGE] From peer 1: 256 bytes
[MESSAGE] From peer 1: 256 bytes
[MESSAGE] From peer 1: 256 bytes
[MESSAGE] From peer 1: 256 bytes
[MESSAGE] From peer 1: 256 bytes
[MESSAGE] From peer 1: 256 bytes
[MESSAGE] From peer 1: 256 bytes
[MESSAGE] From peer 1: 256 bytes
[MESSAGE] From peer 1: 256 bytes
[MESSAGE] From peer 1: 256 bytes
[MESSAGE] From peer 1: 256 bytes
[MESSAGE] From peer 1: 256 bytes
[MESSAGE] From peer 1: 256 bytes
[MESSAGE] From peer 1: 256 bytes
[MESSAGE] From peer 1: 256 bytes
[MESSAGE] From peer 1: 256 bytes
[MESSAGE] From peer 1: 256 bytes
[MESSAGE] From peer 1: 256 bytes
[MESSAGE] From peer 1: 256 bytes
[MESSAGE] From peer 1: 256 bytes
[STATUS] 1340 sec: peers=10, msgs=8166, connected=yes
[MESSAGE] From peer 1: 256 bytes
[MESSAGE] From peer 1: 256 bytes
[MESSAGE] From peer 1: 256 bytes
[MESSAGE] From peer 1: 256 bytes
[MESSAGE] From peer 1: 256 bytes
[MESSAGE] From peer 1: 256 bytes
[MESSAGE] From peer 1: 256 bytes
[MESSAGE] From peer 1: 256 bytes
[MESSAGE] From peer 1: 256 bytes
[MESSAGE] From peer 1: 256 bytes
[MESSAGE] From peer 1: 256 bytes
[MESSAGE] From peer 1: 256 bytes
[MESSAGE] From peer 1: 256 bytes
[MESSAGE] From peer 1: 256 bytes
[MESSAGE] From peer 1: 256 bytes
[MESSAGE] From peer 1: 256 bytes
[MESSAGE] From peer 1: 256 bytes
[MESSAGE] From peer 1: 256 bytes
[MESSAGE] From peer 1: 256 bytes
[MESSAGE] From peer 1: 256 bytes
[MESSAGE] From peer 1: 256 bytes
[MESSAGE] From peer 1: 256 bytes
[MESSAGE] From peer 1: 256 bytes
[MESSAGE] From peer 1: 256 bytes
[MESSAGE] From peer 1: 256 bytes
[MESSAGE] From peer 1: 256 bytes
[MESSAGE] From peer 1: 256 bytes
[MESSAGE] From peer 1: 256 bytes
[MESSAGE] From peer 1: 256 bytes
[MESSAGE] From peer 1: 256 bytes
[MESSAGE] From peer 1: 256 bytes
[MESSAGE] From peer 1: 256 bytes
[MESSAGE] From peer 1: 256 bytes
[MESSAGE] From peer 1: 256 bytes
[MESSAGE] From peer 1: 256 bytes
[MESSAGE] From peer 1: 256 bytes
[MESSAGE] From peer 1: 256 bytes
[MESSAGE] From peer 1: 256 bytes
[MESSAGE] From peer 1: 256 bytes
[ECHO] 8200 messages echoed
[MESSAGE] From peer 1: 256 bytes
[MESSAGE] From peer 1: 256 bytes
[MESSAGE] From peer 1: 256 bytes
[MESSAGE] From peer 1: 256 bytes
[MESSAGE] From peer 1: 256 bytes
[MESSAGE] From peer 1: 256 bytes
[MESSAGE] From peer 1: 256 bytes
[MESSAGE] From peer 1: 256 bytes
[MESSAGE] From peer 1: 256 bytes
[MESSAGE] From peer 1: 256 bytes
[MESSAGE] From peer 1: 256 bytes
[MESSAGE] From peer 1: 256 bytes
[MESSAGE] From peer 1: 256 bytes
[MESSAGE] From peer 1: 256 bytes
[MESSAGE] From peer 1: 256 bytes
[MESSAGE] From peer 1: 256 bytes
[MESSAGE] From peer 1: 256 bytes
[MESSAGE] From peer 1: 256 bytes
[MESSAGE] From peer 1: 256 bytes
[MESSAGE] From peer 1: 256 bytes
[MESSAGE] From peer 1: 256 bytes
[MESSAGE] From peer 1: 256 bytes
[MESSAGE] From peer 1: 256 bytes
[MESSAGE] From peer 1: 256 bytes
[MESSAGE] From peer 1: 256 bytes
[MESSAGE] From peer 1: 256 bytes
[MESSAGE] From peer 1: 256 bytes
[MESSAGE] From peer 1: 256 bytes
[MESSAGE] From peer 1: 256 bytes
[MESSAGE] From peer 1: 256 bytes
[MESSAGE] From peer 1: 256 bytes
[MESSAGE] From peer 1: 256 bytes
[MESSAGE] From peer 1: 256 bytes
[MESSAGE] From peer 1: 256 bytes
[MESSAGE] From peer 1: 256 bytes
[MESSAGE] From peer 1: 256 bytes
[MESSAGE] From peer 1: 256 bytes
[MESSAGE] From peer 1: 256 bytes
[MESSAGE] From peer 1: 256 bytes
[MESSAGE] From peer 1: 256 bytes
[MESSAGE] From peer 1: 256 bytes
[MESSAGE] From peer 1: 256 bytes
[MESSAGE] From peer 1: 256 bytes
[MESSAGE] From peer 1: 256 bytes
[MESSAGE] From peer 1: 256 bytes
[MESSAGE] From peer 1: 256 bytes
[MESSAGE] From peer 1: 256 bytes
[MESSAGE] From peer 1: 256 bytes
[MESSAGE] From peer 1: 256 bytes
[MESSAGE] From peer 1: 256 bytes
[MESSAGE] From peer 1: 256 bytes
[MESSAGE] From peer 1: 256 bytes
[MESSAGE] From peer 1: 256 bytes
[MESSAGE] From peer 1: 256 bytes
[MESSAGE] From peer 1: 256 bytes
[MESSAGE] From peer 1: 256 bytes
[MESSAGE] From peer 1: 512 bytes
[MESSAGE] From peer 1: 512 bytes
[MESSAGE] From peer 1: 512 bytes
[MESSAGE] From peer 1: 512 bytes
[MESSAGE] From peer 1: 512 bytes
[MESSAGE] From peer 1: 512 bytes
[MESSAGE] From peer 1: 512 bytes
[MESSAGE] From peer 1: 512 bytes
[MESSAGE] From peer 1: 512 bytes
[MESSAGE] From peer 1: 512 bytes
[MESSAGE] From peer 1: 512 bytes
[MESSAGE] From peer 1: 512 bytes
[MESSAGE] From peer 1: 512 bytes
[MESSAGE] From peer 1: 512 bytes
[MESSAGE] From peer 1: 512 bytes
[MESSAGE] From peer 1: 512 bytes
[MESSAGE] From peer 1: 512 bytes
[MESSAGE] From peer 1: 512 bytes
[MESSAGE] From peer 1: 512 bytes
[MESSAGE] From peer 1: 512 bytes
[MESSAGE] From peer 1: 512 bytes
[MESSAGE] From peer 1: 512 bytes
[MESSAGE] From peer 1: 512 bytes
[MESSAGE] From peer 1: 512 bytes
[MESSAGE] From peer 1: 512 bytes
[MESSAGE] From peer 1: 512 bytes
[MESSAGE] From peer 1: 512 bytes
[MESSAGE] From peer 1: 512 bytes
[MESSAGE] From peer 1: 512 bytes
[MESSAGE] From peer 1: 512 bytes
[MESSAGE] From peer 1: 512 bytes
[MESSAGE] From peer 1: 512 bytes
[MESSAGE] From peer 1: 512 bytes
[MESSAGE] From peer 1: 512 bytes
[MESSAGE] From peer 1: 512 bytes
[MESSAGE] From peer 1: 512 bytes
[MESSAGE] From peer 1: 512 bytes
[MESSAGE] From peer 1: 512 bytes
[MESSAGE] From peer 1: 512 bytes
[MESSAGE] From peer 1: 512 bytes
[MESSAGE] From peer 1: 512 bytes
[MESSAGE] From peer 1: 512 bytes
[MESSAGE] From peer 1: 512 bytes
[MESSAGE] From peer 1: 512 bytes
[ECHO] 8300 messages echoed
[MESSAGE] From peer 1: 512 bytes
[MESSAGE] From peer 1: 512 bytes
[MESSAGE] From peer 1: 512 bytes
[MESSAGE] From peer 1: 512 bytes
[MESSAGE] From peer 1: 512 bytes
[MESSAGE] From peer 1: 512 bytes
[MESSAGE] From peer 1: 512 bytes
[MESSAGE] From peer 1: 512 bytes
[MESSAGE] From peer 1: 512 bytes
[MESSAGE] From peer 1: 512 bytes
[MESSAGE] From peer 1: 512 bytes
[MESSAGE] From peer 1: 512 bytes
[MESSAGE] From peer 1: 512 bytes
[MESSAGE] From peer 1: 512 bytes
[MESSAGE] From peer 1: 512 bytes
[MESSAGE] From peer 1: 512 bytes
[MESSAGE] From peer 1: 512 bytes
[MESSAGE] From peer 1: 512 bytes
[MESSAGE] From peer 1: 512 bytes
[MESSAGE] From peer 1: 512 bytes
[MESSAGE] From peer 1: 512 bytes
[MESSAGE] From peer 1: 512 bytes
[MESSAGE] From peer 1: 512 bytes
[MESSAGE] From peer 1: 512 bytes
[MESSAGE] From peer 1: 512 bytes
[MESSAGE] From peer 1: 512 bytes
[MESSAGE] From peer 1: 512 bytes
[MESSAGE] From peer 1: 512 bytes
[MESSAGE] From peer 1: 512 bytes
[MESSAGE] From peer 1: 512 bytes
[MESSAGE] From peer 1: 512 bytes
[MESSAGE] From peer 1: 512 bytes
[MESSAGE] From peer 1: 512 bytes
[MESSAGE] From peer 1: 512 bytes
[MESSAGE] From peer 1: 512 bytes
[MESSAGE] From peer 1: 512 bytes
[MESSAGE] From peer 1: 512 bytes
[MESSAGE] From peer 1: 512 bytes
[MESSAGE] From peer 1: 512 bytes
[MESSAGE] From peer 1: 512 bytes
[MESSAGE] From peer 1: 512 bytes
[MESSAGE] From peer 1: 512 bytes
[MESSAGE] From peer 1: 512 bytes
[MESSAGE] From peer 1: 512 bytes
[MESSAGE] From peer 1: 512 bytes
[MESSAGE] From peer 1: 512 bytes
[MESSAGE] From peer 1: 512 bytes
[MESSAGE] From peer 1: 512 bytes
[MESSAGE] From peer 1: 512 bytes
[MESSAGE] From peer 1: 512 bytes
[MESSAGE] From peer 1: 512 bytes
[MESSAGE] From peer 1: 512 bytes
[MESSAGE] From peer 1: 512 bytes
[MESSAGE] From peer 1: 512 bytes
[MESSAGE] From peer 1: 512 bytes
[MESSAGE] From peer 1: 512 bytes
[MESSAGE] From peer 1: 512 bytes
[MESSAGE] From peer 1: 512 bytes
[MESSAGE] From peer 1: 512 bytes
[MESSAGE] From peer 1: 512 bytes
[MESSAGE] From peer 1: 512 bytes
[MESSAGE] From peer 1: 512 bytes
[MESSAGE] From peer 1: 512 bytes
[MESSAGE] From peer 1: 512 bytes
[MESSAGE] From peer 1: 512 bytes
[MESSAGE] From peer 1: 512 bytes
[MESSAGE] From peer 1: 512 bytes
[MESSAGE] From peer 1: 512 bytes
[MESSAGE] From peer 1: 512 bytes
[MESSAGE] From peer 1: 512 bytes
[MESSAGE] From peer 1: 512 bytes
[MESSAGE] From peer 1: 512 bytes
[MESSAGE] From peer 1: 512 bytes
[MESSAGE] From peer 1: 512 bytes
[MESSAGE] From peer 1: 512 bytes
[MESSAGE] From peer 1: 512 bytes
[MESSAGE] From peer 1: 512 bytes
[MESSAGE] From peer 1: 512 bytes
[MESSAGE] From peer 1: 512 bytes
[MESSAGE] From peer 1: 512 bytes
[MESSAGE] From peer 1: 512 bytes
[MESSAGE] From peer 1: 512 bytes
[MESSAGE] From peer 1: 512 bytes
[MESSAGE] From peer 1: 512 bytes
[MESSAGE] From peer 1: 512 bytes
[MESSAGE] From peer 1: 512 bytes
[MESSAGE] From peer 1: 512 bytes
[MESSAGE] From peer 1: 512 bytes
[MESSAGE] From peer 1: 512 bytes
[MESSAGE] From peer 1: 512 bytes
[MESSAGE] From peer 1: 512 bytes
[MESSAGE] From peer 1: 512 bytes
[MESSAGE] From peer 1: 512 bytes
[MESSAGE] From peer 1: 512 bytes
[MESSAGE] From peer 1: 512 bytes
[MESSAGE] From peer 1: 512 bytes
[MESSAGE] From peer 1: 512 bytes
[MESSAGE] From peer 1: 512 bytes
[MESSAGE] From peer 1: 512 bytes
[MESSAGE] From peer 1: 512 bytes
[ECHO] 8400 messages echoed
[MESSAGE] From peer 1: 512 bytes
[MESSAGE] From peer 1: 512 bytes
[MESSAGE] From peer 1: 512 bytes
[MESSAGE] From peer 1: 512 bytes
[MESSAGE] From peer 1: 512 bytes
[MESSAGE] From peer 1: 512 bytes
[MESSAGE] From peer 1: 512 bytes
[MESSAGE] From peer 1: 512 bytes
[MESSAGE] From peer 1: 512 bytes
[MESSAGE] From peer 1: 512 bytes
[MESSAGE] From peer 1: 512 bytes
[MESSAGE] From peer 1: 512 bytes
[MESSAGE] From peer 1: 512 bytes
[MESSAGE] From peer 1: 512 bytes
[MESSAGE] From peer 1: 512 bytes
[MESSAGE] From peer 1: 512 bytes
[MESSAGE] From peer 1: 512 bytes
[MESSAGE] From peer 1: 512 bytes
[MESSAGE] From peer 1: 512 bytes
[MESSAGE] From peer 1: 512 bytes
[MESSAGE] From peer 1: 512 bytes
[MESSAGE] From peer 1: 512 bytes
[MESSAGE] From peer 1: 512 bytes
[MESSAGE] From peer 1: 512 bytes
[MESSAGE] From peer 1: 512 bytes
[MESSAGE] From peer 1: 512 bytes
[MESSAGE] From peer 1: 512 bytes
[MESSAGE] From peer 1: 512 bytes
[MESSAGE] From peer 1: 512 bytes
[MESSAGE] From peer 1: 512 bytes
[MESSAGE] From peer 1: 512 bytes
[MESSAGE] From peer 1: 512 bytes
[MESSAGE] From peer 1: 512 bytes
[MESSAGE] From peer 1: 512 bytes
[MESSAGE] From peer 1: 512 bytes
[MESSAGE] From peer 1: 512 bytes
[MESSAGE] From peer 1: 512 bytes
[MESSAGE] From peer 1: 512 bytes
[MESSAGE] From peer 1: 512 bytes
[MESSAGE] From peer 1: 512 bytes
[MESSAGE] From peer 1: 512 bytes
[MESSAGE] From peer 1: 512 bytes
[MESSAGE] From peer 1: 512 bytes
[MESSAGE] From peer 1: 512 bytes
[MESSAGE] From peer 1: 512 bytes
[MESSAGE] From peer 1: 512 bytes
[MESSAGE] From peer 1: 512 bytes
[MESSAGE] From peer 1: 512 bytes
[MESSAGE] From peer 1: 512 bytes
[MESSAGE] From peer 1: 512 bytes
[MESSAGE] From peer 1: 512 bytes
[MESSAGE] From peer 1: 512 bytes
[MESSAGE] From peer 1: 512 bytes
[MESSAGE] From peer 1: 512 bytes
[MESSAGE] From peer 1: 512 bytes
[MESSAGE] From peer 1: 512 bytes
[MESSAGE] From peer 1: 512 bytes
[MESSAGE] From peer 1: 512 bytes
[MESSAGE] From peer 1: 512 bytes
[MESSAGE] From peer 1: 512 bytes
[MESSAGE] From peer 1: 512 bytes
[MESSAGE] From peer 1: 512 bytes
[MESSAGE] From peer 1: 512 bytes
[MESSAGE] From peer 1: 512 bytes
[MESSAGE] From peer 1: 512 bytes
[MESSAGE] From peer 1: 512 bytes
[MESSAGE] From peer 1: 512 bytes
[MESSAGE] From peer 1: 512 bytes
[MESSAGE] From peer 1: 512 bytes
[MESSAGE] From peer 1: 512 bytes
[MESSAGE] From peer 1: 512 bytes
[MESSAGE] From peer 1: 512 bytes
[MESSAGE] From peer 1: 512 bytes
[MESSAGE] From peer 1: 512 bytes
[MESSAGE] From peer 1: 512 bytes
[MESSAGE] From peer 1: 512 bytes
[MESSAGE] From peer 1: 512 bytes
[MESSAGE] From peer 1: 512 bytes
[MESSAGE] From peer 1: 512 bytes
[MESSAGE] From peer 1: 512 bytes
[MESSAGE] From peer 1: 512 bytes
[MESSAGE] From peer 1: 512 bytes
[MESSAGE] From peer 1: 512 bytes
[MESSAGE] From peer 1: 512 bytes
[MESSAGE] From peer 1: 512 bytes
[MESSAGE] From peer 1: 512 bytes
[MESSAGE] From peer 1: 512 bytes
[MESSAGE] From peer 1: 512 bytes
[MESSAGE] From peer 1: 512 bytes
[MESSAGE] From peer 1: 512 bytes
[MESSAGE] From peer 1: 512 bytes
[MESSAGE] From peer 1: 512 bytes
[MESSAGE] From peer 1: 512 bytes
[MESSAGE] From peer 1: 512 bytes
[MESSAGE] From peer 1: 512 bytes
[MESSAGE] From peer 1: 512 bytes
[MESSAGE] From peer 1: 512 bytes
[MESSAGE] From peer 1: 512 bytes
[MESSAGE] From peer 1: 512 bytes
[MESSAGE] From peer 1: 512 bytes
[ECHO] 8500 messages echoed
[MESSAGE] From peer 1: 512 bytes
[MESSAGE] From peer 1: 512 bytes
[MESSAGE] From peer 1: 512 bytes
[MESSAGE] From peer 1: 512 bytes
[MESSAGE] From peer 1: 512 bytes
[MESSAGE] From peer 1: 512 bytes
[MESSAGE] From peer 1: 512 bytes
[MESSAGE] From peer 1: 512 bytes
[MESSAGE] From peer 1: 512 bytes
[MESSAGE] From peer 1: 512 bytes
[MESSAGE] From peer 1: 512 bytes
[MESSAGE] From peer 1: 512 bytes
[MESSAGE] From peer 1: 512 bytes
[MESSAGE] From peer 1: 512 bytes
[MESSAGE] From peer 1: 512 bytes
[MESSAGE] From peer 1: 512 bytes
[MESSAGE] From peer 1: 512 bytes
[MESSAGE] From peer 1: 512 bytes
[MESSAGE] From peer 1: 512 bytes
[MESSAGE] From peer 1: 512 bytes
[MESSAGE] From peer 1: 512 bytes
[MESSAGE] From peer 1: 512 bytes
[MESSAGE] From peer 1: 512 bytes
[MESSAGE] From peer 1: 512 bytes
[MESSAGE] From peer 1: 512 bytes
[MESSAGE] From peer 1: 512 bytes
[MESSAGE] From peer 1: 512 bytes
[MESSAGE] From peer 1: 512 bytes
[MESSAGE] From peer 1: 512 bytes
[MESSAGE] From peer 1: 512 bytes
[MESSAGE] From peer 1: 512 bytes
[MESSAGE] From peer 1: 512 bytes
[MESSAGE] From peer 1: 512 bytes
[MESSAGE] From peer 1: 512 bytes
[MESSAGE] From peer 1: 512 bytes
[MESSAGE] From peer 1: 512 bytes
[MESSAGE] From peer 1: 512 bytes
[MESSAGE] From peer 1: 512 bytes
[MESSAGE] From peer 1: 512 bytes
[MESSAGE] From peer 1: 512 bytes
[MESSAGE] From peer 1: 512 bytes
[MESSAGE] From peer 1: 512 bytes
[MESSAGE] From peer 1: 512 bytes
[MESSAGE] From peer 1: 512 bytes
[MESSAGE] From peer 1: 512 bytes
[MESSAGE] From peer 1: 512 bytes
[MESSAGE] From peer 1: 512 bytes
[MESSAGE] From peer 1: 512 bytes
[MESSAGE] From peer 1: 512 bytes
[MESSAGE] From peer 1: 512 bytes
[MESSAGE] From peer 1: 512 bytes
[MESSAGE] From peer 1: 512 bytes
[MESSAGE] From peer 1: 512 bytes
[MESSAGE] From peer 1: 512 bytes
[MESSAGE] From peer 1: 512 bytes
[MESSAGE] From peer 1: 512 bytes
[MESSAGE] From peer 1: 512 bytes
[MESSAGE] From peer 1: 512 bytes
[MESSAGE] From peer 1: 512 bytes
[MESSAGE] From peer 1: 512 bytes
[MESSAGE] From peer 1: 512 bytes
[MESSAGE] From peer 1: 512 bytes
[MESSAGE] From peer 1: 512 bytes
[MESSAGE] From peer 1: 512 bytes
[MESSAGE] From peer 1: 512 bytes
[MESSAGE] From peer 1: 512 bytes
[MESSAGE] From peer 1: 512 bytes
[MESSAGE] From peer 1: 512 bytes
[MESSAGE] From peer 1: 512 bytes
[MESSAGE] From peer 1: 512 bytes
[MESSAGE] From peer 1: 512 bytes
[MESSAGE] From peer 1: 512 bytes
[MESSAGE] From peer 1: 512 bytes
[MESSAGE] From peer 1: 512 bytes
[MESSAGE] From peer 1: 512 bytes
[MESSAGE] From peer 1: 512 bytes
[MESSAGE] From peer 1: 512 bytes
[MESSAGE] From peer 1: 512 bytes
[MESSAGE] From peer 1: 512 bytes
[MESSAGE] From peer 1: 512 bytes
[MESSAGE] From peer 1: 512 bytes
[MESSAGE] From peer 1: 512 bytes
[MESSAGE] From peer 1: 512 bytes
[MESSAGE] From peer 1: 512 bytes
[MESSAGE] From peer 1: 512 bytes
[MESSAGE] From peer 1: 512 bytes
[MESSAGE] From peer 1: 512 bytes
[MESSAGE] From peer 1: 512 bytes
[MESSAGE] From peer 1: 512 bytes
[MESSAGE] From peer 1: 512 bytes
[MESSAGE] From peer 1: 512 bytes
[MESSAGE] From peer 1: 512 bytes
[MESSAGE] From peer 1: 512 bytes
[MESSAGE] From peer 1: 512 bytes
[MESSAGE] From peer 1: 512 bytes
[MESSAGE] From peer 1: 512 bytes
[MESSAGE] From peer 1: 512 bytes
[MESSAGE] From peer 1: 512 bytes
[MESSAGE] From peer 1: 512 bytes
[MESSAGE] From peer 1: 512 bytes
[ECHO] 8600 messages echoed
[MESSAGE] From peer 1: 512 bytes
[MESSAGE] From peer 1: 512 bytes
[MESSAGE] From peer 1: 512 bytes
[MESSAGE] From peer 1: 512 bytes
[MESSAGE] From peer 1: 512 bytes
[MESSAGE] From peer 1: 512 bytes
[MESSAGE] From peer 1: 512 bytes
[MESSAGE] From peer 1: 512 bytes
[MESSAGE] From peer 1: 512 bytes
[MESSAGE] From peer 1: 512 bytes
[MESSAGE] From peer 1: 512 bytes
[MESSAGE] From peer 1: 512 bytes
[MESSAGE] From peer 1: 512 bytes
[MESSAGE] From peer 1: 512 bytes
[MESSAGE] From peer 1: 512 bytes
[MESSAGE] From peer 1: 512 bytes
[MESSAGE] From peer 1: 512 bytes
[MESSAGE] From peer 1: 512 bytes
[MESSAGE] From peer 1: 512 bytes
[MESSAGE] From peer 1: 512 bytes
[MESSAGE] From peer 1: 512 bytes
[MESSAGE] From peer 1: 512 bytes
[MESSAGE] From peer 1: 512 bytes
[MESSAGE] From peer 1: 512 bytes
[MESSAGE] From peer 1: 512 bytes
[MESSAGE] From peer 1: 512 bytes
[MESSAGE] From peer 1: 512 bytes
[MESSAGE] From peer 1: 512 bytes
[MESSAGE] From peer 1: 512 bytes
[MESSAGE] From peer 1: 512 bytes
[MESSAGE] From peer 1: 512 bytes
[MESSAGE] From peer 1: 512 bytes
[MESSAGE] From peer 1: 512 bytes
[MESSAGE] From peer 1: 512 bytes
[MESSAGE] From peer 1: 512 bytes
[MESSAGE] From peer 1: 512 bytes
[MESSAGE] From peer 1: 512 bytes
[MESSAGE] From peer 1: 512 bytes
[MESSAGE] From peer 1: 512 bytes
[MESSAGE] From peer 1: 512 bytes
[MESSAGE] From peer 1: 512 bytes
[MESSAGE] From peer 1: 512 bytes
[MESSAGE] From peer 1: 512 bytes
[MESSAGE] From peer 1: 512 bytes
[MESSAGE] From peer 1: 512 bytes
[MESSAGE] From peer 1: 512 bytes
[MESSAGE] From peer 1: 512 bytes
[MESSAGE] From peer 1: 512 bytes
[MESSAGE] From peer 1: 512 bytes
[MESSAGE] From peer 1: 512 bytes
[MESSAGE] From peer 1: 512 bytes
[MESSAGE] From peer 1: 512 bytes
[MESSAGE] From peer 1: 512 bytes
[MESSAGE] From peer 1: 512 bytes
[MESSAGE] From peer 1: 512 bytes
[MESSAGE] From peer 1: 512 bytes
[MESSAGE] From peer 1: 512 bytes
[MESSAGE] From peer 1: 512 bytes
[MESSAGE] From peer 1: 512 bytes
[MESSAGE] From peer 1: 512 bytes
[MESSAGE] From peer 1: 512 bytes
[MESSAGE] From peer 1: 512 bytes
[MESSAGE] From peer 1: 512 bytes
[MESSAGE] From peer 1: 512 bytes
[MESSAGE] From peer 1: 512 bytes
[MESSAGE] From peer 1: 512 bytes
[MESSAGE] From peer 1: 512 bytes
[MESSAGE] From peer 1: 512 bytes
[MESSAGE] From peer 1: 512 bytes
[MESSAGE] From peer 1: 512 bytes
[MESSAGE] From peer 1: 512 bytes
[MESSAGE] From peer 1: 512 bytes
[MESSAGE] From peer 1: 512 bytes
[MESSAGE] From peer 1: 512 bytes
[MESSAGE] From peer 1: 512 bytes
[MESSAGE] From peer 1: 512 bytes
[MESSAGE] From peer 1: 512 bytes
[MESSAGE] From peer 1: 512 bytes
[MESSAGE] From peer 1: 512 bytes
[MESSAGE] From peer 1: 512 bytes
[MESSAGE] From peer 1: 512 bytes
[MESSAGE] From peer 1: 512 bytes
[MESSAGE] From peer 1: 512 bytes
[MESSAGE] From peer 1: 512 bytes
[MESSAGE] From peer 1: 512 bytes
[MESSAGE] From peer 1: 512 bytes
[MESSAGE] From peer 1: 512 bytes
[MESSAGE] From peer 1: 512 bytes
[MESSAGE] From peer 1: 512 bytes
[MESSAGE] From peer 1: 512 bytes
[MESSAGE] From peer 1: 512 bytes
[MESSAGE] From peer 1: 512 bytes
[MESSAGE] From peer 1: 512 bytes
[MESSAGE] From peer 1: 512 bytes
[MESSAGE] From peer 1: 512 bytes
[MESSAGE] From peer 1: 512 bytes
[MESSAGE] From peer 1: 512 bytes
[MESSAGE] From peer 1: 512 bytes
[MESSAGE] From peer 1: 512 bytes
[MESSAGE] From peer 1: 512 bytes
[ECHO] 8700 messages echoed
[MESSAGE] From peer 1: 512 bytes
[MESSAGE] From peer 1: 512 bytes
[MESSAGE] From peer 1: 512 bytes
[MESSAGE] From peer 1: 512 bytes
[MESSAGE] From peer 1: 512 bytes
[MESSAGE] From peer 1: 512 bytes
[MESSAGE] From peer 1: 512 bytes
[MESSAGE] From peer 1: 512 bytes
[MESSAGE] From peer 1: 512 bytes
[MESSAGE] From peer 1: 512 bytes
[MESSAGE] From peer 1: 512 bytes
[MESSAGE] From peer 1: 512 bytes
[MESSAGE] From peer 1: 512 bytes
[MESSAGE] From peer 1: 512 bytes
[MESSAGE] From peer 1: 512 bytes
[MESSAGE] From peer 1: 512 bytes
[MESSAGE] From peer 1: 512 bytes
[MESSAGE] From peer 1: 512 bytes
[MESSAGE] From peer 1: 512 bytes
[MESSAGE] From peer 1: 512 bytes
[MESSAGE] From peer 1: 512 bytes
[MESSAGE] From peer 1: 512 bytes
[MESSAGE] From peer 1: 512 bytes
[MESSAGE] From peer 1: 512 bytes
[MESSAGE] From peer 1: 512 bytes
[MESSAGE] From peer 1: 512 bytes
[MESSAGE] From peer 1: 512 bytes
[MESSAGE] From peer 1: 512 bytes
[MESSAGE] From peer 1: 512 bytes
[MESSAGE] From peer 1: 512 bytes
[MESSAGE] From peer 1: 512 bytes
[MESSAGE] From peer 1: 512 bytes
[MESSAGE] From peer 1: 512 bytes
[MESSAGE] From peer 1: 512 bytes
[MESSAGE] From peer 1: 512 bytes
[MESSAGE] From peer 1: 512 bytes
[MESSAGE] From peer 1: 512 bytes
[MESSAGE] From peer 1: 512 bytes
[MESSAGE] From peer 1: 512 bytes
[MESSAGE] From peer 1: 512 bytes
[MESSAGE] From peer 1: 512 bytes
[MESSAGE] From peer 1: 512 bytes
[MESSAGE] From peer 1: 512 bytes
[MESSAGE] From peer 1: 512 bytes
[MESSAGE] From peer 1: 512 bytes
[MESSAGE] From peer 1: 512 bytes
[MESSAGE] From peer 1: 512 bytes
[MESSAGE] From peer 1: 512 bytes
[MESSAGE] From peer 1: 512 bytes
[MESSAGE] From peer 1: 512 bytes
[MESSAGE] From peer 1: 512 bytes
[MESSAGE] From peer 1: 512 bytes
[MESSAGE] From peer 1: 512 bytes
[MESSAGE] From peer 1: 512 bytes
[MESSAGE] From peer 1: 512 bytes
[MESSAGE] From peer 1: 512 bytes
[MESSAGE] From peer 1: 512 bytes
[MESSAGE] From peer 1: 512 bytes
[MESSAGE] From peer 1: 512 bytes
[MESSAGE] From peer 1: 512 bytes
[MESSAGE] From peer 1: 512 bytes
[MESSAGE] From peer 1: 512 bytes
[MESSAGE] From peer 1: 512 bytes
[MESSAGE] From peer 1: 512 bytes
[MESSAGE] From peer 1: 512 bytes
[MESSAGE] From peer 1: 512 bytes
[MESSAGE] From peer 1: 512 bytes
[MESSAGE] From peer 1: 512 bytes
[MESSAGE] From peer 1: 512 bytes
[MESSAGE] From peer 1: 512 bytes
[MESSAGE] From peer 1: 512 bytes
[MESSAGE] From peer 1: 512 bytes
[MESSAGE] From peer 1: 512 bytes
[MESSAGE] From peer 1: 512 bytes
[MESSAGE] From peer 1: 512 bytes
[MESSAGE] From peer 1: 512 bytes
[MESSAGE] From peer 1: 512 bytes
[MESSAGE] From peer 1: 512 bytes
[MESSAGE] From peer 1: 512 bytes
[MESSAGE] From peer 1: 512 bytes
[MESSAGE] From peer 1: 512 bytes
[MESSAGE] From peer 1: 512 bytes
[MESSAGE] From peer 1: 512 bytes
[MESSAGE] From peer 1: 512 bytes
[MESSAGE] From peer 1: 512 bytes
[MESSAGE] From peer 1: 512 bytes
[MESSAGE] From peer 1: 512 bytes
[MESSAGE] From peer 1: 512 bytes
[MESSAGE] From peer 1: 512 bytes
[MESSAGE] From peer 1: 512 bytes
[MESSAGE] From peer 1: 512 bytes
[MESSAGE] From peer 1: 512 bytes
[MESSAGE] From peer 1: 512 bytes
[MESSAGE] From peer 1: 512 bytes
[MESSAGE] From peer 1: 512 bytes
[MESSAGE] From peer 1: 512 bytes
[MESSAGE] From peer 1: 512 bytes
[MESSAGE] From peer 1: 512 bytes
[MESSAGE] From peer 1: 512 bytes
[MESSAGE] From peer 1: 512 bytes
[ECHO] 8800 messages echoed
[MESSAGE] From peer 1: 512 bytes
[MESSAGE] From peer 1: 512 bytes
[MESSAGE] From peer 1: 512 bytes
[MESSAGE] From peer 1: 512 bytes
[MESSAGE] From peer 1: 512 bytes
[MESSAGE] From peer 1: 512 bytes
[MESSAGE] From peer 1: 512 bytes
[MESSAGE] From peer 1: 512 bytes
[MESSAGE] From peer 1: 512 bytes
[MESSAGE] From peer 1: 512 bytes
[MESSAGE] From peer 1: 512 bytes
[MESSAGE] From peer 1: 512 bytes
[MESSAGE] From peer 1: 512 bytes
[MESSAGE] From peer 1: 512 bytes
[MESSAGE] From peer 1: 512 bytes
[MESSAGE] From peer 1: 512 bytes
[MESSAGE] From peer 1: 512 bytes
[MESSAGE] From peer 1: 512 bytes
[MESSAGE] From peer 1: 512 bytes
[MESSAGE] From peer 1: 512 bytes
[MESSAGE] From peer 1: 512 bytes
[MESSAGE] From peer 1: 512 bytes
[MESSAGE] From peer 1: 512 bytes
[MESSAGE] From peer 1: 512 bytes
[MESSAGE] From peer 1: 512 bytes
[MESSAGE] From peer 1: 512 bytes
[MESSAGE] From peer 1: 512 bytes
[MESSAGE] From peer 1: 512 bytes
[MESSAGE] From peer 1: 512 bytes
[MESSAGE] From peer 1: 512 bytes
[MESSAGE] From peer 1: 512 bytes
[MESSAGE] From peer 1: 512 bytes
[MESSAGE] From peer 1: 512 bytes
[MESSAGE] From peer 1: 512 bytes
[MESSAGE] From peer 1: 512 bytes
[MESSAGE] From peer 1: 512 bytes
[MESSAGE] From peer 1: 512 bytes
[MESSAGE] From peer 1: 512 bytes
[MESSAGE] From peer 1: 512 bytes
[MESSAGE] From peer 1: 512 bytes
[MESSAGE] From peer 1: 512 bytes
[MESSAGE] From peer 1: 512 bytes
[MESSAGE] From peer 1: 512 bytes
[MESSAGE] From peer 1: 512 bytes
[MESSAGE] From peer 1: 512 bytes
[MESSAGE] From peer 1: 512 bytes
[STATUS] 1350 sec: peers=10, msgs=8851, connected=yes
[MESSAGE] From peer 1: 512 bytes
[MESSAGE] From peer 1: 512 bytes
[MESSAGE] From peer 1: 512 bytes
[MESSAGE] From peer 1: 512 bytes
[MESSAGE] From peer 1: 512 bytes
[MESSAGE] From peer 1: 512 bytes
[MESSAGE] From peer 1: 512 bytes
[MESSAGE] From peer 1: 512 bytes
[MESSAGE] From peer 1: 512 bytes
[MESSAGE] From peer 1: 512 bytes
[MESSAGE] From peer 1: 512 bytes
[MESSAGE] From peer 1: 512 bytes
[MESSAGE] From peer 1: 512 bytes
[MESSAGE] From peer 1: 512 bytes
[MESSAGE] From peer 1: 512 bytes
[MESSAGE] From peer 1: 512 bytes
[MESSAGE] From peer 1: 512 bytes
[MESSAGE] From peer 1: 512 bytes
[MESSAGE] From peer 1: 512 bytes
[MESSAGE] From peer 1: 512 bytes
[MESSAGE] From peer 1: 512 bytes
[MESSAGE] From peer 1: 512 bytes
[MESSAGE] From peer 1: 512 bytes
[DISCOVERED] Peer 2: "MacThroughput" at 10.188.1.213:7354
[MESSAGE] From peer 1: 512 bytes
[MESSAGE] From peer 1: 512 bytes
[MESSAGE] From peer 1: 512 bytes
[MESSAGE] From peer 1: 512 bytes
[MESSAGE] From peer 1: 512 bytes
[MESSAGE] From peer 1: 512 bytes
[MESSAGE] From peer 1: 512 bytes
[MESSAGE] From peer 1: 512 bytes
[MESSAGE] From peer 1: 512 bytes
[MESSAGE] From peer 1: 512 bytes
[MESSAGE] From peer 1: 512 bytes
[MESSAGE] From peer 1: 512 bytes
[MESSAGE] From peer 1: 512 bytes
[MESSAGE] From peer 1: 512 bytes
[MESSAGE] From peer 1: 512 bytes
[MESSAGE] From peer 1: 512 bytes
[MESSAGE] From peer 1: 512 bytes
[MESSAGE] From peer 1: 512 bytes
[MESSAGE] From peer 1: 512 bytes
[MESSAGE] From peer 1: 512 bytes
[MESSAGE] From peer 1: 512 bytes
[MESSAGE] From peer 1: 512 bytes
[MESSAGE] From peer 1: 512 bytes
[MESSAGE] From peer 1: 512 bytes
[MESSAGE] From peer 1: 512 bytes
[MESSAGE] From peer 1: 512 bytes
[MESSAGE] From peer 1: 512 bytes
[MESSAGE] From peer 1: 512 bytes
[MESSAGE] From peer 1: 512 bytes
[MESSAGE] From peer 1: 512 bytes
[MESSAGE] From peer 1: 512 bytes
[ECHO] 8900 messages echoed
[MESSAGE] From peer 1: 512 bytes
[MESSAGE] From peer 1: 512 bytes
[MESSAGE] From peer 1: 512 bytes
[MESSAGE] From peer 1: 512 bytes
[MESSAGE] From peer 1: 512 bytes
[MESSAGE] From peer 1: 512 bytes
[MESSAGE] From peer 1: 512 bytes
[MESSAGE] From peer 1: 512 bytes
[MESSAGE] From peer 1: 512 bytes
[MESSAGE] From peer 1: 512 bytes
[MESSAGE] From peer 1: 512 bytes
[MESSAGE] From peer 1: 512 bytes
[MESSAGE] From peer 1: 512 bytes
[MESSAGE] From peer 1: 512 bytes
[MESSAGE] From peer 1: 512 bytes
[MESSAGE] From peer 1: 512 bytes
[MESSAGE] From peer 1: 512 bytes
[MESSAGE] From peer 1: 512 bytes
[MESSAGE] From peer 1: 512 bytes
[MESSAGE] From peer 1: 512 bytes
[MESSAGE] From peer 1: 512 bytes
[MESSAGE] From peer 1: 512 bytes
[MESSAGE] From peer 1: 512 bytes
[MESSAGE] From peer 1: 512 bytes
[MESSAGE] From peer 1: 512 bytes
[MESSAGE] From peer 1: 512 bytes
[MESSAGE] From peer 1: 512 bytes
[MESSAGE] From peer 1: 512 bytes
[MESSAGE] From peer 1: 512 bytes
[MESSAGE] From peer 1: 512 bytes
[MESSAGE] From peer 1: 512 bytes
[MESSAGE] From peer 1: 512 bytes
[MESSAGE] From peer 1: 512 bytes
[MESSAGE] From peer 1: 512 bytes
[MESSAGE] From peer 1: 512 bytes
[MESSAGE] From peer 1: 512 bytes
[MESSAGE] From peer 1: 512 bytes
[MESSAGE] From peer 1: 512 bytes
[MESSAGE] From peer 1: 512 bytes
[MESSAGE] From peer 1: 512 bytes
[MESSAGE] From peer 1: 512 bytes
[MESSAGE] From peer 1: 512 bytes
[MESSAGE] From peer 1: 512 bytes
[MESSAGE] From peer 1: 512 bytes
[MESSAGE] From peer 1: 512 bytes
[MESSAGE] From peer 1: 512 bytes
[MESSAGE] From peer 1: 512 bytes
[MESSAGE] From peer 1: 512 bytes
[MESSAGE] From peer 1: 512 bytes
[MESSAGE] From peer 1: 512 bytes
[MESSAGE] From peer 1: 512 bytes
[MESSAGE] From peer 1: 512 bytes
[MESSAGE] From peer 1: 512 bytes
[MESSAGE] From peer 1: 512 bytes
[MESSAGE] From peer 1: 512 bytes
[MESSAGE] From peer 1: 512 bytes
[MESSAGE] From peer 1: 512 bytes
[MESSAGE] From peer 1: 512 bytes
[MESSAGE] From peer 1: 512 bytes
[MESSAGE] From peer 1: 512 bytes
[MESSAGE] From peer 1: 512 bytes
[MESSAGE] From peer 1: 512 bytes
[MESSAGE] From peer 1: 512 bytes
[MESSAGE] From peer 1: 512 bytes
[MESSAGE] From peer 1: 512 bytes
[MESSAGE] From peer 1: 512 bytes
[MESSAGE] From peer 1: 512 bytes
[MESSAGE] From peer 1: 512 bytes
[MESSAGE] From peer 1: 512 bytes
[MESSAGE] From peer 1: 512 bytes
[MESSAGE] From peer 1: 512 bytes
[MESSAGE] From peer 1: 512 bytes
[MESSAGE] From peer 1: 512 bytes
[MESSAGE] From peer 1: 512 bytes
[MESSAGE] From peer 1: 512 bytes
[MESSAGE] From peer 1: 512 bytes
[MESSAGE] From peer 1: 512 bytes
[MESSAGE] From peer 1: 512 bytes
[MESSAGE] From peer 1: 512 bytes
[MESSAGE] From peer 1: 512 bytes
[MESSAGE] From peer 1: 512 bytes
[MESSAGE] From peer 1: 512 bytes
[MESSAGE] From peer 1: 512 bytes
[MESSAGE] From peer 1: 512 bytes
[MESSAGE] From peer 1: 512 bytes
[MESSAGE] From peer 1: 512 bytes
[MESSAGE] From peer 1: 512 bytes
[MESSAGE] From peer 1: 512 bytes
[MESSAGE] From peer 1: 512 bytes
[MESSAGE] From peer 1: 512 bytes
[MESSAGE] From peer 1: 512 bytes
[MESSAGE] From peer 1: 512 bytes
[MESSAGE] From peer 1: 512 bytes
[MESSAGE] From peer 1: 512 bytes
[MESSAGE] From peer 1: 512 bytes
[MESSAGE] From peer 1: 512 bytes
[MESSAGE] From peer 1: 512 bytes
[MESSAGE] From peer 1: 512 bytes
[MESSAGE] From peer 1: 512 bytes
[MESSAGE] From peer 1: 512 bytes
[ECHO] 9000 messages echoed
[MESSAGE] From peer 1: 512 bytes
[MESSAGE] From peer 1: 512 bytes
[MESSAGE] From peer 1: 512 bytes
[MESSAGE] From peer 1: 512 bytes
[MESSAGE] From peer 1: 512 bytes
[MESSAGE] From peer 1: 512 bytes
[MESSAGE] From peer 1: 512 bytes
[MESSAGE] From peer 1: 512 bytes
[MESSAGE] From peer 1: 512 bytes
[MESSAGE] From peer 1: 512 bytes
[MESSAGE] From peer 1: 512 bytes
[MESSAGE] From peer 1: 512 bytes
[MESSAGE] From peer 1: 512 bytes
[MESSAGE] From peer 1: 512 bytes
[MESSAGE] From peer 1: 512 bytes
[MESSAGE] From peer 1: 512 bytes
[MESSAGE] From peer 1: 512 bytes
[MESSAGE] From peer 1: 512 bytes
[MESSAGE] From peer 1: 512 bytes
[MESSAGE] From peer 1: 512 bytes
[MESSAGE] From peer 1: 512 bytes
[MESSAGE] From peer 1: 512 bytes
[MESSAGE] From peer 1: 512 bytes
[MESSAGE] From peer 1: 512 bytes
[MESSAGE] From peer 1: 512 bytes
[MESSAGE] From peer 1: 512 bytes
[MESSAGE] From peer 1: 512 bytes
[MESSAGE] From peer 1: 512 bytes
[MESSAGE] From peer 1: 512 bytes
[MESSAGE] From peer 1: 512 bytes
[MESSAGE] From peer 1: 512 bytes
[MESSAGE] From peer 1: 512 bytes
[MESSAGE] From peer 1: 512 bytes
[MESSAGE] From peer 1: 512 bytes
[MESSAGE] From peer 1: 512 bytes
[MESSAGE] From peer 1: 512 bytes
[MESSAGE] From peer 1: 512 bytes
[MESSAGE] From peer 1: 512 bytes
[MESSAGE] From peer 1: 512 bytes
[MESSAGE] From peer 1: 512 bytes
[MESSAGE] From peer 1: 512 bytes
[MESSAGE] From peer 1: 512 bytes
[MESSAGE] From peer 1: 512 bytes
[MESSAGE] From peer 1: 512 bytes
[MESSAGE] From peer 1: 512 bytes
[MESSAGE] From peer 1: 512 bytes
[MESSAGE] From peer 1: 512 bytes
[MESSAGE] From peer 1: 512 bytes
[MESSAGE] From peer 1: 512 bytes
[MESSAGE] From peer 1: 512 bytes
[MESSAGE] From peer 1: 512 bytes
[MESSAGE] From peer 1: 512 bytes
[MESSAGE] From peer 1: 512 bytes
[MESSAGE] From peer 1: 512 bytes
[MESSAGE] From peer 1: 512 bytes
[MESSAGE] From peer 1: 512 bytes
[MESSAGE] From peer 1: 512 bytes
[MESSAGE] From peer 1: 512 bytes
[MESSAGE] From peer 1: 512 bytes
[MESSAGE] From peer 1: 512 bytes
[MESSAGE] From peer 1: 512 bytes
[MESSAGE] From peer 1: 512 bytes
[MESSAGE] From peer 1: 512 bytes
[MESSAGE] From peer 1: 512 bytes
[MESSAGE] From peer 1: 512 bytes
[MESSAGE] From peer 1: 512 bytes
[MESSAGE] From peer 1: 512 bytes
[MESSAGE] From peer 1: 512 bytes
[MESSAGE] From peer 1: 512 bytes
[MESSAGE] From peer 1: 512 bytes
[MESSAGE] From peer 1: 512 bytes
[MESSAGE] From peer 1: 512 bytes
[MESSAGE] From peer 1: 512 bytes
[MESSAGE] From peer 1: 512 bytes
[MESSAGE] From peer 1: 512 bytes
[MESSAGE] From peer 1: 512 bytes
[MESSAGE] From peer 1: 512 bytes
[MESSAGE] From peer 1: 512 bytes
[MESSAGE] From peer 1: 512 bytes
[MESSAGE] From peer 1: 512 bytes
[MESSAGE] From peer 1: 512 bytes
[MESSAGE] From peer 1: 512 bytes
[MESSAGE] From peer 1: 512 bytes
[MESSAGE] From peer 1: 512 bytes
[MESSAGE] From peer 1: 512 bytes
[MESSAGE] From peer 1: 512 bytes
[MESSAGE] From peer 1: 512 bytes
[MESSAGE] From peer 1: 512 bytes
[MESSAGE] From peer 1: 512 bytes
[MESSAGE] From peer 1: 512 bytes
[MESSAGE] From peer 1: 512 bytes
[MESSAGE] From peer 1: 512 bytes
[MESSAGE] From peer 1: 512 bytes
[MESSAGE] From peer 1: 512 bytes
[MESSAGE] From peer 1: 512 bytes
[MESSAGE] From peer 1: 512 bytes
[MESSAGE] From peer 1: 512 bytes
[MESSAGE] From peer 1: 512 bytes
[MESSAGE] From peer 1: 512 bytes
[MESSAGE] From peer 1: 512 bytes
[ECHO] 9100 messages echoed
[MESSAGE] From peer 1: 512 bytes
[MESSAGE] From peer 1: 512 bytes
[MESSAGE] From peer 1: 512 bytes
[MESSAGE] From peer 1: 512 bytes
[MESSAGE] From peer 1: 512 bytes
[MESSAGE] From peer 1: 512 bytes
[MESSAGE] From peer 1: 512 bytes
[MESSAGE] From peer 1: 512 bytes
[MESSAGE] From peer 1: 512 bytes
[MESSAGE] From peer 1: 512 bytes
[MESSAGE] From peer 1: 512 bytes
[MESSAGE] From peer 1: 512 bytes
[MESSAGE] From peer 1: 512 bytes
[MESSAGE] From peer 1: 512 bytes
[MESSAGE] From peer 1: 512 bytes
[MESSAGE] From peer 1: 512 bytes
[MESSAGE] From peer 1: 512 bytes
[MESSAGE] From peer 1: 512 bytes
[MESSAGE] From peer 1: 512 bytes
[MESSAGE] From peer 1: 512 bytes
[MESSAGE] From peer 1: 512 bytes
[MESSAGE] From peer 1: 512 bytes
[MESSAGE] From peer 1: 512 bytes
[MESSAGE] From peer 1: 512 bytes
[MESSAGE] From peer 1: 512 bytes
[MESSAGE] From peer 1: 512 bytes
[MESSAGE] From peer 1: 512 bytes
[MESSAGE] From peer 1: 512 bytes
[MESSAGE] From peer 1: 512 bytes
[MESSAGE] From peer 1: 512 bytes
[MESSAGE] From peer 1: 512 bytes
[MESSAGE] From peer 1: 512 bytes
[MESSAGE] From peer 1: 512 bytes
[MESSAGE] From peer 1: 512 bytes
[MESSAGE] From peer 1: 512 bytes
[MESSAGE] From peer 1: 512 bytes
[MESSAGE] From peer 1: 512 bytes
[MESSAGE] From peer 1: 512 bytes
[MESSAGE] From peer 1: 512 bytes
[MESSAGE] From peer 1: 512 bytes
[MESSAGE] From peer 1: 512 bytes
[MESSAGE] From peer 1: 512 bytes
[MESSAGE] From peer 1: 512 bytes
[MESSAGE] From peer 1: 512 bytes
[MESSAGE] From peer 1: 512 bytes
[MESSAGE] From peer 1: 512 bytes
[MESSAGE] From peer 1: 512 bytes
[MESSAGE] From peer 1: 512 bytes
[MESSAGE] From peer 1: 512 bytes
[MESSAGE] From peer 1: 512 bytes
[MESSAGE] From peer 1: 512 bytes
[MESSAGE] From peer 1: 512 bytes
[MESSAGE] From peer 1: 512 bytes
[MESSAGE] From peer 1: 512 bytes
[MESSAGE] From peer 1: 512 bytes
[MESSAGE] From peer 1: 512 bytes
[MESSAGE] From peer 1: 512 bytes
[MESSAGE] From peer 1: 512 bytes
[MESSAGE] From peer 1: 512 bytes
[MESSAGE] From peer 1: 512 bytes
[MESSAGE] From peer 1: 512 bytes
[MESSAGE] From peer 1: 512 bytes
[MESSAGE] From peer 1: 512 bytes
[MESSAGE] From peer 1: 512 bytes
[MESSAGE] From peer 1: 512 bytes
[MESSAGE] From peer 1: 512 bytes
[MESSAGE] From peer 1: 512 bytes
[MESSAGE] From peer 1: 512 bytes
[MESSAGE] From peer 1: 512 bytes
[MESSAGE] From peer 1: 512 bytes
[MESSAGE] From peer 1: 512 bytes
[MESSAGE] From peer 1: 512 bytes
[MESSAGE] From peer 1: 512 bytes
[MESSAGE] From peer 1: 512 bytes
[MESSAGE] From peer 1: 512 bytes
[MESSAGE] From peer 1: 512 bytes
[MESSAGE] From peer 1: 512 bytes
[MESSAGE] From peer 1: 512 bytes
[MESSAGE] From peer 1: 512 bytes
[MESSAGE] From peer 1: 512 bytes
[MESSAGE] From peer 1: 512 bytes
[MESSAGE] From peer 1: 512 bytes
[MESSAGE] From peer 1: 512 bytes
[MESSAGE] From peer 1: 512 bytes
[MESSAGE] From peer 1: 512 bytes
[MESSAGE] From peer 1: 512 bytes
[MESSAGE] From peer 1: 512 bytes
[MESSAGE] From peer 1: 512 bytes
[MESSAGE] From peer 1: 512 bytes
[MESSAGE] From peer 1: 512 bytes
[MESSAGE] From peer 1: 512 bytes
[MESSAGE] From peer 1: 512 bytes
[MESSAGE] From peer 1: 512 bytes
[MESSAGE] From peer 1: 512 bytes
[MESSAGE] From peer 1: 512 bytes
[MESSAGE] From peer 1: 512 bytes
[MESSAGE] From peer 1: 512 bytes
[MESSAGE] From peer 1: 512 bytes
[MESSAGE] From peer 1: 512 bytes
[MESSAGE] From peer 1: 512 bytes
[ECHO] 9200 messages echoed
[MESSAGE] From peer 1: 512 bytes
[MESSAGE] From peer 1: 512 bytes
[MESSAGE] From peer 1: 512 bytes
[MESSAGE] From peer 1: 512 bytes
[MESSAGE] From peer 1: 512 bytes
[MESSAGE] From peer 1: 512 bytes
[MESSAGE] From peer 1: 512 bytes
[MESSAGE] From peer 1: 512 bytes
[MESSAGE] From peer 1: 512 bytes
[MESSAGE] From peer 1: 512 bytes
[MESSAGE] From peer 1: 512 bytes
[MESSAGE] From peer 1: 512 bytes
[MESSAGE] From peer 1: 512 bytes
[MESSAGE] From peer 1: 512 bytes
[MESSAGE] From peer 1: 512 bytes
[MESSAGE] From peer 1: 512 bytes
[MESSAGE] From peer 1: 512 bytes
[MESSAGE] From peer 1: 512 bytes
[MESSAGE] From peer 1: 512 bytes
[MESSAGE] From peer 1: 512 bytes
[MESSAGE] From peer 1: 512 bytes
[MESSAGE] From peer 1: 512 bytes
[MESSAGE] From peer 1: 512 bytes
[MESSAGE] From peer 1: 512 bytes
[MESSAGE] From peer 1: 512 bytes
[MESSAGE] From peer 1: 512 bytes
[MESSAGE] From peer 1: 512 bytes
[MESSAGE] From peer 1: 512 bytes
[MESSAGE] From peer 1: 512 bytes
[MESSAGE] From peer 1: 512 bytes
[MESSAGE] From peer 1: 512 bytes
[MESSAGE] From peer 1: 512 bytes
[MESSAGE] From peer 1: 512 bytes
[MESSAGE] From peer 1: 512 bytes
[MESSAGE] From peer 1: 512 bytes
[MESSAGE] From peer 1: 512 bytes
[MESSAGE] From peer 1: 512 bytes
[MESSAGE] From peer 1: 512 bytes
[MESSAGE] From peer 1: 512 bytes
[MESSAGE] From peer 1: 512 bytes
[MESSAGE] From peer 1: 512 bytes
[MESSAGE] From peer 1: 512 bytes
[MESSAGE] From peer 1: 512 bytes
[MESSAGE] From peer 1: 512 bytes
[MESSAGE] From peer 1: 512 bytes
[MESSAGE] From peer 1: 512 bytes
[MESSAGE] From peer 1: 512 bytes
[MESSAGE] From peer 1: 512 bytes
[MESSAGE] From peer 1: 512 bytes
[MESSAGE] From peer 1: 512 bytes
[MESSAGE] From peer 1: 512 bytes
[MESSAGE] From peer 1: 512 bytes
[MESSAGE] From peer 1: 512 bytes
[MESSAGE] From peer 1: 512 bytes
[MESSAGE] From peer 1: 512 bytes
[MESSAGE] From peer 1: 512 bytes
[MESSAGE] From peer 1: 512 bytes
[MESSAGE] From peer 1: 512 bytes
[MESSAGE] From peer 1: 512 bytes
[MESSAGE] From peer 1: 512 bytes
[MESSAGE] From peer 1: 512 bytes
[MESSAGE] From peer 1: 512 bytes
[MESSAGE] From peer 1: 512 bytes
[MESSAGE] From peer 1: 512 bytes
[MESSAGE] From peer 1: 512 bytes
[MESSAGE] From peer 1: 512 bytes
[MESSAGE] From peer 1: 512 bytes
[MESSAGE] From peer 1: 512 bytes
[MESSAGE] From peer 1: 512 bytes
[MESSAGE] From peer 1: 512 bytes
[MESSAGE] From peer 1: 512 bytes
[MESSAGE] From peer 1: 512 bytes
[MESSAGE] From peer 1: 512 bytes
[MESSAGE] From peer 1: 512 bytes
[MESSAGE] From peer 1: 512 bytes
[MESSAGE] From peer 1: 512 bytes
[MESSAGE] From peer 1: 512 bytes
[MESSAGE] From peer 1: 512 bytes
[MESSAGE] From peer 1: 512 bytes
[MESSAGE] From peer 1: 512 bytes
[MESSAGE] From peer 1: 512 bytes
[MESSAGE] From peer 1: 512 bytes
[MESSAGE] From peer 1: 512 bytes
[MESSAGE] From peer 1: 512 bytes
[MESSAGE] From peer 1: 512 bytes
[MESSAGE] From peer 1: 512 bytes
[MESSAGE] From peer 1: 512 bytes
[MESSAGE] From peer 1: 512 bytes
[MESSAGE] From peer 1: 512 bytes
[MESSAGE] From peer 1: 512 bytes
[MESSAGE] From peer 1: 512 bytes
[MESSAGE] From peer 1: 512 bytes
[MESSAGE] From peer 1: 512 bytes
[MESSAGE] From peer 1: 512 bytes
[MESSAGE] From peer 1: 512 bytes
[MESSAGE] From peer 1: 512 bytes
[MESSAGE] From peer 1: 512 bytes
[MESSAGE] From peer 1: 512 bytes
[MESSAGE] From peer 1: 512 bytes
[MESSAGE] From peer 1: 512 bytes
[ECHO] 9300 messages echoed
[MESSAGE] From peer 1: 512 bytes
[MESSAGE] From peer 1: 512 bytes
[MESSAGE] From peer 1: 512 bytes
[MESSAGE] From peer 1: 512 bytes
[MESSAGE] From peer 1: 512 bytes
[MESSAGE] From peer 1: 512 bytes
[MESSAGE] From peer 1: 512 bytes
[MESSAGE] From peer 1: 512 bytes
[MESSAGE] From peer 1: 512 bytes
[MESSAGE] From peer 1: 512 bytes
[MESSAGE] From peer 1: 512 bytes
[MESSAGE] From peer 1: 512 bytes
[MESSAGE] From peer 1: 512 bytes
[MESSAGE] From peer 1: 512 bytes
[MESSAGE] From peer 1: 512 bytes
[MESSAGE] From peer 1: 512 bytes
[MESSAGE] From peer 1: 512 bytes
[MESSAGE] From peer 1: 512 bytes
[MESSAGE] From peer 1: 512 bytes
[MESSAGE] From peer 1: 512 bytes
[MESSAGE] From peer 1: 512 bytes
[MESSAGE] From peer 1: 512 bytes
[MESSAGE] From peer 1: 512 bytes
[MESSAGE] From peer 1: 512 bytes
[MESSAGE] From peer 1: 512 bytes
[MESSAGE] From peer 1: 512 bytes
[MESSAGE] From peer 1: 512 bytes
[MESSAGE] From peer 1: 512 bytes
[MESSAGE] From peer 1: 512 bytes
[MESSAGE] From peer 1: 512 bytes
[MESSAGE] From peer 1: 512 bytes
[MESSAGE] From peer 1: 512 bytes
[MESSAGE] From peer 1: 512 bytes
[MESSAGE] From peer 1: 512 bytes
[MESSAGE] From peer 1: 512 bytes
[MESSAGE] From peer 1: 512 bytes
[MESSAGE] From peer 1: 512 bytes
[MESSAGE] From peer 1: 512 bytes
[MESSAGE] From peer 1: 512 bytes
[MESSAGE] From peer 1: 512 bytes
[MESSAGE] From peer 1: 512 bytes
[MESSAGE] From peer 1: 512 bytes
[MESSAGE] From peer 1: 512 bytes
[MESSAGE] From peer 1: 512 bytes
[MESSAGE] From peer 1: 512 bytes
[MESSAGE] From peer 1: 512 bytes
[MESSAGE] From peer 1: 512 bytes
[MESSAGE] From peer 1: 512 bytes
[MESSAGE] From peer 1: 512 bytes
[MESSAGE] From peer 1: 512 bytes
[MESSAGE] From peer 1: 512 bytes
[MESSAGE] From peer 1: 512 bytes
[MESSAGE] From peer 1: 512 bytes
[MESSAGE] From peer 1: 512 bytes
[MESSAGE] From peer 1: 512 bytes
[MESSAGE] From peer 1: 512 bytes
[MESSAGE] From peer 1: 512 bytes
[MESSAGE] From peer 1: 512 bytes
[MESSAGE] From peer 1: 512 bytes
[MESSAGE] From peer 1: 512 bytes
[MESSAGE] From peer 1: 512 bytes
[MESSAGE] From peer 1: 512 bytes
[MESSAGE] From peer 1: 512 bytes
[MESSAGE] From peer 1: 512 bytes
[MESSAGE] From peer 1: 512 bytes
[MESSAGE] From peer 1: 512 bytes
[MESSAGE] From peer 1: 512 bytes
[MESSAGE] From peer 1: 512 bytes
[MESSAGE] From peer 1: 512 bytes
[MESSAGE] From peer 1: 512 bytes
[MESSAGE] From peer 1: 512 bytes
[MESSAGE] From peer 1: 512 bytes
[MESSAGE] From peer 1: 512 bytes
[MESSAGE] From peer 1: 512 bytes
[MESSAGE] From peer 1: 512 bytes
[MESSAGE] From peer 1: 512 bytes
[MESSAGE] From peer 1: 512 bytes
[MESSAGE] From peer 1: 512 bytes
[MESSAGE] From peer 1: 512 bytes
[MESSAGE] From peer 1: 512 bytes
[MESSAGE] From peer 1: 512 bytes
[MESSAGE] From peer 1: 512 bytes
[MESSAGE] From peer 1: 512 bytes
[MESSAGE] From peer 1: 512 bytes
[MESSAGE] From peer 1: 512 bytes
[MESSAGE] From peer 1: 512 bytes
[MESSAGE] From peer 1: 512 bytes
[MESSAGE] From peer 1: 512 bytes
[MESSAGE] From peer 1: 512 bytes
[MESSAGE] From peer 1: 512 bytes
[MESSAGE] From peer 1: 512 bytes
[MESSAGE] From peer 1: 512 bytes
[MESSAGE] From peer 1: 512 bytes
[MESSAGE] From peer 1: 512 bytes
[MESSAGE] From peer 1: 512 bytes
[MESSAGE] From peer 1: 512 bytes
[MESSAGE] From peer 1: 512 bytes
[MESSAGE] From peer 1: 512 bytes
[MESSAGE] From peer 1: 512 bytes
[MESSAGE] From peer 1: 512 bytes
[ECHO] 9400 messages echoed
[MESSAGE] From peer 1: 512 bytes
[MESSAGE] From peer 1: 512 bytes
[MESSAGE] From peer 1: 512 bytes
[MESSAGE] From peer 1: 512 bytes
[MESSAGE] From peer 1: 512 bytes
[MESSAGE] From peer 1: 512 bytes
[MESSAGE] From peer 1: 512 bytes
[MESSAGE] From peer 1: 512 bytes
[MESSAGE] From peer 1: 512 bytes
[MESSAGE] From peer 1: 512 bytes
[MESSAGE] From peer 1: 512 bytes
[MESSAGE] From peer 1: 512 bytes
[MESSAGE] From peer 1: 512 bytes
[MESSAGE] From peer 1: 512 bytes
[MESSAGE] From peer 1: 512 bytes
[MESSAGE] From peer 1: 512 bytes
[MESSAGE] From peer 1: 512 bytes
[MESSAGE] From peer 1: 512 bytes
[MESSAGE] From peer 1: 512 bytes
[MESSAGE] From peer 1: 512 bytes
[MESSAGE] From peer 1: 512 bytes
[MESSAGE] From peer 1: 512 bytes
[MESSAGE] From peer 1: 512 bytes
[MESSAGE] From peer 1: 512 bytes
[MESSAGE] From peer 1: 512 bytes
[MESSAGE] From peer 1: 512 bytes
[MESSAGE] From peer 1: 512 bytes
[MESSAGE] From peer 1: 512 bytes
[MESSAGE] From peer 1: 512 bytes
[MESSAGE] From peer 1: 512 bytes
[MESSAGE] From peer 1: 512 bytes
[MESSAGE] From peer 1: 512 bytes
[MESSAGE] From peer 1: 512 bytes
[MESSAGE] From peer 1: 512 bytes
[MESSAGE] From peer 1: 512 bytes
[MESSAGE] From peer 1: 512 bytes
[MESSAGE] From peer 1: 512 bytes
[MESSAGE] From peer 1: 512 bytes
[MESSAGE] From peer 1: 512 bytes
[MESSAGE] From peer 1: 512 bytes
[MESSAGE] From peer 1: 512 bytes
[MESSAGE] From peer 1: 512 bytes
[MESSAGE] From peer 1: 512 bytes
[MESSAGE] From peer 1: 512 bytes
[MESSAGE] From peer 1: 512 bytes
[MESSAGE] From peer 1: 512 bytes
[MESSAGE] From peer 1: 512 bytes
[MESSAGE] From peer 1: 512 bytes
[MESSAGE] From peer 1: 512 bytes
[MESSAGE] From peer 1: 512 bytes
[MESSAGE] From peer 1: 512 bytes
[MESSAGE] From peer 1: 512 bytes
[MESSAGE] From peer 1: 512 bytes
[MESSAGE] From peer 1: 512 bytes
[MESSAGE] From peer 1: 512 bytes
[MESSAGE] From peer 1: 512 bytes
[MESSAGE] From peer 1: 512 bytes
[MESSAGE] From peer 1: 512 bytes
[MESSAGE] From peer 1: 512 bytes
[MESSAGE] From peer 1: 512 bytes
[MESSAGE] From peer 1: 512 bytes
[MESSAGE] From peer 1: 512 bytes
[MESSAGE] From peer 1: 512 bytes
[MESSAGE] From peer 1: 512 bytes
[MESSAGE] From peer 1: 512 bytes
[MESSAGE] From peer 1: 512 bytes
[MESSAGE] From peer 1: 512 bytes
[MESSAGE] From peer 1: 512 bytes
[MESSAGE] From peer 1: 512 bytes
[MESSAGE] From peer 1: 512 bytes
[MESSAGE] From peer 1: 512 bytes
[MESSAGE] From peer 1: 512 bytes
[MESSAGE] From peer 1: 512 bytes
[MESSAGE] From peer 1: 512 bytes
[MESSAGE] From peer 1: 512 bytes
[MESSAGE] From peer 1: 512 bytes
[MESSAGE] From peer 1: 512 bytes
[MESSAGE] From peer 1: 512 bytes
[MESSAGE] From peer 1: 512 bytes
[MESSAGE] From peer 1: 512 bytes
[MESSAGE] From peer 1: 512 bytes
[MESSAGE] From peer 1: 512 bytes
[MESSAGE] From peer 1: 512 bytes
[MESSAGE] From peer 1: 512 bytes
[MESSAGE] From peer 1: 512 bytes
[MESSAGE] From peer 1: 512 bytes
[MESSAGE] From peer 1: 512 bytes
[MESSAGE] From peer 1: 512 bytes
[MESSAGE] From peer 1: 512 bytes
[MESSAGE] From peer 1: 512 bytes
[MESSAGE] From peer 1: 512 bytes
[MESSAGE] From peer 1: 512 bytes
[MESSAGE] From peer 1: 512 bytes
[MESSAGE] From peer 1: 512 bytes
[MESSAGE] From peer 1: 512 bytes
[MESSAGE] From peer 1: 512 bytes
[MESSAGE] From peer 1: 512 bytes
[MESSAGE] From peer 1: 512 bytes
[MESSAGE] From peer 1: 512 bytes
[MESSAGE] From peer 1: 512 bytes
[ECHO] 9500 messages echoed
[MESSAGE] From peer 1: 512 bytes
[MESSAGE] From peer 1: 512 bytes
[MESSAGE] From peer 1: 512 bytes
[MESSAGE] From peer 1: 512 bytes
[MESSAGE] From peer 1: 512 bytes
[MESSAGE] From peer 1: 512 bytes
[MESSAGE] From peer 1: 512 bytes
[MESSAGE] From peer 1: 512 bytes
[MESSAGE] From peer 1: 512 bytes
[STATUS] 1360 sec: peers=11, msgs=9514, connected=yes
[MESSAGE] From peer 1: 512 bytes
[MESSAGE] From peer 1: 512 bytes
[MESSAGE] From peer 1: 512 bytes
[MESSAGE] From peer 1: 512 bytes
[MESSAGE] From peer 1: 512 bytes
[MESSAGE] From peer 1: 512 bytes
[MESSAGE] From peer 1: 512 bytes
[MESSAGE] From peer 1: 512 bytes
[MESSAGE] From peer 1: 512 bytes
[MESSAGE] From peer 1: 512 bytes
[MESSAGE] From peer 1: 512 bytes
[MESSAGE] From peer 1: 512 bytes
[MESSAGE] From peer 1: 512 bytes
[MESSAGE] From peer 1: 512 bytes
[MESSAGE] From peer 1: 512 bytes
[MESSAGE] From peer 1: 512 bytes
[MESSAGE] From peer 1: 512 bytes
[MESSAGE] From peer 1: 512 bytes
[MESSAGE] From peer 1: 512 bytes
[MESSAGE] From peer 1: 512 bytes
[MESSAGE] From peer 1: 512 bytes
[MESSAGE] From peer 1: 512 bytes
[MESSAGE] From peer 1: 512 bytes
[MESSAGE] From peer 1: 512 bytes
[MESSAGE] From peer 1: 512 bytes
[MESSAGE] From peer 1: 512 bytes
[MESSAGE] From peer 1: 512 bytes
[MESSAGE] From peer 1: 512 bytes
[MESSAGE] From peer 1: 512 bytes
[MESSAGE] From peer 1: 512 bytes
[MESSAGE] From peer 1: 512 bytes
[MESSAGE] From peer 1: 512 bytes
[MESSAGE] From peer 1: 512 bytes
[MESSAGE] From peer 1: 512 bytes
[MESSAGE] From peer 1: 512 bytes
[MESSAGE] From peer 1: 512 bytes
[MESSAGE] From peer 1: 512 bytes
[MESSAGE] From peer 1: 512 bytes
[MESSAGE] From peer 1: 512 bytes
[MESSAGE] From peer 1: 512 bytes
[MESSAGE] From peer 1: 512 bytes
[MESSAGE] From peer 1: 512 bytes
[MESSAGE] From peer 1: 512 bytes
[MESSAGE] From peer 1: 512 bytes
[MESSAGE] From peer 1: 512 bytes
[MESSAGE] From peer 1: 512 bytes
[MESSAGE] From peer 1: 512 bytes
[MESSAGE] From peer 1: 512 bytes
[MESSAGE] From peer 1: 512 bytes
[MESSAGE] From peer 1: 512 bytes
[MESSAGE] From peer 1: 512 bytes
[MESSAGE] From peer 1: 512 bytes
[MESSAGE] From peer 1: 512 bytes
[MESSAGE] From peer 1: 512 bytes
[MESSAGE] From peer 1: 512 bytes
[MESSAGE] From peer 1: 512 bytes
[MESSAGE] From peer 1: 512 bytes
[MESSAGE] From peer 1: 512 bytes
[MESSAGE] From peer 1: 512 bytes
[MESSAGE] From peer 1: 512 bytes
[MESSAGE] From peer 1: 512 bytes
[MESSAGE] From peer 1: 512 bytes
[MESSAGE] From peer 1: 512 bytes
[MESSAGE] From peer 1: 512 bytes
[MESSAGE] From peer 1: 512 bytes
[MESSAGE] From peer 1: 512 bytes
[MESSAGE] From peer 1: 512 bytes
[MESSAGE] From peer 1: 512 bytes
[MESSAGE] From peer 1: 512 bytes
[MESSAGE] From peer 1: 512 bytes
[MESSAGE] From peer 1: 512 bytes
[MESSAGE] From peer 1: 512 bytes
[MESSAGE] From peer 1: 512 bytes
[MESSAGE] From peer 1: 512 bytes
[MESSAGE] From peer 1: 512 bytes
[MESSAGE] From peer 1: 512 bytes
[MESSAGE] From peer 1: 512 bytes
[MESSAGE] From peer 1: 512 bytes
[MESSAGE] From peer 1: 512 bytes
[MESSAGE] From peer 1: 512 bytes
[MESSAGE] From peer 1: 512 bytes
[MESSAGE] From peer 1: 512 bytes
[MESSAGE] From peer 1: 512 bytes
[MESSAGE] From peer 1: 512 bytes
[MESSAGE] From peer 1: 512 bytes
[MESSAGE] From peer 1: 512 bytes
[MESSAGE] From peer 1: 512 bytes
[MESSAGE] From peer 1: 512 bytes
[MESSAGE] From peer 1: 512 bytes
[MESSAGE] From peer 1: 512 bytes
[MESSAGE] From peer 1: 512 bytes
[ECHO] 9600 messages echoed
[MESSAGE] From peer 1: 512 bytes
[MESSAGE] From peer 1: 512 bytes
[MESSAGE] From peer 1: 512 bytes
[MESSAGE] From peer 1: 512 bytes
[MESSAGE] From peer 1: 512 bytes
[MESSAGE] From peer 1: 512 bytes
[MESSAGE] From peer 1: 512 bytes
[MESSAGE] From peer 1: 512 bytes
[MESSAGE] From peer 1: 512 bytes
[MESSAGE] From peer 1: 512 bytes
[MESSAGE] From peer 1: 512 bytes
[MESSAGE] From peer 1: 512 bytes
[MESSAGE] From peer 1: 512 bytes
[MESSAGE] From peer 1: 512 bytes
[MESSAGE] From peer 1: 512 bytes
[MESSAGE] From peer 1: 512 bytes
[MESSAGE] From peer 1: 512 bytes
[MESSAGE] From peer 1: 512 bytes
[MESSAGE] From peer 1: 512 bytes
[MESSAGE] From peer 1: 512 bytes
[MESSAGE] From peer 1: 512 bytes
[MESSAGE] From peer 1: 512 bytes
[MESSAGE] From peer 1: 512 bytes
[MESSAGE] From peer 1: 512 bytes
[MESSAGE] From peer 1: 512 bytes
[MESSAGE] From peer 1: 512 bytes
[MESSAGE] From peer 1: 512 bytes
[MESSAGE] From peer 1: 512 bytes
[MESSAGE] From peer 1: 512 bytes
[MESSAGE] From peer 1: 512 bytes
[MESSAGE] From peer 1: 512 bytes
[MESSAGE] From peer 1: 512 bytes
[MESSAGE] From peer 1: 512 bytes
[MESSAGE] From peer 1: 512 bytes
[MESSAGE] From peer 1: 512 bytes
[MESSAGE] From peer 1: 512 bytes
[MESSAGE] From peer 1: 512 bytes
[MESSAGE] From peer 1: 512 bytes
[MESSAGE] From peer 1: 512 bytes
[MESSAGE] From peer 1: 512 bytes
[MESSAGE] From peer 1: 512 bytes
[MESSAGE] From peer 1: 512 bytes
[MESSAGE] From peer 1: 512 bytes
[MESSAGE] From peer 1: 512 bytes
[MESSAGE] From peer 1: 512 bytes
[MESSAGE] From peer 1: 512 bytes
[MESSAGE] From peer 1: 512 bytes
[MESSAGE] From peer 1: 512 bytes
[MESSAGE] From peer 1: 512 bytes
[MESSAGE] From peer 1: 512 bytes
[MESSAGE] From peer 1: 512 bytes
[MESSAGE] From peer 1: 512 bytes
[MESSAGE] From peer 1: 512 bytes
[MESSAGE] From peer 1: 512 bytes
[MESSAGE] From peer 1: 512 bytes
[MESSAGE] From peer 1: 512 bytes
[MESSAGE] From peer 1: 512 bytes
[MESSAGE] From peer 1: 512 bytes
[MESSAGE] From peer 1: 512 bytes
[MESSAGE] From peer 1: 512 bytes
[MESSAGE] From peer 1: 512 bytes
[MESSAGE] From peer 1: 512 bytes
[MESSAGE] From peer 1: 512 bytes
[MESSAGE] From peer 1: 512 bytes
[MESSAGE] From peer 1: 512 bytes
[MESSAGE] From peer 1: 512 bytes
[MESSAGE] From peer 1: 512 bytes
[MESSAGE] From peer 1: 512 bytes
[MESSAGE] From peer 1: 512 bytes
[MESSAGE] From peer 1: 512 bytes
[MESSAGE] From peer 1: 512 bytes
[MESSAGE] From peer 1: 512 bytes
[MESSAGE] From peer 1: 512 bytes
[MESSAGE] From peer 1: 512 bytes
[MESSAGE] From peer 1: 512 bytes
[MESSAGE] From peer 1: 512 bytes
[MESSAGE] From peer 1: 512 bytes
[MESSAGE] From peer 1: 512 bytes
[MESSAGE] From peer 1: 512 bytes
[MESSAGE] From peer 1: 512 bytes
[MESSAGE] From peer 1: 512 bytes
[MESSAGE] From peer 1: 512 bytes
[MESSAGE] From peer 1: 512 bytes
[MESSAGE] From peer 1: 512 bytes
[MESSAGE] From peer 1: 512 bytes
[MESSAGE] From peer 1: 512 bytes
[MESSAGE] From peer 1: 512 bytes
[MESSAGE] From peer 1: 512 bytes
[MESSAGE] From peer 1: 512 bytes
[MESSAGE] From peer 1: 512 bytes
[MESSAGE] From peer 1: 512 bytes
[MESSAGE] From peer 1: 512 bytes
[MESSAGE] From peer 1: 512 bytes
[MESSAGE] From peer 1: 512 bytes
[MESSAGE] From peer 1: 512 bytes
[MESSAGE] From peer 1: 512 bytes
[MESSAGE] From peer 1: 512 bytes
[MESSAGE] From peer 1: 512 bytes
[MESSAGE] From peer 1: 512 bytes
[MESSAGE] From peer 1: 512 bytes
[ECHO] 9700 messages echoed
[MESSAGE] From peer 1: 512 bytes
[MESSAGE] From peer 1: 512 bytes
[MESSAGE] From peer 1: 512 bytes
[MESSAGE] From peer 1: 512 bytes
[MESSAGE] From peer 1: 512 bytes
[MESSAGE] From peer 1: 512 bytes
[MESSAGE] From peer 1: 512 bytes
[MESSAGE] From peer 1: 512 bytes
[MESSAGE] From peer 1: 512 bytes
[MESSAGE] From peer 1: 512 bytes
[MESSAGE] From peer 1: 512 bytes
[MESSAGE] From peer 1: 512 bytes
[MESSAGE] From peer 1: 512 bytes
[MESSAGE] From peer 1: 512 bytes
[MESSAGE] From peer 1: 512 bytes
[MESSAGE] From peer 1: 512 bytes
[MESSAGE] From peer 1: 512 bytes
[MESSAGE] From peer 1: 512 bytes
[MESSAGE] From peer 1: 512 bytes
[MESSAGE] From peer 1: 512 bytes
[MESSAGE] From peer 1: 512 bytes
[MESSAGE] From peer 1: 512 bytes
[MESSAGE] From peer 1: 512 bytes
[MESSAGE] From peer 1: 512 bytes
[MESSAGE] From peer 1: 512 bytes
[MESSAGE] From peer 1: 512 bytes
[MESSAGE] From peer 1: 512 bytes
[MESSAGE] From peer 1: 512 bytes
[MESSAGE] From peer 1: 512 bytes
[MESSAGE] From peer 1: 512 bytes
[MESSAGE] From peer 1: 512 bytes
[MESSAGE] From peer 1: 512 bytes
[MESSAGE] From peer 1: 512 bytes
[MESSAGE] From peer 1: 512 bytes
[MESSAGE] From peer 1: 512 bytes
[MESSAGE] From peer 1: 512 bytes
[MESSAGE] From peer 1: 512 bytes
[MESSAGE] From peer 1: 512 bytes
[MESSAGE] From peer 1: 512 bytes
[MESSAGE] From peer 1: 512 bytes
[MESSAGE] From peer 1: 512 bytes
[MESSAGE] From peer 1: 512 bytes
[MESSAGE] From peer 1: 512 bytes
[MESSAGE] From peer 1: 512 bytes
[MESSAGE] From peer 1: 512 bytes
[MESSAGE] From peer 1: 512 bytes
[MESSAGE] From peer 1: 512 bytes
[MESSAGE] From peer 1: 512 bytes
[MESSAGE] From peer 1: 512 bytes
[MESSAGE] From peer 1: 512 bytes
[MESSAGE] From peer 1: 512 bytes
[MESSAGE] From peer 1: 512 bytes
[MESSAGE] From peer 1: 512 bytes
[MESSAGE] From peer 1: 512 bytes
[MESSAGE] From peer 1: 512 bytes
[MESSAGE] From peer 1: 512 bytes
[MESSAGE] From peer 1: 512 bytes
[MESSAGE] From peer 1: 512 bytes
[MESSAGE] From peer 1: 512 bytes
[MESSAGE] From peer 1: 512 bytes
[MESSAGE] From peer 1: 512 bytes
[MESSAGE] From peer 1: 512 bytes
[MESSAGE] From peer 1: 512 bytes
[MESSAGE] From peer 1: 512 bytes
[MESSAGE] From peer 1: 512 bytes
[MESSAGE] From peer 1: 512 bytes
[MESSAGE] From peer 1: 512 bytes
[MESSAGE] From peer 1: 512 bytes
[MESSAGE] From peer 1: 512 bytes
[MESSAGE] From peer 1: 512 bytes
[MESSAGE] From peer 1: 512 bytes
[MESSAGE] From peer 1: 512 bytes
[MESSAGE] From peer 1: 512 bytes
[MESSAGE] From peer 1: 512 bytes
[MESSAGE] From peer 1: 512 bytes
[MESSAGE] From peer 1: 512 bytes
[MESSAGE] From peer 1: 512 bytes
[MESSAGE] From peer 1: 512 bytes
[MESSAGE] From peer 1: 512 bytes
[MESSAGE] From peer 1: 512 bytes
[MESSAGE] From peer 1: 512 bytes
[MESSAGE] From peer 1: 512 bytes
[MESSAGE] From peer 1: 512 bytes
[MESSAGE] From peer 1: 512 bytes
[MESSAGE] From peer 1: 512 bytes
[MESSAGE] From peer 1: 512 bytes
[MESSAGE] From peer 1: 512 bytes
[MESSAGE] From peer 1: 512 bytes
[MESSAGE] From peer 1: 512 bytes
[MESSAGE] From peer 1: 512 bytes
[MESSAGE] From peer 1: 512 bytes
[MESSAGE] From peer 1: 512 bytes
[MESSAGE] From peer 1: 512 bytes
[MESSAGE] From peer 1: 512 bytes
[MESSAGE] From peer 1: 512 bytes
[MESSAGE] From peer 1: 512 bytes
[MESSAGE] From peer 1: 512 bytes
[MESSAGE] From peer 1: 512 bytes
[MESSAGE] From peer 1: 512 bytes
[MESSAGE] From peer 1: 512 bytes
[ECHO] 9800 messages echoed
[MESSAGE] From peer 1: 512 bytes
[MESSAGE] From peer 1: 512 bytes
[MESSAGE] From peer 1: 512 bytes
[MESSAGE] From peer 1: 512 bytes
[MESSAGE] From peer 1: 512 bytes
[MESSAGE] From peer 1: 512 bytes
[MESSAGE] From peer 1: 512 bytes
[MESSAGE] From peer 1: 512 bytes
[MESSAGE] From peer 1: 512 bytes
[MESSAGE] From peer 1: 512 bytes
[MESSAGE] From peer 1: 512 bytes
[MESSAGE] From peer 1: 512 bytes
[MESSAGE] From peer 1: 512 bytes
[MESSAGE] From peer 1: 512 bytes
[MESSAGE] From peer 1: 512 bytes
[MESSAGE] From peer 1: 512 bytes
[MESSAGE] From peer 1: 512 bytes
[MESSAGE] From peer 1: 512 bytes
[MESSAGE] From peer 1: 512 bytes
[MESSAGE] From peer 1: 512 bytes
[MESSAGE] From peer 1: 512 bytes
[MESSAGE] From peer 1: 512 bytes
[MESSAGE] From peer 1: 512 bytes
[MESSAGE] From peer 1: 512 bytes
[MESSAGE] From peer 1: 512 bytes
[MESSAGE] From peer 1: 512 bytes
[MESSAGE] From peer 1: 512 bytes
[MESSAGE] From peer 1: 512 bytes
[MESSAGE] From peer 1: 512 bytes
[MESSAGE] From peer 1: 512 bytes
[MESSAGE] From peer 1: 512 bytes
[MESSAGE] From peer 1: 512 bytes
[MESSAGE] From peer 1: 512 bytes
[MESSAGE] From peer 1: 512 bytes
[MESSAGE] From peer 1: 512 bytes
[MESSAGE] From peer 1: 512 bytes
[MESSAGE] From peer 1: 512 bytes
[MESSAGE] From peer 1: 512 bytes
[MESSAGE] From peer 1: 512 bytes
[MESSAGE] From peer 1: 512 bytes
[MESSAGE] From peer 1: 512 bytes
[MESSAGE] From peer 1: 512 bytes
[MESSAGE] From peer 1: 512 bytes
[MESSAGE] From peer 1: 512 bytes
[MESSAGE] From peer 1: 512 bytes
[MESSAGE] From peer 1: 512 bytes
[MESSAGE] From peer 1: 512 bytes
[MESSAGE] From peer 1: 512 bytes
[MESSAGE] From peer 1: 512 bytes
[MESSAGE] From peer 1: 512 bytes
[MESSAGE] From peer 1: 512 bytes
[MESSAGE] From peer 1: 512 bytes
[MESSAGE] From peer 1: 512 bytes
[MESSAGE] From peer 1: 512 bytes
[MESSAGE] From peer 1: 512 bytes
[MESSAGE] From peer 1: 512 bytes
[MESSAGE] From peer 1: 512 bytes
[MESSAGE] From peer 1: 512 bytes
[MESSAGE] From peer 1: 512 bytes
[MESSAGE] From peer 1: 512 bytes
[MESSAGE] From peer 1: 512 bytes
[MESSAGE] From peer 1: 512 bytes
[MESSAGE] From peer 1: 512 bytes
[MESSAGE] From peer 1: 512 bytes
[MESSAGE] From peer 1: 512 bytes
[MESSAGE] From peer 1: 512 bytes
[MESSAGE] From peer 1: 512 bytes
[MESSAGE] From peer 1: 512 bytes
[MESSAGE] From peer 1: 512 bytes
[MESSAGE] From peer 1: 512 bytes
[MESSAGE] From peer 1: 512 bytes
[MESSAGE] From peer 1: 512 bytes
[MESSAGE] From peer 1: 512 bytes
[MESSAGE] From peer 1: 512 bytes
[MESSAGE] From peer 1: 512 bytes
[MESSAGE] From peer 1: 512 bytes
[MESSAGE] From peer 1: 512 bytes
[MESSAGE] From peer 1: 512 bytes
[MESSAGE] From peer 1: 512 bytes
[MESSAGE] From peer 1: 512 bytes
[MESSAGE] From peer 1: 512 bytes
[MESSAGE] From peer 1: 512 bytes
[MESSAGE] From peer 1: 512 bytes
[MESSAGE] From peer 1: 512 bytes
[MESSAGE] From peer 1: 512 bytes
[MESSAGE] From peer 1: 512 bytes
[MESSAGE] From peer 1: 512 bytes
[MESSAGE] From peer 1: 512 bytes
[MESSAGE] From peer 1: 512 bytes
[MESSAGE] From peer 1: 512 bytes
[MESSAGE] From peer 1: 512 bytes
[MESSAGE] From peer 1: 512 bytes
[MESSAGE] From peer 1: 512 bytes
[MESSAGE] From peer 1: 512 bytes
[MESSAGE] From peer 1: 512 bytes
[MESSAGE] From peer 1: 512 bytes
[MESSAGE] From peer 1: 512 bytes
[MESSAGE] From peer 1: 512 bytes
[MESSAGE] From peer 1: 512 bytes
[MESSAGE] From peer 1: 512 bytes
[ECHO] 9900 messages echoed
[MESSAGE] From peer 1: 512 bytes
[MESSAGE] From peer 1: 512 bytes
[MESSAGE] From peer 1: 512 bytes
[MESSAGE] From peer 1: 512 bytes
[MESSAGE] From peer 1: 512 bytes
[MESSAGE] From peer 1: 512 bytes
[MESSAGE] From peer 1: 512 bytes
[MESSAGE] From peer 1: 512 bytes
[MESSAGE] From peer 1: 512 bytes
[MESSAGE] From peer 1: 512 bytes
[MESSAGE] From peer 1: 512 bytes
[MESSAGE] From peer 1: 512 bytes
[MESSAGE] From peer 1: 512 bytes
[MESSAGE] From peer 1: 512 bytes
[MESSAGE] From peer 1: 512 bytes
[MESSAGE] From peer 1: 512 bytes
[MESSAGE] From peer 1: 512 bytes
[MESSAGE] From peer 1: 512 bytes
[MESSAGE] From peer 1: 512 bytes
[MESSAGE] From peer 1: 512 bytes
[MESSAGE] From peer 1: 512 bytes
[MESSAGE] From peer 1: 512 bytes
[MESSAGE] From peer 1: 512 bytes
[MESSAGE] From peer 1: 512 bytes
[MESSAGE] From peer 1: 512 bytes
[MESSAGE] From peer 1: 512 bytes
[MESSAGE] From peer 1: 512 bytes
[MESSAGE] From peer 1: 512 bytes
[MESSAGE] From peer 1: 512 bytes
[MESSAGE] From peer 1: 512 bytes
[MESSAGE] From peer 1: 512 bytes
[STATUS] 1370 sec: peers=11, msgs=9936, connected=yes
[MESSAGE] From peer 1: 512 bytes
[MESSAGE] From peer 1: 512 bytes
[MESSAGE] From peer 1: 512 bytes
[MESSAGE] From peer 1: 512 bytes
[MESSAGE] From peer 1: 512 bytes
[MESSAGE] From peer 1: 512 bytes
[MESSAGE] From peer 1: 512 bytes
[MESSAGE] From peer 1: 512 bytes
[MESSAGE] From peer 1: 512 bytes
[MESSAGE] From peer 1: 512 bytes
[MESSAGE] From peer 1: 512 bytes
[MESSAGE] From peer 1: 512 bytes
[MESSAGE] From peer 1: 512 bytes
[MESSAGE] From peer 1: 512 bytes
[MESSAGE] From peer 1: 512 bytes
[MESSAGE] From peer 1: 512 bytes
[MESSAGE] From peer 1: 512 bytes
[MESSAGE] From peer 1: 512 bytes
[MESSAGE] From peer 1: 512 bytes
[MESSAGE] From peer 1: 512 bytes
[MESSAGE] From peer 1: 512 bytes
[MESSAGE] From peer 1: 512 bytes
[MESSAGE] From peer 1: 512 bytes
[MESSAGE] From peer 1: 512 bytes
[MESSAGE] From peer 1: 512 bytes
[MESSAGE] From peer 1: 512 bytes
[MESSAGE] From peer 1: 512 bytes
[MESSAGE] From peer 1: 512 bytes
[MESSAGE] From peer 1: 512 bytes
[MESSAGE] From peer 1: 512 bytes
[MESSAGE] From peer 1: 512 bytes
[MESSAGE] From peer 1: 512 bytes
[MESSAGE] From peer 1: 512 bytes
[MESSAGE] From peer 1: 512 bytes
[MESSAGE] From peer 1: 512 bytes
[MESSAGE] From peer 1: 512 bytes
[MESSAGE] From peer 1: 512 bytes
[MESSAGE] From peer 1: 512 bytes
[MESSAGE] From peer 1: 512 bytes
[MESSAGE] From peer 1: 512 bytes
[MESSAGE] From peer 1: 512 bytes
[MESSAGE] From peer 1: 512 bytes
[MESSAGE] From peer 1: 512 bytes
[MESSAGE] From peer 1: 512 bytes
[MESSAGE] From peer 1: 512 bytes
[MESSAGE] From peer 1: 512 bytes
[MESSAGE] From peer 1: 512 bytes
[MESSAGE] From peer 1: 512 bytes
[MESSAGE] From peer 1: 512 bytes
[MESSAGE] From peer 1: 512 bytes
[MESSAGE] From peer 1: 512 bytes
[MESSAGE] From peer 1: 512 bytes
[MESSAGE] From peer 1: 512 bytes
[MESSAGE] From peer 1: 512 bytes
[MESSAGE] From peer 1: 512 bytes
[MESSAGE] From peer 1: 512 bytes
[MESSAGE] From peer 1: 512 bytes
[MESSAGE] From peer 1: 512 bytes
[MESSAGE] From peer 1: 512 bytes
[MESSAGE] From peer 1: 512 bytes
[MESSAGE] From peer 1: 512 bytes
[MESSAGE] From peer 1: 512 bytes
[MESSAGE] From peer 1: 512 bytes
[MESSAGE] From peer 1: 512 bytes
[MESSAGE] From peer 1: 512 bytes
[MESSAGE] From peer 1: 512 bytes
[MESSAGE] From peer 1: 512 bytes
[MESSAGE] From peer 1: 512 bytes
[MESSAGE] From peer 1: 512 bytes
[ECHO] 10000 messages echoed
[MESSAGE] From peer 1: 512 bytes
[MESSAGE] From peer 1: 512 bytes
[MESSAGE] From peer 1: 512 bytes
[MESSAGE] From peer 1: 512 bytes
[MESSAGE] From peer 1: 512 bytes
[MESSAGE] From peer 1: 512 bytes
[MESSAGE] From peer 1: 512 bytes
[MESSAGE] From peer 1: 512 bytes
[MESSAGE] From peer 1: 512 bytes
[MESSAGE] From peer 1: 512 bytes
[MESSAGE] From peer 1: 512 bytes
[MESSAGE] From peer 1: 512 bytes
[MESSAGE] From peer 1: 512 bytes
[MESSAGE] From peer 1: 512 bytes
[MESSAGE] From peer 1: 512 bytes
[MESSAGE] From peer 1: 512 bytes
[MESSAGE] From peer 1: 512 bytes
[MESSAGE] From peer 1: 1024 bytes
[MESSAGE] From peer 1: 1024 bytes
[MESSAGE] From peer 1: 1024 bytes
[MESSAGE] From peer 1: 1024 bytes
[MESSAGE] From peer 1: 1024 bytes
[MESSAGE] From peer 1: 1024 bytes
[MESSAGE] From peer 1: 1024 bytes
[MESSAGE] From peer 1: 1024 bytes
[MESSAGE] From peer 1: 1024 bytes
[MESSAGE] From peer 1: 1024 bytes
[MESSAGE] From peer 1: 1024 bytes
[MESSAGE] From peer 1: 1024 bytes
[MESSAGE] From peer 1: 1024 bytes
[MESSAGE] From peer 1: 1024 bytes
[MESSAGE] From peer 1: 1024 bytes
[MESSAGE] From peer 1: 1024 bytes
[MESSAGE] From peer 1: 1024 bytes
[MESSAGE] From peer 1: 1024 bytes
[MESSAGE] From peer 1: 1024 bytes
[MESSAGE] From peer 1: 1024 bytes
[MESSAGE] From peer 1: 1024 bytes
[MESSAGE] From peer 1: 1024 bytes
[MESSAGE] From peer 1: 1024 bytes
[MESSAGE] From peer 1: 1024 bytes
[MESSAGE] From peer 1: 1024 bytes
[MESSAGE] From peer 1: 1024 bytes
[MESSAGE] From peer 1: 1024 bytes
[MESSAGE] From peer 1: 1024 bytes
[MESSAGE] From peer 1: 1024 bytes
[MESSAGE] From peer 1: 1024 bytes
[MESSAGE] From peer 1: 1024 bytes
[MESSAGE] From peer 1: 1024 bytes
[MESSAGE] From peer 1: 1024 bytes
[MESSAGE] From peer 1: 1024 bytes
[MESSAGE] From peer 1: 1024 bytes
[MESSAGE] From peer 1: 1024 bytes
[MESSAGE] From peer 1: 1024 bytes
[MESSAGE] From peer 1: 1024 bytes
[MESSAGE] From peer 1: 1024 bytes
[MESSAGE] From peer 1: 1024 bytes
[MESSAGE] From peer 1: 1024 bytes
[MESSAGE] From peer 1: 1024 bytes
[MESSAGE] From peer 1: 1024 bytes
[MESSAGE] From peer 1: 1024 bytes
[MESSAGE] From peer 1: 1024 bytes
[MESSAGE] From peer 1: 1024 bytes
[MESSAGE] From peer 1: 1024 bytes
[MESSAGE] From peer 1: 1024 bytes
[MESSAGE] From peer 1: 1024 bytes
[MESSAGE] From peer 1: 1024 bytes
[MESSAGE] From peer 1: 1024 bytes
[MESSAGE] From peer 1: 1024 bytes
[MESSAGE] From peer 1: 1024 bytes
[MESSAGE] From peer 1: 1024 bytes
[MESSAGE] From peer 1: 1024 bytes
[MESSAGE] From peer 1: 1024 bytes
[MESSAGE] From peer 1: 1024 bytes
[MESSAGE] From peer 1: 1024 bytes
[MESSAGE] From peer 1: 1024 bytes
[MESSAGE] From peer 1: 1024 bytes
[MESSAGE] From peer 1: 1024 bytes
[MESSAGE] From peer 1: 1024 bytes
[MESSAGE] From peer 1: 1024 bytes
[MESSAGE] From peer 1: 1024 bytes
[MESSAGE] From peer 1: 1024 bytes
[MESSAGE] From peer 1: 1024 bytes
[MESSAGE] From peer 1: 1024 bytes
[MESSAGE] From peer 1: 1024 bytes
[MESSAGE] From peer 1: 1024 bytes
[MESSAGE] From peer 1: 1024 bytes
[MESSAGE] From peer 1: 1024 bytes
[MESSAGE] From peer 1: 1024 bytes
[MESSAGE] From peer 1: 1024 bytes
[MESSAGE] From peer 1: 1024 bytes
[MESSAGE] From peer 1: 1024 bytes
[MESSAGE] From peer 1: 1024 bytes
[MESSAGE] From peer 1: 1024 bytes
[MESSAGE] From peer 1: 1024 bytes
[MESSAGE] From peer 1: 1024 bytes
[MESSAGE] From peer 1: 1024 bytes
[MESSAGE] From peer 1: 1024 bytes
[MESSAGE] From peer 1: 1024 bytes
[MESSAGE] From peer 1: 1024 bytes
[ECHO] 10100 messages echoed
[MESSAGE] From peer 1: 1024 bytes
[MESSAGE] From peer 1: 1024 bytes
[MESSAGE] From peer 1: 1024 bytes
[MESSAGE] From peer 1: 1024 bytes
[MESSAGE] From peer 1: 1024 bytes
[MESSAGE] From peer 1: 1024 bytes
[MESSAGE] From peer 1: 1024 bytes
[MESSAGE] From peer 1: 1024 bytes
[MESSAGE] From peer 1: 1024 bytes
[MESSAGE] From peer 1: 1024 bytes
[MESSAGE] From peer 1: 1024 bytes
[MESSAGE] From peer 1: 1024 bytes
[MESSAGE] From peer 1: 1024 bytes
[MESSAGE] From peer 1: 1024 bytes
[MESSAGE] From peer 1: 1024 bytes
[MESSAGE] From peer 1: 1024 bytes
[MESSAGE] From peer 1: 1024 bytes
[MESSAGE] From peer 1: 1024 bytes
[MESSAGE] From peer 1: 1024 bytes
[MESSAGE] From peer 1: 1024 bytes
[MESSAGE] From peer 1: 1024 bytes
[MESSAGE] From peer 1: 1024 bytes
[MESSAGE] From peer 1: 1024 bytes
[MESSAGE] From peer 1: 1024 bytes
[MESSAGE] From peer 1: 1024 bytes
[MESSAGE] From peer 1: 1024 bytes
[MESSAGE] From peer 1: 1024 bytes
[MESSAGE] From peer 1: 1024 bytes
[MESSAGE] From peer 1: 1024 bytes
[MESSAGE] From peer 1: 1024 bytes
[MESSAGE] From peer 1: 1024 bytes
[MESSAGE] From peer 1: 1024 bytes
[MESSAGE] From peer 1: 1024 bytes
[MESSAGE] From peer 1: 1024 bytes
[MESSAGE] From peer 1: 1024 bytes
[MESSAGE] From peer 1: 1024 bytes
[MESSAGE] From peer 1: 1024 bytes
[MESSAGE] From peer 1: 1024 bytes
[MESSAGE] From peer 1: 1024 bytes
[MESSAGE] From peer 1: 1024 bytes
[MESSAGE] From peer 1: 1024 bytes
[MESSAGE] From peer 1: 1024 bytes
[MESSAGE] From peer 1: 1024 bytes
[MESSAGE] From peer 1: 1024 bytes
[MESSAGE] From peer 1: 1024 bytes
[MESSAGE] From peer 1: 1024 bytes
[MESSAGE] From peer 1: 1024 bytes
[MESSAGE] From peer 1: 1024 bytes
[MESSAGE] From peer 1: 1024 bytes
[MESSAGE] From peer 1: 1024 bytes
[MESSAGE] From peer 1: 1024 bytes
[MESSAGE] From peer 1: 1024 bytes
[MESSAGE] From peer 1: 1024 bytes
[MESSAGE] From peer 1: 1024 bytes
[MESSAGE] From peer 1: 1024 bytes
[MESSAGE] From peer 1: 1024 bytes
[MESSAGE] From peer 1: 1024 bytes
[MESSAGE] From peer 1: 1024 bytes
[MESSAGE] From peer 1: 1024 bytes
[MESSAGE] From peer 1: 1024 bytes
[MESSAGE] From peer 1: 1024 bytes
[MESSAGE] From peer 1: 1024 bytes
[MESSAGE] From peer 1: 1024 bytes
[MESSAGE] From peer 1: 1024 bytes
[MESSAGE] From peer 1: 1024 bytes
[MESSAGE] From peer 1: 1024 bytes
[MESSAGE] From peer 1: 1024 bytes
[MESSAGE] From peer 1: 1024 bytes
[MESSAGE] From peer 1: 1024 bytes
[MESSAGE] From peer 1: 1024 bytes
[MESSAGE] From peer 1: 1024 bytes
[MESSAGE] From peer 1: 1024 bytes
[MESSAGE] From peer 1: 1024 bytes
[MESSAGE] From peer 1: 1024 bytes
[MESSAGE] From peer 1: 1024 bytes
[MESSAGE] From peer 1: 1024 bytes
[MESSAGE] From peer 1: 1024 bytes
[MESSAGE] From peer 1: 1024 bytes
[MESSAGE] From peer 1: 1024 bytes
[MESSAGE] From peer 1: 1024 bytes
[MESSAGE] From peer 1: 1024 bytes
[MESSAGE] From peer 1: 1024 bytes
[MESSAGE] From peer 1: 1024 bytes
[MESSAGE] From peer 1: 1024 bytes
[MESSAGE] From peer 1: 1024 bytes
[MESSAGE] From peer 1: 1024 bytes
[MESSAGE] From peer 1: 1024 bytes
[MESSAGE] From peer 1: 1024 bytes
[MESSAGE] From peer 1: 1024 bytes
[MESSAGE] From peer 1: 1024 bytes
[MESSAGE] From peer 1: 1024 bytes
[MESSAGE] From peer 1: 1024 bytes
[MESSAGE] From peer 1: 1024 bytes
[MESSAGE] From peer 1: 1024 bytes
[MESSAGE] From peer 1: 1024 bytes
[MESSAGE] From peer 1: 1024 bytes
[MESSAGE] From peer 1: 1024 bytes
[MESSAGE] From peer 1: 1024 bytes
[MESSAGE] From peer 1: 1024 bytes
[MESSAGE] From peer 1: 1024 bytes
[ECHO] 10200 messages echoed
[MESSAGE] From peer 1: 1024 bytes
[MESSAGE] From peer 1: 1024 bytes
[MESSAGE] From peer 1: 1024 bytes
[MESSAGE] From peer 1: 1024 bytes
[MESSAGE] From peer 1: 1024 bytes
[MESSAGE] From peer 1: 1024 bytes
[MESSAGE] From peer 1: 1024 bytes
[MESSAGE] From peer 1: 1024 bytes
[MESSAGE] From peer 1: 1024 bytes
[MESSAGE] From peer 1: 1024 bytes
[MESSAGE] From peer 1: 1024 bytes
[MESSAGE] From peer 1: 1024 bytes
[MESSAGE] From peer 1: 1024 bytes
[MESSAGE] From peer 1: 1024 bytes
[MESSAGE] From peer 1: 1024 bytes
[MESSAGE] From peer 1: 1024 bytes
[MESSAGE] From peer 1: 1024 bytes
[MESSAGE] From peer 1: 1024 bytes
[MESSAGE] From peer 1: 1024 bytes
[MESSAGE] From peer 1: 1024 bytes
[MESSAGE] From peer 1: 1024 bytes
[MESSAGE] From peer 1: 1024 bytes
[MESSAGE] From peer 1: 1024 bytes
[MESSAGE] From peer 1: 1024 bytes
[MESSAGE] From peer 1: 1024 bytes
[MESSAGE] From peer 1: 1024 bytes
[MESSAGE] From peer 1: 1024 bytes
[MESSAGE] From peer 1: 1024 bytes
[MESSAGE] From peer 1: 1024 bytes
[MESSAGE] From peer 1: 1024 bytes
[MESSAGE] From peer 1: 1024 bytes
[MESSAGE] From peer 1: 1024 bytes
[MESSAGE] From peer 1: 1024 bytes
[MESSAGE] From peer 1: 1024 bytes
[MESSAGE] From peer 1: 1024 bytes
[MESSAGE] From peer 1: 1024 bytes
[MESSAGE] From peer 1: 1024 bytes
[MESSAGE] From peer 1: 1024 bytes
[MESSAGE] From peer 1: 1024 bytes
[MESSAGE] From peer 1: 1024 bytes
[MESSAGE] From peer 1: 1024 bytes
[MESSAGE] From peer 1: 1024 bytes
[MESSAGE] From peer 1: 1024 bytes
[MESSAGE] From peer 1: 1024 bytes
[MESSAGE] From peer 1: 1024 bytes
[MESSAGE] From peer 1: 1024 bytes
[MESSAGE] From peer 1: 1024 bytes
[MESSAGE] From peer 1: 1024 bytes
[MESSAGE] From peer 1: 1024 bytes
[MESSAGE] From peer 1: 1024 bytes
[MESSAGE] From peer 1: 1024 bytes
[MESSAGE] From peer 1: 1024 bytes
[MESSAGE] From peer 1: 1024 bytes
[MESSAGE] From peer 1: 1024 bytes
[MESSAGE] From peer 1: 1024 bytes
[MESSAGE] From peer 1: 1024 bytes
[MESSAGE] From peer 1: 1024 bytes
[MESSAGE] From peer 1: 1024 bytes
[MESSAGE] From peer 1: 1024 bytes
[MESSAGE] From peer 1: 1024 bytes
[MESSAGE] From peer 1: 1024 bytes
[MESSAGE] From peer 1: 1024 bytes
[MESSAGE] From peer 1: 1024 bytes
[MESSAGE] From peer 1: 1024 bytes
[MESSAGE] From peer 1: 1024 bytes
[MESSAGE] From peer 1: 1024 bytes
[MESSAGE] From peer 1: 1024 bytes
[MESSAGE] From peer 1: 1024 bytes
[MESSAGE] From peer 1: 1024 bytes
[MESSAGE] From peer 1: 1024 bytes
[MESSAGE] From peer 1: 1024 bytes
[MESSAGE] From peer 1: 1024 bytes
[MESSAGE] From peer 1: 1024 bytes
[MESSAGE] From peer 1: 1024 bytes
[MESSAGE] From peer 1: 1024 bytes
[MESSAGE] From peer 1: 1024 bytes
[MESSAGE] From peer 1: 1024 bytes
[MESSAGE] From peer 1: 1024 bytes
[MESSAGE] From peer 1: 1024 bytes
[MESSAGE] From peer 1: 1024 bytes
[MESSAGE] From peer 1: 1024 bytes
[MESSAGE] From peer 1: 1024 bytes
[MESSAGE] From peer 1: 1024 bytes
[MESSAGE] From peer 1: 1024 bytes
[MESSAGE] From peer 1: 1024 bytes
[MESSAGE] From peer 1: 1024 bytes
[MESSAGE] From peer 1: 1024 bytes
[MESSAGE] From peer 1: 1024 bytes
[MESSAGE] From peer 1: 1024 bytes
[MESSAGE] From peer 1: 1024 bytes
[MESSAGE] From peer 1: 1024 bytes
[MESSAGE] From peer 1: 1024 bytes
[MESSAGE] From peer 1: 1024 bytes
[MESSAGE] From peer 1: 1024 bytes
[MESSAGE] From peer 1: 1024 bytes
[MESSAGE] From peer 1: 1024 bytes
[MESSAGE] From peer 1: 1024 bytes
[MESSAGE] From peer 1: 1024 bytes
[MESSAGE] From peer 1: 1024 bytes
[MESSAGE] From peer 1: 1024 bytes
[ECHO] 10300 messages echoed
[MESSAGE] From peer 1: 1024 bytes
[MESSAGE] From peer 1: 1024 bytes
[MESSAGE] From peer 1: 1024 bytes
[MESSAGE] From peer 1: 1024 bytes
[MESSAGE] From peer 1: 1024 bytes
[MESSAGE] From peer 1: 1024 bytes
[MESSAGE] From peer 1: 1024 bytes
[MESSAGE] From peer 1: 1024 bytes
[MESSAGE] From peer 1: 1024 bytes
[MESSAGE] From peer 1: 1024 bytes
[MESSAGE] From peer 1: 1024 bytes
[MESSAGE] From peer 1: 1024 bytes
[MESSAGE] From peer 1: 1024 bytes
[MESSAGE] From peer 1: 1024 bytes
[MESSAGE] From peer 1: 1024 bytes
[MESSAGE] From peer 1: 1024 bytes
[MESSAGE] From peer 1: 1024 bytes
[MESSAGE] From peer 1: 1024 bytes
[MESSAGE] From peer 1: 1024 bytes
[MESSAGE] From peer 1: 1024 bytes
[MESSAGE] From peer 1: 1024 bytes
[MESSAGE] From peer 1: 1024 bytes
[MESSAGE] From peer 1: 1024 bytes
[MESSAGE] From peer 1: 1024 bytes
[MESSAGE] From peer 1: 1024 bytes
[MESSAGE] From peer 1: 1024 bytes
[MESSAGE] From peer 1: 1024 bytes
[MESSAGE] From peer 1: 1024 bytes
[MESSAGE] From peer 1: 1024 bytes
[MESSAGE] From peer 1: 1024 bytes
[MESSAGE] From peer 1: 1024 bytes
[MESSAGE] From peer 1: 1024 bytes
[MESSAGE] From peer 1: 1024 bytes
[MESSAGE] From peer 1: 1024 bytes
[MESSAGE] From peer 1: 1024 bytes
[MESSAGE] From peer 1: 1024 bytes
[MESSAGE] From peer 1: 1024 bytes
[MESSAGE] From peer 1: 1024 bytes
[MESSAGE] From peer 1: 1024 bytes
[MESSAGE] From peer 1: 1024 bytes
[MESSAGE] From peer 1: 1024 bytes
[MESSAGE] From peer 1: 1024 bytes
[MESSAGE] From peer 1: 1024 bytes
[MESSAGE] From peer 1: 1024 bytes
[MESSAGE] From peer 1: 1024 bytes
[MESSAGE] From peer 1: 1024 bytes
[MESSAGE] From peer 1: 1024 bytes
[MESSAGE] From peer 1: 1024 bytes
[MESSAGE] From peer 1: 1024 bytes
[MESSAGE] From peer 1: 1024 bytes
[MESSAGE] From peer 1: 1024 bytes
[MESSAGE] From peer 1: 1024 bytes
[MESSAGE] From peer 1: 1024 bytes
[MESSAGE] From peer 1: 1024 bytes
[MESSAGE] From peer 1: 1024 bytes
[MESSAGE] From peer 1: 1024 bytes
[MESSAGE] From peer 1: 1024 bytes
[MESSAGE] From peer 1: 1024 bytes
[MESSAGE] From peer 1: 1024 bytes
[MESSAGE] From peer 1: 1024 bytes
[MESSAGE] From peer 1: 1024 bytes
[MESSAGE] From peer 1: 1024 bytes
[MESSAGE] From peer 1: 1024 bytes
[MESSAGE] From peer 1: 1024 bytes
[MESSAGE] From peer 1: 1024 bytes
[MESSAGE] From peer 1: 1024 bytes
[MESSAGE] From peer 1: 1024 bytes
[MESSAGE] From peer 1: 1024 bytes
[MESSAGE] From peer 1: 1024 bytes
[MESSAGE] From peer 1: 1024 bytes
[MESSAGE] From peer 1: 1024 bytes
[MESSAGE] From peer 1: 1024 bytes
[MESSAGE] From peer 1: 1024 bytes
[MESSAGE] From peer 1: 1024 bytes
[MESSAGE] From peer 1: 1024 bytes
[MESSAGE] From peer 1: 1024 bytes
[MESSAGE] From peer 1: 1024 bytes
[MESSAGE] From peer 1: 1024 bytes
[MESSAGE] From peer 1: 1024 bytes
[MESSAGE] From peer 1: 1024 bytes
[MESSAGE] From peer 1: 1024 bytes
[MESSAGE] From peer 1: 1024 bytes
[MESSAGE] From peer 1: 1024 bytes
[MESSAGE] From peer 1: 1024 bytes
[MESSAGE] From peer 1: 1024 bytes
[MESSAGE] From peer 1: 1024 bytes
[MESSAGE] From peer 1: 1024 bytes
[MESSAGE] From peer 1: 1024 bytes
[MESSAGE] From peer 1: 1024 bytes
[MESSAGE] From peer 1: 1024 bytes
[MESSAGE] From peer 1: 1024 bytes
[MESSAGE] From peer 1: 1024 bytes
[MESSAGE] From peer 1: 1024 bytes
[MESSAGE] From peer 1: 1024 bytes
[MESSAGE] From peer 1: 1024 bytes
[MESSAGE] From peer 1: 1024 bytes
[MESSAGE] From peer 1: 1024 bytes
[MESSAGE] From peer 1: 1024 bytes
[MESSAGE] From peer 1: 1024 bytes
[MESSAGE] From peer 1: 1024 bytes
[ECHO] 10400 messages echoed
[MESSAGE] From peer 1: 1024 bytes
[MESSAGE] From peer 1: 1024 bytes
[MESSAGE] From peer 1: 1024 bytes
[MESSAGE] From peer 1: 1024 bytes
[MESSAGE] From peer 1: 1024 bytes
[MESSAGE] From peer 1: 1024 bytes
[MESSAGE] From peer 1: 1024 bytes
[MESSAGE] From peer 1: 1024 bytes
[MESSAGE] From peer 1: 1024 bytes
[MESSAGE] From peer 1: 1024 bytes
[MESSAGE] From peer 1: 1024 bytes
[MESSAGE] From peer 1: 1024 bytes
[MESSAGE] From peer 1: 1024 bytes
[MESSAGE] From peer 1: 1024 bytes
[MESSAGE] From peer 1: 1024 bytes
[MESSAGE] From peer 1: 1024 bytes
[MESSAGE] From peer 1: 1024 bytes
[MESSAGE] From peer 1: 1024 bytes
[MESSAGE] From peer 1: 1024 bytes
[MESSAGE] From peer 1: 1024 bytes
[MESSAGE] From peer 1: 1024 bytes
[MESSAGE] From peer 1: 1024 bytes
[MESSAGE] From peer 1: 1024 bytes
[MESSAGE] From peer 1: 1024 bytes
[MESSAGE] From peer 1: 1024 bytes
[MESSAGE] From peer 1: 1024 bytes
[MESSAGE] From peer 1: 1024 bytes
[MESSAGE] From peer 1: 1024 bytes
[MESSAGE] From peer 1: 1024 bytes
[MESSAGE] From peer 1: 1024 bytes
[MESSAGE] From peer 1: 1024 bytes
[MESSAGE] From peer 1: 1024 bytes
[MESSAGE] From peer 1: 1024 bytes
[MESSAGE] From peer 1: 1024 bytes
[MESSAGE] From peer 1: 1024 bytes
[MESSAGE] From peer 1: 1024 bytes
[MESSAGE] From peer 1: 1024 bytes
[MESSAGE] From peer 1: 1024 bytes
[MESSAGE] From peer 1: 1024 bytes
[MESSAGE] From peer 1: 1024 bytes
[MESSAGE] From peer 1: 1024 bytes
[MESSAGE] From peer 1: 1024 bytes
[MESSAGE] From peer 1: 1024 bytes
[MESSAGE] From peer 1: 1024 bytes
[MESSAGE] From peer 1: 1024 bytes
[MESSAGE] From peer 1: 1024 bytes
[MESSAGE] From peer 1: 1024 bytes
[MESSAGE] From peer 1: 1024 bytes
[MESSAGE] From peer 1: 1024 bytes
[MESSAGE] From peer 1: 1024 bytes
[MESSAGE] From peer 1: 1024 bytes
[MESSAGE] From peer 1: 1024 bytes
[MESSAGE] From peer 1: 1024 bytes
[MESSAGE] From peer 1: 1024 bytes
[MESSAGE] From peer 1: 1024 bytes
[MESSAGE] From peer 1: 1024 bytes
[MESSAGE] From peer 1: 1024 bytes
[MESSAGE] From peer 1: 1024 bytes
[MESSAGE] From peer 1: 1024 bytes
[MESSAGE] From peer 1: 1024 bytes
[MESSAGE] From peer 1: 1024 bytes
[MESSAGE] From peer 1: 1024 bytes
[MESSAGE] From peer 1: 1024 bytes
[MESSAGE] From peer 1: 1024 bytes
[MESSAGE] From peer 1: 1024 bytes
[MESSAGE] From peer 1: 1024 bytes
[MESSAGE] From peer 1: 1024 bytes
[MESSAGE] From peer 1: 1024 bytes
[MESSAGE] From peer 1: 1024 bytes
[MESSAGE] From peer 1: 1024 bytes
[MESSAGE] From peer 1: 1024 bytes
[MESSAGE] From peer 1: 1024 bytes
[MESSAGE] From peer 1: 1024 bytes
[MESSAGE] From peer 1: 1024 bytes
[MESSAGE] From peer 1: 1024 bytes
[MESSAGE] From peer 1: 1024 bytes
[MESSAGE] From peer 1: 1024 bytes
[MESSAGE] From peer 1: 1024 bytes
[MESSAGE] From peer 1: 1024 bytes
[MESSAGE] From peer 1: 1024 bytes
[MESSAGE] From peer 1: 1024 bytes
[MESSAGE] From peer 1: 1024 bytes
[MESSAGE] From peer 1: 1024 bytes
[MESSAGE] From peer 1: 1024 bytes
[MESSAGE] From peer 1: 1024 bytes
[MESSAGE] From peer 1: 1024 bytes
[MESSAGE] From peer 1: 1024 bytes
[MESSAGE] From peer 1: 1024 bytes
[MESSAGE] From peer 1: 1024 bytes
[MESSAGE] From peer 1: 1024 bytes
[MESSAGE] From peer 1: 1024 bytes
[MESSAGE] From peer 1: 1024 bytes
[MESSAGE] From peer 1: 1024 bytes
[MESSAGE] From peer 1: 1024 bytes
[MESSAGE] From peer 1: 1024 bytes
[MESSAGE] From peer 1: 1024 bytes
[MESSAGE] From peer 1: 1024 bytes
[MESSAGE] From peer 1: 1024 bytes
[MESSAGE] From peer 1: 1024 bytes
[MESSAGE] From peer 1: 1024 bytes
[ECHO] 10500 messages echoed
[MESSAGE] From peer 1: 1024 bytes
[MESSAGE] From peer 1: 1024 bytes
[MESSAGE] From peer 1: 1024 bytes
[MESSAGE] From peer 1: 1024 bytes
[MESSAGE] From peer 1: 1024 bytes
[MESSAGE] From peer 1: 1024 bytes
[MESSAGE] From peer 1: 1024 bytes
[MESSAGE] From peer 1: 1024 bytes
[MESSAGE] From peer 1: 1024 bytes
[MESSAGE] From peer 1: 1024 bytes
[MESSAGE] From peer 1: 1024 bytes
[MESSAGE] From peer 1: 1024 bytes
[MESSAGE] From peer 1: 1024 bytes
[MESSAGE] From peer 1: 1024 bytes
[MESSAGE] From peer 1: 1024 bytes
[MESSAGE] From peer 1: 1024 bytes
[MESSAGE] From peer 1: 1024 bytes
[MESSAGE] From peer 1: 1024 bytes
[MESSAGE] From peer 1: 1024 bytes
[MESSAGE] From peer 1: 1024 bytes
[MESSAGE] From peer 1: 1024 bytes
[MESSAGE] From peer 1: 1024 bytes
[MESSAGE] From peer 1: 1024 bytes
[MESSAGE] From peer 1: 1024 bytes
[MESSAGE] From peer 1: 1024 bytes
[MESSAGE] From peer 1: 1024 bytes
[MESSAGE] From peer 1: 1024 bytes
[MESSAGE] From peer 1: 1024 bytes
[MESSAGE] From peer 1: 1024 bytes
[STATUS] 1380 sec: peers=11, msgs=10534, connected=yes
[MESSAGE] From peer 1: 1024 bytes
[MESSAGE] From peer 1: 1024 bytes
[MESSAGE] From peer 1: 1024 bytes
[MESSAGE] From peer 1: 1024 bytes
[MESSAGE] From peer 1: 1024 bytes
[MESSAGE] From peer 1: 1024 bytes
[MESSAGE] From peer 1: 1024 bytes
[MESSAGE] From peer 1: 1024 bytes
[MESSAGE] From peer 1: 1024 bytes
[MESSAGE] From peer 1: 1024 bytes
[MESSAGE] From peer 1: 1024 bytes
[MESSAGE] From peer 1: 1024 bytes
[MESSAGE] From peer 1: 1024 bytes
[MESSAGE] From peer 1: 1024 bytes
[MESSAGE] From peer 1: 1024 bytes
[MESSAGE] From peer 1: 1024 bytes
[MESSAGE] From peer 1: 1024 bytes
[MESSAGE] From peer 1: 1024 bytes
[MESSAGE] From peer 1: 1024 bytes
[MESSAGE] From peer 1: 1024 bytes
[MESSAGE] From peer 1: 1024 bytes
[MESSAGE] From peer 1: 1024 bytes
[MESSAGE] From peer 1: 1024 bytes
[MESSAGE] From peer 1: 1024 bytes
[MESSAGE] From peer 1: 1024 bytes
[DISCOVERED] Peer 2: "MacThroughput" at 10.188.1.213:7354
[MESSAGE] From peer 1: 1024 bytes
[MESSAGE] From peer 1: 1024 bytes
[MESSAGE] From peer 1: 1024 bytes
[MESSAGE] From peer 1: 1024 bytes
[MESSAGE] From peer 1: 1024 bytes
[MESSAGE] From peer 1: 1024 bytes
[MESSAGE] From peer 1: 1024 bytes
[MESSAGE] From peer 1: 1024 bytes
[MESSAGE] From peer 1: 1024 bytes
[MESSAGE] From peer 1: 1024 bytes
[MESSAGE] From peer 1: 1024 bytes
[MESSAGE] From peer 1: 1024 bytes
[MESSAGE] From peer 1: 1024 bytes
[MESSAGE] From peer 1: 1024 bytes
[MESSAGE] From peer 1: 1024 bytes
[MESSAGE] From peer 1: 1024 bytes
[MESSAGE] From peer 1: 1024 bytes
[MESSAGE] From peer 1: 1024 bytes
[MESSAGE] From peer 1: 1024 bytes
[MESSAGE] From peer 1: 1024 bytes
[MESSAGE] From peer 1: 1024 bytes
[MESSAGE] From peer 1: 1024 bytes
[MESSAGE] From peer 1: 1024 bytes
[MESSAGE] From peer 1: 1024 bytes
[MESSAGE] From peer 1: 1024 bytes
[MESSAGE] From peer 1: 1024 bytes
[MESSAGE] From peer 1: 1024 bytes
[MESSAGE] From peer 1: 1024 bytes
[MESSAGE] From peer 1: 1024 bytes
[MESSAGE] From peer 1: 1024 bytes
[MESSAGE] From peer 1: 1024 bytes
[MESSAGE] From peer 1: 1024 bytes
[MESSAGE] From peer 1: 1024 bytes
[MESSAGE] From peer 1: 1024 bytes
[MESSAGE] From peer 1: 1024 bytes
[MESSAGE] From peer 1: 1024 bytes
[MESSAGE] From peer 1: 1024 bytes
[MESSAGE] From peer 1: 1024 bytes
[MESSAGE] From peer 1: 1024 bytes
[MESSAGE] From peer 1: 1024 bytes
[MESSAGE] From peer 1: 1024 bytes
[MESSAGE] From peer 1: 1024 bytes
[MESSAGE] From peer 1: 1024 bytes
[MESSAGE] From peer 1: 1024 bytes
[MESSAGE] From peer 1: 1024 bytes
[MESSAGE] From peer 1: 1024 bytes
[ECHO] 10600 messages echoed
[MESSAGE] From peer 1: 1024 bytes
[MESSAGE] From peer 1: 1024 bytes
[MESSAGE] From peer 1: 1024 bytes
[MESSAGE] From peer 1: 1024 bytes
[MESSAGE] From peer 1: 1024 bytes
[MESSAGE] From peer 1: 1024 bytes
[MESSAGE] From peer 1: 1024 bytes
[MESSAGE] From peer 1: 1024 bytes
[MESSAGE] From peer 1: 1024 bytes
[MESSAGE] From peer 1: 1024 bytes
[MESSAGE] From peer 1: 1024 bytes
[MESSAGE] From peer 1: 1024 bytes
[MESSAGE] From peer 1: 1024 bytes
[MESSAGE] From peer 1: 1024 bytes
[MESSAGE] From peer 1: 1024 bytes
[MESSAGE] From peer 1: 1024 bytes
[MESSAGE] From peer 1: 1024 bytes
[MESSAGE] From peer 1: 1024 bytes
[MESSAGE] From peer 1: 1024 bytes
[MESSAGE] From peer 1: 1024 bytes
[MESSAGE] From peer 1: 1024 bytes
[MESSAGE] From peer 1: 1024 bytes
[MESSAGE] From peer 1: 1024 bytes
[MESSAGE] From peer 1: 1024 bytes
[MESSAGE] From peer 1: 1024 bytes
[MESSAGE] From peer 1: 1024 bytes
[MESSAGE] From peer 1: 1024 bytes
[MESSAGE] From peer 1: 1024 bytes
[MESSAGE] From peer 1: 1024 bytes
[MESSAGE] From peer 1: 1024 bytes
[MESSAGE] From peer 1: 1024 bytes
[MESSAGE] From peer 1: 1024 bytes
[MESSAGE] From peer 1: 1024 bytes
[MESSAGE] From peer 1: 1024 bytes
[MESSAGE] From peer 1: 1024 bytes
[MESSAGE] From peer 1: 1024 bytes
[MESSAGE] From peer 1: 1024 bytes
[MESSAGE] From peer 1: 1024 bytes
[MESSAGE] From peer 1: 1024 bytes
[MESSAGE] From peer 1: 1024 bytes
[MESSAGE] From peer 1: 1024 bytes
[MESSAGE] From peer 1: 1024 bytes
[MESSAGE] From peer 1: 1024 bytes
[MESSAGE] From peer 1: 1024 bytes
[MESSAGE] From peer 1: 1024 bytes
[MESSAGE] From peer 1: 1024 bytes
[MESSAGE] From peer 1: 1024 bytes
[MESSAGE] From peer 1: 1024 bytes
[MESSAGE] From peer 1: 1024 bytes
[MESSAGE] From peer 1: 1024 bytes
[MESSAGE] From peer 1: 1024 bytes
[MESSAGE] From peer 1: 1024 bytes
[MESSAGE] From peer 1: 1024 bytes
[MESSAGE] From peer 1: 1024 bytes
[MESSAGE] From peer 1: 1024 bytes
[MESSAGE] From peer 1: 1024 bytes
[MESSAGE] From peer 1: 1024 bytes
[MESSAGE] From peer 1: 1024 bytes
[MESSAGE] From peer 1: 1024 bytes
[MESSAGE] From peer 1: 1024 bytes
[MESSAGE] From peer 1: 1024 bytes
[MESSAGE] From peer 1: 1024 bytes
[MESSAGE] From peer 1: 1024 bytes
[MESSAGE] From peer 1: 1024 bytes
[MESSAGE] From peer 1: 1024 bytes
[MESSAGE] From peer 1: 1024 bytes
[MESSAGE] From peer 1: 1024 bytes
[MESSAGE] From peer 1: 1024 bytes
[MESSAGE] From peer 1: 1024 bytes
[MESSAGE] From peer 1: 1024 bytes
[MESSAGE] From peer 1: 1024 bytes
[MESSAGE] From peer 1: 1024 bytes
[MESSAGE] From peer 1: 1024 bytes
[MESSAGE] From peer 1: 1024 bytes
[MESSAGE] From peer 1: 1024 bytes
[MESSAGE] From peer 1: 1024 bytes
[MESSAGE] From peer 1: 1024 bytes
[MESSAGE] From peer 1: 1024 bytes
[MESSAGE] From peer 1: 1024 bytes
[MESSAGE] From peer 1: 1024 bytes
[MESSAGE] From peer 1: 1024 bytes
[MESSAGE] From peer 1: 1024 bytes
[MESSAGE] From peer 1: 1024 bytes
[MESSAGE] From peer 1: 1024 bytes
[MESSAGE] From peer 1: 1024 bytes
[MESSAGE] From peer 1: 1024 bytes
[MESSAGE] From peer 1: 1024 bytes
[MESSAGE] From peer 1: 1024 bytes
[MESSAGE] From peer 1: 1024 bytes
[MESSAGE] From peer 1: 1024 bytes
[MESSAGE] From peer 1: 1024 bytes
[MESSAGE] From peer 1: 1024 bytes
[MESSAGE] From peer 1: 1024 bytes
[MESSAGE] From peer 1: 1024 bytes
[MESSAGE] From peer 1: 1024 bytes
[MESSAGE] From peer 1: 1024 bytes
[MESSAGE] From peer 1: 1024 bytes
[MESSAGE] From peer 1: 1024 bytes
[MESSAGE] From peer 1: 1024 bytes
[MESSAGE] From peer 1: 1024 bytes
[ECHO] 10700 messages echoed
[MESSAGE] From peer 1: 1024 bytes
[MESSAGE] From peer 1: 1024 bytes
[MESSAGE] From peer 1: 1024 bytes
[MESSAGE] From peer 1: 1024 bytes
[MESSAGE] From peer 1: 1024 bytes
[MESSAGE] From peer 1: 1024 bytes
[MESSAGE] From peer 1: 1024 bytes
[MESSAGE] From peer 1: 1024 bytes
[MESSAGE] From peer 1: 1024 bytes
[MESSAGE] From peer 1: 1024 bytes
[MESSAGE] From peer 1: 1024 bytes
[MESSAGE] From peer 1: 1024 bytes
[MESSAGE] From peer 1: 1024 bytes
[MESSAGE] From peer 1: 1024 bytes
[MESSAGE] From peer 1: 1024 bytes
[MESSAGE] From peer 1: 1024 bytes
[MESSAGE] From peer 1: 1024 bytes
[MESSAGE] From peer 1: 1024 bytes
[MESSAGE] From peer 1: 1024 bytes
[MESSAGE] From peer 1: 1024 bytes
[MESSAGE] From peer 1: 1024 bytes
[MESSAGE] From peer 1: 1024 bytes
[MESSAGE] From peer 1: 1024 bytes
[MESSAGE] From peer 1: 1024 bytes
[MESSAGE] From peer 1: 1024 bytes
[MESSAGE] From peer 1: 1024 bytes
[MESSAGE] From peer 1: 1024 bytes
[MESSAGE] From peer 1: 1024 bytes
[MESSAGE] From peer 1: 1024 bytes
[MESSAGE] From peer 1: 1024 bytes
[MESSAGE] From peer 1: 1024 bytes
[MESSAGE] From peer 1: 1024 bytes
[MESSAGE] From peer 1: 1024 bytes
[MESSAGE] From peer 1: 1024 bytes
[MESSAGE] From peer 1: 1024 bytes
[MESSAGE] From peer 1: 1024 bytes
[MESSAGE] From peer 1: 1024 bytes
[MESSAGE] From peer 1: 1024 bytes
[MESSAGE] From peer 1: 1024 bytes
[MESSAGE] From peer 1: 1024 bytes
[MESSAGE] From peer 1: 1024 bytes
[MESSAGE] From peer 1: 1024 bytes
[MESSAGE] From peer 1: 1024 bytes
[MESSAGE] From peer 1: 1024 bytes
[MESSAGE] From peer 1: 1024 bytes
[MESSAGE] From peer 1: 1024 bytes
[MESSAGE] From peer 1: 1024 bytes
[MESSAGE] From peer 1: 1024 bytes
[MESSAGE] From peer 1: 1024 bytes
[MESSAGE] From peer 1: 1024 bytes
[MESSAGE] From peer 1: 1024 bytes
[MESSAGE] From peer 1: 1024 bytes
[MESSAGE] From peer 1: 1024 bytes
[MESSAGE] From peer 1: 1024 bytes
[MESSAGE] From peer 1: 1024 bytes
[MESSAGE] From peer 1: 1024 bytes
[MESSAGE] From peer 1: 1024 bytes
[MESSAGE] From peer 1: 1024 bytes
[MESSAGE] From peer 1: 1024 bytes
[MESSAGE] From peer 1: 1024 bytes
[MESSAGE] From peer 1: 1024 bytes
[MESSAGE] From peer 1: 1024 bytes
[MESSAGE] From peer 1: 1024 bytes
[MESSAGE] From peer 1: 1024 bytes
[MESSAGE] From peer 1: 1024 bytes
[MESSAGE] From peer 1: 1024 bytes
[MESSAGE] From peer 1: 1024 bytes
[MESSAGE] From peer 1: 1024 bytes
[MESSAGE] From peer 1: 1024 bytes
[MESSAGE] From peer 1: 1024 bytes
[MESSAGE] From peer 1: 1024 bytes
[MESSAGE] From peer 1: 1024 bytes
[MESSAGE] From peer 1: 1024 bytes
[MESSAGE] From peer 1: 1024 bytes
[MESSAGE] From peer 1: 1024 bytes
[MESSAGE] From peer 1: 1024 bytes
[MESSAGE] From peer 1: 1024 bytes
[MESSAGE] From peer 1: 1024 bytes
[MESSAGE] From peer 1: 1024 bytes
[MESSAGE] From peer 1: 1024 bytes
[MESSAGE] From peer 1: 1024 bytes
[MESSAGE] From peer 1: 1024 bytes
[MESSAGE] From peer 1: 1024 bytes
[MESSAGE] From peer 1: 1024 bytes
[MESSAGE] From peer 1: 1024 bytes
[MESSAGE] From peer 1: 1024 bytes
[MESSAGE] From peer 1: 1024 bytes
[MESSAGE] From peer 1: 1024 bytes
[MESSAGE] From peer 1: 1024 bytes
[MESSAGE] From peer 1: 1024 bytes
[MESSAGE] From peer 1: 1024 bytes
[MESSAGE] From peer 1: 1024 bytes
[MESSAGE] From peer 1: 1024 bytes
[MESSAGE] From peer 1: 1024 bytes
[MESSAGE] From peer 1: 1024 bytes
[MESSAGE] From peer 1: 1024 bytes
[MESSAGE] From peer 1: 1024 bytes
[MESSAGE] From peer 1: 1024 bytes
[MESSAGE] From peer 1: 1024 bytes
[MESSAGE] From peer 1: 1024 bytes
[ECHO] 10800 messages echoed
[MESSAGE] From peer 1: 1024 bytes
[MESSAGE] From peer 1: 1024 bytes
[MESSAGE] From peer 1: 1024 bytes
[MESSAGE] From peer 1: 1024 bytes
[MESSAGE] From peer 1: 1024 bytes
[MESSAGE] From peer 1: 1024 bytes
[MESSAGE] From peer 1: 1024 bytes
[MESSAGE] From peer 1: 1024 bytes
[MESSAGE] From peer 1: 1024 bytes
[MESSAGE] From peer 1: 1024 bytes
[MESSAGE] From peer 1: 1024 bytes
[MESSAGE] From peer 1: 1024 bytes
[MESSAGE] From peer 1: 1024 bytes
[MESSAGE] From peer 1: 1024 bytes
[MESSAGE] From peer 1: 1024 bytes
[MESSAGE] From peer 1: 1024 bytes
[MESSAGE] From peer 1: 1024 bytes
[MESSAGE] From peer 1: 1024 bytes
[MESSAGE] From peer 1: 1024 bytes
[MESSAGE] From peer 1: 1024 bytes
[MESSAGE] From peer 1: 1024 bytes
[MESSAGE] From peer 1: 1024 bytes
[MESSAGE] From peer 1: 1024 bytes
[MESSAGE] From peer 1: 1024 bytes
[MESSAGE] From peer 1: 1024 bytes
[MESSAGE] From peer 1: 1024 bytes
[MESSAGE] From peer 1: 1024 bytes
[MESSAGE] From peer 1: 1024 bytes
[MESSAGE] From peer 1: 1024 bytes
[MESSAGE] From peer 1: 1024 bytes
[MESSAGE] From peer 1: 1024 bytes
[MESSAGE] From peer 1: 1024 bytes
[MESSAGE] From peer 1: 1024 bytes
[MESSAGE] From peer 1: 1024 bytes
[MESSAGE] From peer 1: 1024 bytes
[MESSAGE] From peer 1: 1024 bytes
[MESSAGE] From peer 1: 1024 bytes
[MESSAGE] From peer 1: 1024 bytes
[MESSAGE] From peer 1: 1024 bytes
[MESSAGE] From peer 1: 1024 bytes
[MESSAGE] From peer 1: 1024 bytes
[MESSAGE] From peer 1: 1024 bytes
[MESSAGE] From peer 1: 1024 bytes
[MESSAGE] From peer 1: 1024 bytes
[MESSAGE] From peer 1: 1024 bytes
[MESSAGE] From peer 1: 1024 bytes
[MESSAGE] From peer 1: 1024 bytes
[MESSAGE] From peer 1: 1024 bytes
[MESSAGE] From peer 1: 1024 bytes
[MESSAGE] From peer 1: 1024 bytes
[MESSAGE] From peer 1: 1024 bytes
[MESSAGE] From peer 1: 1024 bytes
[MESSAGE] From peer 1: 1024 bytes
[MESSAGE] From peer 1: 1024 bytes
[MESSAGE] From peer 1: 1024 bytes
[MESSAGE] From peer 1: 1024 bytes
[MESSAGE] From peer 1: 1024 bytes
[MESSAGE] From peer 1: 1024 bytes
[MESSAGE] From peer 1: 1024 bytes
[MESSAGE] From peer 1: 1024 bytes
[MESSAGE] From peer 1: 1024 bytes
[MESSAGE] From peer 1: 1024 bytes
[MESSAGE] From peer 1: 1024 bytes
[MESSAGE] From peer 1: 1024 bytes
[MESSAGE] From peer 1: 1024 bytes
[MESSAGE] From peer 1: 1024 bytes
[MESSAGE] From peer 1: 1024 bytes
[MESSAGE] From peer 1: 1024 bytes
[MESSAGE] From peer 1: 1024 bytes
[MESSAGE] From peer 1: 1024 bytes
[MESSAGE] From peer 1: 1024 bytes
[MESSAGE] From peer 1: 1024 bytes
[MESSAGE] From peer 1: 1024 bytes
[MESSAGE] From peer 1: 1024 bytes
[MESSAGE] From peer 1: 1024 bytes
[MESSAGE] From peer 1: 1024 bytes
[MESSAGE] From peer 1: 1024 bytes
[MESSAGE] From peer 1: 1024 bytes
[MESSAGE] From peer 1: 1024 bytes
[MESSAGE] From peer 1: 1024 bytes
[MESSAGE] From peer 1: 1024 bytes
[MESSAGE] From peer 1: 1024 bytes
[MESSAGE] From peer 1: 1024 bytes
[MESSAGE] From peer 1: 1024 bytes
[MESSAGE] From peer 1: 1024 bytes
[MESSAGE] From peer 1: 1024 bytes
[MESSAGE] From peer 1: 1024 bytes
[MESSAGE] From peer 1: 1024 bytes
[MESSAGE] From peer 1: 1024 bytes
[MESSAGE] From peer 1: 1024 bytes
[MESSAGE] From peer 1: 1024 bytes
[MESSAGE] From peer 1: 1024 bytes
[MESSAGE] From peer 1: 1024 bytes
[MESSAGE] From peer 1: 1024 bytes
[MESSAGE] From peer 1: 1024 bytes
[MESSAGE] From peer 1: 1024 bytes
[MESSAGE] From peer 1: 1024 bytes
[MESSAGE] From peer 1: 1024 bytes
[MESSAGE] From peer 1: 1024 bytes
[MESSAGE] From peer 1: 1024 bytes
[ECHO] 10900 messages echoed
[MESSAGE] From peer 1: 1024 bytes
[MESSAGE] From peer 1: 1024 bytes
[MESSAGE] From peer 1: 1024 bytes
[MESSAGE] From peer 1: 1024 bytes
[MESSAGE] From peer 1: 1024 bytes
[MESSAGE] From peer 1: 1024 bytes
[MESSAGE] From peer 1: 1024 bytes
[MESSAGE] From peer 1: 1024 bytes
[MESSAGE] From peer 1: 1024 bytes
[MESSAGE] From peer 1: 1024 bytes
[MESSAGE] From peer 1: 1024 bytes
[MESSAGE] From peer 1: 1024 bytes
[MESSAGE] From peer 1: 1024 bytes
[MESSAGE] From peer 1: 1024 bytes
[MESSAGE] From peer 1: 1024 bytes
[MESSAGE] From peer 1: 1024 bytes
[MESSAGE] From peer 1: 1024 bytes
[MESSAGE] From peer 1: 1024 bytes
[MESSAGE] From peer 1: 1024 bytes
[MESSAGE] From peer 1: 1024 bytes
[MESSAGE] From peer 1: 1024 bytes
[MESSAGE] From peer 1: 1024 bytes
[MESSAGE] From peer 1: 1024 bytes
[MESSAGE] From peer 1: 1024 bytes
[MESSAGE] From peer 1: 1024 bytes
[MESSAGE] From peer 1: 1024 bytes
[MESSAGE] From peer 1: 1024 bytes
[MESSAGE] From peer 1: 1024 bytes
[MESSAGE] From peer 1: 1024 bytes
[MESSAGE] From peer 1: 1024 bytes
[MESSAGE] From peer 1: 1024 bytes
[MESSAGE] From peer 1: 1024 bytes
[MESSAGE] From peer 1: 1024 bytes
[MESSAGE] From peer 1: 1024 bytes
[MESSAGE] From peer 1: 1024 bytes
[MESSAGE] From peer 1: 1024 bytes
[MESSAGE] From peer 1: 1024 bytes
[MESSAGE] From peer 1: 1024 bytes
[MESSAGE] From peer 1: 1024 bytes
[MESSAGE] From peer 1: 1024 bytes
[MESSAGE] From peer 1: 1024 bytes
[MESSAGE] From peer 1: 1024 bytes
[MESSAGE] From peer 1: 1024 bytes
[MESSAGE] From peer 1: 1024 bytes
[MESSAGE] From peer 1: 1024 bytes
[MESSAGE] From peer 1: 1024 bytes
[MESSAGE] From peer 1: 1024 bytes
[MESSAGE] From peer 1: 1024 bytes
[MESSAGE] From peer 1: 1024 bytes
[MESSAGE] From peer 1: 1024 bytes
[MESSAGE] From peer 1: 1024 bytes
[MESSAGE] From peer 1: 1024 bytes
[MESSAGE] From peer 1: 1024 bytes
[MESSAGE] From peer 1: 1024 bytes
[MESSAGE] From peer 1: 1024 bytes
[MESSAGE] From peer 1: 1024 bytes
[MESSAGE] From peer 1: 1024 bytes
[MESSAGE] From peer 1: 1024 bytes
[MESSAGE] From peer 1: 1024 bytes
[MESSAGE] From peer 1: 1024 bytes
[MESSAGE] From peer 1: 1024 bytes
[MESSAGE] From peer 1: 1024 bytes
[MESSAGE] From peer 1: 1024 bytes
[MESSAGE] From peer 1: 1024 bytes
[MESSAGE] From peer 1: 1024 bytes
[MESSAGE] From peer 1: 1024 bytes
[MESSAGE] From peer 1: 1024 bytes
[MESSAGE] From peer 1: 1024 bytes
[MESSAGE] From peer 1: 1024 bytes
[MESSAGE] From peer 1: 1024 bytes
[MESSAGE] From peer 1: 1024 bytes
[MESSAGE] From peer 1: 1024 bytes
[MESSAGE] From peer 1: 1024 bytes
[MESSAGE] From peer 1: 1024 bytes
[MESSAGE] From peer 1: 1024 bytes
[MESSAGE] From peer 1: 1024 bytes
[MESSAGE] From peer 1: 1024 bytes
[MESSAGE] From peer 1: 1024 bytes
[MESSAGE] From peer 1: 1024 bytes
[MESSAGE] From peer 1: 1024 bytes
[MESSAGE] From peer 1: 1024 bytes
[MESSAGE] From peer 1: 1024 bytes
[MESSAGE] From peer 1: 1024 bytes
[MESSAGE] From peer 1: 1024 bytes
[MESSAGE] From peer 1: 1024 bytes
[MESSAGE] From peer 1: 1024 bytes
[MESSAGE] From peer 1: 1024 bytes
[MESSAGE] From peer 1: 1024 bytes
[MESSAGE] From peer 1: 1024 bytes
[MESSAGE] From peer 1: 1024 bytes
[MESSAGE] From peer 1: 1024 bytes
[MESSAGE] From peer 1: 1024 bytes
[MESSAGE] From peer 1: 1024 bytes
[MESSAGE] From peer 1: 1024 bytes
[MESSAGE] From peer 1: 1024 bytes
[MESSAGE] From peer 1: 1024 bytes
[MESSAGE] From peer 1: 1024 bytes
[MESSAGE] From peer 1: 1024 bytes
[MESSAGE] From peer 1: 1024 bytes
[MESSAGE] From peer 1: 1024 bytes
[ECHO] 11000 messages echoed
[MESSAGE] From peer 1: 1024 bytes
[MESSAGE] From peer 1: 1024 bytes
[MESSAGE] From peer 1: 1024 bytes
[MESSAGE] From peer 1: 1024 bytes
[MESSAGE] From peer 1: 1024 bytes
[MESSAGE] From peer 1: 1024 bytes
[MESSAGE] From peer 1: 1024 bytes
[MESSAGE] From peer 1: 1024 bytes
[MESSAGE] From peer 1: 1024 bytes
[MESSAGE] From peer 1: 1024 bytes
[MESSAGE] From peer 1: 1024 bytes
[MESSAGE] From peer 1: 1024 bytes
[MESSAGE] From peer 1: 1024 bytes
[MESSAGE] From peer 1: 1024 bytes
[MESSAGE] From peer 1: 1024 bytes
[MESSAGE] From peer 1: 1024 bytes
[MESSAGE] From peer 1: 1024 bytes
[MESSAGE] From peer 1: 1024 bytes
[MESSAGE] From peer 1: 1024 bytes
[MESSAGE] From peer 1: 1024 bytes
[MESSAGE] From peer 1: 1024 bytes
[MESSAGE] From peer 1: 1024 bytes
[MESSAGE] From peer 1: 1024 bytes
[MESSAGE] From peer 1: 1024 bytes
[MESSAGE] From peer 1: 1024 bytes
[MESSAGE] From peer 1: 1024 bytes
[MESSAGE] From peer 1: 1024 bytes
[MESSAGE] From peer 1: 1024 bytes
[MESSAGE] From peer 1: 1024 bytes
[MESSAGE] From peer 1: 1024 bytes
[MESSAGE] From peer 1: 1024 bytes
[MESSAGE] From peer 1: 1024 bytes
[MESSAGE] From peer 1: 1024 bytes
[MESSAGE] From peer 1: 1024 bytes
[MESSAGE] From peer 1: 1024 bytes
[MESSAGE] From peer 1: 1024 bytes
[MESSAGE] From peer 1: 1024 bytes
[MESSAGE] From peer 1: 1024 bytes
[MESSAGE] From peer 1: 1024 bytes
[MESSAGE] From peer 1: 1024 bytes
[MESSAGE] From peer 1: 1024 bytes
[MESSAGE] From peer 1: 1024 bytes
[MESSAGE] From peer 1: 1024 bytes
[MESSAGE] From peer 1: 1024 bytes
[MESSAGE] From peer 1: 1024 bytes
[MESSAGE] From peer 1: 1024 bytes
[MESSAGE] From peer 1: 1024 bytes
[MESSAGE] From peer 1: 1024 bytes
[MESSAGE] From peer 1: 1024 bytes
[MESSAGE] From peer 1: 1024 bytes
[MESSAGE] From peer 1: 1024 bytes
[MESSAGE] From peer 1: 1024 bytes
[MESSAGE] From peer 1: 1024 bytes
[MESSAGE] From peer 1: 1024 bytes
[MESSAGE] From peer 1: 1024 bytes
[MESSAGE] From peer 1: 1024 bytes
[MESSAGE] From peer 1: 1024 bytes
[MESSAGE] From peer 1: 1024 bytes
[MESSAGE] From peer 1: 1024 bytes
[MESSAGE] From peer 1: 1024 bytes
[MESSAGE] From peer 1: 1024 bytes
[MESSAGE] From peer 1: 1024 bytes
[MESSAGE] From peer 1: 1024 bytes
[MESSAGE] From peer 1: 1024 bytes
[MESSAGE] From peer 1: 1024 bytes
[MESSAGE] From peer 1: 1024 bytes
[MESSAGE] From peer 1: 1024 bytes
[MESSAGE] From peer 1: 1024 bytes
[MESSAGE] From peer 1: 1024 bytes
[MESSAGE] From peer 1: 1024 bytes
[MESSAGE] From peer 1: 1024 bytes
[MESSAGE] From peer 1: 1024 bytes
[MESSAGE] From peer 1: 1024 bytes
[MESSAGE] From peer 1: 1024 bytes
[MESSAGE] From peer 1: 1024 bytes
[MESSAGE] From peer 1: 1024 bytes
[MESSAGE] From peer 1: 1024 bytes
[MESSAGE] From peer 1: 1024 bytes
[MESSAGE] From peer 1: 1024 bytes
[MESSAGE] From peer 1: 1024 bytes
[MESSAGE] From peer 1: 1024 bytes
[MESSAGE] From peer 1: 1024 bytes
[MESSAGE] From peer 1: 1024 bytes
[MESSAGE] From peer 1: 1024 bytes
[MESSAGE] From peer 1: 1024 bytes
[MESSAGE] From peer 1: 1024 bytes
[MESSAGE] From peer 1: 1024 bytes
[MESSAGE] From peer 1: 1024 bytes
[MESSAGE] From peer 1: 1024 bytes
[MESSAGE] From peer 1: 1024 bytes
[MESSAGE] From peer 1: 1024 bytes
[MESSAGE] From peer 1: 1024 bytes
[MESSAGE] From peer 1: 1024 bytes
[MESSAGE] From peer 1: 1024 bytes
[MESSAGE] From peer 1: 1024 bytes
[MESSAGE] From peer 1: 1024 bytes
[MESSAGE] From peer 1: 1024 bytes
[MESSAGE] From peer 1: 1024 bytes
[MESSAGE] From peer 1: 1024 bytes
[MESSAGE] From peer 1: 1024 bytes
[ECHO] 11100 messages echoed
[MESSAGE] From peer 1: 1024 bytes
[MESSAGE] From peer 1: 1024 bytes
[MESSAGE] From peer 1: 1024 bytes
[MESSAGE] From peer 1: 1024 bytes
[MESSAGE] From peer 1: 1024 bytes
[MESSAGE] From peer 1: 1024 bytes
[MESSAGE] From peer 1: 1024 bytes
[MESSAGE] From peer 1: 1024 bytes
[MESSAGE] From peer 1: 1024 bytes
[MESSAGE] From peer 1: 1024 bytes
[MESSAGE] From peer 1: 1024 bytes
[MESSAGE] From peer 1: 1024 bytes
[MESSAGE] From peer 1: 1024 bytes
[MESSAGE] From peer 1: 1024 bytes
[MESSAGE] From peer 1: 1024 bytes
[MESSAGE] From peer 1: 1024 bytes
[MESSAGE] From peer 1: 1024 bytes
[MESSAGE] From peer 1: 1024 bytes
[MESSAGE] From peer 1: 1024 bytes
[MESSAGE] From peer 1: 1024 bytes
[MESSAGE] From peer 1: 1024 bytes
[MESSAGE] From peer 1: 1024 bytes
[MESSAGE] From peer 1: 1024 bytes
[MESSAGE] From peer 1: 1024 bytes
[MESSAGE] From peer 1: 1024 bytes
[MESSAGE] From peer 1: 1024 bytes
[MESSAGE] From peer 1: 1024 bytes
[MESSAGE] From peer 1: 1024 bytes
[MESSAGE] From peer 1: 1024 bytes
[MESSAGE] From peer 1: 1024 bytes
[MESSAGE] From peer 1: 1024 bytes
[MESSAGE] From peer 1: 1024 bytes
[MESSAGE] From peer 1: 1024 bytes
[MESSAGE] From peer 1: 1024 bytes
[MESSAGE] From peer 1: 1024 bytes
[MESSAGE] From peer 1: 1024 bytes
[MESSAGE] From peer 1: 1024 bytes
[MESSAGE] From peer 1: 1024 bytes
[MESSAGE] From peer 1: 1024 bytes
[MESSAGE] From peer 1: 1024 bytes
[MESSAGE] From peer 1: 1024 bytes
[MESSAGE] From peer 1: 1024 bytes
[MESSAGE] From peer 1: 1024 bytes
[MESSAGE] From peer 1: 1024 bytes
[MESSAGE] From peer 1: 1024 bytes
[MESSAGE] From peer 1: 1024 bytes
[MESSAGE] From peer 1: 1024 bytes
[MESSAGE] From peer 1: 1024 bytes
[MESSAGE] From peer 1: 1024 bytes
[MESSAGE] From peer 1: 1024 bytes
[MESSAGE] From peer 1: 1024 bytes
[MESSAGE] From peer 1: 1024 bytes
[MESSAGE] From peer 1: 1024 bytes
[MESSAGE] From peer 1: 1024 bytes
[MESSAGE] From peer 1: 1024 bytes
[MESSAGE] From peer 1: 1024 bytes
[MESSAGE] From peer 1: 1024 bytes
[MESSAGE] From peer 1: 1024 bytes
[MESSAGE] From peer 1: 1024 bytes
[MESSAGE] From peer 1: 1024 bytes
[MESSAGE] From peer 1: 1024 bytes
[MESSAGE] From peer 1: 1024 bytes
[MESSAGE] From peer 1: 1024 bytes
[MESSAGE] From peer 1: 1024 bytes
[MESSAGE] From peer 1: 1024 bytes
[MESSAGE] From peer 1: 1024 bytes
[MESSAGE] From peer 1: 1024 bytes
[MESSAGE] From peer 1: 1024 bytes
[STATUS] 1390 sec: peers=12, msgs=11173, connected=yes
[MESSAGE] From peer 1: 1024 bytes
[MESSAGE] From peer 1: 1024 bytes
[MESSAGE] From peer 1: 1024 bytes
[MESSAGE] From peer 1: 1024 bytes
[MESSAGE] From peer 1: 1024 bytes
[MESSAGE] From peer 1: 1024 bytes
[MESSAGE] From peer 1: 1024 bytes
[MESSAGE] From peer 1: 1024 bytes
[MESSAGE] From peer 1: 1024 bytes
[MESSAGE] From peer 1: 1024 bytes
[MESSAGE] From peer 1: 1024 bytes
[MESSAGE] From peer 1: 1024 bytes
[MESSAGE] From peer 1: 1024 bytes
[MESSAGE] From peer 1: 1024 bytes
[MESSAGE] From peer 1: 1024 bytes
[MESSAGE] From peer 1: 1024 bytes
[MESSAGE] From peer 1: 1024 bytes
[MESSAGE] From peer 1: 1024 bytes
[MESSAGE] From peer 1: 1024 bytes
[MESSAGE] From peer 1: 1024 bytes
[MESSAGE] From peer 1: 1024 bytes
[MESSAGE] From peer 1: 1024 bytes
[MESSAGE] From peer 1: 1024 bytes
[MESSAGE] From peer 1: 1024 bytes
[MESSAGE] From peer 1: 1024 bytes
[MESSAGE] From peer 1: 1024 bytes
[MESSAGE] From peer 1: 1024 bytes
[MESSAGE] From peer 1: 1024 bytes
[MESSAGE] From peer 1: 1024 bytes
[MESSAGE] From peer 1: 1024 bytes
[MESSAGE] From peer 1: 1024 bytes
[MESSAGE] From peer 1: 1024 bytes
[ECHO] 11200 messages echoed
[MESSAGE] From peer 1: 1024 bytes
[MESSAGE] From peer 1: 1024 bytes
[MESSAGE] From peer 1: 1024 bytes
[MESSAGE] From peer 1: 1024 bytes
[MESSAGE] From peer 1: 1024 bytes
[MESSAGE] From peer 1: 1024 bytes
[MESSAGE] From peer 1: 1024 bytes
[MESSAGE] From peer 1: 1024 bytes
[MESSAGE] From peer 1: 1024 bytes
[MESSAGE] From peer 1: 1024 bytes
[MESSAGE] From peer 1: 1024 bytes
[MESSAGE] From peer 1: 1024 bytes
[MESSAGE] From peer 1: 1024 bytes
[MESSAGE] From peer 1: 1024 bytes
[MESSAGE] From peer 1: 1024 bytes
[MESSAGE] From peer 1: 1024 bytes
[MESSAGE] From peer 1: 1024 bytes
[MESSAGE] From peer 1: 1024 bytes
[MESSAGE] From peer 1: 1024 bytes
[MESSAGE] From peer 1: 1024 bytes
[MESSAGE] From peer 1: 1024 bytes
[MESSAGE] From peer 1: 1024 bytes
[MESSAGE] From peer 1: 1024 bytes
[MESSAGE] From peer 1: 1024 bytes
[MESSAGE] From peer 1: 1024 bytes
[MESSAGE] From peer 1: 1024 bytes
[MESSAGE] From peer 1: 1024 bytes
[MESSAGE] From peer 1: 1024 bytes
[MESSAGE] From peer 1: 1024 bytes
[MESSAGE] From peer 1: 1024 bytes
[MESSAGE] From peer 1: 1024 bytes
[MESSAGE] From peer 1: 1024 bytes
[MESSAGE] From peer 1: 1024 bytes
[MESSAGE] From peer 1: 1024 bytes
[MESSAGE] From peer 1: 1024 bytes
[MESSAGE] From peer 1: 1024 bytes
[MESSAGE] From peer 1: 1024 bytes
[MESSAGE] From peer 1: 1024 bytes
[MESSAGE] From peer 1: 1024 bytes
[MESSAGE] From peer 1: 1024 bytes
[MESSAGE] From peer 1: 1024 bytes
[MESSAGE] From peer 1: 1024 bytes
[MESSAGE] From peer 1: 1024 bytes
[MESSAGE] From peer 1: 1024 bytes
[MESSAGE] From peer 1: 1024 bytes
[MESSAGE] From peer 1: 1024 bytes
[MESSAGE] From peer 1: 1024 bytes
[MESSAGE] From peer 1: 1024 bytes
[MESSAGE] From peer 1: 1024 bytes
[MESSAGE] From peer 1: 1024 bytes
[MESSAGE] From peer 1: 1024 bytes
[MESSAGE] From peer 1: 1024 bytes
[MESSAGE] From peer 1: 1024 bytes
[MESSAGE] From peer 1: 1024 bytes
[MESSAGE] From peer 1: 1024 bytes
[MESSAGE] From peer 1: 1024 bytes
[MESSAGE] From peer 1: 1024 bytes
[MESSAGE] From peer 1: 1024 bytes
[MESSAGE] From peer 1: 1024 bytes
[MESSAGE] From peer 1: 1024 bytes
[MESSAGE] From peer 1: 1024 bytes
[MESSAGE] From peer 1: 1024 bytes
[MESSAGE] From peer 1: 1024 bytes
[MESSAGE] From peer 1: 1024 bytes
[MESSAGE] From peer 1: 1024 bytes
[MESSAGE] From peer 1: 1024 bytes
[MESSAGE] From peer 1: 1024 bytes
[MESSAGE] From peer 1: 1024 bytes
[MESSAGE] From peer 1: 1024 bytes
[MESSAGE] From peer 1: 1024 bytes
[MESSAGE] From peer 1: 1024 bytes
[MESSAGE] From peer 1: 1024 bytes
[MESSAGE] From peer 1: 1024 bytes
[MESSAGE] From peer 1: 1024 bytes
[MESSAGE] From peer 1: 1024 bytes
[MESSAGE] From peer 1: 1024 bytes
[MESSAGE] From peer 1: 1024 bytes
[MESSAGE] From peer 1: 1024 bytes
[MESSAGE] From peer 1: 1024 bytes
[MESSAGE] From peer 1: 1024 bytes
[MESSAGE] From peer 1: 1024 bytes
[MESSAGE] From peer 1: 1024 bytes
[MESSAGE] From peer 1: 1024 bytes
[MESSAGE] From peer 1: 1024 bytes
[MESSAGE] From peer 1: 1024 bytes
[MESSAGE] From peer 1: 1024 bytes
[MESSAGE] From peer 1: 1024 bytes
[MESSAGE] From peer 1: 1024 bytes
[MESSAGE] From peer 1: 1024 bytes
[MESSAGE] From peer 1: 1024 bytes
[MESSAGE] From peer 1: 1024 bytes
[MESSAGE] From peer 1: 1024 bytes
[MESSAGE] From peer 1: 1024 bytes
[MESSAGE] From peer 1: 1024 bytes
[MESSAGE] From peer 1: 1024 bytes
[MESSAGE] From peer 1: 1024 bytes
[MESSAGE] From peer 1: 1024 bytes
[MESSAGE] From peer 1: 1024 bytes
[MESSAGE] From peer 1: 1024 bytes
[MESSAGE] From peer 1: 1024 bytes
[ECHO] 11300 messages echoed
[MESSAGE] From peer 1: 1024 bytes
[MESSAGE] From peer 1: 1024 bytes
[MESSAGE] From peer 1: 1024 bytes
[MESSAGE] From peer 1: 1024 bytes
[MESSAGE] From peer 1: 1024 bytes
[MESSAGE] From peer 1: 1024 bytes
[MESSAGE] From peer 1: 1024 bytes
[MESSAGE] From peer 1: 1024 bytes
[MESSAGE] From peer 1: 1024 bytes
[MESSAGE] From peer 1: 1024 bytes
[MESSAGE] From peer 1: 1024 bytes
[MESSAGE] From peer 1: 1024 bytes
[MESSAGE] From peer 1: 1024 bytes
[MESSAGE] From peer 1: 1024 bytes
[MESSAGE] From peer 1: 1024 bytes
[MESSAGE] From peer 1: 1024 bytes
[MESSAGE] From peer 1: 1024 bytes
[MESSAGE] From peer 1: 1024 bytes
[MESSAGE] From peer 1: 1024 bytes
[MESSAGE] From peer 1: 1024 bytes
[MESSAGE] From peer 1: 1024 bytes
[MESSAGE] From peer 1: 1024 bytes
[MESSAGE] From peer 1: 1024 bytes
[MESSAGE] From peer 1: 1024 bytes
[MESSAGE] From peer 1: 1024 bytes
[MESSAGE] From peer 1: 1024 bytes
[MESSAGE] From peer 1: 1024 bytes
[MESSAGE] From peer 1: 1024 bytes
[MESSAGE] From peer 1: 1024 bytes
[MESSAGE] From peer 1: 1024 bytes
[MESSAGE] From peer 1: 1024 bytes
[MESSAGE] From peer 1: 1024 bytes
[MESSAGE] From peer 1: 1024 bytes
[MESSAGE] From peer 1: 1024 bytes
[MESSAGE] From peer 1: 1024 bytes
[MESSAGE] From peer 1: 1024 bytes
[MESSAGE] From peer 1: 1024 bytes
[MESSAGE] From peer 1: 1024 bytes
[MESSAGE] From peer 1: 1024 bytes
[MESSAGE] From peer 1: 1024 bytes
[MESSAGE] From peer 1: 1024 bytes
[MESSAGE] From peer 1: 1024 bytes
[MESSAGE] From peer 1: 1024 bytes
[MESSAGE] From peer 1: 1024 bytes
[MESSAGE] From peer 1: 1024 bytes
[MESSAGE] From peer 1: 1024 bytes
[MESSAGE] From peer 1: 1024 bytes
[MESSAGE] From peer 1: 1024 bytes
[MESSAGE] From peer 1: 1024 bytes
[MESSAGE] From peer 1: 1024 bytes
[MESSAGE] From peer 1: 1024 bytes
[MESSAGE] From peer 1: 1024 bytes
[MESSAGE] From peer 1: 1024 bytes
[MESSAGE] From peer 1: 1024 bytes
[MESSAGE] From peer 1: 1024 bytes
[MESSAGE] From peer 1: 1024 bytes
[MESSAGE] From peer 1: 1024 bytes
[MESSAGE] From peer 1: 1024 bytes
[MESSAGE] From peer 1: 1024 bytes
[MESSAGE] From peer 1: 1024 bytes
[MESSAGE] From peer 1: 1024 bytes
[MESSAGE] From peer 1: 1024 bytes
[MESSAGE] From peer 1: 1024 bytes
[MESSAGE] From peer 1: 1024 bytes
[MESSAGE] From peer 1: 1024 bytes
[MESSAGE] From peer 1: 1024 bytes
[MESSAGE] From peer 1: 1024 bytes
[MESSAGE] From peer 1: 1024 bytes
[MESSAGE] From peer 1: 1024 bytes
[MESSAGE] From peer 1: 1024 bytes
[MESSAGE] From peer 1: 1024 bytes
[MESSAGE] From peer 1: 1024 bytes
[MESSAGE] From peer 1: 1024 bytes
[MESSAGE] From peer 1: 1024 bytes
[MESSAGE] From peer 1: 1024 bytes
[MESSAGE] From peer 1: 1024 bytes
[MESSAGE] From peer 1: 1024 bytes
[MESSAGE] From peer 1: 1024 bytes
[MESSAGE] From peer 1: 1024 bytes
[MESSAGE] From peer 1: 1024 bytes
[MESSAGE] From peer 1: 1024 bytes
[MESSAGE] From peer 1: 1024 bytes
[MESSAGE] From peer 1: 1024 bytes
[MESSAGE] From peer 1: 1024 bytes
[MESSAGE] From peer 1: 1024 bytes
[MESSAGE] From peer 1: 1024 bytes
[MESSAGE] From peer 1: 1024 bytes
[MESSAGE] From peer 1: 1024 bytes
[MESSAGE] From peer 1: 1024 bytes
[MESSAGE] From peer 1: 1024 bytes
[MESSAGE] From peer 1: 1024 bytes
[MESSAGE] From peer 1: 1024 bytes
[MESSAGE] From peer 1: 1024 bytes
[MESSAGE] From peer 1: 1024 bytes
[MESSAGE] From peer 1: 1024 bytes
[MESSAGE] From peer 1: 1024 bytes
[MESSAGE] From peer 1: 1024 bytes
[MESSAGE] From peer 1: 1024 bytes
[MESSAGE] From peer 1: 1024 bytes
[MESSAGE] From peer 1: 1024 bytes
[ECHO] 11400 messages echoed
[MESSAGE] From peer 1: 1024 bytes
[MESSAGE] From peer 1: 1024 bytes
[MESSAGE] From peer 1: 1024 bytes
[MESSAGE] From peer 1: 1024 bytes
[MESSAGE] From peer 1: 1024 bytes
[MESSAGE] From peer 1: 1024 bytes
[MESSAGE] From peer 1: 1024 bytes
[MESSAGE] From peer 1: 1024 bytes
[MESSAGE] From peer 1: 1024 bytes
[MESSAGE] From peer 1: 1024 bytes
[MESSAGE] From peer 1: 1024 bytes
[MESSAGE] From peer 1: 1024 bytes
[MESSAGE] From peer 1: 1024 bytes
[MESSAGE] From peer 1: 1024 bytes
[MESSAGE] From peer 1: 1024 bytes
[MESSAGE] From peer 1: 1024 bytes
[MESSAGE] From peer 1: 1024 bytes
[MESSAGE] From peer 1: 1024 bytes
[MESSAGE] From peer 1: 1024 bytes
[MESSAGE] From peer 1: 1024 bytes
[MESSAGE] From peer 1: 1024 bytes
[MESSAGE] From peer 1: 1024 bytes
[MESSAGE] From peer 1: 1024 bytes
[MESSAGE] From peer 1: 1024 bytes
[MESSAGE] From peer 1: 1024 bytes
[MESSAGE] From peer 1: 1024 bytes
[MESSAGE] From peer 1: 1024 bytes
[MESSAGE] From peer 1: 1024 bytes
[MESSAGE] From peer 1: 1024 bytes
[MESSAGE] From peer 1: 1024 bytes
[MESSAGE] From peer 1: 1024 bytes
[MESSAGE] From peer 1: 1024 bytes
[MESSAGE] From peer 1: 1024 bytes
[MESSAGE] From peer 1: 1024 bytes
[MESSAGE] From peer 1: 1024 bytes
[MESSAGE] From peer 1: 1024 bytes
[MESSAGE] From peer 1: 1024 bytes
[MESSAGE] From peer 1: 1024 bytes
[MESSAGE] From peer 1: 1024 bytes
[MESSAGE] From peer 1: 1024 bytes
[MESSAGE] From peer 1: 1024 bytes
[MESSAGE] From peer 1: 1024 bytes
[MESSAGE] From peer 1: 1024 bytes
[MESSAGE] From peer 1: 1024 bytes
[MESSAGE] From peer 1: 1024 bytes
[MESSAGE] From peer 1: 1024 bytes
[MESSAGE] From peer 1: 1024 bytes
[MESSAGE] From peer 1: 1024 bytes
[MESSAGE] From peer 1: 1024 bytes
[MESSAGE] From peer 1: 1024 bytes
[MESSAGE] From peer 1: 1024 bytes
[MESSAGE] From peer 1: 1024 bytes
[MESSAGE] From peer 1: 1024 bytes
[MESSAGE] From peer 1: 1024 bytes
[MESSAGE] From peer 1: 1024 bytes
[MESSAGE] From peer 1: 1024 bytes
[MESSAGE] From peer 1: 1024 bytes
[MESSAGE] From peer 1: 1024 bytes
[MESSAGE] From peer 1: 1024 bytes
[MESSAGE] From peer 1: 1024 bytes
[MESSAGE] From peer 1: 1024 bytes
[MESSAGE] From peer 1: 1024 bytes
[MESSAGE] From peer 1: 1024 bytes
[MESSAGE] From peer 1: 1024 bytes
[MESSAGE] From peer 1: 1024 bytes
[MESSAGE] From peer 1: 1024 bytes
[MESSAGE] From peer 1: 1024 bytes
[MESSAGE] From peer 1: 1024 bytes
[MESSAGE] From peer 1: 1024 bytes
[MESSAGE] From peer 1: 1024 bytes
[MESSAGE] From peer 1: 1024 bytes
[MESSAGE] From peer 1: 1024 bytes
[MESSAGE] From peer 1: 1024 bytes
[MESSAGE] From peer 1: 1024 bytes
[MESSAGE] From peer 1: 1024 bytes
[MESSAGE] From peer 1: 1024 bytes
[MESSAGE] From peer 1: 1024 bytes
[MESSAGE] From peer 1: 1024 bytes
[MESSAGE] From peer 1: 1024 bytes
[MESSAGE] From peer 1: 1024 bytes
[MESSAGE] From peer 1: 1024 bytes
[MESSAGE] From peer 1: 1024 bytes
[MESSAGE] From peer 1: 1024 bytes
[MESSAGE] From peer 1: 1024 bytes
[MESSAGE] From peer 1: 1024 bytes
[MESSAGE] From peer 1: 1024 bytes
[MESSAGE] From peer 1: 1024 bytes
[MESSAGE] From peer 1: 1024 bytes
[MESSAGE] From peer 1: 1024 bytes
[MESSAGE] From peer 1: 1024 bytes
[MESSAGE] From peer 1: 1024 bytes
[MESSAGE] From peer 1: 1024 bytes
[MESSAGE] From peer 1: 1024 bytes
[MESSAGE] From peer 1: 1024 bytes
[MESSAGE] From peer 1: 1024 bytes
[MESSAGE] From peer 1: 1024 bytes
[MESSAGE] From peer 1: 1024 bytes
[MESSAGE] From peer 1: 1024 bytes
[MESSAGE] From peer 1: 1024 bytes
[MESSAGE] From peer 1: 1024 bytes
[ECHO] 11500 messages echoed
[MESSAGE] From peer 1: 1024 bytes
[MESSAGE] From peer 1: 1024 bytes
[MESSAGE] From peer 1: 1024 bytes
[MESSAGE] From peer 1: 1024 bytes
[MESSAGE] From peer 1: 1024 bytes
[MESSAGE] From peer 1: 1024 bytes
[MESSAGE] From peer 1: 1024 bytes
[MESSAGE] From peer 1: 1024 bytes
[MESSAGE] From peer 1: 1024 bytes
[MESSAGE] From peer 1: 1024 bytes
[MESSAGE] From peer 1: 1024 bytes
[MESSAGE] From peer 1: 1024 bytes
[MESSAGE] From peer 1: 1024 bytes
[MESSAGE] From peer 1: 1024 bytes
[MESSAGE] From peer 1: 1024 bytes
[MESSAGE] From peer 1: 1024 bytes
[DISCOVERED] Peer 2: "MacThroughput" at 10.188.1.213:7354
[MESSAGE] From peer 1: 1024 bytes
[MESSAGE] From peer 1: 1024 bytes
[MESSAGE] From peer 1: 1024 bytes
[MESSAGE] From peer 1: 1024 bytes
[MESSAGE] From peer 1: 1024 bytes
[MESSAGE] From peer 1: 1024 bytes
[MESSAGE] From peer 1: 1024 bytes
[MESSAGE] From peer 1: 1024 bytes
[MESSAGE] From peer 1: 1024 bytes
[MESSAGE] From peer 1: 1024 bytes
[MESSAGE] From peer 1: 1024 bytes
[MESSAGE] From peer 1: 1024 bytes
[MESSAGE] From peer 1: 1024 bytes
[MESSAGE] From peer 1: 1024 bytes
[MESSAGE] From peer 1: 1024 bytes
[MESSAGE] From peer 1: 1024 bytes
[MESSAGE] From peer 1: 1024 bytes
[MESSAGE] From peer 1: 1024 bytes
[MESSAGE] From peer 1: 1024 bytes
[MESSAGE] From peer 1: 1024 bytes
[MESSAGE] From peer 1: 1024 bytes
[MESSAGE] From peer 1: 1024 bytes
[MESSAGE] From peer 1: 1024 bytes
[MESSAGE] From peer 1: 1024 bytes
[MESSAGE] From peer 1: 1024 bytes
[MESSAGE] From peer 1: 1024 bytes
[MESSAGE] From peer 1: 1024 bytes
[MESSAGE] From peer 1: 1024 bytes
[MESSAGE] From peer 1: 1024 bytes
[MESSAGE] From peer 1: 1024 bytes
[MESSAGE] From peer 1: 1024 bytes
[MESSAGE] From peer 1: 1024 bytes
[MESSAGE] From peer 1: 1024 bytes
[MESSAGE] From peer 1: 1024 bytes
[MESSAGE] From peer 1: 1024 bytes
[MESSAGE] From peer 1: 1024 bytes
[MESSAGE] From peer 1: 1024 bytes
[MESSAGE] From peer 1: 1024 bytes
[MESSAGE] From peer 1: 1024 bytes
[MESSAGE] From peer 1: 1024 bytes
[MESSAGE] From peer 1: 1024 bytes
[MESSAGE] From peer 1: 1024 bytes
[MESSAGE] From peer 1: 1024 bytes
[MESSAGE] From peer 1: 1024 bytes
[MESSAGE] From peer 1: 1024 bytes
[MESSAGE] From peer 1: 1024 bytes
[MESSAGE] From peer 1: 1024 bytes
[MESSAGE] From peer 1: 1024 bytes
[MESSAGE] From peer 1: 1024 bytes
[MESSAGE] From peer 1: 1024 bytes
[MESSAGE] From peer 1: 1024 bytes
[MESSAGE] From peer 1: 1024 bytes
[MESSAGE] From peer 1: 1024 bytes
[MESSAGE] From peer 1: 1024 bytes
[MESSAGE] From peer 1: 1024 bytes
[MESSAGE] From peer 1: 1024 bytes
[MESSAGE] From peer 1: 1024 bytes
[MESSAGE] From peer 1: 1024 bytes
[MESSAGE] From peer 1: 1024 bytes
[MESSAGE] From peer 1: 1024 bytes
[MESSAGE] From peer 1: 1024 bytes
[MESSAGE] From peer 1: 1024 bytes
[MESSAGE] From peer 1: 1024 bytes
[MESSAGE] From peer 1: 1024 bytes
[MESSAGE] From peer 1: 1024 bytes
[MESSAGE] From peer 1: 1024 bytes
[MESSAGE] From peer 1: 1024 bytes
[MESSAGE] From peer 1: 1024 bytes
[MESSAGE] From peer 1: 1024 bytes
[MESSAGE] From peer 1: 1024 bytes
[MESSAGE] From peer 1: 1024 bytes
[MESSAGE] From peer 1: 1024 bytes
[MESSAGE] From peer 1: 1024 bytes
[MESSAGE] From peer 1: 1024 bytes
[MESSAGE] From peer 1: 1024 bytes
[MESSAGE] From peer 1: 1024 bytes
[MESSAGE] From peer 1: 1024 bytes
[MESSAGE] From peer 1: 1024 bytes
[MESSAGE] From peer 1: 1024 bytes
[MESSAGE] From peer 1: 1024 bytes
[MESSAGE] From peer 1: 1024 bytes
[MESSAGE] From peer 1: 1024 bytes
[MESSAGE] From peer 1: 1024 bytes
[MESSAGE] From peer 1: 1024 bytes
[ECHO] 11600 messages echoed
[MESSAGE] From peer 1: 1024 bytes
[MESSAGE] From peer 1: 1024 bytes
[MESSAGE] From peer 1: 1024 bytes
[MESSAGE] From peer 1: 1024 bytes
[MESSAGE] From peer 1: 1024 bytes
[MESSAGE] From peer 1: 1024 bytes
[MESSAGE] From peer 1: 1024 bytes
[MESSAGE] From peer 1: 1024 bytes
[MESSAGE] From peer 1: 1024 bytes
[MESSAGE] From peer 1: 1024 bytes
[MESSAGE] From peer 1: 1024 bytes
[MESSAGE] From peer 1: 1024 bytes
[MESSAGE] From peer 1: 1024 bytes
[MESSAGE] From peer 1: 1024 bytes
[MESSAGE] From peer 1: 1024 bytes
[MESSAGE] From peer 1: 1024 bytes
[MESSAGE] From peer 1: 1024 bytes
[MESSAGE] From peer 1: 1024 bytes
[MESSAGE] From peer 1: 1024 bytes
[MESSAGE] From peer 1: 1024 bytes
[MESSAGE] From peer 1: 1024 bytes
[MESSAGE] From peer 1: 1024 bytes
[MESSAGE] From peer 1: 1024 bytes
[MESSAGE] From peer 1: 1024 bytes
[MESSAGE] From peer 1: 1024 bytes
[MESSAGE] From peer 1: 1024 bytes
[MESSAGE] From peer 1: 1024 bytes
[MESSAGE] From peer 1: 1024 bytes
[MESSAGE] From peer 1: 1024 bytes
[MESSAGE] From peer 1: 1024 bytes
[MESSAGE] From peer 1: 1024 bytes
[MESSAGE] From peer 1: 1024 bytes
[MESSAGE] From peer 1: 1024 bytes
[MESSAGE] From peer 1: 1024 bytes
[MESSAGE] From peer 1: 1024 bytes
[MESSAGE] From peer 1: 1024 bytes
[MESSAGE] From peer 1: 1024 bytes
[MESSAGE] From peer 1: 1024 bytes
[MESSAGE] From peer 1: 1024 bytes
[MESSAGE] From peer 1: 1024 bytes
[MESSAGE] From peer 1: 1024 bytes
[MESSAGE] From peer 1: 1024 bytes
[MESSAGE] From peer 1: 1024 bytes
[MESSAGE] From peer 1: 1024 bytes
[MESSAGE] From peer 1: 1024 bytes
[MESSAGE] From peer 1: 1024 bytes
[MESSAGE] From peer 1: 1024 bytes
[MESSAGE] From peer 1: 1024 bytes
[MESSAGE] From peer 1: 1024 bytes
[MESSAGE] From peer 1: 1024 bytes
[MESSAGE] From peer 1: 1024 bytes
[MESSAGE] From peer 1: 1024 bytes
[MESSAGE] From peer 1: 1024 bytes
[MESSAGE] From peer 1: 1024 bytes
[MESSAGE] From peer 1: 1024 bytes
[MESSAGE] From peer 1: 1024 bytes
[MESSAGE] From peer 1: 1024 bytes
[MESSAGE] From peer 1: 1024 bytes
[MESSAGE] From peer 1: 1024 bytes
[MESSAGE] From peer 1: 1024 bytes
[MESSAGE] From peer 1: 1024 bytes
[MESSAGE] From peer 1: 1024 bytes
[MESSAGE] From peer 1: 1024 bytes
[MESSAGE] From peer 1: 1024 bytes
[MESSAGE] From peer 1: 1024 bytes
[MESSAGE] From peer 1: 1024 bytes
[MESSAGE] From peer 1: 1024 bytes
[MESSAGE] From peer 1: 1024 bytes
[MESSAGE] From peer 1: 1024 bytes
[MESSAGE] From peer 1: 1024 bytes
[MESSAGE] From peer 1: 1024 bytes
[MESSAGE] From peer 1: 1024 bytes
[MESSAGE] From peer 1: 1024 bytes
[MESSAGE] From peer 1: 1024 bytes
[MESSAGE] From peer 1: 1024 bytes
[MESSAGE] From peer 1: 1024 bytes
[MESSAGE] From peer 1: 1024 bytes
[MESSAGE] From peer 1: 1024 bytes
[MESSAGE] From peer 1: 1024 bytes
[MESSAGE] From peer 1: 1024 bytes
[MESSAGE] From peer 1: 1024 bytes
[MESSAGE] From peer 1: 1024 bytes
[MESSAGE] From peer 1: 1024 bytes
[MESSAGE] From peer 1: 1024 bytes
[MESSAGE] From peer 1: 1024 bytes
[MESSAGE] From peer 1: 1024 bytes
[MESSAGE] From peer 1: 1024 bytes
[MESSAGE] From peer 1: 1024 bytes
[MESSAGE] From peer 1: 1024 bytes
[MESSAGE] From peer 1: 1024 bytes
[MESSAGE] From peer 1: 1024 bytes
[MESSAGE] From peer 1: 1024 bytes
[MESSAGE] From peer 1: 1024 bytes
[MESSAGE] From peer 1: 1024 bytes
[MESSAGE] From peer 1: 1024 bytes
[MESSAGE] From peer 1: 1024 bytes
[MESSAGE] From peer 1: 1024 bytes
[MESSAGE] From peer 1: 1024 bytes
[MESSAGE] From peer 1: 1024 bytes
[MESSAGE] From peer 1: 1024 bytes
[ECHO] 11700 messages echoed
[MESSAGE] From peer 1: 1024 bytes
[MESSAGE] From peer 1: 1024 bytes
[MESSAGE] From peer 1: 1024 bytes
[MESSAGE] From peer 1: 1024 bytes
[MESSAGE] From peer 1: 1024 bytes
[MESSAGE] From peer 1: 1024 bytes
[MESSAGE] From peer 1: 1024 bytes
[MESSAGE] From peer 1: 1024 bytes
[MESSAGE] From peer 1: 1024 bytes
[MESSAGE] From peer 1: 1024 bytes
[MESSAGE] From peer 1: 1024 bytes
[MESSAGE] From peer 1: 1024 bytes
[MESSAGE] From peer 1: 1024 bytes
[MESSAGE] From peer 1: 1024 bytes
[MESSAGE] From peer 1: 1024 bytes
[MESSAGE] From peer 1: 1024 bytes
[MESSAGE] From peer 1: 1024 bytes
[MESSAGE] From peer 1: 1024 bytes
[MESSAGE] From peer 1: 1024 bytes
[MESSAGE] From peer 1: 1024 bytes
[MESSAGE] From peer 1: 1024 bytes
[MESSAGE] From peer 1: 1024 bytes
[MESSAGE] From peer 1: 1024 bytes
[MESSAGE] From peer 1: 1024 bytes
[MESSAGE] From peer 1: 1024 bytes
[MESSAGE] From peer 1: 1024 bytes
[MESSAGE] From peer 1: 1024 bytes
[MESSAGE] From peer 1: 1024 bytes
[MESSAGE] From peer 1: 1024 bytes
[MESSAGE] From peer 1: 1024 bytes
[MESSAGE] From peer 1: 1024 bytes
[MESSAGE] From peer 1: 1024 bytes
[MESSAGE] From peer 1: 1024 bytes
[MESSAGE] From peer 1: 1024 bytes
[MESSAGE] From peer 1: 1024 bytes
[MESSAGE] From peer 1: 1024 bytes
[MESSAGE] From peer 1: 1024 bytes
[MESSAGE] From peer 1: 1024 bytes
[MESSAGE] From peer 1: 1024 bytes
[MESSAGE] From peer 1: 1024 bytes
[MESSAGE] From peer 1: 1024 bytes
[MESSAGE] From peer 1: 1024 bytes
[MESSAGE] From peer 1: 1024 bytes
[MESSAGE] From peer 1: 1024 bytes
[MESSAGE] From peer 1: 1024 bytes
[MESSAGE] From peer 1: 1024 bytes
[MESSAGE] From peer 1: 1024 bytes
[MESSAGE] From peer 1: 1024 bytes
[MESSAGE] From peer 1: 1024 bytes
[MESSAGE] From peer 1: 1024 bytes
[MESSAGE] From peer 1: 1024 bytes
[MESSAGE] From peer 1: 1024 bytes
[MESSAGE] From peer 1: 1024 bytes
[MESSAGE] From peer 1: 1024 bytes
[MESSAGE] From peer 1: 1024 bytes
[MESSAGE] From peer 1: 1024 bytes
[MESSAGE] From peer 1: 1024 bytes
[MESSAGE] From peer 1: 1024 bytes
[MESSAGE] From peer 1: 1024 bytes
[MESSAGE] From peer 1: 1024 bytes
[MESSAGE] From peer 1: 1024 bytes
[MESSAGE] From peer 1: 1024 bytes
[MESSAGE] From peer 1: 1024 bytes
[MESSAGE] From peer 1: 1024 bytes
[MESSAGE] From peer 1: 1024 bytes
[MESSAGE] From peer 1: 1024 bytes
[MESSAGE] From peer 1: 1024 bytes
[MESSAGE] From peer 1: 1024 bytes
[MESSAGE] From peer 1: 1024 bytes
[MESSAGE] From peer 1: 1024 bytes
[MESSAGE] From peer 1: 1024 bytes
[MESSAGE] From peer 1: 1024 bytes
[MESSAGE] From peer 1: 1024 bytes
[MESSAGE] From peer 1: 1024 bytes
[MESSAGE] From peer 1: 1024 bytes
[MESSAGE] From peer 1: 1024 bytes
[MESSAGE] From peer 1: 1024 bytes
[MESSAGE] From peer 1: 1024 bytes
[MESSAGE] From peer 1: 1024 bytes
[MESSAGE] From peer 1: 1024 bytes
[MESSAGE] From peer 1: 1024 bytes
[MESSAGE] From peer 1: 1024 bytes
[MESSAGE] From peer 1: 1024 bytes
[MESSAGE] From peer 1: 1024 bytes
[MESSAGE] From peer 1: 1024 bytes
[MESSAGE] From peer 1: 1024 bytes
[MESSAGE] From peer 1: 1024 bytes
[MESSAGE] From peer 1: 1024 bytes
[MESSAGE] From peer 1: 1024 bytes
[STATUS] 1400 sec: peers=13, msgs=11794, connected=yes
[MESSAGE] From peer 1: 1024 bytes
[MESSAGE] From peer 1: 1024 bytes
[MESSAGE] From peer 1: 1024 bytes
[MESSAGE] From peer 1: 1024 bytes
[MESSAGE] From peer 1: 1024 bytes
[MESSAGE] From peer 1: 1024 bytes
[MESSAGE] From peer 1: 1024 bytes
[MESSAGE] From peer 1: 1024 bytes
[MESSAGE] From peer 1: 1024 bytes
[MESSAGE] From peer 1: 1024 bytes
[MESSAGE] From peer 1: 1024 bytes
[ECHO] 11800 messages echoed
[MESSAGE] From peer 1: 1024 bytes
[MESSAGE] From peer 1: 1024 bytes
[MESSAGE] From peer 1: 1024 bytes
[MESSAGE] From peer 1: 1024 bytes
[MESSAGE] From peer 1: 1024 bytes
[MESSAGE] From peer 1: 1024 bytes
[MESSAGE] From peer 1: 1024 bytes
[MESSAGE] From peer 1: 1024 bytes
[MESSAGE] From peer 1: 1024 bytes
[MESSAGE] From peer 1: 1024 bytes
[MESSAGE] From peer 1: 1024 bytes
[MESSAGE] From peer 1: 1024 bytes
[MESSAGE] From peer 1: 1024 bytes
[MESSAGE] From peer 1: 1024 bytes
[MESSAGE] From peer 1: 1024 bytes
[MESSAGE] From peer 1: 1024 bytes
[MESSAGE] From peer 1: 1024 bytes
[MESSAGE] From peer 1: 1024 bytes
[MESSAGE] From peer 1: 1024 bytes
[MESSAGE] From peer 1: 1024 bytes
[MESSAGE] From peer 1: 1024 bytes
[MESSAGE] From peer 1: 1024 bytes
[MESSAGE] From peer 1: 1024 bytes
[MESSAGE] From peer 1: 1024 bytes
[MESSAGE] From peer 1: 1024 bytes
[MESSAGE] From peer 1: 2048 bytes
[MESSAGE] From peer 1: 2048 bytes
[MESSAGE] From peer 1: 2048 bytes
[MESSAGE] From peer 1: 2048 bytes
[MESSAGE] From peer 1: 2048 bytes
[MESSAGE] From peer 1: 2048 bytes
[MESSAGE] From peer 1: 2048 bytes
[MESSAGE] From peer 1: 2048 bytes
[MESSAGE] From peer 1: 2048 bytes
[MESSAGE] From peer 1: 2048 bytes
[MESSAGE] From peer 1: 2048 bytes
[MESSAGE] From peer 1: 2048 bytes
[MESSAGE] From peer 1: 2048 bytes
[MESSAGE] From peer 1: 2048 bytes
[MESSAGE] From peer 1: 2048 bytes
[MESSAGE] From peer 1: 2048 bytes
[MESSAGE] From peer 1: 2048 bytes
[MESSAGE] From peer 1: 2048 bytes
[MESSAGE] From peer 1: 2048 bytes
[MESSAGE] From peer 1: 2048 bytes
[MESSAGE] From peer 1: 2048 bytes
[MESSAGE] From peer 1: 2048 bytes
[MESSAGE] From peer 1: 2048 bytes
[MESSAGE] From peer 1: 2048 bytes
[MESSAGE] From peer 1: 2048 bytes
[MESSAGE] From peer 1: 2048 bytes
[MESSAGE] From peer 1: 2048 bytes
[MESSAGE] From peer 1: 2048 bytes
[MESSAGE] From peer 1: 2048 bytes
[MESSAGE] From peer 1: 2048 bytes
[MESSAGE] From peer 1: 2048 bytes
[MESSAGE] From peer 1: 2048 bytes
[MESSAGE] From peer 1: 2048 bytes
[MESSAGE] From peer 1: 2048 bytes
[MESSAGE] From peer 1: 2048 bytes
[MESSAGE] From peer 1: 2048 bytes
[MESSAGE] From peer 1: 2048 bytes
[MESSAGE] From peer 1: 2048 bytes
[MESSAGE] From peer 1: 2048 bytes
[MESSAGE] From peer 1: 2048 bytes
[MESSAGE] From peer 1: 2048 bytes
[MESSAGE] From peer 1: 2048 bytes
[MESSAGE] From peer 1: 2048 bytes
[MESSAGE] From peer 1: 2048 bytes
[MESSAGE] From peer 1: 2048 bytes
[MESSAGE] From peer 1: 2048 bytes
[MESSAGE] From peer 1: 2048 bytes
[MESSAGE] From peer 1: 2048 bytes
[MESSAGE] From peer 1: 2048 bytes
[MESSAGE] From peer 1: 2048 bytes
[MESSAGE] From peer 1: 2048 bytes
[MESSAGE] From peer 1: 2048 bytes
[MESSAGE] From peer 1: 2048 bytes
[MESSAGE] From peer 1: 2048 bytes
[MESSAGE] From peer 1: 2048 bytes
[MESSAGE] From peer 1: 2048 bytes
[MESSAGE] From peer 1: 2048 bytes
[MESSAGE] From peer 1: 2048 bytes
[MESSAGE] From peer 1: 2048 bytes
[MESSAGE] From peer 1: 2048 bytes
[MESSAGE] From peer 1: 2048 bytes
[MESSAGE] From peer 1: 2048 bytes
[MESSAGE] From peer 1: 2048 bytes
[MESSAGE] From peer 1: 2048 bytes
[MESSAGE] From peer 1: 2048 bytes
[MESSAGE] From peer 1: 2048 bytes
[MESSAGE] From peer 1: 2048 bytes
[MESSAGE] From peer 1: 2048 bytes
[MESSAGE] From peer 1: 2048 bytes
[MESSAGE] From peer 1: 2048 bytes
[MESSAGE] From peer 1: 2048 bytes
[MESSAGE] From peer 1: 2048 bytes
[MESSAGE] From peer 1: 2048 bytes
[MESSAGE] From peer 1: 2048 bytes
[MESSAGE] From peer 1: 2048 bytes
[ECHO] 11900 messages echoed
[MESSAGE] From peer 1: 2048 bytes
[MESSAGE] From peer 1: 2048 bytes
[MESSAGE] From peer 1: 2048 bytes
[MESSAGE] From peer 1: 2048 bytes
[MESSAGE] From peer 1: 2048 bytes
[MESSAGE] From peer 1: 2048 bytes
[MESSAGE] From peer 1: 2048 bytes
[MESSAGE] From peer 1: 2048 bytes
[MESSAGE] From peer 1: 2048 bytes
[MESSAGE] From peer 1: 2048 bytes
[MESSAGE] From peer 1: 2048 bytes
[MESSAGE] From peer 1: 2048 bytes
[MESSAGE] From peer 1: 2048 bytes
[MESSAGE] From peer 1: 2048 bytes
[MESSAGE] From peer 1: 2048 bytes
[MESSAGE] From peer 1: 2048 bytes
[MESSAGE] From peer 1: 2048 bytes
[MESSAGE] From peer 1: 2048 bytes
[MESSAGE] From peer 1: 2048 bytes
[MESSAGE] From peer 1: 2048 bytes
[MESSAGE] From peer 1: 2048 bytes
[MESSAGE] From peer 1: 2048 bytes
[MESSAGE] From peer 1: 2048 bytes
[MESSAGE] From peer 1: 2048 bytes
[MESSAGE] From peer 1: 2048 bytes
[MESSAGE] From peer 1: 2048 bytes
[MESSAGE] From peer 1: 2048 bytes
[MESSAGE] From peer 1: 2048 bytes
[MESSAGE] From peer 1: 2048 bytes
[MESSAGE] From peer 1: 2048 bytes
[MESSAGE] From peer 1: 2048 bytes
[MESSAGE] From peer 1: 2048 bytes
[MESSAGE] From peer 1: 2048 bytes
[MESSAGE] From peer 1: 2048 bytes
[MESSAGE] From peer 1: 2048 bytes
[MESSAGE] From peer 1: 2048 bytes
[MESSAGE] From peer 1: 2048 bytes
[MESSAGE] From peer 1: 2048 bytes
[MESSAGE] From peer 1: 2048 bytes
[MESSAGE] From peer 1: 2048 bytes
[MESSAGE] From peer 1: 2048 bytes
[MESSAGE] From peer 1: 2048 bytes
[MESSAGE] From peer 1: 2048 bytes
[MESSAGE] From peer 1: 2048 bytes
[MESSAGE] From peer 1: 2048 bytes
[MESSAGE] From peer 1: 2048 bytes
[MESSAGE] From peer 1: 2048 bytes
[MESSAGE] From peer 1: 2048 bytes
[MESSAGE] From peer 1: 2048 bytes
[MESSAGE] From peer 1: 2048 bytes
[MESSAGE] From peer 1: 2048 bytes
[MESSAGE] From peer 1: 2048 bytes
[MESSAGE] From peer 1: 2048 bytes
[MESSAGE] From peer 1: 2048 bytes
[MESSAGE] From peer 1: 2048 bytes
[MESSAGE] From peer 1: 2048 bytes
[MESSAGE] From peer 1: 2048 bytes
[MESSAGE] From peer 1: 2048 bytes
[MESSAGE] From peer 1: 2048 bytes
[MESSAGE] From peer 1: 2048 bytes
[MESSAGE] From peer 1: 2048 bytes
[MESSAGE] From peer 1: 2048 bytes
[MESSAGE] From peer 1: 2048 bytes
[MESSAGE] From peer 1: 2048 bytes
[MESSAGE] From peer 1: 2048 bytes
[MESSAGE] From peer 1: 2048 bytes
[MESSAGE] From peer 1: 2048 bytes
[MESSAGE] From peer 1: 2048 bytes
[MESSAGE] From peer 1: 2048 bytes
[MESSAGE] From peer 1: 2048 bytes
[MESSAGE] From peer 1: 2048 bytes
[MESSAGE] From peer 1: 2048 bytes
[MESSAGE] From peer 1: 2048 bytes
[MESSAGE] From peer 1: 2048 bytes
[MESSAGE] From peer 1: 2048 bytes
[MESSAGE] From peer 1: 2048 bytes
[MESSAGE] From peer 1: 2048 bytes
[MESSAGE] From peer 1: 2048 bytes
[MESSAGE] From peer 1: 2048 bytes
[MESSAGE] From peer 1: 2048 bytes
[MESSAGE] From peer 1: 2048 bytes
[MESSAGE] From peer 1: 2048 bytes
[MESSAGE] From peer 1: 2048 bytes
[MESSAGE] From peer 1: 2048 bytes
[MESSAGE] From peer 1: 2048 bytes
[MESSAGE] From peer 1: 2048 bytes
[MESSAGE] From peer 1: 2048 bytes
[MESSAGE] From peer 1: 2048 bytes
[MESSAGE] From peer 1: 2048 bytes
[MESSAGE] From peer 1: 2048 bytes
[MESSAGE] From peer 1: 2048 bytes
[MESSAGE] From peer 1: 2048 bytes
[MESSAGE] From peer 1: 2048 bytes
[MESSAGE] From peer 1: 2048 bytes
[MESSAGE] From peer 1: 2048 bytes
[MESSAGE] From peer 1: 2048 bytes
[MESSAGE] From peer 1: 2048 bytes
[MESSAGE] From peer 1: 2048 bytes
[MESSAGE] From peer 1: 2048 bytes
[MESSAGE] From peer 1: 2048 bytes
[ECHO] 12000 messages echoed
[MESSAGE] From peer 1: 2048 bytes
[MESSAGE] From peer 1: 2048 bytes
[MESSAGE] From peer 1: 2048 bytes
[MESSAGE] From peer 1: 2048 bytes
[MESSAGE] From peer 1: 2048 bytes
[MESSAGE] From peer 1: 2048 bytes
[MESSAGE] From peer 1: 2048 bytes
[MESSAGE] From peer 1: 2048 bytes
[MESSAGE] From peer 1: 2048 bytes
[MESSAGE] From peer 1: 2048 bytes
[MESSAGE] From peer 1: 2048 bytes
[MESSAGE] From peer 1: 2048 bytes
[MESSAGE] From peer 1: 2048 bytes
[MESSAGE] From peer 1: 2048 bytes
[MESSAGE] From peer 1: 2048 bytes
[MESSAGE] From peer 1: 2048 bytes
[MESSAGE] From peer 1: 2048 bytes
[MESSAGE] From peer 1: 2048 bytes
[MESSAGE] From peer 1: 2048 bytes
[MESSAGE] From peer 1: 2048 bytes
[MESSAGE] From peer 1: 2048 bytes
[MESSAGE] From peer 1: 2048 bytes
[MESSAGE] From peer 1: 2048 bytes
[MESSAGE] From peer 1: 2048 bytes
[MESSAGE] From peer 1: 2048 bytes
[MESSAGE] From peer 1: 2048 bytes
[MESSAGE] From peer 1: 2048 bytes
[MESSAGE] From peer 1: 2048 bytes
[MESSAGE] From peer 1: 2048 bytes
[MESSAGE] From peer 1: 2048 bytes
[MESSAGE] From peer 1: 2048 bytes
[MESSAGE] From peer 1: 2048 bytes
[MESSAGE] From peer 1: 2048 bytes
[MESSAGE] From peer 1: 2048 bytes
[MESSAGE] From peer 1: 2048 bytes
[MESSAGE] From peer 1: 2048 bytes
[MESSAGE] From peer 1: 2048 bytes
[MESSAGE] From peer 1: 2048 bytes
[MESSAGE] From peer 1: 2048 bytes
[MESSAGE] From peer 1: 2048 bytes
[MESSAGE] From peer 1: 2048 bytes
[MESSAGE] From peer 1: 2048 bytes
[MESSAGE] From peer 1: 2048 bytes
[MESSAGE] From peer 1: 2048 bytes
[MESSAGE] From peer 1: 2048 bytes
[MESSAGE] From peer 1: 2048 bytes
[MESSAGE] From peer 1: 2048 bytes
[MESSAGE] From peer 1: 2048 bytes
[MESSAGE] From peer 1: 2048 bytes
[MESSAGE] From peer 1: 2048 bytes
[MESSAGE] From peer 1: 2048 bytes
[MESSAGE] From peer 1: 2048 bytes
[MESSAGE] From peer 1: 2048 bytes
[MESSAGE] From peer 1: 2048 bytes
[MESSAGE] From peer 1: 2048 bytes
[MESSAGE] From peer 1: 2048 bytes
[MESSAGE] From peer 1: 2048 bytes
[MESSAGE] From peer 1: 2048 bytes
[MESSAGE] From peer 1: 2048 bytes
[MESSAGE] From peer 1: 2048 bytes
[MESSAGE] From peer 1: 2048 bytes
[MESSAGE] From peer 1: 2048 bytes
[MESSAGE] From peer 1: 2048 bytes
[MESSAGE] From peer 1: 2048 bytes
[MESSAGE] From peer 1: 2048 bytes
[MESSAGE] From peer 1: 2048 bytes
[MESSAGE] From peer 1: 2048 bytes
[MESSAGE] From peer 1: 2048 bytes
[MESSAGE] From peer 1: 2048 bytes
[MESSAGE] From peer 1: 2048 bytes
[MESSAGE] From peer 1: 2048 bytes
[MESSAGE] From peer 1: 2048 bytes
[MESSAGE] From peer 1: 2048 bytes
[MESSAGE] From peer 1: 2048 bytes
[MESSAGE] From peer 1: 2048 bytes
[MESSAGE] From peer 1: 2048 bytes
[MESSAGE] From peer 1: 2048 bytes
[MESSAGE] From peer 1: 2048 bytes
[MESSAGE] From peer 1: 2048 bytes
[MESSAGE] From peer 1: 2048 bytes
[MESSAGE] From peer 1: 2048 bytes
[MESSAGE] From peer 1: 2048 bytes
[MESSAGE] From peer 1: 2048 bytes
[MESSAGE] From peer 1: 2048 bytes
[MESSAGE] From peer 1: 2048 bytes
[MESSAGE] From peer 1: 2048 bytes
[MESSAGE] From peer 1: 2048 bytes
[MESSAGE] From peer 1: 2048 bytes
[MESSAGE] From peer 1: 2048 bytes
[MESSAGE] From peer 1: 2048 bytes
[MESSAGE] From peer 1: 2048 bytes
[MESSAGE] From peer 1: 2048 bytes
[MESSAGE] From peer 1: 2048 bytes
[MESSAGE] From peer 1: 2048 bytes
[MESSAGE] From peer 1: 2048 bytes
[MESSAGE] From peer 1: 2048 bytes
[MESSAGE] From peer 1: 2048 bytes
[MESSAGE] From peer 1: 2048 bytes
[MESSAGE] From peer 1: 2048 bytes
[MESSAGE] From peer 1: 2048 bytes
[ECHO] 12100 messages echoed
[MESSAGE] From peer 1: 2048 bytes
[MESSAGE] From peer 1: 2048 bytes
[STATUS] 1410 sec: peers=13, msgs=12107, connected=yes
[MESSAGE] From peer 1: 2048 bytes
[MESSAGE] From peer 1: 2048 bytes
[MESSAGE] From peer 1: 2048 bytes
[MESSAGE] From peer 1: 2048 bytes
[MESSAGE] From peer 1: 2048 bytes
[MESSAGE] From peer 1: 2048 bytes
[MESSAGE] From peer 1: 2048 bytes
[MESSAGE] From peer 1: 2048 bytes
[MESSAGE] From peer 1: 2048 bytes
[MESSAGE] From peer 1: 2048 bytes
[MESSAGE] From peer 1: 2048 bytes
[MESSAGE] From peer 1: 2048 bytes
[MESSAGE] From peer 1: 2048 bytes
[MESSAGE] From peer 1: 2048 bytes
[MESSAGE] From peer 1: 2048 bytes
[MESSAGE] From peer 1: 2048 bytes
[MESSAGE] From peer 1: 2048 bytes
[MESSAGE] From peer 1: 2048 bytes
[MESSAGE] From peer 1: 2048 bytes
[DISCOVERED] Peer 2: "MacThroughput" at 10.188.1.213:7354
[MESSAGE] From peer 1: 2048 bytes
[MESSAGE] From peer 1: 2048 bytes
[MESSAGE] From peer 1: 2048 bytes
[MESSAGE] From peer 1: 2048 bytes
[MESSAGE] From peer 1: 2048 bytes
[MESSAGE] From peer 1: 2048 bytes
[MESSAGE] From peer 1: 2048 bytes
[MESSAGE] From peer 1: 2048 bytes
[MESSAGE] From peer 1: 2048 bytes
[MESSAGE] From peer 1: 2048 bytes
[MESSAGE] From peer 1: 2048 bytes
[MESSAGE] From peer 1: 2048 bytes
[MESSAGE] From peer 1: 2048 bytes
[MESSAGE] From peer 1: 2048 bytes
[MESSAGE] From peer 1: 2048 bytes
[MESSAGE] From peer 1: 2048 bytes
[MESSAGE] From peer 1: 2048 bytes
[MESSAGE] From peer 1: 2048 bytes
[MESSAGE] From peer 1: 2048 bytes
[MESSAGE] From peer 1: 2048 bytes
[MESSAGE] From peer 1: 2048 bytes
[MESSAGE] From peer 1: 2048 bytes
[MESSAGE] From peer 1: 2048 bytes
[MESSAGE] From peer 1: 2048 bytes
[MESSAGE] From peer 1: 2048 bytes
[MESSAGE] From peer 1: 2048 bytes
[MESSAGE] From peer 1: 2048 bytes
[MESSAGE] From peer 1: 2048 bytes
[MESSAGE] From peer 1: 2048 bytes
[MESSAGE] From peer 1: 2048 bytes
[MESSAGE] From peer 1: 2048 bytes
[MESSAGE] From peer 1: 2048 bytes
[MESSAGE] From peer 1: 2048 bytes
[MESSAGE] From peer 1: 2048 bytes
[MESSAGE] From peer 1: 2048 bytes
[MESSAGE] From peer 1: 2048 bytes
[MESSAGE] From peer 1: 2048 bytes
[MESSAGE] From peer 1: 2048 bytes
[MESSAGE] From peer 1: 2048 bytes
[MESSAGE] From peer 1: 2048 bytes
[MESSAGE] From peer 1: 2048 bytes
[MESSAGE] From peer 1: 2048 bytes
[MESSAGE] From peer 1: 2048 bytes
[MESSAGE] From peer 1: 2048 bytes
[MESSAGE] From peer 1: 2048 bytes
[MESSAGE] From peer 1: 2048 bytes
[MESSAGE] From peer 1: 2048 bytes
[MESSAGE] From peer 1: 2048 bytes
[MESSAGE] From peer 1: 2048 bytes
[MESSAGE] From peer 1: 2048 bytes
[MESSAGE] From peer 1: 2048 bytes
[MESSAGE] From peer 1: 2048 bytes
[MESSAGE] From peer 1: 2048 bytes
[MESSAGE] From peer 1: 2048 bytes
[MESSAGE] From peer 1: 2048 bytes
[MESSAGE] From peer 1: 2048 bytes
[MESSAGE] From peer 1: 2048 bytes
[MESSAGE] From peer 1: 2048 bytes
[MESSAGE] From peer 1: 2048 bytes
[MESSAGE] From peer 1: 2048 bytes
[MESSAGE] From peer 1: 2048 bytes
[MESSAGE] From peer 1: 2048 bytes
[MESSAGE] From peer 1: 2048 bytes
[MESSAGE] From peer 1: 2048 bytes
[MESSAGE] From peer 1: 2048 bytes
[MESSAGE] From peer 1: 2048 bytes
[MESSAGE] From peer 1: 2048 bytes
[MESSAGE] From peer 1: 2048 bytes
[MESSAGE] From peer 1: 2048 bytes
[MESSAGE] From peer 1: 2048 bytes
[MESSAGE] From peer 1: 2048 bytes
[MESSAGE] From peer 1: 2048 bytes
[MESSAGE] From peer 1: 2048 bytes
[MESSAGE] From peer 1: 2048 bytes
[MESSAGE] From peer 1: 2048 bytes
[MESSAGE] From peer 1: 2048 bytes
[MESSAGE] From peer 1: 2048 bytes
[MESSAGE] From peer 1: 2048 bytes
[MESSAGE] From peer 1: 2048 bytes
[ECHO] 12200 messages echoed
[MESSAGE] From peer 1: 2048 bytes
[MESSAGE] From peer 1: 2048 bytes
[MESSAGE] From peer 1: 2048 bytes
[MESSAGE] From peer 1: 2048 bytes
[MESSAGE] From peer 1: 2048 bytes
[MESSAGE] From peer 1: 2048 bytes
[MESSAGE] From peer 1: 2048 bytes
[MESSAGE] From peer 1: 2048 bytes
[MESSAGE] From peer 1: 2048 bytes
[MESSAGE] From peer 1: 2048 bytes
[MESSAGE] From peer 1: 2048 bytes
[MESSAGE] From peer 1: 2048 bytes
[MESSAGE] From peer 1: 2048 bytes
[MESSAGE] From peer 1: 2048 bytes
[MESSAGE] From peer 1: 2048 bytes
[MESSAGE] From peer 1: 2048 bytes
[MESSAGE] From peer 1: 2048 bytes
[MESSAGE] From peer 1: 2048 bytes
[MESSAGE] From peer 1: 2048 bytes
[MESSAGE] From peer 1: 2048 bytes
[MESSAGE] From peer 1: 2048 bytes
[MESSAGE] From peer 1: 2048 bytes
[MESSAGE] From peer 1: 2048 bytes
[MESSAGE] From peer 1: 2048 bytes
[MESSAGE] From peer 1: 2048 bytes
[MESSAGE] From peer 1: 2048 bytes
[MESSAGE] From peer 1: 2048 bytes
[MESSAGE] From peer 1: 2048 bytes
[MESSAGE] From peer 1: 2048 bytes
[MESSAGE] From peer 1: 2048 bytes
[MESSAGE] From peer 1: 2048 bytes
[MESSAGE] From peer 1: 2048 bytes
[MESSAGE] From peer 1: 2048 bytes
[MESSAGE] From peer 1: 2048 bytes
[MESSAGE] From peer 1: 2048 bytes
[MESSAGE] From peer 1: 2048 bytes
[MESSAGE] From peer 1: 2048 bytes
[MESSAGE] From peer 1: 2048 bytes
[MESSAGE] From peer 1: 2048 bytes
[MESSAGE] From peer 1: 2048 bytes
[MESSAGE] From peer 1: 2048 bytes
[MESSAGE] From peer 1: 2048 bytes
[MESSAGE] From peer 1: 2048 bytes
[MESSAGE] From peer 1: 2048 bytes
[MESSAGE] From peer 1: 2048 bytes
[MESSAGE] From peer 1: 2048 bytes
[MESSAGE] From peer 1: 2048 bytes
[MESSAGE] From peer 1: 2048 bytes
[MESSAGE] From peer 1: 2048 bytes
[MESSAGE] From peer 1: 2048 bytes
[MESSAGE] From peer 1: 2048 bytes
[MESSAGE] From peer 1: 2048 bytes
[MESSAGE] From peer 1: 2048 bytes
[MESSAGE] From peer 1: 2048 bytes
[MESSAGE] From peer 1: 2048 bytes
[MESSAGE] From peer 1: 2048 bytes
[MESSAGE] From peer 1: 2048 bytes
[MESSAGE] From peer 1: 2048 bytes
[MESSAGE] From peer 1: 2048 bytes
[MESSAGE] From peer 1: 2048 bytes
[MESSAGE] From peer 1: 2048 bytes
[MESSAGE] From peer 1: 2048 bytes
[MESSAGE] From peer 1: 2048 bytes
[MESSAGE] From peer 1: 2048 bytes
[MESSAGE] From peer 1: 2048 bytes
[MESSAGE] From peer 1: 2048 bytes
[MESSAGE] From peer 1: 2048 bytes
[MESSAGE] From peer 1: 2048 bytes
[MESSAGE] From peer 1: 2048 bytes
[MESSAGE] From peer 1: 2048 bytes
[MESSAGE] From peer 1: 2048 bytes
[MESSAGE] From peer 1: 2048 bytes
[MESSAGE] From peer 1: 2048 bytes
[MESSAGE] From peer 1: 2048 bytes
[MESSAGE] From peer 1: 2048 bytes
[MESSAGE] From peer 1: 2048 bytes
[MESSAGE] From peer 1: 2048 bytes
[MESSAGE] From peer 1: 2048 bytes
[MESSAGE] From peer 1: 2048 bytes
[MESSAGE] From peer 1: 2048 bytes
[MESSAGE] From peer 1: 2048 bytes
[MESSAGE] From peer 1: 2048 bytes
[MESSAGE] From peer 1: 2048 bytes
[MESSAGE] From peer 1: 2048 bytes
[MESSAGE] From peer 1: 2048 bytes
[MESSAGE] From peer 1: 2048 bytes
[MESSAGE] From peer 1: 2048 bytes
[MESSAGE] From peer 1: 2048 bytes
[MESSAGE] From peer 1: 2048 bytes
[MESSAGE] From peer 1: 2048 bytes
[MESSAGE] From peer 1: 2048 bytes
[MESSAGE] From peer 1: 2048 bytes
[MESSAGE] From peer 1: 2048 bytes
[MESSAGE] From peer 1: 2048 bytes
[MESSAGE] From peer 1: 2048 bytes
[MESSAGE] From peer 1: 2048 bytes
[MESSAGE] From peer 1: 2048 bytes
[MESSAGE] From peer 1: 2048 bytes
[MESSAGE] From peer 1: 2048 bytes
[MESSAGE] From peer 1: 2048 bytes
[ECHO] 12300 messages echoed
[MESSAGE] From peer 1: 2048 bytes
[MESSAGE] From peer 1: 2048 bytes
[MESSAGE] From peer 1: 2048 bytes
[MESSAGE] From peer 1: 2048 bytes
[MESSAGE] From peer 1: 2048 bytes
[MESSAGE] From peer 1: 2048 bytes
[MESSAGE] From peer 1: 2048 bytes
[MESSAGE] From peer 1: 2048 bytes
[MESSAGE] From peer 1: 2048 bytes
[MESSAGE] From peer 1: 2048 bytes
[MESSAGE] From peer 1: 2048 bytes
[MESSAGE] From peer 1: 2048 bytes
[MESSAGE] From peer 1: 2048 bytes
[MESSAGE] From peer 1: 2048 bytes
[MESSAGE] From peer 1: 2048 bytes
[MESSAGE] From peer 1: 2048 bytes
[MESSAGE] From peer 1: 2048 bytes
[MESSAGE] From peer 1: 2048 bytes
[MESSAGE] From peer 1: 2048 bytes
[MESSAGE] From peer 1: 2048 bytes
[MESSAGE] From peer 1: 2048 bytes
[MESSAGE] From peer 1: 2048 bytes
[MESSAGE] From peer 1: 2048 bytes
[MESSAGE] From peer 1: 2048 bytes
[MESSAGE] From peer 1: 2048 bytes
[MESSAGE] From peer 1: 2048 bytes
[MESSAGE] From peer 1: 2048 bytes
[MESSAGE] From peer 1: 2048 bytes
[MESSAGE] From peer 1: 2048 bytes
[MESSAGE] From peer 1: 2048 bytes
[MESSAGE] From peer 1: 2048 bytes
[MESSAGE] From peer 1: 2048 bytes
[MESSAGE] From peer 1: 2048 bytes
[MESSAGE] From peer 1: 2048 bytes
[MESSAGE] From peer 1: 2048 bytes
[MESSAGE] From peer 1: 2048 bytes
[MESSAGE] From peer 1: 2048 bytes
[MESSAGE] From peer 1: 2048 bytes
[MESSAGE] From peer 1: 2048 bytes
[MESSAGE] From peer 1: 2048 bytes
[MESSAGE] From peer 1: 2048 bytes
[MESSAGE] From peer 1: 2048 bytes
[MESSAGE] From peer 1: 2048 bytes
[MESSAGE] From peer 1: 2048 bytes
[MESSAGE] From peer 1: 2048 bytes
[MESSAGE] From peer 1: 2048 bytes
[MESSAGE] From peer 1: 2048 bytes
[MESSAGE] From peer 1: 2048 bytes
[MESSAGE] From peer 1: 2048 bytes
[MESSAGE] From peer 1: 2048 bytes
[MESSAGE] From peer 1: 2048 bytes
[MESSAGE] From peer 1: 2048 bytes
[MESSAGE] From peer 1: 2048 bytes
[MESSAGE] From peer 1: 2048 bytes
[MESSAGE] From peer 1: 2048 bytes
[MESSAGE] From peer 1: 2048 bytes
[MESSAGE] From peer 1: 2048 bytes
[MESSAGE] From peer 1: 2048 bytes
[MESSAGE] From peer 1: 2048 bytes
[MESSAGE] From peer 1: 2048 bytes
[MESSAGE] From peer 1: 2048 bytes
[MESSAGE] From peer 1: 2048 bytes
[MESSAGE] From peer 1: 2048 bytes
[MESSAGE] From peer 1: 2048 bytes
[MESSAGE] From peer 1: 2048 bytes
[MESSAGE] From peer 1: 2048 bytes
[MESSAGE] From peer 1: 2048 bytes
[MESSAGE] From peer 1: 2048 bytes
[MESSAGE] From peer 1: 2048 bytes
[MESSAGE] From peer 1: 2048 bytes
[MESSAGE] From peer 1: 2048 bytes
[MESSAGE] From peer 1: 2048 bytes
[MESSAGE] From peer 1: 2048 bytes
[MESSAGE] From peer 1: 2048 bytes
[MESSAGE] From peer 1: 2048 bytes
[MESSAGE] From peer 1: 2048 bytes
[MESSAGE] From peer 1: 2048 bytes
[MESSAGE] From peer 1: 2048 bytes
[MESSAGE] From peer 1: 2048 bytes
[MESSAGE] From peer 1: 2048 bytes
[MESSAGE] From peer 1: 2048 bytes
[MESSAGE] From peer 1: 2048 bytes
[MESSAGE] From peer 1: 2048 bytes
[MESSAGE] From peer 1: 2048 bytes
[MESSAGE] From peer 1: 2048 bytes
[MESSAGE] From peer 1: 2048 bytes
[MESSAGE] From peer 1: 2048 bytes
[MESSAGE] From peer 1: 2048 bytes
[MESSAGE] From peer 1: 2048 bytes
[MESSAGE] From peer 1: 2048 bytes
[MESSAGE] From peer 1: 2048 bytes
[MESSAGE] From peer 1: 2048 bytes
[MESSAGE] From peer 1: 2048 bytes
[MESSAGE] From peer 1: 2048 bytes
[MESSAGE] From peer 1: 2048 bytes
[MESSAGE] From peer 1: 2048 bytes
[MESSAGE] From peer 1: 2048 bytes
[MESSAGE] From peer 1: 2048 bytes
[MESSAGE] From peer 1: 2048 bytes
[MESSAGE] From peer 1: 2048 bytes
[ECHO] 12400 messages echoed
[MESSAGE] From peer 1: 2048 bytes
[MESSAGE] From peer 1: 2048 bytes
[MESSAGE] From peer 1: 2048 bytes
[MESSAGE] From peer 1: 2048 bytes
[MESSAGE] From peer 1: 2048 bytes
[MESSAGE] From peer 1: 2048 bytes
[MESSAGE] From peer 1: 2048 bytes
[MESSAGE] From peer 1: 2048 bytes
[MESSAGE] From peer 1: 2048 bytes
[MESSAGE] From peer 1: 2048 bytes
[MESSAGE] From peer 1: 2048 bytes
[MESSAGE] From peer 1: 2048 bytes
[MESSAGE] From peer 1: 2048 bytes
[MESSAGE] From peer 1: 2048 bytes
[MESSAGE] From peer 1: 2048 bytes
[MESSAGE] From peer 1: 2048 bytes
[MESSAGE] From peer 1: 2048 bytes
[MESSAGE] From peer 1: 2048 bytes
[MESSAGE] From peer 1: 2048 bytes
[MESSAGE] From peer 1: 2048 bytes
[MESSAGE] From peer 1: 2048 bytes
[MESSAGE] From peer 1: 2048 bytes
[MESSAGE] From peer 1: 2048 bytes
[MESSAGE] From peer 1: 2048 bytes
[MESSAGE] From peer 1: 2048 bytes
[MESSAGE] From peer 1: 2048 bytes
[MESSAGE] From peer 1: 2048 bytes
[MESSAGE] From peer 1: 2048 bytes
[MESSAGE] From peer 1: 2048 bytes
[MESSAGE] From peer 1: 2048 bytes
[MESSAGE] From peer 1: 2048 bytes
[MESSAGE] From peer 1: 2048 bytes
[MESSAGE] From peer 1: 2048 bytes
[MESSAGE] From peer 1: 2048 bytes
[MESSAGE] From peer 1: 2048 bytes
[MESSAGE] From peer 1: 2048 bytes
[MESSAGE] From peer 1: 2048 bytes
[MESSAGE] From peer 1: 2048 bytes
[MESSAGE] From peer 1: 2048 bytes
[MESSAGE] From peer 1: 2048 bytes
[MESSAGE] From peer 1: 2048 bytes
[MESSAGE] From peer 1: 2048 bytes
[MESSAGE] From peer 1: 2048 bytes
[MESSAGE] From peer 1: 2048 bytes
[MESSAGE] From peer 1: 2048 bytes
[MESSAGE] From peer 1: 2048 bytes
[MESSAGE] From peer 1: 2048 bytes
[MESSAGE] From peer 1: 2048 bytes
[MESSAGE] From peer 1: 2048 bytes
[MESSAGE] From peer 1: 2048 bytes
[MESSAGE] From peer 1: 2048 bytes
[MESSAGE] From peer 1: 2048 bytes
[MESSAGE] From peer 1: 2048 bytes
[MESSAGE] From peer 1: 2048 bytes
[MESSAGE] From peer 1: 2048 bytes
[MESSAGE] From peer 1: 2048 bytes
[MESSAGE] From peer 1: 2048 bytes
[MESSAGE] From peer 1: 2048 bytes
[MESSAGE] From peer 1: 2048 bytes
[MESSAGE] From peer 1: 2048 bytes
[MESSAGE] From peer 1: 2048 bytes
[MESSAGE] From peer 1: 2048 bytes
[MESSAGE] From peer 1: 2048 bytes
[MESSAGE] From peer 1: 2048 bytes
[MESSAGE] From peer 1: 2048 bytes
[MESSAGE] From peer 1: 2048 bytes
[MESSAGE] From peer 1: 2048 bytes
[MESSAGE] From peer 1: 2048 bytes
[MESSAGE] From peer 1: 2048 bytes
[MESSAGE] From peer 1: 2048 bytes
[MESSAGE] From peer 1: 2048 bytes
[MESSAGE] From peer 1: 2048 bytes
[MESSAGE] From peer 1: 2048 bytes
[MESSAGE] From peer 1: 2048 bytes
[MESSAGE] From peer 1: 2048 bytes
[MESSAGE] From peer 1: 2048 bytes
[MESSAGE] From peer 1: 2048 bytes
[MESSAGE] From peer 1: 2048 bytes
[MESSAGE] From peer 1: 2048 bytes
[MESSAGE] From peer 1: 2048 bytes
[MESSAGE] From peer 1: 2048 bytes
[MESSAGE] From peer 1: 2048 bytes
[MESSAGE] From peer 1: 2048 bytes
[MESSAGE] From peer 1: 2048 bytes
[MESSAGE] From peer 1: 2048 bytes
[MESSAGE] From peer 1: 2048 bytes
[MESSAGE] From peer 1: 2048 bytes
[MESSAGE] From peer 1: 2048 bytes
[MESSAGE] From peer 1: 2048 bytes
[MESSAGE] From peer 1: 2048 bytes
[MESSAGE] From peer 1: 2048 bytes
[MESSAGE] From peer 1: 2048 bytes
[MESSAGE] From peer 1: 2048 bytes
[MESSAGE] From peer 1: 2048 bytes
[MESSAGE] From peer 1: 2048 bytes
[MESSAGE] From peer 1: 2048 bytes
[MESSAGE] From peer 1: 2048 bytes
[MESSAGE] From peer 1: 2048 bytes
[MESSAGE] From peer 1: 2048 bytes
[MESSAGE] From peer 1: 2048 bytes
[ECHO] 12500 messages echoed
[MESSAGE] From peer 1: 2048 bytes
[MESSAGE] From peer 1: 2048 bytes
[MESSAGE] From peer 1: 2048 bytes
[MESSAGE] From peer 1: 2048 bytes
[MESSAGE] From peer 1: 2048 bytes
[MESSAGE] From peer 1: 2048 bytes
[MESSAGE] From peer 1: 2048 bytes
[MESSAGE] From peer 1: 2048 bytes
[MESSAGE] From peer 1: 2048 bytes
[MESSAGE] From peer 1: 2048 bytes
[MESSAGE] From peer 1: 2048 bytes
[MESSAGE] From peer 1: 2048 bytes
[MESSAGE] From peer 1: 2048 bytes
[MESSAGE] From peer 1: 2048 bytes
[MESSAGE] From peer 1: 2048 bytes
[MESSAGE] From peer 1: 2048 bytes
[MESSAGE] From peer 1: 2048 bytes
[MESSAGE] From peer 1: 2048 bytes
[MESSAGE] From peer 1: 2048 bytes
[MESSAGE] From peer 1: 2048 bytes
[MESSAGE] From peer 1: 2048 bytes
[MESSAGE] From peer 1: 2048 bytes
[MESSAGE] From peer 1: 2048 bytes
[MESSAGE] From peer 1: 2048 bytes
[MESSAGE] From peer 1: 2048 bytes
[MESSAGE] From peer 1: 2048 bytes
[MESSAGE] From peer 1: 2048 bytes
[MESSAGE] From peer 1: 2048 bytes
[MESSAGE] From peer 1: 2048 bytes
[MESSAGE] From peer 1: 2048 bytes
[MESSAGE] From peer 1: 2048 bytes
[MESSAGE] From peer 1: 2048 bytes
[MESSAGE] From peer 1: 2048 bytes
[MESSAGE] From peer 1: 2048 bytes
[MESSAGE] From peer 1: 2048 bytes
[MESSAGE] From peer 1: 2048 bytes
[MESSAGE] From peer 1: 2048 bytes
[MESSAGE] From peer 1: 2048 bytes
[MESSAGE] From peer 1: 2048 bytes
[MESSAGE] From peer 1: 2048 bytes
[MESSAGE] From peer 1: 2048 bytes
[MESSAGE] From peer 1: 2048 bytes
[MESSAGE] From peer 1: 2048 bytes
[MESSAGE] From peer 1: 2048 bytes
[MESSAGE] From peer 1: 2048 bytes
[MESSAGE] From peer 1: 2048 bytes
[MESSAGE] From peer 1: 2048 bytes
[MESSAGE] From peer 1: 2048 bytes
[MESSAGE] From peer 1: 2048 bytes
[MESSAGE] From peer 1: 2048 bytes
[MESSAGE] From peer 1: 2048 bytes
[MESSAGE] From peer 1: 2048 bytes
[MESSAGE] From peer 1: 2048 bytes
[MESSAGE] From peer 1: 2048 bytes
[MESSAGE] From peer 1: 2048 bytes
[MESSAGE] From peer 1: 2048 bytes
[MESSAGE] From peer 1: 2048 bytes
[MESSAGE] From peer 1: 2048 bytes
[MESSAGE] From peer 1: 2048 bytes
[MESSAGE] From peer 1: 2048 bytes
[MESSAGE] From peer 1: 2048 bytes
[MESSAGE] From peer 1: 2048 bytes
[MESSAGE] From peer 1: 2048 bytes
[MESSAGE] From peer 1: 2048 bytes
[MESSAGE] From peer 1: 2048 bytes
[MESSAGE] From peer 1: 2048 bytes
[MESSAGE] From peer 1: 2048 bytes
[MESSAGE] From peer 1: 2048 bytes
[MESSAGE] From peer 1: 2048 bytes
[MESSAGE] From peer 1: 2048 bytes
[STATUS] 1420 sec: peers=14, msgs=12575, connected=yes
[MESSAGE] From peer 1: 2048 bytes
[MESSAGE] From peer 1: 2048 bytes
[MESSAGE] From peer 1: 2048 bytes
[MESSAGE] From peer 1: 2048 bytes
[MESSAGE] From peer 1: 2048 bytes
[MESSAGE] From peer 1: 2048 bytes
[MESSAGE] From peer 1: 2048 bytes
[MESSAGE] From peer 1: 2048 bytes
[MESSAGE] From peer 1: 2048 bytes
[MESSAGE] From peer 1: 2048 bytes
[MESSAGE] From peer 1: 2048 bytes
[MESSAGE] From peer 1: 2048 bytes
[MESSAGE] From peer 1: 2048 bytes
[MESSAGE] From peer 1: 2048 bytes
[MESSAGE] From peer 1: 2048 bytes
[MESSAGE] From peer 1: 2048 bytes
[MESSAGE] From peer 1: 2048 bytes
[MESSAGE] From peer 1: 2048 bytes
[MESSAGE] From peer 1: 2048 bytes
[MESSAGE] From peer 1: 2048 bytes
[MESSAGE] From peer 1: 2048 bytes
[MESSAGE] From peer 1: 2048 bytes
[MESSAGE] From peer 1: 2048 bytes
[MESSAGE] From peer 1: 2048 bytes
[MESSAGE] From peer 1: 2048 bytes
[MESSAGE] From peer 1: 2048 bytes
[MESSAGE] From peer 1: 2048 bytes
[MESSAGE] From peer 1: 2048 bytes
[MESSAGE] From peer 1: 2048 bytes
[MESSAGE] From peer 1: 2048 bytes
[ECHO] 12600 messages echoed
[MESSAGE] From peer 1: 2048 bytes
[MESSAGE] From peer 1: 2048 bytes
[MESSAGE] From peer 1: 2048 bytes
[MESSAGE] From peer 1: 2048 bytes
[MESSAGE] From peer 1: 2048 bytes
[MESSAGE] From peer 1: 2048 bytes
[MESSAGE] From peer 1: 2048 bytes
[MESSAGE] From peer 1: 2048 bytes
[MESSAGE] From peer 1: 2048 bytes
[MESSAGE] From peer 1: 2048 bytes
[MESSAGE] From peer 1: 2048 bytes
[MESSAGE] From peer 1: 2048 bytes
[MESSAGE] From peer 1: 2048 bytes
[MESSAGE] From peer 1: 2048 bytes
[MESSAGE] From peer 1: 2048 bytes
[MESSAGE] From peer 1: 2048 bytes
[MESSAGE] From peer 1: 2048 bytes
[MESSAGE] From peer 1: 2048 bytes
[MESSAGE] From peer 1: 2048 bytes
[MESSAGE] From peer 1: 2048 bytes
[MESSAGE] From peer 1: 2048 bytes
[MESSAGE] From peer 1: 2048 bytes
[MESSAGE] From peer 1: 2048 bytes
[MESSAGE] From peer 1: 2048 bytes
[MESSAGE] From peer 1: 2048 bytes
[MESSAGE] From peer 1: 2048 bytes
[MESSAGE] From peer 1: 2048 bytes
[MESSAGE] From peer 1: 2048 bytes
[MESSAGE] From peer 1: 2048 bytes
[MESSAGE] From peer 1: 2048 bytes
[MESSAGE] From peer 1: 2048 bytes
[MESSAGE] From peer 1: 2048 bytes
[MESSAGE] From peer 1: 2048 bytes
[MESSAGE] From peer 1: 2048 bytes
[MESSAGE] From peer 1: 2048 bytes
[MESSAGE] From peer 1: 2048 bytes
[MESSAGE] From peer 1: 2048 bytes
[MESSAGE] From peer 1: 2048 bytes
[MESSAGE] From peer 1: 2048 bytes
[MESSAGE] From peer 1: 2048 bytes
[MESSAGE] From peer 1: 2048 bytes
[MESSAGE] From peer 1: 2048 bytes
[MESSAGE] From peer 1: 2048 bytes
[MESSAGE] From peer 1: 2048 bytes
[MESSAGE] From peer 1: 2048 bytes
[MESSAGE] From peer 1: 2048 bytes
[MESSAGE] From peer 1: 2048 bytes
[MESSAGE] From peer 1: 2048 bytes
[MESSAGE] From peer 1: 2048 bytes
[MESSAGE] From peer 1: 2048 bytes
[MESSAGE] From peer 1: 2048 bytes
[MESSAGE] From peer 1: 2048 bytes
[MESSAGE] From peer 1: 2048 bytes
[MESSAGE] From peer 1: 2048 bytes
[MESSAGE] From peer 1: 2048 bytes
[MESSAGE] From peer 1: 2048 bytes
[MESSAGE] From peer 1: 2048 bytes
[MESSAGE] From peer 1: 2048 bytes
[MESSAGE] From peer 1: 2048 bytes
[MESSAGE] From peer 1: 2048 bytes
[MESSAGE] From peer 1: 2048 bytes
[MESSAGE] From peer 1: 2048 bytes
[MESSAGE] From peer 1: 2048 bytes
[MESSAGE] From peer 1: 2048 bytes
[MESSAGE] From peer 1: 2048 bytes
[MESSAGE] From peer 1: 2048 bytes
[MESSAGE] From peer 1: 2048 bytes
[MESSAGE] From peer 1: 2048 bytes
[MESSAGE] From peer 1: 2048 bytes
[MESSAGE] From peer 1: 2048 bytes
[MESSAGE] From peer 1: 2048 bytes
[MESSAGE] From peer 1: 2048 bytes
[MESSAGE] From peer 1: 2048 bytes
[MESSAGE] From peer 1: 2048 bytes
[MESSAGE] From peer 1: 2048 bytes
[MESSAGE] From peer 1: 2048 bytes
[MESSAGE] From peer 1: 2048 bytes
[MESSAGE] From peer 1: 2048 bytes
[MESSAGE] From peer 1: 2048 bytes
[MESSAGE] From peer 1: 2048 bytes
[MESSAGE] From peer 1: 2048 bytes
[MESSAGE] From peer 1: 2048 bytes
[MESSAGE] From peer 1: 2048 bytes
[MESSAGE] From peer 1: 2048 bytes
[MESSAGE] From peer 1: 2048 bytes
[MESSAGE] From peer 1: 2048 bytes
[MESSAGE] From peer 1: 2048 bytes
[MESSAGE] From peer 1: 2048 bytes
[MESSAGE] From peer 1: 2048 bytes
[MESSAGE] From peer 1: 2048 bytes
[MESSAGE] From peer 1: 2048 bytes
[MESSAGE] From peer 1: 2048 bytes
[MESSAGE] From peer 1: 2048 bytes
[MESSAGE] From peer 1: 2048 bytes
[MESSAGE] From peer 1: 2048 bytes
[MESSAGE] From peer 1: 2048 bytes
[MESSAGE] From peer 1: 2048 bytes
[MESSAGE] From peer 1: 2048 bytes
[MESSAGE] From peer 1: 2048 bytes
[MESSAGE] From peer 1: 2048 bytes
[ECHO] 12700 messages echoed
[MESSAGE] From peer 1: 2048 bytes
[MESSAGE] From peer 1: 2048 bytes
[MESSAGE] From peer 1: 2048 bytes
[MESSAGE] From peer 1: 2048 bytes
[MESSAGE] From peer 1: 2048 bytes
[MESSAGE] From peer 1: 2048 bytes
[MESSAGE] From peer 1: 2048 bytes
[MESSAGE] From peer 1: 2048 bytes
[MESSAGE] From peer 1: 2048 bytes
[MESSAGE] From peer 1: 2048 bytes
[MESSAGE] From peer 1: 2048 bytes
[MESSAGE] From peer 1: 2048 bytes
[MESSAGE] From peer 1: 2048 bytes
[MESSAGE] From peer 1: 2048 bytes
[MESSAGE] From peer 1: 2048 bytes
[MESSAGE] From peer 1: 2048 bytes
[MESSAGE] From peer 1: 2048 bytes
[MESSAGE] From peer 1: 2048 bytes
[MESSAGE] From peer 1: 2048 bytes
[MESSAGE] From peer 1: 2048 bytes
[MESSAGE] From peer 1: 2048 bytes
[MESSAGE] From peer 1: 2048 bytes
[MESSAGE] From peer 1: 2048 bytes
[MESSAGE] From peer 1: 2048 bytes
[MESSAGE] From peer 1: 2048 bytes
[MESSAGE] From peer 1: 2048 bytes
[MESSAGE] From peer 1: 2048 bytes
[MESSAGE] From peer 1: 2048 bytes
[MESSAGE] From peer 1: 2048 bytes
[MESSAGE] From peer 1: 2048 bytes
[MESSAGE] From peer 1: 2048 bytes
[MESSAGE] From peer 1: 2048 bytes
[MESSAGE] From peer 1: 2048 bytes
[MESSAGE] From peer 1: 2048 bytes
[MESSAGE] From peer 1: 2048 bytes
[MESSAGE] From peer 1: 2048 bytes
[MESSAGE] From peer 1: 2048 bytes
[MESSAGE] From peer 1: 2048 bytes
[MESSAGE] From peer 1: 2048 bytes
[MESSAGE] From peer 1: 2048 bytes
[MESSAGE] From peer 1: 2048 bytes
[MESSAGE] From peer 1: 2048 bytes
[MESSAGE] From peer 1: 2048 bytes
[MESSAGE] From peer 1: 2048 bytes
[MESSAGE] From peer 1: 2048 bytes
[MESSAGE] From peer 1: 2048 bytes
[MESSAGE] From peer 1: 2048 bytes
[MESSAGE] From peer 1: 2048 bytes
[MESSAGE] From peer 1: 2048 bytes
[MESSAGE] From peer 1: 2048 bytes
[MESSAGE] From peer 1: 2048 bytes
[MESSAGE] From peer 1: 2048 bytes
[MESSAGE] From peer 1: 2048 bytes
[MESSAGE] From peer 1: 2048 bytes
[MESSAGE] From peer 1: 2048 bytes
[MESSAGE] From peer 1: 2048 bytes
[MESSAGE] From peer 1: 2048 bytes
[MESSAGE] From peer 1: 2048 bytes
[MESSAGE] From peer 1: 2048 bytes
[MESSAGE] From peer 1: 2048 bytes
[MESSAGE] From peer 1: 2048 bytes
[MESSAGE] From peer 1: 2048 bytes
[MESSAGE] From peer 1: 2048 bytes
[MESSAGE] From peer 1: 2048 bytes
[MESSAGE] From peer 1: 2048 bytes
[MESSAGE] From peer 1: 2048 bytes
[MESSAGE] From peer 1: 2048 bytes
[MESSAGE] From peer 1: 2048 bytes
[MESSAGE] From peer 1: 2048 bytes
[MESSAGE] From peer 1: 2048 bytes
[MESSAGE] From peer 1: 2048 bytes
[MESSAGE] From peer 1: 2048 bytes
[MESSAGE] From peer 1: 2048 bytes
[MESSAGE] From peer 1: 2048 bytes
[MESSAGE] From peer 1: 2048 bytes
[MESSAGE] From peer 1: 2048 bytes
[MESSAGE] From peer 1: 2048 bytes
[MESSAGE] From peer 1: 2048 bytes
[MESSAGE] From peer 1: 2048 bytes
[MESSAGE] From peer 1: 2048 bytes
[MESSAGE] From peer 1: 2048 bytes
[MESSAGE] From peer 1: 2048 bytes
[MESSAGE] From peer 1: 2048 bytes
[MESSAGE] From peer 1: 2048 bytes
[MESSAGE] From peer 1: 2048 bytes
[MESSAGE] From peer 1: 2048 bytes
[MESSAGE] From peer 1: 2048 bytes
[MESSAGE] From peer 1: 2048 bytes
[MESSAGE] From peer 1: 2048 bytes
[MESSAGE] From peer 1: 2048 bytes
[MESSAGE] From peer 1: 2048 bytes
[MESSAGE] From peer 1: 2048 bytes
[MESSAGE] From peer 1: 2048 bytes
[MESSAGE] From peer 1: 2048 bytes
[MESSAGE] From peer 1: 2048 bytes
[MESSAGE] From peer 1: 2048 bytes
[MESSAGE] From peer 1: 2048 bytes
[MESSAGE] From peer 1: 2048 bytes
[MESSAGE] From peer 1: 2048 bytes
[MESSAGE] From peer 1: 2048 bytes
[ECHO] 12800 messages echoed
[MESSAGE] From peer 1: 2048 bytes
[MESSAGE] From peer 1: 2048 bytes
[MESSAGE] From peer 1: 2048 bytes
[MESSAGE] From peer 1: 2048 bytes
[MESSAGE] From peer 1: 2048 bytes
[MESSAGE] From peer 1: 2048 bytes
[MESSAGE] From peer 1: 2048 bytes
[MESSAGE] From peer 1: 2048 bytes
[MESSAGE] From peer 1: 2048 bytes
[MESSAGE] From peer 1: 2048 bytes
[MESSAGE] From peer 1: 2048 bytes
[MESSAGE] From peer 1: 2048 bytes
[MESSAGE] From peer 1: 2048 bytes
[MESSAGE] From peer 1: 2048 bytes
[MESSAGE] From peer 1: 2048 bytes
[MESSAGE] From peer 1: 2048 bytes
[MESSAGE] From peer 1: 2048 bytes
[MESSAGE] From peer 1: 2048 bytes
[MESSAGE] From peer 1: 2048 bytes
[MESSAGE] From peer 1: 2048 bytes
[MESSAGE] From peer 1: 2048 bytes
[MESSAGE] From peer 1: 2048 bytes
[MESSAGE] From peer 1: 2048 bytes
[MESSAGE] From peer 1: 2048 bytes
[MESSAGE] From peer 1: 2048 bytes
[MESSAGE] From peer 1: 2048 bytes
[MESSAGE] From peer 1: 2048 bytes
[MESSAGE] From peer 1: 2048 bytes
[MESSAGE] From peer 1: 2048 bytes
[MESSAGE] From peer 1: 2048 bytes
[MESSAGE] From peer 1: 2048 bytes
[MESSAGE] From peer 1: 2048 bytes
[MESSAGE] From peer 1: 2048 bytes
[DISCOVERED] Peer 2: "MacThroughput" at 10.188.1.213:7354
[MESSAGE] From peer 1: 2048 bytes
[MESSAGE] From peer 1: 2048 bytes
[MESSAGE] From peer 1: 2048 bytes
[MESSAGE] From peer 1: 2048 bytes
[MESSAGE] From peer 1: 2048 bytes
[MESSAGE] From peer 1: 2048 bytes
[MESSAGE] From peer 1: 2048 bytes
[MESSAGE] From peer 1: 2048 bytes
[MESSAGE] From peer 1: 2048 bytes
[MESSAGE] From peer 1: 2048 bytes
[MESSAGE] From peer 1: 2048 bytes
[MESSAGE] From peer 1: 2048 bytes
[MESSAGE] From peer 1: 2048 bytes
[MESSAGE] From peer 1: 2048 bytes
[MESSAGE] From peer 1: 2048 bytes
[MESSAGE] From peer 1: 2048 bytes
[MESSAGE] From peer 1: 2048 bytes
[MESSAGE] From peer 1: 2048 bytes
[MESSAGE] From peer 1: 2048 bytes
[MESSAGE] From peer 1: 2048 bytes
[MESSAGE] From peer 1: 2048 bytes
[MESSAGE] From peer 1: 2048 bytes
[MESSAGE] From peer 1: 2048 bytes
[MESSAGE] From peer 1: 2048 bytes
[MESSAGE] From peer 1: 2048 bytes
[MESSAGE] From peer 1: 2048 bytes
[MESSAGE] From peer 1: 2048 bytes
[MESSAGE] From peer 1: 2048 bytes
[MESSAGE] From peer 1: 2048 bytes
[MESSAGE] From peer 1: 2048 bytes
[MESSAGE] From peer 1: 2048 bytes
[MESSAGE] From peer 1: 2048 bytes
[MESSAGE] From peer 1: 2048 bytes
[MESSAGE] From peer 1: 2048 bytes
[MESSAGE] From peer 1: 2048 bytes
[MESSAGE] From peer 1: 2048 bytes
[MESSAGE] From peer 1: 2048 bytes
[MESSAGE] From peer 1: 2048 bytes
[MESSAGE] From peer 1: 2048 bytes
[MESSAGE] From peer 1: 2048 bytes
[MESSAGE] From peer 1: 2048 bytes
[MESSAGE] From peer 1: 2048 bytes
[MESSAGE] From peer 1: 2048 bytes
[MESSAGE] From peer 1: 2048 bytes
[MESSAGE] From peer 1: 2048 bytes
[MESSAGE] From peer 1: 2048 bytes
[MESSAGE] From peer 1: 2048 bytes
[MESSAGE] From peer 1: 2048 bytes
[MESSAGE] From peer 1: 2048 bytes
[MESSAGE] From peer 1: 2048 bytes
[MESSAGE] From peer 1: 2048 bytes
[MESSAGE] From peer 1: 2048 bytes
[MESSAGE] From peer 1: 2048 bytes
[MESSAGE] From peer 1: 2048 bytes
[MESSAGE] From peer 1: 2048 bytes
[MESSAGE] From peer 1: 2048 bytes
[MESSAGE] From peer 1: 2048 bytes
[MESSAGE] From peer 1: 2048 bytes
[MESSAGE] From peer 1: 2048 bytes
[MESSAGE] From peer 1: 2048 bytes
[MESSAGE] From peer 1: 2048 bytes
[MESSAGE] From peer 1: 2048 bytes
[MESSAGE] From peer 1: 2048 bytes
[MESSAGE] From peer 1: 2048 bytes
[MESSAGE] From peer 1: 2048 bytes
[MESSAGE] From peer 1: 2048 bytes
[MESSAGE] From peer 1: 2048 bytes
[ECHO] 12900 messages echoed
[MESSAGE] From peer 1: 2048 bytes
[MESSAGE] From peer 1: 2048 bytes
[MESSAGE] From peer 1: 2048 bytes
[MESSAGE] From peer 1: 2048 bytes
[MESSAGE] From peer 1: 2048 bytes
[MESSAGE] From peer 1: 2048 bytes
[MESSAGE] From peer 1: 2048 bytes
[MESSAGE] From peer 1: 2048 bytes
[MESSAGE] From peer 1: 2048 bytes
[MESSAGE] From peer 1: 2048 bytes
[MESSAGE] From peer 1: 2048 bytes
[MESSAGE] From peer 1: 2048 bytes
[MESSAGE] From peer 1: 2048 bytes
[MESSAGE] From peer 1: 2048 bytes
[MESSAGE] From peer 1: 2048 bytes
[MESSAGE] From peer 1: 2048 bytes
[MESSAGE] From peer 1: 2048 bytes
[MESSAGE] From peer 1: 2048 bytes
[MESSAGE] From peer 1: 2048 bytes
[MESSAGE] From peer 1: 2048 bytes
[MESSAGE] From peer 1: 2048 bytes
[MESSAGE] From peer 1: 2048 bytes
[MESSAGE] From peer 1: 2048 bytes
[MESSAGE] From peer 1: 2048 bytes
[MESSAGE] From peer 1: 2048 bytes
[MESSAGE] From peer 1: 2048 bytes
[MESSAGE] From peer 1: 2048 bytes
[MESSAGE] From peer 1: 2048 bytes
[MESSAGE] From peer 1: 2048 bytes
[MESSAGE] From peer 1: 2048 bytes
[MESSAGE] From peer 1: 2048 bytes
[MESSAGE] From peer 1: 2048 bytes
[MESSAGE] From peer 1: 2048 bytes
[MESSAGE] From peer 1: 2048 bytes
[MESSAGE] From peer 1: 2048 bytes
[MESSAGE] From peer 1: 2048 bytes
[MESSAGE] From peer 1: 2048 bytes
[MESSAGE] From peer 1: 2048 bytes
[MESSAGE] From peer 1: 2048 bytes
[MESSAGE] From peer 1: 2048 bytes
[MESSAGE] From peer 1: 2048 bytes
[MESSAGE] From peer 1: 2048 bytes
[MESSAGE] From peer 1: 2048 bytes
[MESSAGE] From peer 1: 2048 bytes
[MESSAGE] From peer 1: 2048 bytes
[MESSAGE] From peer 1: 2048 bytes
[MESSAGE] From peer 1: 2048 bytes
[MESSAGE] From peer 1: 2048 bytes
[MESSAGE] From peer 1: 2048 bytes
[MESSAGE] From peer 1: 2048 bytes
[MESSAGE] From peer 1: 2048 bytes
[MESSAGE] From peer 1: 2048 bytes
[MESSAGE] From peer 1: 2048 bytes
[MESSAGE] From peer 1: 2048 bytes
[MESSAGE] From peer 1: 2048 bytes
[MESSAGE] From peer 1: 2048 bytes
[MESSAGE] From peer 1: 2048 bytes
[MESSAGE] From peer 1: 2048 bytes
[MESSAGE] From peer 1: 2048 bytes
[MESSAGE] From peer 1: 2048 bytes
[MESSAGE] From peer 1: 2048 bytes
[MESSAGE] From peer 1: 2048 bytes
[MESSAGE] From peer 1: 2048 bytes
[MESSAGE] From peer 1: 2048 bytes
[MESSAGE] From peer 1: 2048 bytes
[MESSAGE] From peer 1: 2048 bytes
[MESSAGE] From peer 1: 2048 bytes
[MESSAGE] From peer 1: 2048 bytes
[MESSAGE] From peer 1: 2048 bytes
[MESSAGE] From peer 1: 2048 bytes
[MESSAGE] From peer 1: 2048 bytes
[MESSAGE] From peer 1: 2048 bytes
[MESSAGE] From peer 1: 2048 bytes
[MESSAGE] From peer 1: 2048 bytes
[MESSAGE] From peer 1: 2048 bytes
[MESSAGE] From peer 1: 2048 bytes
[MESSAGE] From peer 1: 2048 bytes
[MESSAGE] From peer 1: 2048 bytes
[MESSAGE] From peer 1: 2048 bytes
[MESSAGE] From peer 1: 2048 bytes
[MESSAGE] From peer 1: 2048 bytes
[MESSAGE] From peer 1: 2048 bytes
[MESSAGE] From peer 1: 2048 bytes
[MESSAGE] From peer 1: 2048 bytes
[MESSAGE] From peer 1: 2048 bytes
[MESSAGE] From peer 1: 2048 bytes
[MESSAGE] From peer 1: 2048 bytes
[MESSAGE] From peer 1: 2048 bytes
[MESSAGE] From peer 1: 2048 bytes
[MESSAGE] From peer 1: 2048 bytes
[MESSAGE] From peer 1: 2048 bytes
[MESSAGE] From peer 1: 2048 bytes
[MESSAGE] From peer 1: 2048 bytes
[MESSAGE] From peer 1: 2048 bytes
[MESSAGE] From peer 1: 2048 bytes
[MESSAGE] From peer 1: 2048 bytes
[MESSAGE] From peer 1: 2048 bytes
[MESSAGE] From peer 1: 2048 bytes
[MESSAGE] From peer 1: 2048 bytes
[MESSAGE] From peer 1: 2048 bytes
[ECHO] 13000 messages echoed
[MESSAGE] From peer 1: 2048 bytes
[MESSAGE] From peer 1: 2048 bytes
[MESSAGE] From peer 1: 2048 bytes
[MESSAGE] From peer 1: 2048 bytes
[MESSAGE] From peer 1: 2048 bytes
[MESSAGE] From peer 1: 2048 bytes
[MESSAGE] From peer 1: 2048 bytes
[MESSAGE] From peer 1: 2048 bytes
[MESSAGE] From peer 1: 2048 bytes
[MESSAGE] From peer 1: 2048 bytes
[MESSAGE] From peer 1: 2048 bytes
[MESSAGE] From peer 1: 2048 bytes
[MESSAGE] From peer 1: 2048 bytes
[MESSAGE] From peer 1: 2048 bytes
[MESSAGE] From peer 1: 2048 bytes
[MESSAGE] From peer 1: 2048 bytes
[MESSAGE] From peer 1: 2048 bytes
[MESSAGE] From peer 1: 2048 bytes
[MESSAGE] From peer 1: 2048 bytes
[MESSAGE] From peer 1: 2048 bytes
[MESSAGE] From peer 1: 2048 bytes
[MESSAGE] From peer 1: 2048 bytes
[MESSAGE] From peer 1: 2048 bytes
[MESSAGE] From peer 1: 2048 bytes
[MESSAGE] From peer 1: 2048 bytes
[MESSAGE] From peer 1: 2048 bytes
[MESSAGE] From peer 1: 2048 bytes
[MESSAGE] From peer 1: 2048 bytes
[MESSAGE] From peer 1: 2048 bytes
[MESSAGE] From peer 1: 2048 bytes
[MESSAGE] From peer 1: 2048 bytes
[MESSAGE] From peer 1: 2048 bytes
[MESSAGE] From peer 1: 2048 bytes
[MESSAGE] From peer 1: 2048 bytes
[MESSAGE] From peer 1: 2048 bytes
[MESSAGE] From peer 1: 2048 bytes
[MESSAGE] From peer 1: 2048 bytes
[MESSAGE] From peer 1: 2048 bytes
[MESSAGE] From peer 1: 2048 bytes
[MESSAGE] From peer 1: 2048 bytes
[MESSAGE] From peer 1: 2048 bytes
[MESSAGE] From peer 1: 2048 bytes
[MESSAGE] From peer 1: 2048 bytes
[MESSAGE] From peer 1: 2048 bytes
[MESSAGE] From peer 1: 2048 bytes
[MESSAGE] From peer 1: 2048 bytes
[MESSAGE] From peer 1: 2048 bytes
[MESSAGE] From peer 1: 2048 bytes
[MESSAGE] From peer 1: 2048 bytes
[MESSAGE] From peer 1: 2048 bytes
[MESSAGE] From peer 1: 2048 bytes
[MESSAGE] From peer 1: 2048 bytes
[MESSAGE] From peer 1: 2048 bytes
[MESSAGE] From peer 1: 2048 bytes
[MESSAGE] From peer 1: 2048 bytes
[MESSAGE] From peer 1: 2048 bytes
[MESSAGE] From peer 1: 2048 bytes
[MESSAGE] From peer 1: 2048 bytes
[MESSAGE] From peer 1: 2048 bytes
[STATUS] 1430 sec: peers=15, msgs=13064, connected=yes
[MESSAGE] From peer 1: 2048 bytes
[MESSAGE] From peer 1: 2048 bytes
[MESSAGE] From peer 1: 2048 bytes
[MESSAGE] From peer 1: 2048 bytes
[MESSAGE] From peer 1: 2048 bytes
[MESSAGE] From peer 1: 2048 bytes
[MESSAGE] From peer 1: 2048 bytes
[MESSAGE] From peer 1: 2048 bytes
[MESSAGE] From peer 1: 2048 bytes
[MESSAGE] From peer 1: 2048 bytes
[MESSAGE] From peer 1: 2048 bytes
[MESSAGE] From peer 1: 2048 bytes
[MESSAGE] From peer 1: 2048 bytes
[MESSAGE] From peer 1: 2048 bytes
[MESSAGE] From peer 1: 2048 bytes
[MESSAGE] From peer 1: 2048 bytes
[MESSAGE] From peer 1: 2048 bytes
[MESSAGE] From peer 1: 2048 bytes
[MESSAGE] From peer 1: 2048 bytes
[MESSAGE] From peer 1: 2048 bytes
[MESSAGE] From peer 1: 2048 bytes
[MESSAGE] From peer 1: 2048 bytes
[MESSAGE] From peer 1: 2048 bytes
[MESSAGE] From peer 1: 2048 bytes
[MESSAGE] From peer 1: 2048 bytes
[MESSAGE] From peer 1: 2048 bytes
[MESSAGE] From peer 1: 2048 bytes
[MESSAGE] From peer 1: 2048 bytes
[MESSAGE] From peer 1: 2048 bytes
[MESSAGE] From peer 1: 2048 bytes
[MESSAGE] From peer 1: 2048 bytes
[MESSAGE] From peer 1: 2048 bytes
[MESSAGE] From peer 1: 2048 bytes
[MESSAGE] From peer 1: 2048 bytes
[MESSAGE] From peer 1: 2048 bytes
[MESSAGE] From peer 1: 2048 bytes
[MESSAGE] From peer 1: 2048 bytes
[MESSAGE] From peer 1: 2048 bytes
[MESSAGE] From peer 1: 2048 bytes
[MESSAGE] From peer 1: 2048 bytes
[MESSAGE] From peer 1: 2048 bytes
[ECHO] 13100 messages echoed
[MESSAGE] From peer 1: 2048 bytes
[MESSAGE] From peer 1: 2048 bytes
[MESSAGE] From peer 1: 2048 bytes
[MESSAGE] From peer 1: 2048 bytes
[MESSAGE] From peer 1: 2048 bytes
[MESSAGE] From peer 1: 2048 bytes
[MESSAGE] From peer 1: 2048 bytes
[MESSAGE] From peer 1: 2048 bytes
[MESSAGE] From peer 1: 2048 bytes
[MESSAGE] From peer 1: 2048 bytes
[MESSAGE] From peer 1: 2048 bytes
[MESSAGE] From peer 1: 2048 bytes
[MESSAGE] From peer 1: 2048 bytes
[MESSAGE] From peer 1: 2048 bytes
[MESSAGE] From peer 1: 2048 bytes
[MESSAGE] From peer 1: 2048 bytes
[MESSAGE] From peer 1: 2048 bytes
[MESSAGE] From peer 1: 2048 bytes
[MESSAGE] From peer 1: 2048 bytes
[MESSAGE] From peer 1: 2048 bytes
[MESSAGE] From peer 1: 4096 bytes
[MESSAGE] From peer 1: 4096 bytes
[MESSAGE] From peer 1: 4096 bytes
[MESSAGE] From peer 1: 4096 bytes
[MESSAGE] From peer 1: 4096 bytes
[MESSAGE] From peer 1: 4096 bytes
[MESSAGE] From peer 1: 4096 bytes
[MESSAGE] From peer 1: 4096 bytes
[MESSAGE] From peer 1: 4096 bytes
[MESSAGE] From peer 1: 4096 bytes
[MESSAGE] From peer 1: 4096 bytes
[MESSAGE] From peer 1: 4096 bytes
[MESSAGE] From peer 1: 4096 bytes
[MESSAGE] From peer 1: 4096 bytes
[MESSAGE] From peer 1: 4096 bytes
[MESSAGE] From peer 1: 4096 bytes
[MESSAGE] From peer 1: 4096 bytes
[MESSAGE] From peer 1: 4096 bytes
[MESSAGE] From peer 1: 4096 bytes
[MESSAGE] From peer 1: 4096 bytes
[MESSAGE] From peer 1: 4096 bytes
[MESSAGE] From peer 1: 4096 bytes
[MESSAGE] From peer 1: 4096 bytes
[MESSAGE] From peer 1: 4096 bytes
[MESSAGE] From peer 1: 4096 bytes
[MESSAGE] From peer 1: 4096 bytes
[MESSAGE] From peer 1: 4096 bytes
[MESSAGE] From peer 1: 4096 bytes
[MESSAGE] From peer 1: 4096 bytes
[MESSAGE] From peer 1: 4096 bytes
[MESSAGE] From peer 1: 4096 bytes
[MESSAGE] From peer 1: 4096 bytes
[MESSAGE] From peer 1: 4096 bytes
[MESSAGE] From peer 1: 4096 bytes
[MESSAGE] From peer 1: 4096 bytes
[MESSAGE] From peer 1: 4096 bytes
[MESSAGE] From peer 1: 4096 bytes
[MESSAGE] From peer 1: 4096 bytes
[MESSAGE] From peer 1: 4096 bytes
[MESSAGE] From peer 1: 4096 bytes
[MESSAGE] From peer 1: 4096 bytes
[MESSAGE] From peer 1: 4096 bytes
[MESSAGE] From peer 1: 4096 bytes
[MESSAGE] From peer 1: 4096 bytes
[MESSAGE] From peer 1: 4096 bytes
[MESSAGE] From peer 1: 4096 bytes
[MESSAGE] From peer 1: 4096 bytes
[STATUS] 1440 sec: peers=15, msgs=13172, connected=yes
[STATUS] 1450 sec: peers=15, msgs=13172, connected=yes
[DISCOVERED] Peer 2: "MacThroughput" at 10.188.1.213:7354
[STATUS] 1460 sec: peers=16, msgs=13172, connected=yes
[MESSAGE] From peer 1: 1024 bytes
[LOG] Detected log stream marker from peer 1 (IP 0x0ABC01D5)
[LOG] Started receiving logs from  (IP 0x0ABC01D5, 4290 bytes expected)
[MESSAGE] From peer 1: 1024 bytes
[LOG] Received 2048/4290 bytes
[MESSAGE] From peer 1: 1024 bytes
[LOG] Received 3072/4290 bytes
[MESSAGE] From peer 1: 1024 bytes
[LOG] Received 4096/4290 bytes
[MESSAGE] From peer 1: 194 bytes
[LOG] Received 4290/4290 bytes
[LOG] Saved 4282 bytes to plan/performance/mactcp/performa6200/throughput_20260215_165159.log

========== throughput METRICS ==========
