========================================
PeerTalk Performance Test Partner
Version: 1.0.0
Mode: echo
========================================

Initializing PeerTalk...
Starting discovery on port 7353...
Starting TCP listener on port 7354...
Running until Ctrl+C...

[STATUS] 10 sec: peers=0, msgs=0, connected=no
[DISCOVERED] Peer 1: "MacThroughput" at 10.188.1.213:7354
[STATUS] 20 sec: peers=1, msgs=0, connected=no
[CONNECTED] Peer 1
[CAPS] Peer 1: max_msg=4096 chunk=1024 pressure=0 [FRAG]
[CAPS] Peer buffer: recv_buf=8192 optimal_chunk=2048
[CAPS] Effective max message: 4096 bytes
[CAPS] Optimal chunk for peer: 1024 bytes
[MESSAGE] From peer 1: 256 bytes
[MESSAGE] From peer 1: 256 bytes
[MESSAGE] From peer 1: 256 bytes
[MESSAGE] From peer 1: 256 bytes
[MESSAGE] From peer 1: 256 bytes
[MESSAGE] From peer 1: 256 bytes
[MESSAGE] From peer 1: 256 bytes
[MESSAGE] From peer 1: 256 bytes
[MESSAGE] From peer 1: 256 bytes
[MESSAGE] From peer 1: 256 bytes
[MESSAGE] From peer 1: 256 bytes
[MESSAGE] From peer 1: 256 bytes
[MESSAGE] From peer 1: 256 bytes
[MESSAGE] From peer 1: 256 bytes
[MESSAGE] From peer 1: 256 bytes
[MESSAGE] From peer 1: 256 bytes
[MESSAGE] From peer 1: 256 bytes
[MESSAGE] From peer 1: 256 bytes
[MESSAGE] From peer 1: 256 bytes
[MESSAGE] From peer 1: 256 bytes
[MESSAGE] From peer 1: 256 bytes
[MESSAGE] From peer 1: 256 bytes
[MESSAGE] From peer 1: 256 bytes
[MESSAGE] From peer 1: 256 bytes
[MESSAGE] From peer 1: 256 bytes
[MESSAGE] From peer 1: 256 bytes
[MESSAGE] From peer 1: 256 bytes
[MESSAGE] From peer 1: 256 bytes
[MESSAGE] From peer 1: 256 bytes
[MESSAGE] From peer 1: 256 bytes
[MESSAGE] From peer 1: 256 bytes
[MESSAGE] From peer 1: 256 bytes
[MESSAGE] From peer 1: 256 bytes
[MESSAGE] From peer 1: 256 bytes
[MESSAGE] From peer 1: 256 bytes
[MESSAGE] From peer 1: 256 bytes
[MESSAGE] From peer 1: 256 bytes
[MESSAGE] From peer 1: 256 bytes
[MESSAGE] From peer 1: 256 bytes
[MESSAGE] From peer 1: 256 bytes
[MESSAGE] From peer 1: 256 bytes
[MESSAGE] From peer 1: 256 bytes
[MESSAGE] From peer 1: 256 bytes
[MESSAGE] From peer 1: 256 bytes
[MESSAGE] From peer 1: 256 bytes
[MESSAGE] From peer 1: 256 bytes
[MESSAGE] From peer 1: 256 bytes
[MESSAGE] From peer 1: 256 bytes
[MESSAGE] From peer 1: 256 bytes
[MESSAGE] From peer 1: 256 bytes
[MESSAGE] From peer 1: 256 bytes
[MESSAGE] From peer 1: 256 bytes
[MESSAGE] From peer 1: 256 bytes
[MESSAGE] From peer 1: 256 bytes
[MESSAGE] From peer 1: 256 bytes
[MESSAGE] From peer 1: 256 bytes
[MESSAGE] From peer 1: 256 bytes
[MESSAGE] From peer 1: 256 bytes
[MESSAGE] From peer 1: 256 bytes
[MESSAGE] From peer 1: 256 bytes
[MESSAGE] From peer 1: 256 bytes
[MESSAGE] From peer 1: 256 bytes
[MESSAGE] From peer 1: 256 bytes
[MESSAGE] From peer 1: 256 bytes
[MESSAGE] From peer 1: 256 bytes
[MESSAGE] From peer 1: 256 bytes
[MESSAGE] From peer 1: 256 bytes
[MESSAGE] From peer 1: 256 bytes
[MESSAGE] From peer 1: 256 bytes
[MESSAGE] From peer 1: 256 bytes
[MESSAGE] From peer 1: 256 bytes
[MESSAGE] From peer 1: 256 bytes
[MESSAGE] From peer 1: 256 bytes
[MESSAGE] From peer 1: 256 bytes
[MESSAGE] From peer 1: 256 bytes
[MESSAGE] From peer 1: 256 bytes
[MESSAGE] From peer 1: 256 bytes
[MESSAGE] From peer 1: 256 bytes
[MESSAGE] From peer 1: 256 bytes
[MESSAGE] From peer 1: 256 bytes
[MESSAGE] From peer 1: 256 bytes
[MESSAGE] From peer 1: 256 bytes
[MESSAGE] From peer 1: 256 bytes
[MESSAGE] From peer 1: 256 bytes
[MESSAGE] From peer 1: 256 bytes
[MESSAGE] From peer 1: 256 bytes
[MESSAGE] From peer 1: 256 bytes
[MESSAGE] From peer 1: 256 bytes
[MESSAGE] From peer 1: 256 bytes
[MESSAGE] From peer 1: 256 bytes
[MESSAGE] From peer 1: 256 bytes
[MESSAGE] From peer 1: 256 bytes
[MESSAGE] From peer 1: 256 bytes
[MESSAGE] From peer 1: 256 bytes
[MESSAGE] From peer 1: 256 bytes
[MESSAGE] From peer 1: 256 bytes
[MESSAGE] From peer 1: 256 bytes
[MESSAGE] From peer 1: 256 bytes
[MESSAGE] From peer 1: 256 bytes
[MESSAGE] From peer 1: 256 bytes
[ECHO] 100 messages echoed
[MESSAGE] From peer 1: 256 bytes
[MESSAGE] From peer 1: 256 bytes
[MESSAGE] From peer 1: 256 bytes
[MESSAGE] From peer 1: 256 bytes
[MESSAGE] From peer 1: 256 bytes
[MESSAGE] From peer 1: 256 bytes
[MESSAGE] From peer 1: 256 bytes
[MESSAGE] From peer 1: 256 bytes
[MESSAGE] From peer 1: 256 bytes
[MESSAGE] From peer 1: 256 bytes
[MESSAGE] From peer 1: 256 bytes
[MESSAGE] From peer 1: 256 bytes
[MESSAGE] From peer 1: 256 bytes
[MESSAGE] From peer 1: 256 bytes
[MESSAGE] From peer 1: 256 bytes
[MESSAGE] From peer 1: 256 bytes
[MESSAGE] From peer 1: 256 bytes
[MESSAGE] From peer 1: 256 bytes
[MESSAGE] From peer 1: 256 bytes
[MESSAGE] From peer 1: 256 bytes
[MESSAGE] From peer 1: 256 bytes
[MESSAGE] From peer 1: 256 bytes
[MESSAGE] From peer 1: 256 bytes
[MESSAGE] From peer 1: 256 bytes
[MESSAGE] From peer 1: 256 bytes
[MESSAGE] From peer 1: 256 bytes
[MESSAGE] From peer 1: 256 bytes
[MESSAGE] From peer 1: 256 bytes
[MESSAGE] From peer 1: 256 bytes
[MESSAGE] From peer 1: 256 bytes
[MESSAGE] From peer 1: 256 bytes
[MESSAGE] From peer 1: 256 bytes
[MESSAGE] From peer 1: 256 bytes
[MESSAGE] From peer 1: 256 bytes
[MESSAGE] From peer 1: 256 bytes
[MESSAGE] From peer 1: 256 bytes
[MESSAGE] From peer 1: 256 bytes
[MESSAGE] From peer 1: 256 bytes
[MESSAGE] From peer 1: 256 bytes
[MESSAGE] From peer 1: 256 bytes
[MESSAGE] From peer 1: 256 bytes
[MESSAGE] From peer 1: 256 bytes
[MESSAGE] From peer 1: 256 bytes
[MESSAGE] From peer 1: 256 bytes
[MESSAGE] From peer 1: 256 bytes
[MESSAGE] From peer 1: 256 bytes
[MESSAGE] From peer 1: 256 bytes
[MESSAGE] From peer 1: 256 bytes
[MESSAGE] From peer 1: 256 bytes
[MESSAGE] From peer 1: 256 bytes
[MESSAGE] From peer 1: 256 bytes
[MESSAGE] From peer 1: 256 bytes
[MESSAGE] From peer 1: 256 bytes
[MESSAGE] From peer 1: 256 bytes
[MESSAGE] From peer 1: 256 bytes
[MESSAGE] From peer 1: 256 bytes
[MESSAGE] From peer 1: 256 bytes
[MESSAGE] From peer 1: 256 bytes
[MESSAGE] From peer 1: 256 bytes
[MESSAGE] From peer 1: 256 bytes
[MESSAGE] From peer 1: 256 bytes
[MESSAGE] From peer 1: 256 bytes
[MESSAGE] From peer 1: 256 bytes
[MESSAGE] From peer 1: 256 bytes
[MESSAGE] From peer 1: 256 bytes
[MESSAGE] From peer 1: 256 bytes
[MESSAGE] From peer 1: 256 bytes
[MESSAGE] From peer 1: 256 bytes
[MESSAGE] From peer 1: 256 bytes
[MESSAGE] From peer 1: 256 bytes
[MESSAGE] From peer 1: 256 bytes
[MESSAGE] From peer 1: 256 bytes
[MESSAGE] From peer 1: 256 bytes
[MESSAGE] From peer 1: 256 bytes
[MESSAGE] From peer 1: 256 bytes
[MESSAGE] From peer 1: 256 bytes
[MESSAGE] From peer 1: 256 bytes
[MESSAGE] From peer 1: 256 bytes
[MESSAGE] From peer 1: 256 bytes
[MESSAGE] From peer 1: 256 bytes
[MESSAGE] From peer 1: 256 bytes
[MESSAGE] From peer 1: 256 bytes
[MESSAGE] From peer 1: 256 bytes
[MESSAGE] From peer 1: 256 bytes
[MESSAGE] From peer 1: 256 bytes
[MESSAGE] From peer 1: 256 bytes
[MESSAGE] From peer 1: 256 bytes
[MESSAGE] From peer 1: 256 bytes
[MESSAGE] From peer 1: 256 bytes
[MESSAGE] From peer 1: 256 bytes
[MESSAGE] From peer 1: 256 bytes
[MESSAGE] From peer 1: 256 bytes
[MESSAGE] From peer 1: 256 bytes
[MESSAGE] From peer 1: 256 bytes
[MESSAGE] From peer 1: 256 bytes
[MESSAGE] From peer 1: 256 bytes
[MESSAGE] From peer 1: 256 bytes
[MESSAGE] From peer 1: 256 bytes
[MESSAGE] From peer 1: 256 bytes
[MESSAGE] From peer 1: 256 bytes
[ECHO] 200 messages echoed
[MESSAGE] From peer 1: 256 bytes
[MESSAGE] From peer 1: 256 bytes
[MESSAGE] From peer 1: 256 bytes
[MESSAGE] From peer 1: 256 bytes
[MESSAGE] From peer 1: 256 bytes
[MESSAGE] From peer 1: 256 bytes
[MESSAGE] From peer 1: 256 bytes
[MESSAGE] From peer 1: 256 bytes
[MESSAGE] From peer 1: 256 bytes
[MESSAGE] From peer 1: 256 bytes
[MESSAGE] From peer 1: 256 bytes
[MESSAGE] From peer 1: 256 bytes
[MESSAGE] From peer 1: 256 bytes
[MESSAGE] From peer 1: 256 bytes
[MESSAGE] From peer 1: 256 bytes
[MESSAGE] From peer 1: 256 bytes
[MESSAGE] From peer 1: 256 bytes
[MESSAGE] From peer 1: 256 bytes
[MESSAGE] From peer 1: 256 bytes
[MESSAGE] From peer 1: 256 bytes
[MESSAGE] From peer 1: 256 bytes
[MESSAGE] From peer 1: 256 bytes
[MESSAGE] From peer 1: 256 bytes
[MESSAGE] From peer 1: 256 bytes
[MESSAGE] From peer 1: 256 bytes
[MESSAGE] From peer 1: 256 bytes
[MESSAGE] From peer 1: 256 bytes
[MESSAGE] From peer 1: 256 bytes
[MESSAGE] From peer 1: 256 bytes
[MESSAGE] From peer 1: 256 bytes
[MESSAGE] From peer 1: 256 bytes
[MESSAGE] From peer 1: 256 bytes
[MESSAGE] From peer 1: 256 bytes
[MESSAGE] From peer 1: 256 bytes
[MESSAGE] From peer 1: 256 bytes
[MESSAGE] From peer 1: 256 bytes
[MESSAGE] From peer 1: 256 bytes
[MESSAGE] From peer 1: 256 bytes
[MESSAGE] From peer 1: 256 bytes
[MESSAGE] From peer 1: 256 bytes
[MESSAGE] From peer 1: 256 bytes
[MESSAGE] From peer 1: 256 bytes
[MESSAGE] From peer 1: 256 bytes
[MESSAGE] From peer 1: 256 bytes
[MESSAGE] From peer 1: 256 bytes
[MESSAGE] From peer 1: 256 bytes
[MESSAGE] From peer 1: 256 bytes
[MESSAGE] From peer 1: 256 bytes
[MESSAGE] From peer 1: 256 bytes
[MESSAGE] From peer 1: 256 bytes
[MESSAGE] From peer 1: 256 bytes
[MESSAGE] From peer 1: 256 bytes
[MESSAGE] From peer 1: 256 bytes
[MESSAGE] From peer 1: 256 bytes
[MESSAGE] From peer 1: 256 bytes
[MESSAGE] From peer 1: 256 bytes
[MESSAGE] From peer 1: 256 bytes
[MESSAGE] From peer 1: 256 bytes
[MESSAGE] From peer 1: 256 bytes
[MESSAGE] From peer 1: 256 bytes
[MESSAGE] From peer 1: 256 bytes
[MESSAGE] From peer 1: 256 bytes
[MESSAGE] From peer 1: 256 bytes
[MESSAGE] From peer 1: 256 bytes
[MESSAGE] From peer 1: 256 bytes
[MESSAGE] From peer 1: 256 bytes
[MESSAGE] From peer 1: 256 bytes
[MESSAGE] From peer 1: 256 bytes
[MESSAGE] From peer 1: 256 bytes
[MESSAGE] From peer 1: 256 bytes
[MESSAGE] From peer 1: 256 bytes
[MESSAGE] From peer 1: 256 bytes
[MESSAGE] From peer 1: 256 bytes
[MESSAGE] From peer 1: 256 bytes
[MESSAGE] From peer 1: 256 bytes
[MESSAGE] From peer 1: 256 bytes
[MESSAGE] From peer 1: 256 bytes
[MESSAGE] From peer 1: 256 bytes
[MESSAGE] From peer 1: 256 bytes
[MESSAGE] From peer 1: 256 bytes
[MESSAGE] From peer 1: 256 bytes
[MESSAGE] From peer 1: 256 bytes
[MESSAGE] From peer 1: 256 bytes
[MESSAGE] From peer 1: 256 bytes
[MESSAGE] From peer 1: 256 bytes
[MESSAGE] From peer 1: 256 bytes
[MESSAGE] From peer 1: 256 bytes
[MESSAGE] From peer 1: 256 bytes
[MESSAGE] From peer 1: 256 bytes
[MESSAGE] From peer 1: 256 bytes
[MESSAGE] From peer 1: 256 bytes
[MESSAGE] From peer 1: 256 bytes
[MESSAGE] From peer 1: 256 bytes
[MESSAGE] From peer 1: 256 bytes
[MESSAGE] From peer 1: 256 bytes
[MESSAGE] From peer 1: 256 bytes
[MESSAGE] From peer 1: 256 bytes
[MESSAGE] From peer 1: 256 bytes
[MESSAGE] From peer 1: 256 bytes
[MESSAGE] From peer 1: 256 bytes
[ECHO] 300 messages echoed
[MESSAGE] From peer 1: 256 bytes
[MESSAGE] From peer 1: 256 bytes
[MESSAGE] From peer 1: 256 bytes
[MESSAGE] From peer 1: 256 bytes
[MESSAGE] From peer 1: 256 bytes
[MESSAGE] From peer 1: 256 bytes
[MESSAGE] From peer 1: 256 bytes
[MESSAGE] From peer 1: 256 bytes
[MESSAGE] From peer 1: 256 bytes
[MESSAGE] From peer 1: 256 bytes
[MESSAGE] From peer 1: 256 bytes
[MESSAGE] From peer 1: 256 bytes
[MESSAGE] From peer 1: 256 bytes
[MESSAGE] From peer 1: 256 bytes
[MESSAGE] From peer 1: 256 bytes
[MESSAGE] From peer 1: 256 bytes
[MESSAGE] From peer 1: 256 bytes
[MESSAGE] From peer 1: 256 bytes
[MESSAGE] From peer 1: 256 bytes
[MESSAGE] From peer 1: 256 bytes
[MESSAGE] From peer 1: 256 bytes
[MESSAGE] From peer 1: 256 bytes
[MESSAGE] From peer 1: 256 bytes
[MESSAGE] From peer 1: 256 bytes
[MESSAGE] From peer 1: 256 bytes
[MESSAGE] From peer 1: 256 bytes
[MESSAGE] From peer 1: 256 bytes
[MESSAGE] From peer 1: 256 bytes
[MESSAGE] From peer 1: 256 bytes
[MESSAGE] From peer 1: 256 bytes
[MESSAGE] From peer 1: 256 bytes
[MESSAGE] From peer 1: 256 bytes
[MESSAGE] From peer 1: 256 bytes
[MESSAGE] From peer 1: 256 bytes
[MESSAGE] From peer 1: 256 bytes
[MESSAGE] From peer 1: 256 bytes
[MESSAGE] From peer 1: 256 bytes
[MESSAGE] From peer 1: 256 bytes
[MESSAGE] From peer 1: 256 bytes
[MESSAGE] From peer 1: 256 bytes
[MESSAGE] From peer 1: 256 bytes
[MESSAGE] From peer 1: 256 bytes
[MESSAGE] From peer 1: 256 bytes
[MESSAGE] From peer 1: 256 bytes
[MESSAGE] From peer 1: 256 bytes
[MESSAGE] From peer 1: 256 bytes
[MESSAGE] From peer 1: 256 bytes
[MESSAGE] From peer 1: 256 bytes
[MESSAGE] From peer 1: 256 bytes
[MESSAGE] From peer 1: 256 bytes
[MESSAGE] From peer 1: 256 bytes
[MESSAGE] From peer 1: 256 bytes
[MESSAGE] From peer 1: 256 bytes
[MESSAGE] From peer 1: 256 bytes
[MESSAGE] From peer 1: 256 bytes
[MESSAGE] From peer 1: 256 bytes
[MESSAGE] From peer 1: 256 bytes
[MESSAGE] From peer 1: 256 bytes
[MESSAGE] From peer 1: 256 bytes
[MESSAGE] From peer 1: 256 bytes
[MESSAGE] From peer 1: 256 bytes
[MESSAGE] From peer 1: 256 bytes
[MESSAGE] From peer 1: 256 bytes
[MESSAGE] From peer 1: 256 bytes
[MESSAGE] From peer 1: 256 bytes
[MESSAGE] From peer 1: 256 bytes
[MESSAGE] From peer 1: 256 bytes
[MESSAGE] From peer 1: 256 bytes
[MESSAGE] From peer 1: 256 bytes
[MESSAGE] From peer 1: 256 bytes
[MESSAGE] From peer 1: 256 bytes
[MESSAGE] From peer 1: 256 bytes
[MESSAGE] From peer 1: 256 bytes
[MESSAGE] From peer 1: 256 bytes
[MESSAGE] From peer 1: 256 bytes
[MESSAGE] From peer 1: 256 bytes
[MESSAGE] From peer 1: 256 bytes
[MESSAGE] From peer 1: 256 bytes
[MESSAGE] From peer 1: 256 bytes
[MESSAGE] From peer 1: 256 bytes
[MESSAGE] From peer 1: 256 bytes
[MESSAGE] From peer 1: 256 bytes
[MESSAGE] From peer 1: 256 bytes
[MESSAGE] From peer 1: 256 bytes
[MESSAGE] From peer 1: 256 bytes
[MESSAGE] From peer 1: 256 bytes
[MESSAGE] From peer 1: 256 bytes
[MESSAGE] From peer 1: 256 bytes
[MESSAGE] From peer 1: 256 bytes
[MESSAGE] From peer 1: 256 bytes
[MESSAGE] From peer 1: 256 bytes
[MESSAGE] From peer 1: 256 bytes
[MESSAGE] From peer 1: 256 bytes
[MESSAGE] From peer 1: 256 bytes
[MESSAGE] From peer 1: 256 bytes
[MESSAGE] From peer 1: 256 bytes
[MESSAGE] From peer 1: 256 bytes
[MESSAGE] From peer 1: 256 bytes
[MESSAGE] From peer 1: 256 bytes
[MESSAGE] From peer 1: 256 bytes
[ECHO] 400 messages echoed
[MESSAGE] From peer 1: 256 bytes
[MESSAGE] From peer 1: 256 bytes
[MESSAGE] From peer 1: 256 bytes
[MESSAGE] From peer 1: 256 bytes
[MESSAGE] From peer 1: 256 bytes
[MESSAGE] From peer 1: 256 bytes
[MESSAGE] From peer 1: 256 bytes
[MESSAGE] From peer 1: 256 bytes
[MESSAGE] From peer 1: 256 bytes
[MESSAGE] From peer 1: 256 bytes
[MESSAGE] From peer 1: 256 bytes
[MESSAGE] From peer 1: 256 bytes
[MESSAGE] From peer 1: 256 bytes
[MESSAGE] From peer 1: 256 bytes
[MESSAGE] From peer 1: 256 bytes
[MESSAGE] From peer 1: 256 bytes
[MESSAGE] From peer 1: 256 bytes
[MESSAGE] From peer 1: 256 bytes
[MESSAGE] From peer 1: 256 bytes
[MESSAGE] From peer 1: 256 bytes
[MESSAGE] From peer 1: 256 bytes
[MESSAGE] From peer 1: 256 bytes
[MESSAGE] From peer 1: 256 bytes
[MESSAGE] From peer 1: 256 bytes
[MESSAGE] From peer 1: 256 bytes
[MESSAGE] From peer 1: 256 bytes
[MESSAGE] From peer 1: 256 bytes
[MESSAGE] From peer 1: 256 bytes
[MESSAGE] From peer 1: 256 bytes
[MESSAGE] From peer 1: 256 bytes
[MESSAGE] From peer 1: 256 bytes
[MESSAGE] From peer 1: 256 bytes
[MESSAGE] From peer 1: 256 bytes
[MESSAGE] From peer 1: 256 bytes
[MESSAGE] From peer 1: 256 bytes
[MESSAGE] From peer 1: 256 bytes
[MESSAGE] From peer 1: 256 bytes
[MESSAGE] From peer 1: 256 bytes
[MESSAGE] From peer 1: 256 bytes
[MESSAGE] From peer 1: 256 bytes
[MESSAGE] From peer 1: 256 bytes
[MESSAGE] From peer 1: 256 bytes
[MESSAGE] From peer 1: 256 bytes
[MESSAGE] From peer 1: 256 bytes
[MESSAGE] From peer 1: 256 bytes
[MESSAGE] From peer 1: 256 bytes
[MESSAGE] From peer 1: 256 bytes
[MESSAGE] From peer 1: 256 bytes
[MESSAGE] From peer 1: 256 bytes
[MESSAGE] From peer 1: 256 bytes
[MESSAGE] From peer 1: 256 bytes
[MESSAGE] From peer 1: 256 bytes
[MESSAGE] From peer 1: 256 bytes
[MESSAGE] From peer 1: 256 bytes
[MESSAGE] From peer 1: 256 bytes
[MESSAGE] From peer 1: 256 bytes
[MESSAGE] From peer 1: 256 bytes
[MESSAGE] From peer 1: 256 bytes
[MESSAGE] From peer 1: 256 bytes
[MESSAGE] From peer 1: 256 bytes
[MESSAGE] From peer 1: 256 bytes
[MESSAGE] From peer 1: 256 bytes
[MESSAGE] From peer 1: 256 bytes
[MESSAGE] From peer 1: 256 bytes
[MESSAGE] From peer 1: 256 bytes
[MESSAGE] From peer 1: 256 bytes
[MESSAGE] From peer 1: 256 bytes
[MESSAGE] From peer 1: 256 bytes
[MESSAGE] From peer 1: 256 bytes
[MESSAGE] From peer 1: 256 bytes
[MESSAGE] From peer 1: 256 bytes
[MESSAGE] From peer 1: 256 bytes
[MESSAGE] From peer 1: 256 bytes
[MESSAGE] From peer 1: 256 bytes
[MESSAGE] From peer 1: 256 bytes
[MESSAGE] From peer 1: 256 bytes
[MESSAGE] From peer 1: 256 bytes
[MESSAGE] From peer 1: 256 bytes
[MESSAGE] From peer 1: 256 bytes
[MESSAGE] From peer 1: 256 bytes
[MESSAGE] From peer 1: 256 bytes
[MESSAGE] From peer 1: 256 bytes
[MESSAGE] From peer 1: 256 bytes
[MESSAGE] From peer 1: 256 bytes
[MESSAGE] From peer 1: 256 bytes
[MESSAGE] From peer 1: 256 bytes
[MESSAGE] From peer 1: 256 bytes
[MESSAGE] From peer 1: 256 bytes
[MESSAGE] From peer 1: 256 bytes
[MESSAGE] From peer 1: 256 bytes
[MESSAGE] From peer 1: 256 bytes
[MESSAGE] From peer 1: 256 bytes
[MESSAGE] From peer 1: 256 bytes
[MESSAGE] From peer 1: 256 bytes
[MESSAGE] From peer 1: 256 bytes
[MESSAGE] From peer 1: 256 bytes
[MESSAGE] From peer 1: 256 bytes
[MESSAGE] From peer 1: 256 bytes
[MESSAGE] From peer 1: 256 bytes
[MESSAGE] From peer 1: 256 bytes
[ECHO] 500 messages echoed
[MESSAGE] From peer 1: 256 bytes
[MESSAGE] From peer 1: 256 bytes
[MESSAGE] From peer 1: 256 bytes
[MESSAGE] From peer 1: 256 bytes
[MESSAGE] From peer 1: 256 bytes
[MESSAGE] From peer 1: 256 bytes
[MESSAGE] From peer 1: 256 bytes
[MESSAGE] From peer 1: 256 bytes
[MESSAGE] From peer 1: 256 bytes
[MESSAGE] From peer 1: 256 bytes
[MESSAGE] From peer 1: 256 bytes
[MESSAGE] From peer 1: 256 bytes
[MESSAGE] From peer 1: 256 bytes
[MESSAGE] From peer 1: 256 bytes
[MESSAGE] From peer 1: 256 bytes
[MESSAGE] From peer 1: 256 bytes
[MESSAGE] From peer 1: 256 bytes
[MESSAGE] From peer 1: 256 bytes
[MESSAGE] From peer 1: 256 bytes
[MESSAGE] From peer 1: 256 bytes
[MESSAGE] From peer 1: 256 bytes
[MESSAGE] From peer 1: 256 bytes
[MESSAGE] From peer 1: 256 bytes
[MESSAGE] From peer 1: 256 bytes
[MESSAGE] From peer 1: 256 bytes
[MESSAGE] From peer 1: 256 bytes
[MESSAGE] From peer 1: 256 bytes
[MESSAGE] From peer 1: 256 bytes
[MESSAGE] From peer 1: 256 bytes
[MESSAGE] From peer 1: 256 bytes
[MESSAGE] From peer 1: 256 bytes
[MESSAGE] From peer 1: 256 bytes
[MESSAGE] From peer 1: 256 bytes
[MESSAGE] From peer 1: 256 bytes
[MESSAGE] From peer 1: 256 bytes
[MESSAGE] From peer 1: 256 bytes
[MESSAGE] From peer 1: 256 bytes
[MESSAGE] From peer 1: 256 bytes
[MESSAGE] From peer 1: 256 bytes
[MESSAGE] From peer 1: 256 bytes
[MESSAGE] From peer 1: 256 bytes
[MESSAGE] From peer 1: 256 bytes
[MESSAGE] From peer 1: 256 bytes
[MESSAGE] From peer 1: 256 bytes
[MESSAGE] From peer 1: 256 bytes
[MESSAGE] From peer 1: 256 bytes
[MESSAGE] From peer 1: 256 bytes
[MESSAGE] From peer 1: 256 bytes
[MESSAGE] From peer 1: 256 bytes
[MESSAGE] From peer 1: 256 bytes
[MESSAGE] From peer 1: 256 bytes
[MESSAGE] From peer 1: 256 bytes
[MESSAGE] From peer 1: 256 bytes
[MESSAGE] From peer 1: 256 bytes
[MESSAGE] From peer 1: 256 bytes
[MESSAGE] From peer 1: 256 bytes
[MESSAGE] From peer 1: 256 bytes
[MESSAGE] From peer 1: 256 bytes
[MESSAGE] From peer 1: 256 bytes
[MESSAGE] From peer 1: 256 bytes
[MESSAGE] From peer 1: 256 bytes
[MESSAGE] From peer 1: 256 bytes
[MESSAGE] From peer 1: 256 bytes
[MESSAGE] From peer 1: 256 bytes
[MESSAGE] From peer 1: 256 bytes
[MESSAGE] From peer 1: 256 bytes
[MESSAGE] From peer 1: 256 bytes
[MESSAGE] From peer 1: 256 bytes
[MESSAGE] From peer 1: 256 bytes
[MESSAGE] From peer 1: 256 bytes
[MESSAGE] From peer 1: 256 bytes
[MESSAGE] From peer 1: 256 bytes
[MESSAGE] From peer 1: 256 bytes
[MESSAGE] From peer 1: 256 bytes
[MESSAGE] From peer 1: 256 bytes
[MESSAGE] From peer 1: 256 bytes
[MESSAGE] From peer 1: 256 bytes
[MESSAGE] From peer 1: 256 bytes
[MESSAGE] From peer 1: 256 bytes
[MESSAGE] From peer 1: 256 bytes
[MESSAGE] From peer 1: 256 bytes
[MESSAGE] From peer 1: 256 bytes
[MESSAGE] From peer 1: 256 bytes
[MESSAGE] From peer 1: 256 bytes
[MESSAGE] From peer 1: 256 bytes
[MESSAGE] From peer 1: 256 bytes
[MESSAGE] From peer 1: 256 bytes
[MESSAGE] From peer 1: 256 bytes
[MESSAGE] From peer 1: 256 bytes
[MESSAGE] From peer 1: 256 bytes
[MESSAGE] From peer 1: 256 bytes
[MESSAGE] From peer 1: 256 bytes
[MESSAGE] From peer 1: 256 bytes
[STATUS] 30 sec: peers=1, msgs=593, connected=yes
[MESSAGE] From peer 1: 256 bytes
[MESSAGE] From peer 1: 256 bytes
[MESSAGE] From peer 1: 256 bytes
[MESSAGE] From peer 1: 256 bytes
[MESSAGE] From peer 1: 256 bytes
[MESSAGE] From peer 1: 256 bytes
[MESSAGE] From peer 1: 256 bytes
[ECHO] 600 messages echoed
[MESSAGE] From peer 1: 256 bytes
[MESSAGE] From peer 1: 256 bytes
[MESSAGE] From peer 1: 256 bytes
[MESSAGE] From peer 1: 256 bytes
[MESSAGE] From peer 1: 256 bytes
[MESSAGE] From peer 1: 256 bytes
[MESSAGE] From peer 1: 256 bytes
[MESSAGE] From peer 1: 256 bytes
[MESSAGE] From peer 1: 256 bytes
[MESSAGE] From peer 1: 256 bytes
[MESSAGE] From peer 1: 256 bytes
[MESSAGE] From peer 1: 256 bytes
[MESSAGE] From peer 1: 256 bytes
[MESSAGE] From peer 1: 256 bytes
[MESSAGE] From peer 1: 256 bytes
[MESSAGE] From peer 1: 256 bytes
[MESSAGE] From peer 1: 256 bytes
[MESSAGE] From peer 1: 256 bytes
[MESSAGE] From peer 1: 256 bytes
[MESSAGE] From peer 1: 256 bytes
[MESSAGE] From peer 1: 256 bytes
[MESSAGE] From peer 1: 256 bytes
[MESSAGE] From peer 1: 256 bytes
[MESSAGE] From peer 1: 256 bytes
[MESSAGE] From peer 1: 256 bytes
[MESSAGE] From peer 1: 256 bytes
[MESSAGE] From peer 1: 256 bytes
[MESSAGE] From peer 1: 256 bytes
[MESSAGE] From peer 1: 256 bytes
[MESSAGE] From peer 1: 256 bytes
[MESSAGE] From peer 1: 256 bytes
[MESSAGE] From peer 1: 256 bytes
[MESSAGE] From peer 1: 256 bytes
[MESSAGE] From peer 1: 256 bytes
[MESSAGE] From peer 1: 256 bytes
[MESSAGE] From peer 1: 256 bytes
[MESSAGE] From peer 1: 256 bytes
[MESSAGE] From peer 1: 256 bytes
[MESSAGE] From peer 1: 256 bytes
[MESSAGE] From peer 1: 256 bytes
[MESSAGE] From peer 1: 256 bytes
[MESSAGE] From peer 1: 256 bytes
[MESSAGE] From peer 1: 256 bytes
[MESSAGE] From peer 1: 256 bytes
[MESSAGE] From peer 1: 256 bytes
[MESSAGE] From peer 1: 256 bytes
[MESSAGE] From peer 1: 256 bytes
[MESSAGE] From peer 1: 256 bytes
[MESSAGE] From peer 1: 256 bytes
[MESSAGE] From peer 1: 256 bytes
[MESSAGE] From peer 1: 256 bytes
[MESSAGE] From peer 1: 256 bytes
[MESSAGE] From peer 1: 256 bytes
[MESSAGE] From peer 1: 256 bytes
[MESSAGE] From peer 1: 256 bytes
[MESSAGE] From peer 1: 256 bytes
[MESSAGE] From peer 1: 256 bytes
[MESSAGE] From peer 1: 256 bytes
[MESSAGE] From peer 1: 256 bytes
[MESSAGE] From peer 1: 256 bytes
[MESSAGE] From peer 1: 256 bytes
[MESSAGE] From peer 1: 256 bytes
[MESSAGE] From peer 1: 256 bytes
[MESSAGE] From peer 1: 256 bytes
[MESSAGE] From peer 1: 256 bytes
[MESSAGE] From peer 1: 256 bytes
[MESSAGE] From peer 1: 256 bytes
[MESSAGE] From peer 1: 256 bytes
[MESSAGE] From peer 1: 256 bytes
[MESSAGE] From peer 1: 256 bytes
[MESSAGE] From peer 1: 256 bytes
[MESSAGE] From peer 1: 256 bytes
[MESSAGE] From peer 1: 256 bytes
[MESSAGE] From peer 1: 256 bytes
[MESSAGE] From peer 1: 256 bytes
[MESSAGE] From peer 1: 256 bytes
[MESSAGE] From peer 1: 256 bytes
[MESSAGE] From peer 1: 256 bytes
[MESSAGE] From peer 1: 256 bytes
[MESSAGE] From peer 1: 256 bytes
[MESSAGE] From peer 1: 256 bytes
[MESSAGE] From peer 1: 256 bytes
[MESSAGE] From peer 1: 256 bytes
[MESSAGE] From peer 1: 256 bytes
[MESSAGE] From peer 1: 256 bytes
[MESSAGE] From peer 1: 256 bytes
[MESSAGE] From peer 1: 256 bytes
[MESSAGE] From peer 1: 256 bytes
[MESSAGE] From peer 1: 256 bytes
[MESSAGE] From peer 1: 256 bytes
[MESSAGE] From peer 1: 256 bytes
[MESSAGE] From peer 1: 256 bytes
[MESSAGE] From peer 1: 256 bytes
[MESSAGE] From peer 1: 256 bytes
[MESSAGE] From peer 1: 256 bytes
[MESSAGE] From peer 1: 256 bytes
[DISCOVERED] Peer 2: "MacThroughput" at 10.188.1.213:7354
[MESSAGE] From peer 1: 256 bytes
[MESSAGE] From peer 1: 256 bytes
[MESSAGE] From peer 1: 256 bytes
[MESSAGE] From peer 1: 256 bytes
[ECHO] 700 messages echoed
[MESSAGE] From peer 1: 256 bytes
[MESSAGE] From peer 1: 256 bytes
[MESSAGE] From peer 1: 256 bytes
[MESSAGE] From peer 1: 256 bytes
[MESSAGE] From peer 1: 256 bytes
[MESSAGE] From peer 1: 256 bytes
[MESSAGE] From peer 1: 256 bytes
[MESSAGE] From peer 1: 256 bytes
[MESSAGE] From peer 1: 256 bytes
[MESSAGE] From peer 1: 256 bytes
[MESSAGE] From peer 1: 256 bytes
[MESSAGE] From peer 1: 256 bytes
[MESSAGE] From peer 1: 256 bytes
[MESSAGE] From peer 1: 256 bytes
[MESSAGE] From peer 1: 256 bytes
[MESSAGE] From peer 1: 256 bytes
[MESSAGE] From peer 1: 256 bytes
[MESSAGE] From peer 1: 256 bytes
[MESSAGE] From peer 1: 256 bytes
[MESSAGE] From peer 1: 256 bytes
[MESSAGE] From peer 1: 256 bytes
[MESSAGE] From peer 1: 256 bytes
[MESSAGE] From peer 1: 256 bytes
[MESSAGE] From peer 1: 256 bytes
[MESSAGE] From peer 1: 256 bytes
[MESSAGE] From peer 1: 256 bytes
[MESSAGE] From peer 1: 256 bytes
[MESSAGE] From peer 1: 256 bytes
[MESSAGE] From peer 1: 256 bytes
[MESSAGE] From peer 1: 256 bytes
[MESSAGE] From peer 1: 256 bytes
[MESSAGE] From peer 1: 256 bytes
[MESSAGE] From peer 1: 256 bytes
[MESSAGE] From peer 1: 256 bytes
[MESSAGE] From peer 1: 256 bytes
[MESSAGE] From peer 1: 256 bytes
[MESSAGE] From peer 1: 256 bytes
[MESSAGE] From peer 1: 256 bytes
[MESSAGE] From peer 1: 256 bytes
[MESSAGE] From peer 1: 256 bytes
[MESSAGE] From peer 1: 256 bytes
[MESSAGE] From peer 1: 256 bytes
[MESSAGE] From peer 1: 256 bytes
[MESSAGE] From peer 1: 256 bytes
[MESSAGE] From peer 1: 256 bytes
[MESSAGE] From peer 1: 256 bytes
[MESSAGE] From peer 1: 256 bytes
[MESSAGE] From peer 1: 256 bytes
[MESSAGE] From peer 1: 256 bytes
[MESSAGE] From peer 1: 256 bytes
[MESSAGE] From peer 1: 256 bytes
[MESSAGE] From peer 1: 256 bytes
[MESSAGE] From peer 1: 256 bytes
[MESSAGE] From peer 1: 256 bytes
[MESSAGE] From peer 1: 256 bytes
[MESSAGE] From peer 1: 256 bytes
[MESSAGE] From peer 1: 256 bytes
[MESSAGE] From peer 1: 256 bytes
[MESSAGE] From peer 1: 256 bytes
[MESSAGE] From peer 1: 256 bytes
[MESSAGE] From peer 1: 256 bytes
[MESSAGE] From peer 1: 256 bytes
[MESSAGE] From peer 1: 256 bytes
[MESSAGE] From peer 1: 256 bytes
[MESSAGE] From peer 1: 256 bytes
[MESSAGE] From peer 1: 256 bytes
[MESSAGE] From peer 1: 256 bytes
[MESSAGE] From peer 1: 256 bytes
[MESSAGE] From peer 1: 256 bytes
[MESSAGE] From peer 1: 256 bytes
[MESSAGE] From peer 1: 256 bytes
[MESSAGE] From peer 1: 256 bytes
[MESSAGE] From peer 1: 256 bytes
[MESSAGE] From peer 1: 256 bytes
[MESSAGE] From peer 1: 256 bytes
[MESSAGE] From peer 1: 256 bytes
[MESSAGE] From peer 1: 256 bytes
[MESSAGE] From peer 1: 256 bytes
[MESSAGE] From peer 1: 256 bytes
[MESSAGE] From peer 1: 256 bytes
[MESSAGE] From peer 1: 256 bytes
[MESSAGE] From peer 1: 256 bytes
[MESSAGE] From peer 1: 256 bytes
[MESSAGE] From peer 1: 256 bytes
[MESSAGE] From peer 1: 256 bytes
[MESSAGE] From peer 1: 256 bytes
[MESSAGE] From peer 1: 256 bytes
[MESSAGE] From peer 1: 256 bytes
[MESSAGE] From peer 1: 256 bytes
[MESSAGE] From peer 1: 256 bytes
[MESSAGE] From peer 1: 256 bytes
[MESSAGE] From peer 1: 256 bytes
[MESSAGE] From peer 1: 256 bytes
[MESSAGE] From peer 1: 256 bytes
[MESSAGE] From peer 1: 256 bytes
[MESSAGE] From peer 1: 256 bytes
[MESSAGE] From peer 1: 256 bytes
[MESSAGE] From peer 1: 256 bytes
[MESSAGE] From peer 1: 256 bytes
[MESSAGE] From peer 1: 256 bytes
[ECHO] 800 messages echoed
[MESSAGE] From peer 1: 256 bytes
[MESSAGE] From peer 1: 256 bytes
[MESSAGE] From peer 1: 256 bytes
[MESSAGE] From peer 1: 256 bytes
[MESSAGE] From peer 1: 256 bytes
[MESSAGE] From peer 1: 256 bytes
[MESSAGE] From peer 1: 256 bytes
[MESSAGE] From peer 1: 256 bytes
[MESSAGE] From peer 1: 256 bytes
[MESSAGE] From peer 1: 256 bytes
[MESSAGE] From peer 1: 256 bytes
[MESSAGE] From peer 1: 256 bytes
[MESSAGE] From peer 1: 256 bytes
[MESSAGE] From peer 1: 256 bytes
[MESSAGE] From peer 1: 256 bytes
[MESSAGE] From peer 1: 256 bytes
[MESSAGE] From peer 1: 256 bytes
[MESSAGE] From peer 1: 256 bytes
[MESSAGE] From peer 1: 256 bytes
[MESSAGE] From peer 1: 256 bytes
[MESSAGE] From peer 1: 256 bytes
[MESSAGE] From peer 1: 256 bytes
[MESSAGE] From peer 1: 256 bytes
[MESSAGE] From peer 1: 256 bytes
[MESSAGE] From peer 1: 256 bytes
[MESSAGE] From peer 1: 256 bytes
[MESSAGE] From peer 1: 256 bytes
[MESSAGE] From peer 1: 256 bytes
[MESSAGE] From peer 1: 256 bytes
[MESSAGE] From peer 1: 256 bytes
[MESSAGE] From peer 1: 256 bytes
[MESSAGE] From peer 1: 256 bytes
[MESSAGE] From peer 1: 256 bytes
[MESSAGE] From peer 1: 256 bytes
[MESSAGE] From peer 1: 256 bytes
[MESSAGE] From peer 1: 256 bytes
[MESSAGE] From peer 1: 256 bytes
[MESSAGE] From peer 1: 256 bytes
[MESSAGE] From peer 1: 256 bytes
[MESSAGE] From peer 1: 256 bytes
[MESSAGE] From peer 1: 256 bytes
[MESSAGE] From peer 1: 256 bytes
[MESSAGE] From peer 1: 256 bytes
[MESSAGE] From peer 1: 256 bytes
[MESSAGE] From peer 1: 256 bytes
[MESSAGE] From peer 1: 256 bytes
[MESSAGE] From peer 1: 256 bytes
[MESSAGE] From peer 1: 256 bytes
[MESSAGE] From peer 1: 256 bytes
[MESSAGE] From peer 1: 256 bytes
[MESSAGE] From peer 1: 256 bytes
[MESSAGE] From peer 1: 256 bytes
[MESSAGE] From peer 1: 256 bytes
[MESSAGE] From peer 1: 256 bytes
[MESSAGE] From peer 1: 256 bytes
[MESSAGE] From peer 1: 256 bytes
[MESSAGE] From peer 1: 256 bytes
[MESSAGE] From peer 1: 256 bytes
[MESSAGE] From peer 1: 256 bytes
[MESSAGE] From peer 1: 256 bytes
[MESSAGE] From peer 1: 256 bytes
[MESSAGE] From peer 1: 256 bytes
[MESSAGE] From peer 1: 256 bytes
[MESSAGE] From peer 1: 256 bytes
[MESSAGE] From peer 1: 256 bytes
[MESSAGE] From peer 1: 256 bytes
[MESSAGE] From peer 1: 256 bytes
[MESSAGE] From peer 1: 256 bytes
[MESSAGE] From peer 1: 256 bytes
[MESSAGE] From peer 1: 256 bytes
[MESSAGE] From peer 1: 256 bytes
[MESSAGE] From peer 1: 256 bytes
[MESSAGE] From peer 1: 256 bytes
[MESSAGE] From peer 1: 256 bytes
[MESSAGE] From peer 1: 256 bytes
[MESSAGE] From peer 1: 256 bytes
[MESSAGE] From peer 1: 256 bytes
[MESSAGE] From peer 1: 256 bytes
[MESSAGE] From peer 1: 256 bytes
[MESSAGE] From peer 1: 256 bytes
[MESSAGE] From peer 1: 256 bytes
[MESSAGE] From peer 1: 256 bytes
[MESSAGE] From peer 1: 256 bytes
[MESSAGE] From peer 1: 256 bytes
[MESSAGE] From peer 1: 256 bytes
[MESSAGE] From peer 1: 256 bytes
[MESSAGE] From peer 1: 256 bytes
[MESSAGE] From peer 1: 256 bytes
[MESSAGE] From peer 1: 256 bytes
[MESSAGE] From peer 1: 256 bytes
[MESSAGE] From peer 1: 256 bytes
[MESSAGE] From peer 1: 256 bytes
[MESSAGE] From peer 1: 256 bytes
[MESSAGE] From peer 1: 256 bytes
[MESSAGE] From peer 1: 256 bytes
[MESSAGE] From peer 1: 256 bytes
[MESSAGE] From peer 1: 256 bytes
[MESSAGE] From peer 1: 256 bytes
[MESSAGE] From peer 1: 256 bytes
[MESSAGE] From peer 1: 256 bytes
[ECHO] 900 messages echoed
[MESSAGE] From peer 1: 256 bytes
[MESSAGE] From peer 1: 256 bytes
[MESSAGE] From peer 1: 256 bytes
[MESSAGE] From peer 1: 256 bytes
[MESSAGE] From peer 1: 256 bytes
[MESSAGE] From peer 1: 256 bytes
[MESSAGE] From peer 1: 256 bytes
[MESSAGE] From peer 1: 256 bytes
[MESSAGE] From peer 1: 256 bytes
[MESSAGE] From peer 1: 256 bytes
[MESSAGE] From peer 1: 256 bytes
[MESSAGE] From peer 1: 256 bytes
[MESSAGE] From peer 1: 256 bytes
[MESSAGE] From peer 1: 256 bytes
[MESSAGE] From peer 1: 256 bytes
[MESSAGE] From peer 1: 256 bytes
[MESSAGE] From peer 1: 256 bytes
[MESSAGE] From peer 1: 256 bytes
[MESSAGE] From peer 1: 256 bytes
[MESSAGE] From peer 1: 256 bytes
[MESSAGE] From peer 1: 256 bytes
[MESSAGE] From peer 1: 256 bytes
[MESSAGE] From peer 1: 256 bytes
[MESSAGE] From peer 1: 256 bytes
[MESSAGE] From peer 1: 256 bytes
[MESSAGE] From peer 1: 256 bytes
[MESSAGE] From peer 1: 256 bytes
[MESSAGE] From peer 1: 256 bytes
[MESSAGE] From peer 1: 256 bytes
[MESSAGE] From peer 1: 256 bytes
[MESSAGE] From peer 1: 256 bytes
[MESSAGE] From peer 1: 256 bytes
[MESSAGE] From peer 1: 256 bytes
[MESSAGE] From peer 1: 256 bytes
[MESSAGE] From peer 1: 256 bytes
[MESSAGE] From peer 1: 256 bytes
[MESSAGE] From peer 1: 256 bytes
[MESSAGE] From peer 1: 256 bytes
[MESSAGE] From peer 1: 256 bytes
[MESSAGE] From peer 1: 256 bytes
[MESSAGE] From peer 1: 256 bytes
[MESSAGE] From peer 1: 256 bytes
[MESSAGE] From peer 1: 256 bytes
[MESSAGE] From peer 1: 256 bytes
[MESSAGE] From peer 1: 256 bytes
[MESSAGE] From peer 1: 256 bytes
[MESSAGE] From peer 1: 256 bytes
[MESSAGE] From peer 1: 256 bytes
[MESSAGE] From peer 1: 256 bytes
[MESSAGE] From peer 1: 256 bytes
[MESSAGE] From peer 1: 256 bytes
[MESSAGE] From peer 1: 256 bytes
[MESSAGE] From peer 1: 256 bytes
[MESSAGE] From peer 1: 256 bytes
[MESSAGE] From peer 1: 256 bytes
[MESSAGE] From peer 1: 256 bytes
[MESSAGE] From peer 1: 256 bytes
[MESSAGE] From peer 1: 256 bytes
[MESSAGE] From peer 1: 256 bytes
[MESSAGE] From peer 1: 256 bytes
[MESSAGE] From peer 1: 256 bytes
[MESSAGE] From peer 1: 256 bytes
[MESSAGE] From peer 1: 256 bytes
[MESSAGE] From peer 1: 256 bytes
[MESSAGE] From peer 1: 256 bytes
[MESSAGE] From peer 1: 256 bytes
[MESSAGE] From peer 1: 256 bytes
[MESSAGE] From peer 1: 256 bytes
[MESSAGE] From peer 1: 256 bytes
[MESSAGE] From peer 1: 256 bytes
[MESSAGE] From peer 1: 256 bytes
[MESSAGE] From peer 1: 256 bytes
[MESSAGE] From peer 1: 256 bytes
[MESSAGE] From peer 1: 256 bytes
[MESSAGE] From peer 1: 256 bytes
[MESSAGE] From peer 1: 256 bytes
[MESSAGE] From peer 1: 256 bytes
[MESSAGE] From peer 1: 256 bytes
[MESSAGE] From peer 1: 256 bytes
[MESSAGE] From peer 1: 256 bytes
[MESSAGE] From peer 1: 256 bytes
[MESSAGE] From peer 1: 256 bytes
[MESSAGE] From peer 1: 256 bytes
[MESSAGE] From peer 1: 256 bytes
[MESSAGE] From peer 1: 256 bytes
[MESSAGE] From peer 1: 256 bytes
[MESSAGE] From peer 1: 256 bytes
[MESSAGE] From peer 1: 256 bytes
[MESSAGE] From peer 1: 256 bytes
[MESSAGE] From peer 1: 256 bytes
[MESSAGE] From peer 1: 256 bytes
[MESSAGE] From peer 1: 256 bytes
[MESSAGE] From peer 1: 256 bytes
[MESSAGE] From peer 1: 256 bytes
[MESSAGE] From peer 1: 256 bytes
[MESSAGE] From peer 1: 256 bytes
[MESSAGE] From peer 1: 256 bytes
[MESSAGE] From peer 1: 256 bytes
[MESSAGE] From peer 1: 256 bytes
[MESSAGE] From peer 1: 256 bytes
[ECHO] 1000 messages echoed
[MESSAGE] From peer 1: 256 bytes
[MESSAGE] From peer 1: 256 bytes
[MESSAGE] From peer 1: 256 bytes
[MESSAGE] From peer 1: 256 bytes
[MESSAGE] From peer 1: 256 bytes
[MESSAGE] From peer 1: 256 bytes
[MESSAGE] From peer 1: 256 bytes
[MESSAGE] From peer 1: 256 bytes
[MESSAGE] From peer 1: 256 bytes
[MESSAGE] From peer 1: 256 bytes
[MESSAGE] From peer 1: 256 bytes
[MESSAGE] From peer 1: 256 bytes
[MESSAGE] From peer 1: 256 bytes
[MESSAGE] From peer 1: 256 bytes
[MESSAGE] From peer 1: 256 bytes
[MESSAGE] From peer 1: 256 bytes
[MESSAGE] From peer 1: 256 bytes
[MESSAGE] From peer 1: 256 bytes
[MESSAGE] From peer 1: 256 bytes
[MESSAGE] From peer 1: 256 bytes
[MESSAGE] From peer 1: 256 bytes
[MESSAGE] From peer 1: 256 bytes
[MESSAGE] From peer 1: 256 bytes
[MESSAGE] From peer 1: 256 bytes
[MESSAGE] From peer 1: 256 bytes
[MESSAGE] From peer 1: 256 bytes
[MESSAGE] From peer 1: 256 bytes
[MESSAGE] From peer 1: 256 bytes
[MESSAGE] From peer 1: 256 bytes
[MESSAGE] From peer 1: 256 bytes
[MESSAGE] From peer 1: 256 bytes
[MESSAGE] From peer 1: 256 bytes
[MESSAGE] From peer 1: 256 bytes
[MESSAGE] From peer 1: 256 bytes
[MESSAGE] From peer 1: 256 bytes
[MESSAGE] From peer 1: 256 bytes
[MESSAGE] From peer 1: 256 bytes
[MESSAGE] From peer 1: 256 bytes
[MESSAGE] From peer 1: 256 bytes
[MESSAGE] From peer 1: 256 bytes
[MESSAGE] From peer 1: 256 bytes
[MESSAGE] From peer 1: 256 bytes
[MESSAGE] From peer 1: 256 bytes
[MESSAGE] From peer 1: 256 bytes
[MESSAGE] From peer 1: 256 bytes
[MESSAGE] From peer 1: 256 bytes
[MESSAGE] From peer 1: 256 bytes
[MESSAGE] From peer 1: 256 bytes
[MESSAGE] From peer 1: 256 bytes
[MESSAGE] From peer 1: 256 bytes
[MESSAGE] From peer 1: 256 bytes
[MESSAGE] From peer 1: 256 bytes
[MESSAGE] From peer 1: 256 bytes
[MESSAGE] From peer 1: 256 bytes
[MESSAGE] From peer 1: 256 bytes
[MESSAGE] From peer 1: 256 bytes
[MESSAGE] From peer 1: 256 bytes
[MESSAGE] From peer 1: 256 bytes
[MESSAGE] From peer 1: 256 bytes
[MESSAGE] From peer 1: 256 bytes
[MESSAGE] From peer 1: 256 bytes
[MESSAGE] From peer 1: 256 bytes
[MESSAGE] From peer 1: 256 bytes
[MESSAGE] From peer 1: 256 bytes
[MESSAGE] From peer 1: 256 bytes
[MESSAGE] From peer 1: 256 bytes
[MESSAGE] From peer 1: 256 bytes
[MESSAGE] From peer 1: 256 bytes
[MESSAGE] From peer 1: 256 bytes
[MESSAGE] From peer 1: 256 bytes
[MESSAGE] From peer 1: 256 bytes
[MESSAGE] From peer 1: 256 bytes
[MESSAGE] From peer 1: 256 bytes
[MESSAGE] From peer 1: 256 bytes
[MESSAGE] From peer 1: 256 bytes
[MESSAGE] From peer 1: 256 bytes
[MESSAGE] From peer 1: 256 bytes
[MESSAGE] From peer 1: 256 bytes
[MESSAGE] From peer 1: 256 bytes
[MESSAGE] From peer 1: 256 bytes
[MESSAGE] From peer 1: 256 bytes
[MESSAGE] From peer 1: 256 bytes
[MESSAGE] From peer 1: 256 bytes
[MESSAGE] From peer 1: 256 bytes
[MESSAGE] From peer 1: 256 bytes
[MESSAGE] From peer 1: 256 bytes
[MESSAGE] From peer 1: 256 bytes
[MESSAGE] From peer 1: 256 bytes
[MESSAGE] From peer 1: 256 bytes
[MESSAGE] From peer 1: 256 bytes
[MESSAGE] From peer 1: 256 bytes
[MESSAGE] From peer 1: 256 bytes
[MESSAGE] From peer 1: 256 bytes
[MESSAGE] From peer 1: 256 bytes
[MESSAGE] From peer 1: 256 bytes
[MESSAGE] From peer 1: 256 bytes
[MESSAGE] From peer 1: 256 bytes
[MESSAGE] From peer 1: 256 bytes
[MESSAGE] From peer 1: 256 bytes
[MESSAGE] From peer 1: 256 bytes
[ECHO] 1100 messages echoed
[MESSAGE] From peer 1: 256 bytes
[MESSAGE] From peer 1: 256 bytes
[MESSAGE] From peer 1: 256 bytes
[MESSAGE] From peer 1: 256 bytes
[MESSAGE] From peer 1: 256 bytes
[MESSAGE] From peer 1: 256 bytes
[MESSAGE] From peer 1: 256 bytes
[MESSAGE] From peer 1: 256 bytes
[MESSAGE] From peer 1: 256 bytes
[MESSAGE] From peer 1: 256 bytes
[MESSAGE] From peer 1: 256 bytes
[MESSAGE] From peer 1: 256 bytes
[MESSAGE] From peer 1: 256 bytes
[MESSAGE] From peer 1: 256 bytes
[MESSAGE] From peer 1: 256 bytes
[MESSAGE] From peer 1: 256 bytes
[MESSAGE] From peer 1: 256 bytes
[MESSAGE] From peer 1: 256 bytes
[MESSAGE] From peer 1: 256 bytes
[MESSAGE] From peer 1: 256 bytes
[MESSAGE] From peer 1: 256 bytes
[MESSAGE] From peer 1: 256 bytes
[MESSAGE] From peer 1: 256 bytes
[MESSAGE] From peer 1: 256 bytes
[MESSAGE] From peer 1: 256 bytes
[MESSAGE] From peer 1: 256 bytes
[MESSAGE] From peer 1: 256 bytes
[MESSAGE] From peer 1: 256 bytes
[MESSAGE] From peer 1: 256 bytes
[MESSAGE] From peer 1: 256 bytes
[MESSAGE] From peer 1: 256 bytes
[MESSAGE] From peer 1: 256 bytes
[MESSAGE] From peer 1: 256 bytes
[MESSAGE] From peer 1: 256 bytes
[MESSAGE] From peer 1: 256 bytes
[MESSAGE] From peer 1: 256 bytes
[MESSAGE] From peer 1: 256 bytes
[MESSAGE] From peer 1: 256 bytes
[MESSAGE] From peer 1: 256 bytes
[MESSAGE] From peer 1: 256 bytes
[MESSAGE] From peer 1: 256 bytes
[MESSAGE] From peer 1: 256 bytes
[MESSAGE] From peer 1: 256 bytes
[MESSAGE] From peer 1: 256 bytes
[MESSAGE] From peer 1: 256 bytes
[MESSAGE] From peer 1: 256 bytes
[MESSAGE] From peer 1: 256 bytes
[MESSAGE] From peer 1: 256 bytes
[MESSAGE] From peer 1: 256 bytes
[MESSAGE] From peer 1: 256 bytes
[MESSAGE] From peer 1: 256 bytes
[MESSAGE] From peer 1: 256 bytes
[MESSAGE] From peer 1: 256 bytes
[MESSAGE] From peer 1: 256 bytes
[MESSAGE] From peer 1: 256 bytes
[MESSAGE] From peer 1: 256 bytes
[MESSAGE] From peer 1: 256 bytes
[MESSAGE] From peer 1: 256 bytes
[MESSAGE] From peer 1: 256 bytes
[MESSAGE] From peer 1: 256 bytes
[MESSAGE] From peer 1: 256 bytes
[MESSAGE] From peer 1: 256 bytes
[MESSAGE] From peer 1: 256 bytes
[MESSAGE] From peer 1: 256 bytes
[MESSAGE] From peer 1: 256 bytes
[MESSAGE] From peer 1: 256 bytes
[MESSAGE] From peer 1: 256 bytes
[MESSAGE] From peer 1: 256 bytes
[MESSAGE] From peer 1: 256 bytes
[MESSAGE] From peer 1: 256 bytes
[MESSAGE] From peer 1: 256 bytes
[MESSAGE] From peer 1: 256 bytes
[MESSAGE] From peer 1: 256 bytes
[MESSAGE] From peer 1: 256 bytes
[MESSAGE] From peer 1: 256 bytes
[MESSAGE] From peer 1: 256 bytes
[MESSAGE] From peer 1: 256 bytes
[MESSAGE] From peer 1: 256 bytes
[MESSAGE] From peer 1: 256 bytes
[MESSAGE] From peer 1: 256 bytes
[MESSAGE] From peer 1: 256 bytes
[MESSAGE] From peer 1: 256 bytes
[MESSAGE] From peer 1: 256 bytes
[MESSAGE] From peer 1: 256 bytes
[MESSAGE] From peer 1: 256 bytes
[MESSAGE] From peer 1: 256 bytes
[MESSAGE] From peer 1: 256 bytes
[MESSAGE] From peer 1: 256 bytes
[MESSAGE] From peer 1: 256 bytes
[MESSAGE] From peer 1: 256 bytes
[MESSAGE] From peer 1: 256 bytes
[MESSAGE] From peer 1: 256 bytes
[MESSAGE] From peer 1: 256 bytes
[MESSAGE] From peer 1: 256 bytes
[MESSAGE] From peer 1: 256 bytes
[MESSAGE] From peer 1: 256 bytes
[MESSAGE] From peer 1: 256 bytes
[MESSAGE] From peer 1: 256 bytes
[MESSAGE] From peer 1: 256 bytes
[MESSAGE] From peer 1: 256 bytes
[ECHO] 1200 messages echoed
[MESSAGE] From peer 1: 256 bytes
[MESSAGE] From peer 1: 256 bytes
[MESSAGE] From peer 1: 256 bytes
[MESSAGE] From peer 1: 256 bytes
[MESSAGE] From peer 1: 256 bytes
[MESSAGE] From peer 1: 256 bytes
[MESSAGE] From peer 1: 256 bytes
[MESSAGE] From peer 1: 256 bytes
[MESSAGE] From peer 1: 256 bytes
[MESSAGE] From peer 1: 256 bytes
[MESSAGE] From peer 1: 256 bytes
[MESSAGE] From peer 1: 256 bytes
[MESSAGE] From peer 1: 256 bytes
[MESSAGE] From peer 1: 256 bytes
[MESSAGE] From peer 1: 256 bytes
[MESSAGE] From peer 1: 256 bytes
[MESSAGE] From peer 1: 256 bytes
[MESSAGE] From peer 1: 256 bytes
[MESSAGE] From peer 1: 256 bytes
[MESSAGE] From peer 1: 256 bytes
[MESSAGE] From peer 1: 256 bytes
[MESSAGE] From peer 1: 256 bytes
[MESSAGE] From peer 1: 256 bytes
[MESSAGE] From peer 1: 256 bytes
[MESSAGE] From peer 1: 256 bytes
[MESSAGE] From peer 1: 256 bytes
[MESSAGE] From peer 1: 256 bytes
[MESSAGE] From peer 1: 256 bytes
[MESSAGE] From peer 1: 256 bytes
[MESSAGE] From peer 1: 256 bytes
[MESSAGE] From peer 1: 256 bytes
[MESSAGE] From peer 1: 256 bytes
[MESSAGE] From peer 1: 256 bytes
[MESSAGE] From peer 1: 256 bytes
[MESSAGE] From peer 1: 256 bytes
[MESSAGE] From peer 1: 256 bytes
[MESSAGE] From peer 1: 256 bytes
[MESSAGE] From peer 1: 256 bytes
[MESSAGE] From peer 1: 256 bytes
[MESSAGE] From peer 1: 256 bytes
[MESSAGE] From peer 1: 256 bytes
[MESSAGE] From peer 1: 256 bytes
[MESSAGE] From peer 1: 256 bytes
[MESSAGE] From peer 1: 256 bytes
[MESSAGE] From peer 1: 256 bytes
[MESSAGE] From peer 1: 256 bytes
[MESSAGE] From peer 1: 256 bytes
[MESSAGE] From peer 1: 256 bytes
[MESSAGE] From peer 1: 256 bytes
[MESSAGE] From peer 1: 256 bytes
[MESSAGE] From peer 1: 256 bytes
[MESSAGE] From peer 1: 256 bytes
[MESSAGE] From peer 1: 256 bytes
[MESSAGE] From peer 1: 256 bytes
[MESSAGE] From peer 1: 256 bytes
[MESSAGE] From peer 1: 256 bytes
[MESSAGE] From peer 1: 256 bytes
[MESSAGE] From peer 1: 256 bytes
[MESSAGE] From peer 1: 256 bytes
[MESSAGE] From peer 1: 256 bytes
[MESSAGE] From peer 1: 256 bytes
[MESSAGE] From peer 1: 256 bytes
[MESSAGE] From peer 1: 256 bytes
[MESSAGE] From peer 1: 256 bytes
[MESSAGE] From peer 1: 256 bytes
[MESSAGE] From peer 1: 256 bytes
[MESSAGE] From peer 1: 256 bytes
[MESSAGE] From peer 1: 256 bytes
[MESSAGE] From peer 1: 256 bytes
[MESSAGE] From peer 1: 256 bytes
[MESSAGE] From peer 1: 256 bytes
[MESSAGE] From peer 1: 256 bytes
[MESSAGE] From peer 1: 256 bytes
[MESSAGE] From peer 1: 256 bytes
[MESSAGE] From peer 1: 256 bytes
[MESSAGE] From peer 1: 256 bytes
[MESSAGE] From peer 1: 256 bytes
[MESSAGE] From peer 1: 256 bytes
[STATUS] 40 sec: peers=2, msgs=1278, connected=yes
[MESSAGE] From peer 1: 256 bytes
[MESSAGE] From peer 1: 256 bytes
[MESSAGE] From peer 1: 256 bytes
[MESSAGE] From peer 1: 256 bytes
[MESSAGE] From peer 1: 256 bytes
[MESSAGE] From peer 1: 256 bytes
[MESSAGE] From peer 1: 256 bytes
[MESSAGE] From peer 1: 256 bytes
[MESSAGE] From peer 1: 256 bytes
[MESSAGE] From peer 1: 256 bytes
[MESSAGE] From peer 1: 256 bytes
[MESSAGE] From peer 1: 256 bytes
[MESSAGE] From peer 1: 256 bytes
[MESSAGE] From peer 1: 256 bytes
[MESSAGE] From peer 1: 256 bytes
[MESSAGE] From peer 1: 256 bytes
[MESSAGE] From peer 1: 256 bytes
[MESSAGE] From peer 1: 256 bytes
[MESSAGE] From peer 1: 256 bytes
[MESSAGE] From peer 1: 256 bytes
[MESSAGE] From peer 1: 256 bytes
[MESSAGE] From peer 1: 256 bytes
[ECHO] 1300 messages echoed
[MESSAGE] From peer 1: 256 bytes
[MESSAGE] From peer 1: 256 bytes
[MESSAGE] From peer 1: 256 bytes
[MESSAGE] From peer 1: 256 bytes
[MESSAGE] From peer 1: 256 bytes
[MESSAGE] From peer 1: 256 bytes
[MESSAGE] From peer 1: 256 bytes
[MESSAGE] From peer 1: 256 bytes
[MESSAGE] From peer 1: 256 bytes
[MESSAGE] From peer 1: 256 bytes
[MESSAGE] From peer 1: 256 bytes
[MESSAGE] From peer 1: 256 bytes
[MESSAGE] From peer 1: 256 bytes
[MESSAGE] From peer 1: 256 bytes
[MESSAGE] From peer 1: 256 bytes
[MESSAGE] From peer 1: 256 bytes
[MESSAGE] From peer 1: 256 bytes
[MESSAGE] From peer 1: 256 bytes
[MESSAGE] From peer 1: 256 bytes
[MESSAGE] From peer 1: 256 bytes
[MESSAGE] From peer 1: 256 bytes
[MESSAGE] From peer 1: 256 bytes
[MESSAGE] From peer 1: 256 bytes
[MESSAGE] From peer 1: 256 bytes
[MESSAGE] From peer 1: 256 bytes
[MESSAGE] From peer 1: 256 bytes
[MESSAGE] From peer 1: 256 bytes
[MESSAGE] From peer 1: 256 bytes
[MESSAGE] From peer 1: 256 bytes
[MESSAGE] From peer 1: 256 bytes
[MESSAGE] From peer 1: 256 bytes
[MESSAGE] From peer 1: 256 bytes
[MESSAGE] From peer 1: 256 bytes
[MESSAGE] From peer 1: 256 bytes
[MESSAGE] From peer 1: 256 bytes
[MESSAGE] From peer 1: 256 bytes
[MESSAGE] From peer 1: 256 bytes
[MESSAGE] From peer 1: 256 bytes
[MESSAGE] From peer 1: 256 bytes
[MESSAGE] From peer 1: 256 bytes
[MESSAGE] From peer 1: 256 bytes
[MESSAGE] From peer 1: 256 bytes
[MESSAGE] From peer 1: 256 bytes
[MESSAGE] From peer 1: 256 bytes
[MESSAGE] From peer 1: 256 bytes
[MESSAGE] From peer 1: 256 bytes
[MESSAGE] From peer 1: 256 bytes
[MESSAGE] From peer 1: 256 bytes
[MESSAGE] From peer 1: 256 bytes
[MESSAGE] From peer 1: 256 bytes
[MESSAGE] From peer 1: 256 bytes
[MESSAGE] From peer 1: 256 bytes
[MESSAGE] From peer 1: 256 bytes
[MESSAGE] From peer 1: 256 bytes
[MESSAGE] From peer 1: 256 bytes
[MESSAGE] From peer 1: 256 bytes
[MESSAGE] From peer 1: 256 bytes
[MESSAGE] From peer 1: 256 bytes
[MESSAGE] From peer 1: 256 bytes
[MESSAGE] From peer 1: 256 bytes
[MESSAGE] From peer 1: 256 bytes
[MESSAGE] From peer 1: 256 bytes
[MESSAGE] From peer 1: 256 bytes
[MESSAGE] From peer 1: 256 bytes
[MESSAGE] From peer 1: 256 bytes
[MESSAGE] From peer 1: 256 bytes
[MESSAGE] From peer 1: 256 bytes
[MESSAGE] From peer 1: 256 bytes
[MESSAGE] From peer 1: 256 bytes
[MESSAGE] From peer 1: 256 bytes
[MESSAGE] From peer 1: 256 bytes
[MESSAGE] From peer 1: 256 bytes
[MESSAGE] From peer 1: 256 bytes
[MESSAGE] From peer 1: 256 bytes
[MESSAGE] From peer 1: 256 bytes
[MESSAGE] From peer 1: 256 bytes
[MESSAGE] From peer 1: 256 bytes
[MESSAGE] From peer 1: 256 bytes
[MESSAGE] From peer 1: 256 bytes
[MESSAGE] From peer 1: 256 bytes
[MESSAGE] From peer 1: 256 bytes
[MESSAGE] From peer 1: 256 bytes
[MESSAGE] From peer 1: 256 bytes
[MESSAGE] From peer 1: 256 bytes
[MESSAGE] From peer 1: 256 bytes
[MESSAGE] From peer 1: 256 bytes
[MESSAGE] From peer 1: 256 bytes
[MESSAGE] From peer 1: 256 bytes
[MESSAGE] From peer 1: 256 bytes
[MESSAGE] From peer 1: 256 bytes
[MESSAGE] From peer 1: 256 bytes
[MESSAGE] From peer 1: 256 bytes
[MESSAGE] From peer 1: 256 bytes
[MESSAGE] From peer 1: 256 bytes
[MESSAGE] From peer 1: 256 bytes
[MESSAGE] From peer 1: 256 bytes
[MESSAGE] From peer 1: 256 bytes
[MESSAGE] From peer 1: 256 bytes
[MESSAGE] From peer 1: 256 bytes
[MESSAGE] From peer 1: 256 bytes
[ECHO] 1400 messages echoed
[MESSAGE] From peer 1: 256 bytes
[MESSAGE] From peer 1: 256 bytes
[MESSAGE] From peer 1: 256 bytes
[MESSAGE] From peer 1: 256 bytes
[MESSAGE] From peer 1: 256 bytes
[MESSAGE] From peer 1: 256 bytes
[MESSAGE] From peer 1: 256 bytes
[MESSAGE] From peer 1: 256 bytes
[MESSAGE] From peer 1: 256 bytes
[MESSAGE] From peer 1: 256 bytes
[MESSAGE] From peer 1: 256 bytes
[MESSAGE] From peer 1: 256 bytes
[MESSAGE] From peer 1: 256 bytes
[MESSAGE] From peer 1: 256 bytes
[MESSAGE] From peer 1: 256 bytes
[MESSAGE] From peer 1: 256 bytes
[MESSAGE] From peer 1: 256 bytes
[MESSAGE] From peer 1: 256 bytes
[MESSAGE] From peer 1: 256 bytes
[MESSAGE] From peer 1: 256 bytes
[MESSAGE] From peer 1: 256 bytes
[MESSAGE] From peer 1: 256 bytes
[MESSAGE] From peer 1: 256 bytes
[MESSAGE] From peer 1: 256 bytes
[MESSAGE] From peer 1: 256 bytes
[MESSAGE] From peer 1: 256 bytes
[MESSAGE] From peer 1: 256 bytes
[MESSAGE] From peer 1: 256 bytes
[MESSAGE] From peer 1: 256 bytes
[MESSAGE] From peer 1: 256 bytes
[MESSAGE] From peer 1: 256 bytes
[MESSAGE] From peer 1: 256 bytes
[MESSAGE] From peer 1: 256 bytes
[MESSAGE] From peer 1: 256 bytes
[MESSAGE] From peer 1: 256 bytes
[MESSAGE] From peer 1: 256 bytes
[MESSAGE] From peer 1: 256 bytes
[MESSAGE] From peer 1: 256 bytes
[MESSAGE] From peer 1: 256 bytes
[MESSAGE] From peer 1: 256 bytes
[MESSAGE] From peer 1: 256 bytes
[MESSAGE] From peer 1: 256 bytes
[MESSAGE] From peer 1: 256 bytes
[MESSAGE] From peer 1: 256 bytes
[MESSAGE] From peer 1: 256 bytes
[MESSAGE] From peer 1: 256 bytes
[MESSAGE] From peer 1: 256 bytes
[MESSAGE] From peer 1: 256 bytes
[MESSAGE] From peer 1: 256 bytes
[MESSAGE] From peer 1: 256 bytes
[MESSAGE] From peer 1: 256 bytes
[MESSAGE] From peer 1: 256 bytes
[MESSAGE] From peer 1: 256 bytes
[MESSAGE] From peer 1: 256 bytes
[MESSAGE] From peer 1: 256 bytes
[MESSAGE] From peer 1: 256 bytes
[MESSAGE] From peer 1: 256 bytes
[MESSAGE] From peer 1: 256 bytes
[MESSAGE] From peer 1: 256 bytes
[MESSAGE] From peer 1: 256 bytes
[MESSAGE] From peer 1: 256 bytes
[MESSAGE] From peer 1: 256 bytes
[MESSAGE] From peer 1: 256 bytes
[MESSAGE] From peer 1: 256 bytes
[MESSAGE] From peer 1: 256 bytes
[MESSAGE] From peer 1: 256 bytes
[MESSAGE] From peer 1: 256 bytes
[MESSAGE] From peer 1: 256 bytes
[MESSAGE] From peer 1: 256 bytes
[MESSAGE] From peer 1: 256 bytes
[MESSAGE] From peer 1: 256 bytes
[MESSAGE] From peer 1: 256 bytes
[MESSAGE] From peer 1: 256 bytes
[MESSAGE] From peer 1: 256 bytes
[MESSAGE] From peer 1: 256 bytes
[MESSAGE] From peer 1: 256 bytes
[MESSAGE] From peer 1: 256 bytes
[MESSAGE] From peer 1: 256 bytes
[MESSAGE] From peer 1: 256 bytes
[MESSAGE] From peer 1: 256 bytes
[MESSAGE] From peer 1: 256 bytes
[MESSAGE] From peer 1: 256 bytes
[MESSAGE] From peer 1: 256 bytes
[MESSAGE] From peer 1: 256 bytes
[MESSAGE] From peer 1: 256 bytes
[MESSAGE] From peer 1: 256 bytes
[MESSAGE] From peer 1: 256 bytes
[MESSAGE] From peer 1: 256 bytes
[MESSAGE] From peer 1: 256 bytes
[MESSAGE] From peer 1: 256 bytes
[MESSAGE] From peer 1: 256 bytes
[MESSAGE] From peer 1: 256 bytes
[MESSAGE] From peer 1: 256 bytes
[MESSAGE] From peer 1: 256 bytes
[MESSAGE] From peer 1: 256 bytes
[MESSAGE] From peer 1: 256 bytes
[MESSAGE] From peer 1: 256 bytes
[MESSAGE] From peer 1: 256 bytes
[MESSAGE] From peer 1: 256 bytes
[MESSAGE] From peer 1: 256 bytes
[ECHO] 1500 messages echoed
[MESSAGE] From peer 1: 256 bytes
[MESSAGE] From peer 1: 256 bytes
[MESSAGE] From peer 1: 256 bytes
[MESSAGE] From peer 1: 256 bytes
[MESSAGE] From peer 1: 256 bytes
[MESSAGE] From peer 1: 256 bytes
[MESSAGE] From peer 1: 256 bytes
[MESSAGE] From peer 1: 256 bytes
[MESSAGE] From peer 1: 256 bytes
[MESSAGE] From peer 1: 256 bytes
[MESSAGE] From peer 1: 256 bytes
[MESSAGE] From peer 1: 256 bytes
[MESSAGE] From peer 1: 256 bytes
[MESSAGE] From peer 1: 256 bytes
[MESSAGE] From peer 1: 256 bytes
[MESSAGE] From peer 1: 256 bytes
[MESSAGE] From peer 1: 256 bytes
[MESSAGE] From peer 1: 256 bytes
[MESSAGE] From peer 1: 256 bytes
[MESSAGE] From peer 1: 256 bytes
[MESSAGE] From peer 1: 256 bytes
[MESSAGE] From peer 1: 256 bytes
[MESSAGE] From peer 1: 256 bytes
[MESSAGE] From peer 1: 256 bytes
[MESSAGE] From peer 1: 256 bytes
[MESSAGE] From peer 1: 256 bytes
[MESSAGE] From peer 1: 256 bytes
[MESSAGE] From peer 1: 256 bytes
[MESSAGE] From peer 1: 256 bytes
[MESSAGE] From peer 1: 256 bytes
[MESSAGE] From peer 1: 256 bytes
[MESSAGE] From peer 1: 256 bytes
[MESSAGE] From peer 1: 256 bytes
[MESSAGE] From peer 1: 256 bytes
[MESSAGE] From peer 1: 256 bytes
[MESSAGE] From peer 1: 256 bytes
[MESSAGE] From peer 1: 256 bytes
[MESSAGE] From peer 1: 256 bytes
[MESSAGE] From peer 1: 256 bytes
[MESSAGE] From peer 1: 256 bytes
[MESSAGE] From peer 1: 256 bytes
[MESSAGE] From peer 1: 256 bytes
[MESSAGE] From peer 1: 256 bytes
[MESSAGE] From peer 1: 256 bytes
[MESSAGE] From peer 1: 256 bytes
[MESSAGE] From peer 1: 256 bytes
[MESSAGE] From peer 1: 256 bytes
[MESSAGE] From peer 1: 256 bytes
[MESSAGE] From peer 1: 256 bytes
[MESSAGE] From peer 1: 256 bytes
[MESSAGE] From peer 1: 256 bytes
[MESSAGE] From peer 1: 256 bytes
[MESSAGE] From peer 1: 256 bytes
[MESSAGE] From peer 1: 256 bytes
[MESSAGE] From peer 1: 256 bytes
[MESSAGE] From peer 1: 256 bytes
[MESSAGE] From peer 1: 256 bytes
[MESSAGE] From peer 1: 256 bytes
[MESSAGE] From peer 1: 256 bytes
[MESSAGE] From peer 1: 256 bytes
[MESSAGE] From peer 1: 256 bytes
[MESSAGE] From peer 1: 256 bytes
[MESSAGE] From peer 1: 256 bytes
[MESSAGE] From peer 1: 256 bytes
[MESSAGE] From peer 1: 256 bytes
[MESSAGE] From peer 1: 256 bytes
[MESSAGE] From peer 1: 256 bytes
[MESSAGE] From peer 1: 256 bytes
[MESSAGE] From peer 1: 256 bytes
[MESSAGE] From peer 1: 256 bytes
[MESSAGE] From peer 1: 256 bytes
[MESSAGE] From peer 1: 256 bytes
[MESSAGE] From peer 1: 256 bytes
[MESSAGE] From peer 1: 256 bytes
[MESSAGE] From peer 1: 256 bytes
[MESSAGE] From peer 1: 256 bytes
[MESSAGE] From peer 1: 256 bytes
[MESSAGE] From peer 1: 256 bytes
[MESSAGE] From peer 1: 256 bytes
[MESSAGE] From peer 1: 256 bytes
[MESSAGE] From peer 1: 256 bytes
[MESSAGE] From peer 1: 256 bytes
[MESSAGE] From peer 1: 256 bytes
[MESSAGE] From peer 1: 256 bytes
[MESSAGE] From peer 1: 256 bytes
[MESSAGE] From peer 1: 256 bytes
[MESSAGE] From peer 1: 256 bytes
[MESSAGE] From peer 1: 256 bytes
[MESSAGE] From peer 1: 256 bytes
[MESSAGE] From peer 1: 256 bytes
[MESSAGE] From peer 1: 256 bytes
[MESSAGE] From peer 1: 256 bytes
[MESSAGE] From peer 1: 256 bytes
[MESSAGE] From peer 1: 256 bytes
[MESSAGE] From peer 1: 256 bytes
[MESSAGE] From peer 1: 256 bytes
[MESSAGE] From peer 1: 256 bytes
[MESSAGE] From peer 1: 256 bytes
[MESSAGE] From peer 1: 256 bytes
[MESSAGE] From peer 1: 256 bytes
[ECHO] 1600 messages echoed
[MESSAGE] From peer 1: 256 bytes
[MESSAGE] From peer 1: 256 bytes
[MESSAGE] From peer 1: 256 bytes
[MESSAGE] From peer 1: 256 bytes
[MESSAGE] From peer 1: 256 bytes
[MESSAGE] From peer 1: 256 bytes
[MESSAGE] From peer 1: 256 bytes
[MESSAGE] From peer 1: 256 bytes
[MESSAGE] From peer 1: 256 bytes
[MESSAGE] From peer 1: 256 bytes
[MESSAGE] From peer 1: 256 bytes
[MESSAGE] From peer 1: 256 bytes
[MESSAGE] From peer 1: 256 bytes
[MESSAGE] From peer 1: 256 bytes
[MESSAGE] From peer 1: 256 bytes
[MESSAGE] From peer 1: 256 bytes
[MESSAGE] From peer 1: 256 bytes
[MESSAGE] From peer 1: 256 bytes
[MESSAGE] From peer 1: 256 bytes
[MESSAGE] From peer 1: 256 bytes
[MESSAGE] From peer 1: 256 bytes
[MESSAGE] From peer 1: 256 bytes
[MESSAGE] From peer 1: 256 bytes
[MESSAGE] From peer 1: 256 bytes
[MESSAGE] From peer 1: 256 bytes
[MESSAGE] From peer 1: 256 bytes
[MESSAGE] From peer 1: 256 bytes
[MESSAGE] From peer 1: 256 bytes
[MESSAGE] From peer 1: 256 bytes
[MESSAGE] From peer 1: 256 bytes
[MESSAGE] From peer 1: 256 bytes
[MESSAGE] From peer 1: 256 bytes
[MESSAGE] From peer 1: 256 bytes
[MESSAGE] From peer 1: 256 bytes
[MESSAGE] From peer 1: 256 bytes
[MESSAGE] From peer 1: 256 bytes
[MESSAGE] From peer 1: 256 bytes
[MESSAGE] From peer 1: 256 bytes
[MESSAGE] From peer 1: 256 bytes
[MESSAGE] From peer 1: 256 bytes
[MESSAGE] From peer 1: 256 bytes
[MESSAGE] From peer 1: 256 bytes
[MESSAGE] From peer 1: 256 bytes
[MESSAGE] From peer 1: 256 bytes
[MESSAGE] From peer 1: 256 bytes
[MESSAGE] From peer 1: 256 bytes
[MESSAGE] From peer 1: 256 bytes
[MESSAGE] From peer 1: 256 bytes
[MESSAGE] From peer 1: 256 bytes
[MESSAGE] From peer 1: 256 bytes
[MESSAGE] From peer 1: 256 bytes
[MESSAGE] From peer 1: 256 bytes
[MESSAGE] From peer 1: 256 bytes
[MESSAGE] From peer 1: 256 bytes
[MESSAGE] From peer 1: 256 bytes
[MESSAGE] From peer 1: 256 bytes
[MESSAGE] From peer 1: 256 bytes
[MESSAGE] From peer 1: 256 bytes
[MESSAGE] From peer 1: 256 bytes
[MESSAGE] From peer 1: 256 bytes
[MESSAGE] From peer 1: 256 bytes
[MESSAGE] From peer 1: 256 bytes
[MESSAGE] From peer 1: 256 bytes
[MESSAGE] From peer 1: 256 bytes
[MESSAGE] From peer 1: 256 bytes
[MESSAGE] From peer 1: 256 bytes
[MESSAGE] From peer 1: 256 bytes
[MESSAGE] From peer 1: 256 bytes
[MESSAGE] From peer 1: 256 bytes
[MESSAGE] From peer 1: 256 bytes
[MESSAGE] From peer 1: 256 bytes
[MESSAGE] From peer 1: 256 bytes
[MESSAGE] From peer 1: 256 bytes
[MESSAGE] From peer 1: 256 bytes
[MESSAGE] From peer 1: 256 bytes
[MESSAGE] From peer 1: 256 bytes
[MESSAGE] From peer 1: 256 bytes
[MESSAGE] From peer 1: 256 bytes
[MESSAGE] From peer 1: 256 bytes
[MESSAGE] From peer 1: 256 bytes
[MESSAGE] From peer 1: 256 bytes
[MESSAGE] From peer 1: 256 bytes
[MESSAGE] From peer 1: 256 bytes
[MESSAGE] From peer 1: 256 bytes
[MESSAGE] From peer 1: 256 bytes
[MESSAGE] From peer 1: 256 bytes
[MESSAGE] From peer 1: 256 bytes
[MESSAGE] From peer 1: 256 bytes
[MESSAGE] From peer 1: 256 bytes
[MESSAGE] From peer 1: 256 bytes
[MESSAGE] From peer 1: 256 bytes
[DISCOVERED] Peer 2: "MacThroughput" at 10.188.1.213:7354
[MESSAGE] From peer 1: 256 bytes
[MESSAGE] From peer 1: 256 bytes
[MESSAGE] From peer 1: 256 bytes
[MESSAGE] From peer 1: 256 bytes
[MESSAGE] From peer 1: 256 bytes
[MESSAGE] From peer 1: 256 bytes
[MESSAGE] From peer 1: 256 bytes
[MESSAGE] From peer 1: 256 bytes
[MESSAGE] From peer 1: 256 bytes
[ECHO] 1700 messages echoed
[MESSAGE] From peer 1: 256 bytes
[MESSAGE] From peer 1: 256 bytes
[MESSAGE] From peer 1: 256 bytes
[MESSAGE] From peer 1: 256 bytes
[MESSAGE] From peer 1: 256 bytes
[MESSAGE] From peer 1: 256 bytes
[MESSAGE] From peer 1: 256 bytes
[MESSAGE] From peer 1: 256 bytes
[MESSAGE] From peer 1: 256 bytes
[MESSAGE] From peer 1: 256 bytes
[MESSAGE] From peer 1: 256 bytes
[MESSAGE] From peer 1: 256 bytes
[MESSAGE] From peer 1: 256 bytes
[MESSAGE] From peer 1: 256 bytes
[MESSAGE] From peer 1: 256 bytes
[MESSAGE] From peer 1: 256 bytes
[MESSAGE] From peer 1: 256 bytes
[MESSAGE] From peer 1: 256 bytes
[MESSAGE] From peer 1: 256 bytes
[MESSAGE] From peer 1: 256 bytes
[MESSAGE] From peer 1: 256 bytes
[MESSAGE] From peer 1: 256 bytes
[MESSAGE] From peer 1: 256 bytes
[MESSAGE] From peer 1: 256 bytes
[MESSAGE] From peer 1: 256 bytes
[MESSAGE] From peer 1: 256 bytes
[MESSAGE] From peer 1: 256 bytes
[MESSAGE] From peer 1: 256 bytes
[MESSAGE] From peer 1: 256 bytes
[MESSAGE] From peer 1: 256 bytes
[MESSAGE] From peer 1: 256 bytes
[MESSAGE] From peer 1: 256 bytes
[MESSAGE] From peer 1: 256 bytes
[MESSAGE] From peer 1: 256 bytes
[MESSAGE] From peer 1: 256 bytes
[MESSAGE] From peer 1: 256 bytes
[MESSAGE] From peer 1: 256 bytes
[MESSAGE] From peer 1: 256 bytes
[MESSAGE] From peer 1: 256 bytes
[MESSAGE] From peer 1: 256 bytes
[MESSAGE] From peer 1: 256 bytes
[MESSAGE] From peer 1: 256 bytes
[MESSAGE] From peer 1: 256 bytes
[MESSAGE] From peer 1: 256 bytes
[MESSAGE] From peer 1: 256 bytes
[MESSAGE] From peer 1: 256 bytes
[MESSAGE] From peer 1: 256 bytes
[MESSAGE] From peer 1: 256 bytes
[MESSAGE] From peer 1: 256 bytes
[MESSAGE] From peer 1: 256 bytes
[MESSAGE] From peer 1: 256 bytes
[MESSAGE] From peer 1: 256 bytes
[MESSAGE] From peer 1: 256 bytes
[MESSAGE] From peer 1: 256 bytes
[MESSAGE] From peer 1: 256 bytes
[MESSAGE] From peer 1: 256 bytes
[MESSAGE] From peer 1: 256 bytes
[MESSAGE] From peer 1: 256 bytes
[MESSAGE] From peer 1: 256 bytes
[MESSAGE] From peer 1: 256 bytes
[MESSAGE] From peer 1: 256 bytes
[MESSAGE] From peer 1: 256 bytes
[MESSAGE] From peer 1: 256 bytes
[MESSAGE] From peer 1: 256 bytes
[MESSAGE] From peer 1: 256 bytes
[MESSAGE] From peer 1: 256 bytes
[MESSAGE] From peer 1: 256 bytes
[MESSAGE] From peer 1: 256 bytes
[MESSAGE] From peer 1: 256 bytes
[MESSAGE] From peer 1: 256 bytes
[MESSAGE] From peer 1: 256 bytes
[MESSAGE] From peer 1: 256 bytes
[MESSAGE] From peer 1: 256 bytes
[MESSAGE] From peer 1: 256 bytes
[MESSAGE] From peer 1: 256 bytes
[MESSAGE] From peer 1: 256 bytes
[MESSAGE] From peer 1: 256 bytes
[MESSAGE] From peer 1: 256 bytes
[MESSAGE] From peer 1: 256 bytes
[MESSAGE] From peer 1: 256 bytes
[MESSAGE] From peer 1: 256 bytes
[MESSAGE] From peer 1: 256 bytes
[MESSAGE] From peer 1: 256 bytes
[MESSAGE] From peer 1: 256 bytes
[MESSAGE] From peer 1: 256 bytes
[MESSAGE] From peer 1: 256 bytes
[MESSAGE] From peer 1: 256 bytes
[MESSAGE] From peer 1: 256 bytes
[MESSAGE] From peer 1: 256 bytes
[MESSAGE] From peer 1: 256 bytes
[MESSAGE] From peer 1: 256 bytes
[MESSAGE] From peer 1: 256 bytes
[MESSAGE] From peer 1: 256 bytes
[MESSAGE] From peer 1: 256 bytes
[MESSAGE] From peer 1: 256 bytes
[MESSAGE] From peer 1: 256 bytes
[MESSAGE] From peer 1: 256 bytes
[MESSAGE] From peer 1: 256 bytes
[MESSAGE] From peer 1: 256 bytes
[MESSAGE] From peer 1: 256 bytes
[ECHO] 1800 messages echoed
[MESSAGE] From peer 1: 256 bytes
[MESSAGE] From peer 1: 256 bytes
[MESSAGE] From peer 1: 256 bytes
[MESSAGE] From peer 1: 256 bytes
[MESSAGE] From peer 1: 256 bytes
[MESSAGE] From peer 1: 256 bytes
[MESSAGE] From peer 1: 256 bytes
[MESSAGE] From peer 1: 256 bytes
[MESSAGE] From peer 1: 256 bytes
[MESSAGE] From peer 1: 256 bytes
[MESSAGE] From peer 1: 256 bytes
[MESSAGE] From peer 1: 256 bytes
[MESSAGE] From peer 1: 256 bytes
[MESSAGE] From peer 1: 256 bytes
[MESSAGE] From peer 1: 256 bytes
[MESSAGE] From peer 1: 256 bytes
[MESSAGE] From peer 1: 256 bytes
[MESSAGE] From peer 1: 256 bytes
[MESSAGE] From peer 1: 256 bytes
[MESSAGE] From peer 1: 256 bytes
[MESSAGE] From peer 1: 256 bytes
[MESSAGE] From peer 1: 256 bytes
[MESSAGE] From peer 1: 256 bytes
[MESSAGE] From peer 1: 256 bytes
[MESSAGE] From peer 1: 256 bytes
[MESSAGE] From peer 1: 256 bytes
[MESSAGE] From peer 1: 256 bytes
[MESSAGE] From peer 1: 256 bytes
[MESSAGE] From peer 1: 256 bytes
[MESSAGE] From peer 1: 256 bytes
[MESSAGE] From peer 1: 256 bytes
[MESSAGE] From peer 1: 256 bytes
[MESSAGE] From peer 1: 256 bytes
[MESSAGE] From peer 1: 256 bytes
[MESSAGE] From peer 1: 256 bytes
[MESSAGE] From peer 1: 256 bytes
[MESSAGE] From peer 1: 256 bytes
[MESSAGE] From peer 1: 256 bytes
[MESSAGE] From peer 1: 256 bytes
[MESSAGE] From peer 1: 256 bytes
[MESSAGE] From peer 1: 256 bytes
[MESSAGE] From peer 1: 256 bytes
[MESSAGE] From peer 1: 256 bytes
[MESSAGE] From peer 1: 256 bytes
[MESSAGE] From peer 1: 256 bytes
[MESSAGE] From peer 1: 256 bytes
[MESSAGE] From peer 1: 256 bytes
[MESSAGE] From peer 1: 256 bytes
[MESSAGE] From peer 1: 256 bytes
[MESSAGE] From peer 1: 256 bytes
[MESSAGE] From peer 1: 256 bytes
[MESSAGE] From peer 1: 256 bytes
[MESSAGE] From peer 1: 256 bytes
[MESSAGE] From peer 1: 256 bytes
[MESSAGE] From peer 1: 256 bytes
[MESSAGE] From peer 1: 256 bytes
[MESSAGE] From peer 1: 256 bytes
[MESSAGE] From peer 1: 256 bytes
[MESSAGE] From peer 1: 256 bytes
[MESSAGE] From peer 1: 256 bytes
[MESSAGE] From peer 1: 256 bytes
[MESSAGE] From peer 1: 256 bytes
[MESSAGE] From peer 1: 256 bytes
[MESSAGE] From peer 1: 256 bytes
[MESSAGE] From peer 1: 256 bytes
[MESSAGE] From peer 1: 256 bytes
[MESSAGE] From peer 1: 256 bytes
[MESSAGE] From peer 1: 256 bytes
[MESSAGE] From peer 1: 256 bytes
[MESSAGE] From peer 1: 256 bytes
[MESSAGE] From peer 1: 256 bytes
[MESSAGE] From peer 1: 256 bytes
[MESSAGE] From peer 1: 256 bytes
[MESSAGE] From peer 1: 256 bytes
[MESSAGE] From peer 1: 256 bytes
[MESSAGE] From peer 1: 256 bytes
[MESSAGE] From peer 1: 256 bytes
[MESSAGE] From peer 1: 256 bytes
[MESSAGE] From peer 1: 256 bytes
[MESSAGE] From peer 1: 256 bytes
[MESSAGE] From peer 1: 256 bytes
[MESSAGE] From peer 1: 256 bytes
[MESSAGE] From peer 1: 256 bytes
[MESSAGE] From peer 1: 256 bytes
[MESSAGE] From peer 1: 256 bytes
[MESSAGE] From peer 1: 256 bytes
[MESSAGE] From peer 1: 256 bytes
[MESSAGE] From peer 1: 256 bytes
[MESSAGE] From peer 1: 256 bytes
[MESSAGE] From peer 1: 256 bytes
[MESSAGE] From peer 1: 256 bytes
[MESSAGE] From peer 1: 256 bytes
[MESSAGE] From peer 1: 256 bytes
[MESSAGE] From peer 1: 256 bytes
[MESSAGE] From peer 1: 256 bytes
[MESSAGE] From peer 1: 256 bytes
[MESSAGE] From peer 1: 256 bytes
[MESSAGE] From peer 1: 256 bytes
[MESSAGE] From peer 1: 256 bytes
[MESSAGE] From peer 1: 256 bytes
[ECHO] 1900 messages echoed
[MESSAGE] From peer 1: 256 bytes
[MESSAGE] From peer 1: 256 bytes
[MESSAGE] From peer 1: 256 bytes
[MESSAGE] From peer 1: 256 bytes
[MESSAGE] From peer 1: 256 bytes
[MESSAGE] From peer 1: 256 bytes
[MESSAGE] From peer 1: 256 bytes
[MESSAGE] From peer 1: 256 bytes
[MESSAGE] From peer 1: 256 bytes
[MESSAGE] From peer 1: 256 bytes
[MESSAGE] From peer 1: 256 bytes
[MESSAGE] From peer 1: 256 bytes
[MESSAGE] From peer 1: 256 bytes
[MESSAGE] From peer 1: 256 bytes
[MESSAGE] From peer 1: 256 bytes
[MESSAGE] From peer 1: 256 bytes
[MESSAGE] From peer 1: 256 bytes
[MESSAGE] From peer 1: 256 bytes
[MESSAGE] From peer 1: 256 bytes
[MESSAGE] From peer 1: 256 bytes
[STATUS] 50 sec: peers=3, msgs=1920, connected=yes
[MESSAGE] From peer 1: 256 bytes
[MESSAGE] From peer 1: 256 bytes
[MESSAGE] From peer 1: 256 bytes
[MESSAGE] From peer 1: 256 bytes
[MESSAGE] From peer 1: 256 bytes
[MESSAGE] From peer 1: 256 bytes
[MESSAGE] From peer 1: 256 bytes
[MESSAGE] From peer 1: 256 bytes
[MESSAGE] From peer 1: 256 bytes
[MESSAGE] From peer 1: 256 bytes
[MESSAGE] From peer 1: 256 bytes
[MESSAGE] From peer 1: 256 bytes
[MESSAGE] From peer 1: 256 bytes
[MESSAGE] From peer 1: 256 bytes
[MESSAGE] From peer 1: 256 bytes
[MESSAGE] From peer 1: 256 bytes
[MESSAGE] From peer 1: 256 bytes
[MESSAGE] From peer 1: 256 bytes
[MESSAGE] From peer 1: 256 bytes
[MESSAGE] From peer 1: 256 bytes
[MESSAGE] From peer 1: 256 bytes
[MESSAGE] From peer 1: 256 bytes
[MESSAGE] From peer 1: 256 bytes
[MESSAGE] From peer 1: 256 bytes
[MESSAGE] From peer 1: 256 bytes
[MESSAGE] From peer 1: 256 bytes
[MESSAGE] From peer 1: 256 bytes
[MESSAGE] From peer 1: 256 bytes
[MESSAGE] From peer 1: 256 bytes
[MESSAGE] From peer 1: 256 bytes
[MESSAGE] From peer 1: 256 bytes
[MESSAGE] From peer 1: 256 bytes
[MESSAGE] From peer 1: 256 bytes
[MESSAGE] From peer 1: 256 bytes
[MESSAGE] From peer 1: 256 bytes
[MESSAGE] From peer 1: 256 bytes
[MESSAGE] From peer 1: 256 bytes
[MESSAGE] From peer 1: 256 bytes
[MESSAGE] From peer 1: 256 bytes
[MESSAGE] From peer 1: 256 bytes
[MESSAGE] From peer 1: 256 bytes
[MESSAGE] From peer 1: 256 bytes
[MESSAGE] From peer 1: 256 bytes
[MESSAGE] From peer 1: 256 bytes
[MESSAGE] From peer 1: 256 bytes
[MESSAGE] From peer 1: 256 bytes
[MESSAGE] From peer 1: 256 bytes
[MESSAGE] From peer 1: 256 bytes
[MESSAGE] From peer 1: 256 bytes
[MESSAGE] From peer 1: 256 bytes
[MESSAGE] From peer 1: 256 bytes
[MESSAGE] From peer 1: 256 bytes
[MESSAGE] From peer 1: 256 bytes
[MESSAGE] From peer 1: 256 bytes
[MESSAGE] From peer 1: 256 bytes
[MESSAGE] From peer 1: 256 bytes
[MESSAGE] From peer 1: 256 bytes
[MESSAGE] From peer 1: 256 bytes
[MESSAGE] From peer 1: 256 bytes
[MESSAGE] From peer 1: 256 bytes
[MESSAGE] From peer 1: 256 bytes
[MESSAGE] From peer 1: 256 bytes
[MESSAGE] From peer 1: 256 bytes
[MESSAGE] From peer 1: 256 bytes
[MESSAGE] From peer 1: 256 bytes
[MESSAGE] From peer 1: 256 bytes
[MESSAGE] From peer 1: 256 bytes
[MESSAGE] From peer 1: 256 bytes
[MESSAGE] From peer 1: 256 bytes
[MESSAGE] From peer 1: 256 bytes
[MESSAGE] From peer 1: 256 bytes
[MESSAGE] From peer 1: 256 bytes
[MESSAGE] From peer 1: 256 bytes
[MESSAGE] From peer 1: 256 bytes
[MESSAGE] From peer 1: 256 bytes
[MESSAGE] From peer 1: 256 bytes
[MESSAGE] From peer 1: 256 bytes
[MESSAGE] From peer 1: 256 bytes
[MESSAGE] From peer 1: 256 bytes
[MESSAGE] From peer 1: 256 bytes
[ECHO] 2000 messages echoed
[MESSAGE] From peer 1: 512 bytes
[MESSAGE] From peer 1: 512 bytes
[MESSAGE] From peer 1: 512 bytes
[MESSAGE] From peer 1: 512 bytes
[MESSAGE] From peer 1: 512 bytes
[MESSAGE] From peer 1: 512 bytes
[MESSAGE] From peer 1: 512 bytes
[MESSAGE] From peer 1: 512 bytes
[MESSAGE] From peer 1: 512 bytes
[MESSAGE] From peer 1: 512 bytes
[MESSAGE] From peer 1: 512 bytes
[MESSAGE] From peer 1: 512 bytes
[MESSAGE] From peer 1: 512 bytes
[MESSAGE] From peer 1: 512 bytes
[MESSAGE] From peer 1: 512 bytes
[MESSAGE] From peer 1: 512 bytes
[MESSAGE] From peer 1: 512 bytes
[MESSAGE] From peer 1: 512 bytes
[MESSAGE] From peer 1: 512 bytes
[MESSAGE] From peer 1: 512 bytes
[MESSAGE] From peer 1: 512 bytes
[MESSAGE] From peer 1: 512 bytes
[MESSAGE] From peer 1: 512 bytes
[MESSAGE] From peer 1: 512 bytes
[MESSAGE] From peer 1: 512 bytes
[MESSAGE] From peer 1: 512 bytes
[MESSAGE] From peer 1: 512 bytes
[MESSAGE] From peer 1: 512 bytes
[MESSAGE] From peer 1: 512 bytes
[MESSAGE] From peer 1: 512 bytes
[MESSAGE] From peer 1: 512 bytes
[MESSAGE] From peer 1: 512 bytes
[MESSAGE] From peer 1: 512 bytes
[MESSAGE] From peer 1: 512 bytes
[MESSAGE] From peer 1: 512 bytes
[MESSAGE] From peer 1: 512 bytes
[MESSAGE] From peer 1: 512 bytes
[MESSAGE] From peer 1: 512 bytes
[MESSAGE] From peer 1: 512 bytes
[MESSAGE] From peer 1: 512 bytes
[MESSAGE] From peer 1: 512 bytes
[MESSAGE] From peer 1: 512 bytes
[MESSAGE] From peer 1: 512 bytes
[MESSAGE] From peer 1: 512 bytes
[MESSAGE] From peer 1: 512 bytes
[MESSAGE] From peer 1: 512 bytes
[MESSAGE] From peer 1: 512 bytes
[MESSAGE] From peer 1: 512 bytes
[MESSAGE] From peer 1: 512 bytes
[MESSAGE] From peer 1: 512 bytes
[MESSAGE] From peer 1: 512 bytes
[MESSAGE] From peer 1: 512 bytes
[MESSAGE] From peer 1: 512 bytes
[MESSAGE] From peer 1: 512 bytes
[MESSAGE] From peer 1: 512 bytes
[MESSAGE] From peer 1: 512 bytes
[MESSAGE] From peer 1: 512 bytes
[MESSAGE] From peer 1: 512 bytes
[MESSAGE] From peer 1: 512 bytes
[MESSAGE] From peer 1: 512 bytes
[MESSAGE] From peer 1: 512 bytes
[MESSAGE] From peer 1: 512 bytes
[MESSAGE] From peer 1: 512 bytes
[MESSAGE] From peer 1: 512 bytes
[MESSAGE] From peer 1: 512 bytes
[MESSAGE] From peer 1: 512 bytes
[MESSAGE] From peer 1: 512 bytes
[MESSAGE] From peer 1: 512 bytes
[MESSAGE] From peer 1: 512 bytes
[MESSAGE] From peer 1: 512 bytes
[MESSAGE] From peer 1: 512 bytes
[MESSAGE] From peer 1: 512 bytes
[MESSAGE] From peer 1: 512 bytes
[MESSAGE] From peer 1: 512 bytes
[MESSAGE] From peer 1: 512 bytes
[MESSAGE] From peer 1: 512 bytes
[MESSAGE] From peer 1: 512 bytes
[MESSAGE] From peer 1: 512 bytes
[MESSAGE] From peer 1: 512 bytes
[MESSAGE] From peer 1: 512 bytes
[MESSAGE] From peer 1: 512 bytes
[MESSAGE] From peer 1: 512 bytes
[MESSAGE] From peer 1: 512 bytes
[MESSAGE] From peer 1: 512 bytes
[MESSAGE] From peer 1: 512 bytes
[MESSAGE] From peer 1: 512 bytes
[MESSAGE] From peer 1: 512 bytes
[MESSAGE] From peer 1: 512 bytes
[MESSAGE] From peer 1: 512 bytes
[MESSAGE] From peer 1: 512 bytes
[MESSAGE] From peer 1: 512 bytes
[MESSAGE] From peer 1: 512 bytes
[MESSAGE] From peer 1: 512 bytes
[MESSAGE] From peer 1: 512 bytes
[MESSAGE] From peer 1: 512 bytes
[MESSAGE] From peer 1: 512 bytes
[MESSAGE] From peer 1: 512 bytes
[MESSAGE] From peer 1: 512 bytes
[MESSAGE] From peer 1: 512 bytes
[MESSAGE] From peer 1: 512 bytes
[ECHO] 2100 messages echoed
[MESSAGE] From peer 1: 512 bytes
[MESSAGE] From peer 1: 512 bytes
[MESSAGE] From peer 1: 512 bytes
[MESSAGE] From peer 1: 512 bytes
[MESSAGE] From peer 1: 512 bytes
[MESSAGE] From peer 1: 512 bytes
[MESSAGE] From peer 1: 512 bytes
[MESSAGE] From peer 1: 512 bytes
[MESSAGE] From peer 1: 512 bytes
[MESSAGE] From peer 1: 512 bytes
[MESSAGE] From peer 1: 512 bytes
[MESSAGE] From peer 1: 512 bytes
[MESSAGE] From peer 1: 512 bytes
[MESSAGE] From peer 1: 512 bytes
[MESSAGE] From peer 1: 512 bytes
[MESSAGE] From peer 1: 512 bytes
[MESSAGE] From peer 1: 512 bytes
[MESSAGE] From peer 1: 512 bytes
[MESSAGE] From peer 1: 512 bytes
[MESSAGE] From peer 1: 512 bytes
[MESSAGE] From peer 1: 512 bytes
[MESSAGE] From peer 1: 512 bytes
[MESSAGE] From peer 1: 512 bytes
[MESSAGE] From peer 1: 512 bytes
[MESSAGE] From peer 1: 512 bytes
[MESSAGE] From peer 1: 512 bytes
[MESSAGE] From peer 1: 512 bytes
[MESSAGE] From peer 1: 512 bytes
[MESSAGE] From peer 1: 512 bytes
[MESSAGE] From peer 1: 512 bytes
[MESSAGE] From peer 1: 512 bytes
[MESSAGE] From peer 1: 512 bytes
[MESSAGE] From peer 1: 512 bytes
[MESSAGE] From peer 1: 512 bytes
[MESSAGE] From peer 1: 512 bytes
[MESSAGE] From peer 1: 512 bytes
[MESSAGE] From peer 1: 512 bytes
[MESSAGE] From peer 1: 512 bytes
[MESSAGE] From peer 1: 512 bytes
[MESSAGE] From peer 1: 512 bytes
[MESSAGE] From peer 1: 512 bytes
[MESSAGE] From peer 1: 512 bytes
[MESSAGE] From peer 1: 512 bytes
[MESSAGE] From peer 1: 512 bytes
[MESSAGE] From peer 1: 512 bytes
[MESSAGE] From peer 1: 512 bytes
[MESSAGE] From peer 1: 512 bytes
[MESSAGE] From peer 1: 512 bytes
[MESSAGE] From peer 1: 512 bytes
[MESSAGE] From peer 1: 512 bytes
[MESSAGE] From peer 1: 512 bytes
[MESSAGE] From peer 1: 512 bytes
[MESSAGE] From peer 1: 512 bytes
[MESSAGE] From peer 1: 512 bytes
[MESSAGE] From peer 1: 512 bytes
[MESSAGE] From peer 1: 512 bytes
[MESSAGE] From peer 1: 512 bytes
[MESSAGE] From peer 1: 512 bytes
[MESSAGE] From peer 1: 512 bytes
[MESSAGE] From peer 1: 512 bytes
[MESSAGE] From peer 1: 512 bytes
[MESSAGE] From peer 1: 512 bytes
[MESSAGE] From peer 1: 512 bytes
[MESSAGE] From peer 1: 512 bytes
[MESSAGE] From peer 1: 512 bytes
[MESSAGE] From peer 1: 512 bytes
[MESSAGE] From peer 1: 512 bytes
[MESSAGE] From peer 1: 512 bytes
[MESSAGE] From peer 1: 512 bytes
[MESSAGE] From peer 1: 512 bytes
[MESSAGE] From peer 1: 512 bytes
[MESSAGE] From peer 1: 512 bytes
[MESSAGE] From peer 1: 512 bytes
[MESSAGE] From peer 1: 512 bytes
[MESSAGE] From peer 1: 512 bytes
[MESSAGE] From peer 1: 512 bytes
[MESSAGE] From peer 1: 512 bytes
[MESSAGE] From peer 1: 512 bytes
[MESSAGE] From peer 1: 512 bytes
[MESSAGE] From peer 1: 512 bytes
[MESSAGE] From peer 1: 512 bytes
[MESSAGE] From peer 1: 512 bytes
[MESSAGE] From peer 1: 512 bytes
[MESSAGE] From peer 1: 512 bytes
[MESSAGE] From peer 1: 512 bytes
[MESSAGE] From peer 1: 512 bytes
[MESSAGE] From peer 1: 512 bytes
[MESSAGE] From peer 1: 512 bytes
[MESSAGE] From peer 1: 512 bytes
[MESSAGE] From peer 1: 512 bytes
[MESSAGE] From peer 1: 512 bytes
[MESSAGE] From peer 1: 512 bytes
[MESSAGE] From peer 1: 512 bytes
[MESSAGE] From peer 1: 512 bytes
[MESSAGE] From peer 1: 512 bytes
[MESSAGE] From peer 1: 512 bytes
[MESSAGE] From peer 1: 512 bytes
[MESSAGE] From peer 1: 512 bytes
[MESSAGE] From peer 1: 512 bytes
[MESSAGE] From peer 1: 512 bytes
[ECHO] 2200 messages echoed
[MESSAGE] From peer 1: 512 bytes
[MESSAGE] From peer 1: 512 bytes
[MESSAGE] From peer 1: 512 bytes
[MESSAGE] From peer 1: 512 bytes
[MESSAGE] From peer 1: 512 bytes
[MESSAGE] From peer 1: 512 bytes
[MESSAGE] From peer 1: 512 bytes
[MESSAGE] From peer 1: 512 bytes
[MESSAGE] From peer 1: 512 bytes
[MESSAGE] From peer 1: 512 bytes
[MESSAGE] From peer 1: 512 bytes
[MESSAGE] From peer 1: 512 bytes
[MESSAGE] From peer 1: 512 bytes
[MESSAGE] From peer 1: 512 bytes
[MESSAGE] From peer 1: 512 bytes
[MESSAGE] From peer 1: 512 bytes
[MESSAGE] From peer 1: 512 bytes
[MESSAGE] From peer 1: 512 bytes
[MESSAGE] From peer 1: 512 bytes
[MESSAGE] From peer 1: 512 bytes
[MESSAGE] From peer 1: 512 bytes
[MESSAGE] From peer 1: 512 bytes
[MESSAGE] From peer 1: 512 bytes
[MESSAGE] From peer 1: 512 bytes
[MESSAGE] From peer 1: 512 bytes
[MESSAGE] From peer 1: 512 bytes
[MESSAGE] From peer 1: 512 bytes
[MESSAGE] From peer 1: 512 bytes
[MESSAGE] From peer 1: 512 bytes
[MESSAGE] From peer 1: 512 bytes
[MESSAGE] From peer 1: 512 bytes
[MESSAGE] From peer 1: 512 bytes
[MESSAGE] From peer 1: 512 bytes
[MESSAGE] From peer 1: 512 bytes
[MESSAGE] From peer 1: 512 bytes
[MESSAGE] From peer 1: 512 bytes
[MESSAGE] From peer 1: 512 bytes
[MESSAGE] From peer 1: 512 bytes
[MESSAGE] From peer 1: 512 bytes
[MESSAGE] From peer 1: 512 bytes
[MESSAGE] From peer 1: 512 bytes
[MESSAGE] From peer 1: 512 bytes
[MESSAGE] From peer 1: 512 bytes
[MESSAGE] From peer 1: 512 bytes
[MESSAGE] From peer 1: 512 bytes
[MESSAGE] From peer 1: 512 bytes
[MESSAGE] From peer 1: 512 bytes
[MESSAGE] From peer 1: 512 bytes
[MESSAGE] From peer 1: 512 bytes
[MESSAGE] From peer 1: 512 bytes
[MESSAGE] From peer 1: 512 bytes
[MESSAGE] From peer 1: 512 bytes
[MESSAGE] From peer 1: 512 bytes
[MESSAGE] From peer 1: 512 bytes
[MESSAGE] From peer 1: 512 bytes
[MESSAGE] From peer 1: 512 bytes
[MESSAGE] From peer 1: 512 bytes
[MESSAGE] From peer 1: 512 bytes
[MESSAGE] From peer 1: 512 bytes
[MESSAGE] From peer 1: 512 bytes
[MESSAGE] From peer 1: 512 bytes
[MESSAGE] From peer 1: 512 bytes
[MESSAGE] From peer 1: 512 bytes
[MESSAGE] From peer 1: 512 bytes
[MESSAGE] From peer 1: 512 bytes
[MESSAGE] From peer 1: 512 bytes
[MESSAGE] From peer 1: 512 bytes
[MESSAGE] From peer 1: 512 bytes
[MESSAGE] From peer 1: 512 bytes
[MESSAGE] From peer 1: 512 bytes
[MESSAGE] From peer 1: 512 bytes
[MESSAGE] From peer 1: 512 bytes
[MESSAGE] From peer 1: 512 bytes
[MESSAGE] From peer 1: 512 bytes
[MESSAGE] From peer 1: 512 bytes
[MESSAGE] From peer 1: 512 bytes
[MESSAGE] From peer 1: 512 bytes
[MESSAGE] From peer 1: 512 bytes
[MESSAGE] From peer 1: 512 bytes
[MESSAGE] From peer 1: 512 bytes
[MESSAGE] From peer 1: 512 bytes
[MESSAGE] From peer 1: 512 bytes
[MESSAGE] From peer 1: 512 bytes
[MESSAGE] From peer 1: 512 bytes
[MESSAGE] From peer 1: 512 bytes
[MESSAGE] From peer 1: 512 bytes
[MESSAGE] From peer 1: 512 bytes
[MESSAGE] From peer 1: 512 bytes
[MESSAGE] From peer 1: 512 bytes
[MESSAGE] From peer 1: 512 bytes
[MESSAGE] From peer 1: 512 bytes
[MESSAGE] From peer 1: 512 bytes
[MESSAGE] From peer 1: 512 bytes
[MESSAGE] From peer 1: 512 bytes
[MESSAGE] From peer 1: 512 bytes
[MESSAGE] From peer 1: 512 bytes
[MESSAGE] From peer 1: 512 bytes
[MESSAGE] From peer 1: 512 bytes
[MESSAGE] From peer 1: 512 bytes
[MESSAGE] From peer 1: 512 bytes
[ECHO] 2300 messages echoed
[MESSAGE] From peer 1: 512 bytes
[MESSAGE] From peer 1: 512 bytes
[MESSAGE] From peer 1: 512 bytes
[MESSAGE] From peer 1: 512 bytes
[MESSAGE] From peer 1: 512 bytes
[MESSAGE] From peer 1: 512 bytes
[MESSAGE] From peer 1: 512 bytes
[MESSAGE] From peer 1: 512 bytes
[MESSAGE] From peer 1: 512 bytes
[MESSAGE] From peer 1: 512 bytes
[MESSAGE] From peer 1: 512 bytes
[MESSAGE] From peer 1: 512 bytes
[MESSAGE] From peer 1: 512 bytes
[MESSAGE] From peer 1: 512 bytes
[MESSAGE] From peer 1: 512 bytes
[MESSAGE] From peer 1: 512 bytes
[MESSAGE] From peer 1: 512 bytes
[MESSAGE] From peer 1: 512 bytes
[MESSAGE] From peer 1: 512 bytes
[MESSAGE] From peer 1: 512 bytes
[MESSAGE] From peer 1: 512 bytes
[MESSAGE] From peer 1: 512 bytes
[MESSAGE] From peer 1: 512 bytes
[MESSAGE] From peer 1: 512 bytes
[MESSAGE] From peer 1: 512 bytes
[MESSAGE] From peer 1: 512 bytes
[MESSAGE] From peer 1: 512 bytes
[MESSAGE] From peer 1: 512 bytes
[MESSAGE] From peer 1: 512 bytes
[MESSAGE] From peer 1: 512 bytes
[MESSAGE] From peer 1: 512 bytes
[MESSAGE] From peer 1: 512 bytes
[MESSAGE] From peer 1: 512 bytes
[MESSAGE] From peer 1: 512 bytes
[MESSAGE] From peer 1: 512 bytes
[MESSAGE] From peer 1: 512 bytes
[MESSAGE] From peer 1: 512 bytes
[MESSAGE] From peer 1: 512 bytes
[MESSAGE] From peer 1: 512 bytes
[MESSAGE] From peer 1: 512 bytes
[MESSAGE] From peer 1: 512 bytes
[MESSAGE] From peer 1: 512 bytes
[MESSAGE] From peer 1: 512 bytes
[MESSAGE] From peer 1: 512 bytes
[MESSAGE] From peer 1: 512 bytes
[MESSAGE] From peer 1: 512 bytes
[MESSAGE] From peer 1: 512 bytes
[MESSAGE] From peer 1: 512 bytes
[MESSAGE] From peer 1: 512 bytes
[MESSAGE] From peer 1: 512 bytes
[MESSAGE] From peer 1: 512 bytes
[MESSAGE] From peer 1: 512 bytes
[MESSAGE] From peer 1: 512 bytes
[MESSAGE] From peer 1: 512 bytes
[MESSAGE] From peer 1: 512 bytes
[MESSAGE] From peer 1: 512 bytes
[MESSAGE] From peer 1: 512 bytes
[MESSAGE] From peer 1: 512 bytes
[MESSAGE] From peer 1: 512 bytes
[MESSAGE] From peer 1: 512 bytes
[MESSAGE] From peer 1: 512 bytes
[MESSAGE] From peer 1: 512 bytes
[MESSAGE] From peer 1: 512 bytes
[MESSAGE] From peer 1: 512 bytes
[MESSAGE] From peer 1: 512 bytes
[MESSAGE] From peer 1: 512 bytes
[MESSAGE] From peer 1: 512 bytes
[MESSAGE] From peer 1: 512 bytes
[MESSAGE] From peer 1: 512 bytes
[MESSAGE] From peer 1: 512 bytes
[MESSAGE] From peer 1: 512 bytes
[MESSAGE] From peer 1: 512 bytes
[MESSAGE] From peer 1: 512 bytes
[MESSAGE] From peer 1: 512 bytes
[MESSAGE] From peer 1: 512 bytes
[MESSAGE] From peer 1: 512 bytes
[MESSAGE] From peer 1: 512 bytes
[MESSAGE] From peer 1: 512 bytes
[MESSAGE] From peer 1: 512 bytes
[MESSAGE] From peer 1: 512 bytes
[MESSAGE] From peer 1: 512 bytes
[MESSAGE] From peer 1: 512 bytes
[MESSAGE] From peer 1: 512 bytes
[MESSAGE] From peer 1: 512 bytes
[MESSAGE] From peer 1: 512 bytes
[MESSAGE] From peer 1: 512 bytes
[MESSAGE] From peer 1: 512 bytes
[MESSAGE] From peer 1: 512 bytes
[MESSAGE] From peer 1: 512 bytes
[MESSAGE] From peer 1: 512 bytes
[MESSAGE] From peer 1: 512 bytes
[MESSAGE] From peer 1: 512 bytes
[MESSAGE] From peer 1: 512 bytes
[MESSAGE] From peer 1: 512 bytes
[MESSAGE] From peer 1: 512 bytes
[MESSAGE] From peer 1: 512 bytes
[MESSAGE] From peer 1: 512 bytes
[MESSAGE] From peer 1: 512 bytes
[MESSAGE] From peer 1: 512 bytes
[MESSAGE] From peer 1: 512 bytes
[ECHO] 2400 messages echoed
[MESSAGE] From peer 1: 512 bytes
[MESSAGE] From peer 1: 512 bytes
[MESSAGE] From peer 1: 512 bytes
[MESSAGE] From peer 1: 512 bytes
[MESSAGE] From peer 1: 512 bytes
[MESSAGE] From peer 1: 512 bytes
[MESSAGE] From peer 1: 512 bytes
[MESSAGE] From peer 1: 512 bytes
[MESSAGE] From peer 1: 512 bytes
[MESSAGE] From peer 1: 512 bytes
[MESSAGE] From peer 1: 512 bytes
[MESSAGE] From peer 1: 512 bytes
[MESSAGE] From peer 1: 512 bytes
[MESSAGE] From peer 1: 512 bytes
[MESSAGE] From peer 1: 512 bytes
[MESSAGE] From peer 1: 512 bytes
[MESSAGE] From peer 1: 512 bytes
[MESSAGE] From peer 1: 512 bytes
[MESSAGE] From peer 1: 512 bytes
[MESSAGE] From peer 1: 512 bytes
[MESSAGE] From peer 1: 512 bytes
[MESSAGE] From peer 1: 512 bytes
[MESSAGE] From peer 1: 512 bytes
[MESSAGE] From peer 1: 512 bytes
[MESSAGE] From peer 1: 512 bytes
[MESSAGE] From peer 1: 512 bytes
[MESSAGE] From peer 1: 512 bytes
[MESSAGE] From peer 1: 512 bytes
[MESSAGE] From peer 1: 512 bytes
[MESSAGE] From peer 1: 512 bytes
[MESSAGE] From peer 1: 512 bytes
[MESSAGE] From peer 1: 512 bytes
[MESSAGE] From peer 1: 512 bytes
[MESSAGE] From peer 1: 512 bytes
[MESSAGE] From peer 1: 512 bytes
[MESSAGE] From peer 1: 512 bytes
[MESSAGE] From peer 1: 512 bytes
[MESSAGE] From peer 1: 512 bytes
[MESSAGE] From peer 1: 512 bytes
[MESSAGE] From peer 1: 512 bytes
[MESSAGE] From peer 1: 512 bytes
[MESSAGE] From peer 1: 512 bytes
[MESSAGE] From peer 1: 512 bytes
[MESSAGE] From peer 1: 512 bytes
[MESSAGE] From peer 1: 512 bytes
[MESSAGE] From peer 1: 512 bytes
[MESSAGE] From peer 1: 512 bytes
[MESSAGE] From peer 1: 512 bytes
[MESSAGE] From peer 1: 512 bytes
[MESSAGE] From peer 1: 512 bytes
[MESSAGE] From peer 1: 512 bytes
[MESSAGE] From peer 1: 512 bytes
[MESSAGE] From peer 1: 512 bytes
[MESSAGE] From peer 1: 512 bytes
[MESSAGE] From peer 1: 512 bytes
[MESSAGE] From peer 1: 512 bytes
[MESSAGE] From peer 1: 512 bytes
[MESSAGE] From peer 1: 512 bytes
[MESSAGE] From peer 1: 512 bytes
[MESSAGE] From peer 1: 512 bytes
[MESSAGE] From peer 1: 512 bytes
[MESSAGE] From peer 1: 512 bytes
[MESSAGE] From peer 1: 512 bytes
[MESSAGE] From peer 1: 512 bytes
[MESSAGE] From peer 1: 512 bytes
[MESSAGE] From peer 1: 512 bytes
[MESSAGE] From peer 1: 512 bytes
[MESSAGE] From peer 1: 512 bytes
[MESSAGE] From peer 1: 512 bytes
[MESSAGE] From peer 1: 512 bytes
[MESSAGE] From peer 1: 512 bytes
[MESSAGE] From peer 1: 512 bytes
[MESSAGE] From peer 1: 512 bytes
[MESSAGE] From peer 1: 512 bytes
[MESSAGE] From peer 1: 512 bytes
[MESSAGE] From peer 1: 512 bytes
[MESSAGE] From peer 1: 512 bytes
[MESSAGE] From peer 1: 512 bytes
[MESSAGE] From peer 1: 512 bytes
[MESSAGE] From peer 1: 512 bytes
[MESSAGE] From peer 1: 512 bytes
[MESSAGE] From peer 1: 512 bytes
[MESSAGE] From peer 1: 512 bytes
[MESSAGE] From peer 1: 512 bytes
[MESSAGE] From peer 1: 512 bytes
[MESSAGE] From peer 1: 512 bytes
[MESSAGE] From peer 1: 512 bytes
[MESSAGE] From peer 1: 512 bytes
[MESSAGE] From peer 1: 512 bytes
[MESSAGE] From peer 1: 512 bytes
[MESSAGE] From peer 1: 512 bytes
[MESSAGE] From peer 1: 512 bytes
[MESSAGE] From peer 1: 512 bytes
[MESSAGE] From peer 1: 512 bytes
[MESSAGE] From peer 1: 512 bytes
[MESSAGE] From peer 1: 512 bytes
[MESSAGE] From peer 1: 512 bytes
[MESSAGE] From peer 1: 512 bytes
[MESSAGE] From peer 1: 512 bytes
[MESSAGE] From peer 1: 512 bytes
[ECHO] 2500 messages echoed
[MESSAGE] From peer 1: 512 bytes
[MESSAGE] From peer 1: 512 bytes
[MESSAGE] From peer 1: 512 bytes
[MESSAGE] From peer 1: 512 bytes
[MESSAGE] From peer 1: 512 bytes
[MESSAGE] From peer 1: 512 bytes
[MESSAGE] From peer 1: 512 bytes
[MESSAGE] From peer 1: 512 bytes
[MESSAGE] From peer 1: 512 bytes
[MESSAGE] From peer 1: 512 bytes
[MESSAGE] From peer 1: 512 bytes
[MESSAGE] From peer 1: 512 bytes
[MESSAGE] From peer 1: 512 bytes
[MESSAGE] From peer 1: 512 bytes
[MESSAGE] From peer 1: 512 bytes
[MESSAGE] From peer 1: 512 bytes
[MESSAGE] From peer 1: 512 bytes
[MESSAGE] From peer 1: 512 bytes
[MESSAGE] From peer 1: 512 bytes
[MESSAGE] From peer 1: 512 bytes
[MESSAGE] From peer 1: 512 bytes
[MESSAGE] From peer 1: 512 bytes
[MESSAGE] From peer 1: 512 bytes
[MESSAGE] From peer 1: 512 bytes
[MESSAGE] From peer 1: 512 bytes
[MESSAGE] From peer 1: 512 bytes
[MESSAGE] From peer 1: 512 bytes
[MESSAGE] From peer 1: 512 bytes
[MESSAGE] From peer 1: 512 bytes
[MESSAGE] From peer 1: 512 bytes
[MESSAGE] From peer 1: 512 bytes
[MESSAGE] From peer 1: 512 bytes
[MESSAGE] From peer 1: 512 bytes
[MESSAGE] From peer 1: 512 bytes
[MESSAGE] From peer 1: 512 bytes
[MESSAGE] From peer 1: 512 bytes
[MESSAGE] From peer 1: 512 bytes
[MESSAGE] From peer 1: 512 bytes
[MESSAGE] From peer 1: 512 bytes
[MESSAGE] From peer 1: 512 bytes
[MESSAGE] From peer 1: 512 bytes
[MESSAGE] From peer 1: 512 bytes
[MESSAGE] From peer 1: 512 bytes
[MESSAGE] From peer 1: 512 bytes
[MESSAGE] From peer 1: 512 bytes
[MESSAGE] From peer 1: 512 bytes
[MESSAGE] From peer 1: 512 bytes
[MESSAGE] From peer 1: 512 bytes
[MESSAGE] From peer 1: 512 bytes
[MESSAGE] From peer 1: 512 bytes
[MESSAGE] From peer 1: 512 bytes
[MESSAGE] From peer 1: 512 bytes
[MESSAGE] From peer 1: 512 bytes
[MESSAGE] From peer 1: 512 bytes
[MESSAGE] From peer 1: 512 bytes
[MESSAGE] From peer 1: 512 bytes
[MESSAGE] From peer 1: 512 bytes
[MESSAGE] From peer 1: 512 bytes
[MESSAGE] From peer 1: 512 bytes
[MESSAGE] From peer 1: 512 bytes
[MESSAGE] From peer 1: 512 bytes
[MESSAGE] From peer 1: 512 bytes
[MESSAGE] From peer 1: 512 bytes
[MESSAGE] From peer 1: 512 bytes
[MESSAGE] From peer 1: 512 bytes
[MESSAGE] From peer 1: 512 bytes
[MESSAGE] From peer 1: 512 bytes
[MESSAGE] From peer 1: 512 bytes
[MESSAGE] From peer 1: 512 bytes
[MESSAGE] From peer 1: 512 bytes
[MESSAGE] From peer 1: 512 bytes
[MESSAGE] From peer 1: 512 bytes
[MESSAGE] From peer 1: 512 bytes
[MESSAGE] From peer 1: 512 bytes
[MESSAGE] From peer 1: 512 bytes
[MESSAGE] From peer 1: 512 bytes
[MESSAGE] From peer 1: 512 bytes
[MESSAGE] From peer 1: 512 bytes
[MESSAGE] From peer 1: 512 bytes
[MESSAGE] From peer 1: 512 bytes
[MESSAGE] From peer 1: 512 bytes
[MESSAGE] From peer 1: 512 bytes
[MESSAGE] From peer 1: 512 bytes
[MESSAGE] From peer 1: 512 bytes
[MESSAGE] From peer 1: 512 bytes
[MESSAGE] From peer 1: 512 bytes
[MESSAGE] From peer 1: 512 bytes
[MESSAGE] From peer 1: 512 bytes
[MESSAGE] From peer 1: 512 bytes
[MESSAGE] From peer 1: 512 bytes
[MESSAGE] From peer 1: 512 bytes
[MESSAGE] From peer 1: 512 bytes
[MESSAGE] From peer 1: 512 bytes
[MESSAGE] From peer 1: 512 bytes
[MESSAGE] From peer 1: 512 bytes
[MESSAGE] From peer 1: 512 bytes
[MESSAGE] From peer 1: 512 bytes
[MESSAGE] From peer 1: 512 bytes
[MESSAGE] From peer 1: 512 bytes
[STATUS] 60 sec: peers=3, msgs=2599, connected=yes
[MESSAGE] From peer 1: 512 bytes
[ECHO] 2600 messages echoed
[MESSAGE] From peer 1: 512 bytes
[MESSAGE] From peer 1: 512 bytes
[MESSAGE] From peer 1: 512 bytes
[MESSAGE] From peer 1: 512 bytes
[MESSAGE] From peer 1: 512 bytes
[MESSAGE] From peer 1: 512 bytes
[MESSAGE] From peer 1: 512 bytes
[MESSAGE] From peer 1: 512 bytes
[MESSAGE] From peer 1: 512 bytes
[MESSAGE] From peer 1: 512 bytes
[MESSAGE] From peer 1: 512 bytes
[MESSAGE] From peer 1: 512 bytes
[MESSAGE] From peer 1: 512 bytes
[MESSAGE] From peer 1: 512 bytes
[MESSAGE] From peer 1: 512 bytes
[MESSAGE] From peer 1: 512 bytes
[MESSAGE] From peer 1: 512 bytes
[MESSAGE] From peer 1: 512 bytes
[MESSAGE] From peer 1: 512 bytes
[MESSAGE] From peer 1: 512 bytes
[MESSAGE] From peer 1: 512 bytes
[MESSAGE] From peer 1: 512 bytes
[MESSAGE] From peer 1: 512 bytes
[MESSAGE] From peer 1: 512 bytes
[MESSAGE] From peer 1: 512 bytes
[MESSAGE] From peer 1: 512 bytes
[MESSAGE] From peer 1: 512 bytes
[MESSAGE] From peer 1: 512 bytes
[MESSAGE] From peer 1: 512 bytes
[MESSAGE] From peer 1: 512 bytes
[MESSAGE] From peer 1: 512 bytes
[MESSAGE] From peer 1: 512 bytes
[MESSAGE] From peer 1: 512 bytes
[MESSAGE] From peer 1: 512 bytes
[MESSAGE] From peer 1: 512 bytes
[MESSAGE] From peer 1: 512 bytes
[MESSAGE] From peer 1: 512 bytes
[MESSAGE] From peer 1: 512 bytes
[MESSAGE] From peer 1: 512 bytes
[MESSAGE] From peer 1: 512 bytes
[MESSAGE] From peer 1: 512 bytes
[MESSAGE] From peer 1: 512 bytes
[MESSAGE] From peer 1: 512 bytes
[MESSAGE] From peer 1: 512 bytes
[MESSAGE] From peer 1: 512 bytes
[MESSAGE] From peer 1: 512 bytes
[MESSAGE] From peer 1: 512 bytes
[MESSAGE] From peer 1: 512 bytes
[MESSAGE] From peer 1: 512 bytes
[MESSAGE] From peer 1: 512 bytes
[MESSAGE] From peer 1: 512 bytes
[MESSAGE] From peer 1: 512 bytes
[MESSAGE] From peer 1: 512 bytes
[MESSAGE] From peer 1: 512 bytes
[MESSAGE] From peer 1: 512 bytes
[MESSAGE] From peer 1: 512 bytes
[MESSAGE] From peer 1: 512 bytes
[MESSAGE] From peer 1: 512 bytes
[MESSAGE] From peer 1: 512 bytes
[MESSAGE] From peer 1: 512 bytes
[MESSAGE] From peer 1: 512 bytes
[MESSAGE] From peer 1: 512 bytes
[MESSAGE] From peer 1: 512 bytes
[MESSAGE] From peer 1: 512 bytes
[MESSAGE] From peer 1: 512 bytes
[MESSAGE] From peer 1: 512 bytes
[MESSAGE] From peer 1: 512 bytes
[MESSAGE] From peer 1: 512 bytes
[MESSAGE] From peer 1: 512 bytes
[MESSAGE] From peer 1: 512 bytes
[MESSAGE] From peer 1: 512 bytes
[MESSAGE] From peer 1: 512 bytes
[MESSAGE] From peer 1: 512 bytes
[MESSAGE] From peer 1: 512 bytes
[MESSAGE] From peer 1: 512 bytes
[MESSAGE] From peer 1: 512 bytes
[MESSAGE] From peer 1: 512 bytes
[MESSAGE] From peer 1: 512 bytes
[MESSAGE] From peer 1: 512 bytes
[MESSAGE] From peer 1: 512 bytes
[MESSAGE] From peer 1: 512 bytes
[MESSAGE] From peer 1: 512 bytes
[MESSAGE] From peer 1: 512 bytes
[MESSAGE] From peer 1: 512 bytes
[MESSAGE] From peer 1: 512 bytes
[MESSAGE] From peer 1: 512 bytes
[MESSAGE] From peer 1: 512 bytes
[MESSAGE] From peer 1: 512 bytes
[MESSAGE] From peer 1: 512 bytes
[MESSAGE] From peer 1: 512 bytes
[MESSAGE] From peer 1: 512 bytes
[MESSAGE] From peer 1: 512 bytes
[MESSAGE] From peer 1: 512 bytes
[MESSAGE] From peer 1: 512 bytes
[MESSAGE] From peer 1: 512 bytes
[MESSAGE] From peer 1: 512 bytes
[MESSAGE] From peer 1: 512 bytes
[MESSAGE] From peer 1: 512 bytes
[DISCOVERED] Peer 2: "MacThroughput" at 10.188.1.213:7354
[MESSAGE] From peer 1: 512 bytes
[MESSAGE] From peer 1: 512 bytes
[ECHO] 2700 messages echoed
[MESSAGE] From peer 1: 512 bytes
[MESSAGE] From peer 1: 512 bytes
[MESSAGE] From peer 1: 512 bytes
[MESSAGE] From peer 1: 512 bytes
[MESSAGE] From peer 1: 512 bytes
[MESSAGE] From peer 1: 512 bytes
[MESSAGE] From peer 1: 512 bytes
[MESSAGE] From peer 1: 512 bytes
[MESSAGE] From peer 1: 512 bytes
[MESSAGE] From peer 1: 512 bytes
[MESSAGE] From peer 1: 512 bytes
[MESSAGE] From peer 1: 512 bytes
[MESSAGE] From peer 1: 512 bytes
[MESSAGE] From peer 1: 512 bytes
[MESSAGE] From peer 1: 512 bytes
[MESSAGE] From peer 1: 512 bytes
[MESSAGE] From peer 1: 512 bytes
[MESSAGE] From peer 1: 512 bytes
[MESSAGE] From peer 1: 512 bytes
[MESSAGE] From peer 1: 512 bytes
[MESSAGE] From peer 1: 512 bytes
[MESSAGE] From peer 1: 512 bytes
[MESSAGE] From peer 1: 512 bytes
[MESSAGE] From peer 1: 512 bytes
[MESSAGE] From peer 1: 512 bytes
[MESSAGE] From peer 1: 512 bytes
[MESSAGE] From peer 1: 512 bytes
[MESSAGE] From peer 1: 512 bytes
[MESSAGE] From peer 1: 512 bytes
[MESSAGE] From peer 1: 512 bytes
[MESSAGE] From peer 1: 512 bytes
[MESSAGE] From peer 1: 512 bytes
[MESSAGE] From peer 1: 512 bytes
[MESSAGE] From peer 1: 512 bytes
[MESSAGE] From peer 1: 512 bytes
[MESSAGE] From peer 1: 512 bytes
[MESSAGE] From peer 1: 512 bytes
[MESSAGE] From peer 1: 512 bytes
[MESSAGE] From peer 1: 512 bytes
[MESSAGE] From peer 1: 512 bytes
[MESSAGE] From peer 1: 512 bytes
[MESSAGE] From peer 1: 512 bytes
[MESSAGE] From peer 1: 512 bytes
[MESSAGE] From peer 1: 512 bytes
[MESSAGE] From peer 1: 512 bytes
[MESSAGE] From peer 1: 512 bytes
[MESSAGE] From peer 1: 512 bytes
[MESSAGE] From peer 1: 512 bytes
[MESSAGE] From peer 1: 512 bytes
[MESSAGE] From peer 1: 512 bytes
[MESSAGE] From peer 1: 512 bytes
[MESSAGE] From peer 1: 512 bytes
[MESSAGE] From peer 1: 512 bytes
[MESSAGE] From peer 1: 512 bytes
[MESSAGE] From peer 1: 512 bytes
[MESSAGE] From peer 1: 512 bytes
[MESSAGE] From peer 1: 512 bytes
[MESSAGE] From peer 1: 512 bytes
[MESSAGE] From peer 1: 512 bytes
[MESSAGE] From peer 1: 512 bytes
[MESSAGE] From peer 1: 512 bytes
[MESSAGE] From peer 1: 512 bytes
[MESSAGE] From peer 1: 512 bytes
[MESSAGE] From peer 1: 512 bytes
[MESSAGE] From peer 1: 512 bytes
[MESSAGE] From peer 1: 512 bytes
[MESSAGE] From peer 1: 512 bytes
[MESSAGE] From peer 1: 512 bytes
[MESSAGE] From peer 1: 512 bytes
[MESSAGE] From peer 1: 512 bytes
[MESSAGE] From peer 1: 512 bytes
[MESSAGE] From peer 1: 512 bytes
[MESSAGE] From peer 1: 512 bytes
[MESSAGE] From peer 1: 512 bytes
[MESSAGE] From peer 1: 512 bytes
[MESSAGE] From peer 1: 512 bytes
[MESSAGE] From peer 1: 512 bytes
[MESSAGE] From peer 1: 512 bytes
[MESSAGE] From peer 1: 512 bytes
[MESSAGE] From peer 1: 512 bytes
[MESSAGE] From peer 1: 512 bytes
[MESSAGE] From peer 1: 512 bytes
[MESSAGE] From peer 1: 512 bytes
[MESSAGE] From peer 1: 512 bytes
[MESSAGE] From peer 1: 512 bytes
[MESSAGE] From peer 1: 512 bytes
[MESSAGE] From peer 1: 512 bytes
[MESSAGE] From peer 1: 512 bytes
[MESSAGE] From peer 1: 512 bytes
[MESSAGE] From peer 1: 512 bytes
[MESSAGE] From peer 1: 512 bytes
[MESSAGE] From peer 1: 512 bytes
[MESSAGE] From peer 1: 512 bytes
[MESSAGE] From peer 1: 512 bytes
[MESSAGE] From peer 1: 512 bytes
[MESSAGE] From peer 1: 512 bytes
[MESSAGE] From peer 1: 512 bytes
[MESSAGE] From peer 1: 512 bytes
[MESSAGE] From peer 1: 512 bytes
[MESSAGE] From peer 1: 512 bytes
[ECHO] 2800 messages echoed
[MESSAGE] From peer 1: 512 bytes
[MESSAGE] From peer 1: 512 bytes
[MESSAGE] From peer 1: 512 bytes
[MESSAGE] From peer 1: 512 bytes
[MESSAGE] From peer 1: 512 bytes
[MESSAGE] From peer 1: 512 bytes
[MESSAGE] From peer 1: 512 bytes
[MESSAGE] From peer 1: 512 bytes
[MESSAGE] From peer 1: 512 bytes
[MESSAGE] From peer 1: 512 bytes
[MESSAGE] From peer 1: 512 bytes
[MESSAGE] From peer 1: 512 bytes
[MESSAGE] From peer 1: 512 bytes
[MESSAGE] From peer 1: 512 bytes
[MESSAGE] From peer 1: 512 bytes
[MESSAGE] From peer 1: 512 bytes
[MESSAGE] From peer 1: 512 bytes
[MESSAGE] From peer 1: 512 bytes
[MESSAGE] From peer 1: 512 bytes
[MESSAGE] From peer 1: 512 bytes
[MESSAGE] From peer 1: 512 bytes
[MESSAGE] From peer 1: 512 bytes
[MESSAGE] From peer 1: 512 bytes
[MESSAGE] From peer 1: 512 bytes
[MESSAGE] From peer 1: 512 bytes
[MESSAGE] From peer 1: 512 bytes
[MESSAGE] From peer 1: 512 bytes
[MESSAGE] From peer 1: 512 bytes
[MESSAGE] From peer 1: 512 bytes
[MESSAGE] From peer 1: 512 bytes
[MESSAGE] From peer 1: 512 bytes
[MESSAGE] From peer 1: 512 bytes
[MESSAGE] From peer 1: 512 bytes
[MESSAGE] From peer 1: 512 bytes
[MESSAGE] From peer 1: 512 bytes
[MESSAGE] From peer 1: 512 bytes
[MESSAGE] From peer 1: 512 bytes
[MESSAGE] From peer 1: 512 bytes
[MESSAGE] From peer 1: 512 bytes
[MESSAGE] From peer 1: 512 bytes
[MESSAGE] From peer 1: 512 bytes
[MESSAGE] From peer 1: 512 bytes
[MESSAGE] From peer 1: 512 bytes
[MESSAGE] From peer 1: 512 bytes
[MESSAGE] From peer 1: 512 bytes
[MESSAGE] From peer 1: 512 bytes
[MESSAGE] From peer 1: 512 bytes
[MESSAGE] From peer 1: 512 bytes
[MESSAGE] From peer 1: 512 bytes
[MESSAGE] From peer 1: 512 bytes
[MESSAGE] From peer 1: 512 bytes
[MESSAGE] From peer 1: 512 bytes
[MESSAGE] From peer 1: 512 bytes
[MESSAGE] From peer 1: 512 bytes
[MESSAGE] From peer 1: 512 bytes
[MESSAGE] From peer 1: 512 bytes
[MESSAGE] From peer 1: 512 bytes
[MESSAGE] From peer 1: 512 bytes
[MESSAGE] From peer 1: 512 bytes
[MESSAGE] From peer 1: 512 bytes
[MESSAGE] From peer 1: 512 bytes
[MESSAGE] From peer 1: 512 bytes
[MESSAGE] From peer 1: 512 bytes
[MESSAGE] From peer 1: 512 bytes
[MESSAGE] From peer 1: 512 bytes
[MESSAGE] From peer 1: 512 bytes
[MESSAGE] From peer 1: 512 bytes
[MESSAGE] From peer 1: 512 bytes
[MESSAGE] From peer 1: 512 bytes
[MESSAGE] From peer 1: 512 bytes
[MESSAGE] From peer 1: 512 bytes
[MESSAGE] From peer 1: 512 bytes
[MESSAGE] From peer 1: 512 bytes
[MESSAGE] From peer 1: 512 bytes
[MESSAGE] From peer 1: 512 bytes
[MESSAGE] From peer 1: 512 bytes
[MESSAGE] From peer 1: 512 bytes
[MESSAGE] From peer 1: 512 bytes
[MESSAGE] From peer 1: 512 bytes
[MESSAGE] From peer 1: 512 bytes
[MESSAGE] From peer 1: 512 bytes
[MESSAGE] From peer 1: 512 bytes
[MESSAGE] From peer 1: 512 bytes
[MESSAGE] From peer 1: 512 bytes
[MESSAGE] From peer 1: 512 bytes
[MESSAGE] From peer 1: 512 bytes
[MESSAGE] From peer 1: 512 bytes
[MESSAGE] From peer 1: 512 bytes
[MESSAGE] From peer 1: 512 bytes
[MESSAGE] From peer 1: 512 bytes
[MESSAGE] From peer 1: 512 bytes
[MESSAGE] From peer 1: 512 bytes
[MESSAGE] From peer 1: 512 bytes
[MESSAGE] From peer 1: 512 bytes
[MESSAGE] From peer 1: 512 bytes
[MESSAGE] From peer 1: 512 bytes
[MESSAGE] From peer 1: 512 bytes
[MESSAGE] From peer 1: 512 bytes
[MESSAGE] From peer 1: 512 bytes
[MESSAGE] From peer 1: 512 bytes
[ECHO] 2900 messages echoed
[MESSAGE] From peer 1: 512 bytes
[MESSAGE] From peer 1: 512 bytes
[MESSAGE] From peer 1: 512 bytes
[MESSAGE] From peer 1: 512 bytes
[MESSAGE] From peer 1: 512 bytes
[MESSAGE] From peer 1: 512 bytes
[MESSAGE] From peer 1: 512 bytes
[MESSAGE] From peer 1: 512 bytes
[MESSAGE] From peer 1: 512 bytes
[MESSAGE] From peer 1: 512 bytes
[MESSAGE] From peer 1: 512 bytes
[MESSAGE] From peer 1: 512 bytes
[MESSAGE] From peer 1: 512 bytes
[MESSAGE] From peer 1: 512 bytes
[MESSAGE] From peer 1: 512 bytes
[MESSAGE] From peer 1: 512 bytes
[MESSAGE] From peer 1: 512 bytes
[MESSAGE] From peer 1: 512 bytes
[MESSAGE] From peer 1: 512 bytes
[MESSAGE] From peer 1: 512 bytes
[MESSAGE] From peer 1: 512 bytes
[MESSAGE] From peer 1: 512 bytes
[MESSAGE] From peer 1: 512 bytes
[MESSAGE] From peer 1: 512 bytes
[MESSAGE] From peer 1: 512 bytes
[MESSAGE] From peer 1: 512 bytes
[MESSAGE] From peer 1: 512 bytes
[MESSAGE] From peer 1: 512 bytes
[MESSAGE] From peer 1: 512 bytes
[MESSAGE] From peer 1: 512 bytes
[MESSAGE] From peer 1: 512 bytes
[MESSAGE] From peer 1: 512 bytes
[MESSAGE] From peer 1: 512 bytes
[MESSAGE] From peer 1: 512 bytes
[MESSAGE] From peer 1: 512 bytes
[MESSAGE] From peer 1: 512 bytes
[MESSAGE] From peer 1: 512 bytes
[MESSAGE] From peer 1: 512 bytes
[MESSAGE] From peer 1: 512 bytes
[MESSAGE] From peer 1: 512 bytes
[MESSAGE] From peer 1: 512 bytes
[MESSAGE] From peer 1: 512 bytes
[MESSAGE] From peer 1: 512 bytes
[MESSAGE] From peer 1: 512 bytes
[MESSAGE] From peer 1: 512 bytes
[MESSAGE] From peer 1: 512 bytes
[MESSAGE] From peer 1: 512 bytes
[MESSAGE] From peer 1: 512 bytes
[MESSAGE] From peer 1: 512 bytes
[MESSAGE] From peer 1: 512 bytes
[MESSAGE] From peer 1: 512 bytes
[MESSAGE] From peer 1: 512 bytes
[MESSAGE] From peer 1: 512 bytes
[MESSAGE] From peer 1: 512 bytes
[MESSAGE] From peer 1: 512 bytes
[MESSAGE] From peer 1: 512 bytes
[MESSAGE] From peer 1: 512 bytes
[MESSAGE] From peer 1: 512 bytes
[MESSAGE] From peer 1: 512 bytes
[MESSAGE] From peer 1: 512 bytes
[MESSAGE] From peer 1: 512 bytes
[MESSAGE] From peer 1: 512 bytes
[MESSAGE] From peer 1: 512 bytes
[MESSAGE] From peer 1: 512 bytes
[MESSAGE] From peer 1: 512 bytes
[MESSAGE] From peer 1: 512 bytes
[MESSAGE] From peer 1: 512 bytes
[MESSAGE] From peer 1: 512 bytes
[MESSAGE] From peer 1: 512 bytes
[MESSAGE] From peer 1: 512 bytes
[MESSAGE] From peer 1: 512 bytes
[MESSAGE] From peer 1: 512 bytes
[MESSAGE] From peer 1: 512 bytes
[MESSAGE] From peer 1: 512 bytes
[MESSAGE] From peer 1: 512 bytes
[MESSAGE] From peer 1: 512 bytes
[MESSAGE] From peer 1: 512 bytes
[MESSAGE] From peer 1: 512 bytes
[MESSAGE] From peer 1: 512 bytes
[MESSAGE] From peer 1: 512 bytes
[MESSAGE] From peer 1: 512 bytes
[MESSAGE] From peer 1: 512 bytes
[MESSAGE] From peer 1: 512 bytes
[MESSAGE] From peer 1: 512 bytes
[MESSAGE] From peer 1: 512 bytes
[MESSAGE] From peer 1: 512 bytes
[MESSAGE] From peer 1: 512 bytes
[MESSAGE] From peer 1: 512 bytes
[MESSAGE] From peer 1: 512 bytes
[MESSAGE] From peer 1: 512 bytes
[MESSAGE] From peer 1: 512 bytes
[MESSAGE] From peer 1: 512 bytes
[MESSAGE] From peer 1: 512 bytes
[MESSAGE] From peer 1: 512 bytes
[MESSAGE] From peer 1: 512 bytes
[MESSAGE] From peer 1: 512 bytes
[MESSAGE] From peer 1: 512 bytes
[MESSAGE] From peer 1: 512 bytes
[MESSAGE] From peer 1: 512 bytes
[MESSAGE] From peer 1: 512 bytes
[ECHO] 3000 messages echoed
[MESSAGE] From peer 1: 512 bytes
[MESSAGE] From peer 1: 512 bytes
[MESSAGE] From peer 1: 512 bytes
[MESSAGE] From peer 1: 512 bytes
[MESSAGE] From peer 1: 512 bytes
[MESSAGE] From peer 1: 512 bytes
[MESSAGE] From peer 1: 512 bytes
[MESSAGE] From peer 1: 512 bytes
[MESSAGE] From peer 1: 512 bytes
[MESSAGE] From peer 1: 512 bytes
[MESSAGE] From peer 1: 512 bytes
[MESSAGE] From peer 1: 512 bytes
[MESSAGE] From peer 1: 512 bytes
[MESSAGE] From peer 1: 512 bytes
[MESSAGE] From peer 1: 512 bytes
[MESSAGE] From peer 1: 512 bytes
[MESSAGE] From peer 1: 512 bytes
[MESSAGE] From peer 1: 512 bytes
[MESSAGE] From peer 1: 512 bytes
[MESSAGE] From peer 1: 512 bytes
[MESSAGE] From peer 1: 512 bytes
[MESSAGE] From peer 1: 512 bytes
[MESSAGE] From peer 1: 512 bytes
[MESSAGE] From peer 1: 512 bytes
[MESSAGE] From peer 1: 512 bytes
[MESSAGE] From peer 1: 512 bytes
[MESSAGE] From peer 1: 512 bytes
[MESSAGE] From peer 1: 512 bytes
[MESSAGE] From peer 1: 512 bytes
[MESSAGE] From peer 1: 512 bytes
[MESSAGE] From peer 1: 512 bytes
[MESSAGE] From peer 1: 512 bytes
[MESSAGE] From peer 1: 512 bytes
[MESSAGE] From peer 1: 512 bytes
[MESSAGE] From peer 1: 512 bytes
[MESSAGE] From peer 1: 512 bytes
[MESSAGE] From peer 1: 512 bytes
[MESSAGE] From peer 1: 512 bytes
[MESSAGE] From peer 1: 512 bytes
[MESSAGE] From peer 1: 512 bytes
[MESSAGE] From peer 1: 512 bytes
[MESSAGE] From peer 1: 512 bytes
[MESSAGE] From peer 1: 512 bytes
[MESSAGE] From peer 1: 512 bytes
[MESSAGE] From peer 1: 512 bytes
[MESSAGE] From peer 1: 512 bytes
[MESSAGE] From peer 1: 512 bytes
[MESSAGE] From peer 1: 512 bytes
[MESSAGE] From peer 1: 512 bytes
[MESSAGE] From peer 1: 512 bytes
[MESSAGE] From peer 1: 512 bytes
[MESSAGE] From peer 1: 512 bytes
[MESSAGE] From peer 1: 512 bytes
[MESSAGE] From peer 1: 512 bytes
[MESSAGE] From peer 1: 512 bytes
[MESSAGE] From peer 1: 512 bytes
[MESSAGE] From peer 1: 512 bytes
[MESSAGE] From peer 1: 512 bytes
[MESSAGE] From peer 1: 512 bytes
[MESSAGE] From peer 1: 512 bytes
[MESSAGE] From peer 1: 512 bytes
[MESSAGE] From peer 1: 512 bytes
[MESSAGE] From peer 1: 512 bytes
[MESSAGE] From peer 1: 512 bytes
[MESSAGE] From peer 1: 512 bytes
[MESSAGE] From peer 1: 512 bytes
[MESSAGE] From peer 1: 512 bytes
[MESSAGE] From peer 1: 512 bytes
[MESSAGE] From peer 1: 512 bytes
[MESSAGE] From peer 1: 512 bytes
[MESSAGE] From peer 1: 512 bytes
[MESSAGE] From peer 1: 512 bytes
[MESSAGE] From peer 1: 512 bytes
[MESSAGE] From peer 1: 512 bytes
[MESSAGE] From peer 1: 512 bytes
[MESSAGE] From peer 1: 512 bytes
[MESSAGE] From peer 1: 512 bytes
[MESSAGE] From peer 1: 512 bytes
[MESSAGE] From peer 1: 512 bytes
[MESSAGE] From peer 1: 512 bytes
[MESSAGE] From peer 1: 512 bytes
[MESSAGE] From peer 1: 512 bytes
[MESSAGE] From peer 1: 512 bytes
[MESSAGE] From peer 1: 512 bytes
[MESSAGE] From peer 1: 512 bytes
[MESSAGE] From peer 1: 512 bytes
[MESSAGE] From peer 1: 512 bytes
[MESSAGE] From peer 1: 512 bytes
[MESSAGE] From peer 1: 512 bytes
[MESSAGE] From peer 1: 512 bytes
[MESSAGE] From peer 1: 512 bytes
[MESSAGE] From peer 1: 512 bytes
[MESSAGE] From peer 1: 512 bytes
[MESSAGE] From peer 1: 512 bytes
[MESSAGE] From peer 1: 512 bytes
[MESSAGE] From peer 1: 512 bytes
[MESSAGE] From peer 1: 512 bytes
[MESSAGE] From peer 1: 512 bytes
[MESSAGE] From peer 1: 512 bytes
[MESSAGE] From peer 1: 512 bytes
[ECHO] 3100 messages echoed
[MESSAGE] From peer 1: 512 bytes
[MESSAGE] From peer 1: 512 bytes
[MESSAGE] From peer 1: 512 bytes
[MESSAGE] From peer 1: 512 bytes
[MESSAGE] From peer 1: 512 bytes
[MESSAGE] From peer 1: 512 bytes
[MESSAGE] From peer 1: 512 bytes
[MESSAGE] From peer 1: 512 bytes
[MESSAGE] From peer 1: 512 bytes
[MESSAGE] From peer 1: 512 bytes
[MESSAGE] From peer 1: 512 bytes
[MESSAGE] From peer 1: 512 bytes
[MESSAGE] From peer 1: 512 bytes
[MESSAGE] From peer 1: 512 bytes
[MESSAGE] From peer 1: 512 bytes
[MESSAGE] From peer 1: 512 bytes
[MESSAGE] From peer 1: 512 bytes
[MESSAGE] From peer 1: 512 bytes
[MESSAGE] From peer 1: 512 bytes
[MESSAGE] From peer 1: 512 bytes
[MESSAGE] From peer 1: 512 bytes
[MESSAGE] From peer 1: 512 bytes
[MESSAGE] From peer 1: 512 bytes
[MESSAGE] From peer 1: 512 bytes
[MESSAGE] From peer 1: 512 bytes
[MESSAGE] From peer 1: 512 bytes
[MESSAGE] From peer 1: 512 bytes
[MESSAGE] From peer 1: 512 bytes
[MESSAGE] From peer 1: 512 bytes
[MESSAGE] From peer 1: 512 bytes
[MESSAGE] From peer 1: 512 bytes
[MESSAGE] From peer 1: 512 bytes
[MESSAGE] From peer 1: 512 bytes
[MESSAGE] From peer 1: 512 bytes
[MESSAGE] From peer 1: 512 bytes
[MESSAGE] From peer 1: 512 bytes
[MESSAGE] From peer 1: 512 bytes
[MESSAGE] From peer 1: 512 bytes
[MESSAGE] From peer 1: 512 bytes
[MESSAGE] From peer 1: 512 bytes
[MESSAGE] From peer 1: 512 bytes
[MESSAGE] From peer 1: 512 bytes
[MESSAGE] From peer 1: 512 bytes
[MESSAGE] From peer 1: 512 bytes
[MESSAGE] From peer 1: 512 bytes
[MESSAGE] From peer 1: 512 bytes
[MESSAGE] From peer 1: 512 bytes
[MESSAGE] From peer 1: 512 bytes
[MESSAGE] From peer 1: 512 bytes
[MESSAGE] From peer 1: 512 bytes
[MESSAGE] From peer 1: 512 bytes
[MESSAGE] From peer 1: 512 bytes
[MESSAGE] From peer 1: 512 bytes
[MESSAGE] From peer 1: 512 bytes
[MESSAGE] From peer 1: 512 bytes
[MESSAGE] From peer 1: 512 bytes
[MESSAGE] From peer 1: 512 bytes
[MESSAGE] From peer 1: 512 bytes
[MESSAGE] From peer 1: 512 bytes
[MESSAGE] From peer 1: 512 bytes
[MESSAGE] From peer 1: 512 bytes
[MESSAGE] From peer 1: 512 bytes
[MESSAGE] From peer 1: 512 bytes
[MESSAGE] From peer 1: 512 bytes
[MESSAGE] From peer 1: 512 bytes
[MESSAGE] From peer 1: 512 bytes
[MESSAGE] From peer 1: 512 bytes
[MESSAGE] From peer 1: 512 bytes
[MESSAGE] From peer 1: 512 bytes
[MESSAGE] From peer 1: 512 bytes
[MESSAGE] From peer 1: 512 bytes
[MESSAGE] From peer 1: 512 bytes
[MESSAGE] From peer 1: 512 bytes
[MESSAGE] From peer 1: 512 bytes
[MESSAGE] From peer 1: 512 bytes
[MESSAGE] From peer 1: 512 bytes
[MESSAGE] From peer 1: 512 bytes
[MESSAGE] From peer 1: 512 bytes
[MESSAGE] From peer 1: 512 bytes
[MESSAGE] From peer 1: 512 bytes
[MESSAGE] From peer 1: 512 bytes
[MESSAGE] From peer 1: 512 bytes
[MESSAGE] From peer 1: 512 bytes
[MESSAGE] From peer 1: 512 bytes
[MESSAGE] From peer 1: 512 bytes
[MESSAGE] From peer 1: 512 bytes
[MESSAGE] From peer 1: 512 bytes
[MESSAGE] From peer 1: 512 bytes
[MESSAGE] From peer 1: 512 bytes
[MESSAGE] From peer 1: 512 bytes
[MESSAGE] From peer 1: 512 bytes
[MESSAGE] From peer 1: 512 bytes
[MESSAGE] From peer 1: 512 bytes
[MESSAGE] From peer 1: 512 bytes
[MESSAGE] From peer 1: 512 bytes
[MESSAGE] From peer 1: 512 bytes
[MESSAGE] From peer 1: 512 bytes
[MESSAGE] From peer 1: 512 bytes
[MESSAGE] From peer 1: 512 bytes
[MESSAGE] From peer 1: 512 bytes
[ECHO] 3200 messages echoed
[MESSAGE] From peer 1: 512 bytes
[MESSAGE] From peer 1: 512 bytes
[MESSAGE] From peer 1: 512 bytes
[MESSAGE] From peer 1: 512 bytes
[MESSAGE] From peer 1: 512 bytes
[MESSAGE] From peer 1: 512 bytes
[MESSAGE] From peer 1: 512 bytes
[MESSAGE] From peer 1: 512 bytes
[MESSAGE] From peer 1: 512 bytes
[MESSAGE] From peer 1: 512 bytes
[MESSAGE] From peer 1: 512 bytes
[MESSAGE] From peer 1: 512 bytes
[MESSAGE] From peer 1: 512 bytes
[MESSAGE] From peer 1: 512 bytes
[MESSAGE] From peer 1: 512 bytes
[MESSAGE] From peer 1: 512 bytes
[MESSAGE] From peer 1: 512 bytes
[MESSAGE] From peer 1: 512 bytes
[MESSAGE] From peer 1: 512 bytes
[MESSAGE] From peer 1: 512 bytes
[MESSAGE] From peer 1: 512 bytes
[MESSAGE] From peer 1: 512 bytes
[MESSAGE] From peer 1: 512 bytes
[MESSAGE] From peer 1: 512 bytes
[MESSAGE] From peer 1: 512 bytes
[MESSAGE] From peer 1: 512 bytes
[MESSAGE] From peer 1: 512 bytes
[MESSAGE] From peer 1: 512 bytes
[MESSAGE] From peer 1: 512 bytes
[MESSAGE] From peer 1: 512 bytes
[MESSAGE] From peer 1: 512 bytes
[MESSAGE] From peer 1: 512 bytes
[MESSAGE] From peer 1: 512 bytes
[MESSAGE] From peer 1: 512 bytes
[MESSAGE] From peer 1: 512 bytes
[MESSAGE] From peer 1: 512 bytes
[MESSAGE] From peer 1: 512 bytes
[MESSAGE] From peer 1: 512 bytes
[MESSAGE] From peer 1: 512 bytes
[MESSAGE] From peer 1: 512 bytes
[MESSAGE] From peer 1: 512 bytes
[MESSAGE] From peer 1: 512 bytes
[MESSAGE] From peer 1: 512 bytes
[MESSAGE] From peer 1: 512 bytes
[MESSAGE] From peer 1: 512 bytes
[MESSAGE] From peer 1: 512 bytes
[MESSAGE] From peer 1: 512 bytes
[MESSAGE] From peer 1: 512 bytes
[MESSAGE] From peer 1: 512 bytes
[MESSAGE] From peer 1: 512 bytes
[MESSAGE] From peer 1: 512 bytes
[MESSAGE] From peer 1: 512 bytes
[MESSAGE] From peer 1: 512 bytes
[MESSAGE] From peer 1: 512 bytes
[MESSAGE] From peer 1: 512 bytes
[MESSAGE] From peer 1: 512 bytes
[MESSAGE] From peer 1: 512 bytes
[MESSAGE] From peer 1: 512 bytes
[MESSAGE] From peer 1: 512 bytes
[MESSAGE] From peer 1: 512 bytes
[MESSAGE] From peer 1: 512 bytes
[MESSAGE] From peer 1: 512 bytes
[MESSAGE] From peer 1: 512 bytes
[MESSAGE] From peer 1: 512 bytes
[MESSAGE] From peer 1: 512 bytes
[MESSAGE] From peer 1: 512 bytes
[MESSAGE] From peer 1: 512 bytes
[MESSAGE] From peer 1: 512 bytes
[MESSAGE] From peer 1: 512 bytes
[MESSAGE] From peer 1: 512 bytes
[MESSAGE] From peer 1: 512 bytes
[MESSAGE] From peer 1: 512 bytes
[MESSAGE] From peer 1: 512 bytes
[MESSAGE] From peer 1: 512 bytes
[MESSAGE] From peer 1: 512 bytes
[MESSAGE] From peer 1: 512 bytes
[MESSAGE] From peer 1: 512 bytes
[MESSAGE] From peer 1: 512 bytes
[MESSAGE] From peer 1: 512 bytes
[MESSAGE] From peer 1: 512 bytes
[STATUS] 70 sec: peers=4, msgs=3280, connected=yes
[MESSAGE] From peer 1: 512 bytes
[MESSAGE] From peer 1: 512 bytes
[MESSAGE] From peer 1: 512 bytes
[MESSAGE] From peer 1: 512 bytes
[MESSAGE] From peer 1: 512 bytes
[MESSAGE] From peer 1: 512 bytes
[MESSAGE] From peer 1: 512 bytes
[MESSAGE] From peer 1: 512 bytes
[MESSAGE] From peer 1: 512 bytes
[MESSAGE] From peer 1: 512 bytes
[MESSAGE] From peer 1: 512 bytes
[MESSAGE] From peer 1: 512 bytes
[MESSAGE] From peer 1: 512 bytes
[MESSAGE] From peer 1: 512 bytes
[MESSAGE] From peer 1: 512 bytes
[MESSAGE] From peer 1: 512 bytes
[MESSAGE] From peer 1: 512 bytes
[MESSAGE] From peer 1: 512 bytes
[MESSAGE] From peer 1: 512 bytes
[MESSAGE] From peer 1: 512 bytes
[ECHO] 3300 messages echoed
[MESSAGE] From peer 1: 512 bytes
[MESSAGE] From peer 1: 512 bytes
[MESSAGE] From peer 1: 512 bytes
[MESSAGE] From peer 1: 512 bytes
[MESSAGE] From peer 1: 512 bytes
[MESSAGE] From peer 1: 512 bytes
[MESSAGE] From peer 1: 512 bytes
[MESSAGE] From peer 1: 512 bytes
[MESSAGE] From peer 1: 512 bytes
[MESSAGE] From peer 1: 512 bytes
[MESSAGE] From peer 1: 512 bytes
[MESSAGE] From peer 1: 512 bytes
[MESSAGE] From peer 1: 512 bytes
[MESSAGE] From peer 1: 512 bytes
[MESSAGE] From peer 1: 512 bytes
[MESSAGE] From peer 1: 512 bytes
[MESSAGE] From peer 1: 512 bytes
[MESSAGE] From peer 1: 512 bytes
[MESSAGE] From peer 1: 512 bytes
[MESSAGE] From peer 1: 512 bytes
[MESSAGE] From peer 1: 512 bytes
[MESSAGE] From peer 1: 512 bytes
[MESSAGE] From peer 1: 512 bytes
[MESSAGE] From peer 1: 512 bytes
[MESSAGE] From peer 1: 512 bytes
[MESSAGE] From peer 1: 512 bytes
[MESSAGE] From peer 1: 512 bytes
[MESSAGE] From peer 1: 512 bytes
[MESSAGE] From peer 1: 512 bytes
[MESSAGE] From peer 1: 512 bytes
[MESSAGE] From peer 1: 512 bytes
[MESSAGE] From peer 1: 512 bytes
[MESSAGE] From peer 1: 512 bytes
[MESSAGE] From peer 1: 512 bytes
[MESSAGE] From peer 1: 512 bytes
[MESSAGE] From peer 1: 512 bytes
[MESSAGE] From peer 1: 512 bytes
[MESSAGE] From peer 1: 512 bytes
[MESSAGE] From peer 1: 512 bytes
[MESSAGE] From peer 1: 512 bytes
[MESSAGE] From peer 1: 512 bytes
[MESSAGE] From peer 1: 512 bytes
[MESSAGE] From peer 1: 512 bytes
[MESSAGE] From peer 1: 512 bytes
[MESSAGE] From peer 1: 512 bytes
[MESSAGE] From peer 1: 512 bytes
[MESSAGE] From peer 1: 512 bytes
[MESSAGE] From peer 1: 512 bytes
[MESSAGE] From peer 1: 512 bytes
[MESSAGE] From peer 1: 512 bytes
[MESSAGE] From peer 1: 512 bytes
[MESSAGE] From peer 1: 512 bytes
[MESSAGE] From peer 1: 512 bytes
[MESSAGE] From peer 1: 512 bytes
[MESSAGE] From peer 1: 512 bytes
[MESSAGE] From peer 1: 512 bytes
[MESSAGE] From peer 1: 512 bytes
[MESSAGE] From peer 1: 512 bytes
[MESSAGE] From peer 1: 512 bytes
[MESSAGE] From peer 1: 512 bytes
[MESSAGE] From peer 1: 512 bytes
[MESSAGE] From peer 1: 512 bytes
[MESSAGE] From peer 1: 512 bytes
[MESSAGE] From peer 1: 512 bytes
[MESSAGE] From peer 1: 512 bytes
[MESSAGE] From peer 1: 512 bytes
[MESSAGE] From peer 1: 512 bytes
[MESSAGE] From peer 1: 512 bytes
[MESSAGE] From peer 1: 512 bytes
[MESSAGE] From peer 1: 512 bytes
[MESSAGE] From peer 1: 512 bytes
[MESSAGE] From peer 1: 512 bytes
[MESSAGE] From peer 1: 512 bytes
[MESSAGE] From peer 1: 512 bytes
[MESSAGE] From peer 1: 512 bytes
[MESSAGE] From peer 1: 512 bytes
[MESSAGE] From peer 1: 512 bytes
[MESSAGE] From peer 1: 512 bytes
[MESSAGE] From peer 1: 512 bytes
[MESSAGE] From peer 1: 512 bytes
[MESSAGE] From peer 1: 512 bytes
[MESSAGE] From peer 1: 512 bytes
[MESSAGE] From peer 1: 512 bytes
[MESSAGE] From peer 1: 512 bytes
[MESSAGE] From peer 1: 512 bytes
[MESSAGE] From peer 1: 512 bytes
[MESSAGE] From peer 1: 512 bytes
[MESSAGE] From peer 1: 512 bytes
[MESSAGE] From peer 1: 512 bytes
[MESSAGE] From peer 1: 512 bytes
[MESSAGE] From peer 1: 512 bytes
[MESSAGE] From peer 1: 512 bytes
[MESSAGE] From peer 1: 512 bytes
[MESSAGE] From peer 1: 512 bytes
[MESSAGE] From peer 1: 512 bytes
[MESSAGE] From peer 1: 512 bytes
[MESSAGE] From peer 1: 512 bytes
[MESSAGE] From peer 1: 512 bytes
[MESSAGE] From peer 1: 512 bytes
[MESSAGE] From peer 1: 512 bytes
[ECHO] 3400 messages echoed
[MESSAGE] From peer 1: 512 bytes
[MESSAGE] From peer 1: 512 bytes
[MESSAGE] From peer 1: 512 bytes
[MESSAGE] From peer 1: 512 bytes
[MESSAGE] From peer 1: 512 bytes
[MESSAGE] From peer 1: 512 bytes
[MESSAGE] From peer 1: 512 bytes
[MESSAGE] From peer 1: 512 bytes
[MESSAGE] From peer 1: 512 bytes
[MESSAGE] From peer 1: 512 bytes
[MESSAGE] From peer 1: 512 bytes
[MESSAGE] From peer 1: 512 bytes
[MESSAGE] From peer 1: 512 bytes
[MESSAGE] From peer 1: 512 bytes
[MESSAGE] From peer 1: 512 bytes
[MESSAGE] From peer 1: 512 bytes
[MESSAGE] From peer 1: 512 bytes
[MESSAGE] From peer 1: 512 bytes
[MESSAGE] From peer 1: 512 bytes
[MESSAGE] From peer 1: 512 bytes
[MESSAGE] From peer 1: 512 bytes
[MESSAGE] From peer 1: 512 bytes
[MESSAGE] From peer 1: 512 bytes
[MESSAGE] From peer 1: 512 bytes
[MESSAGE] From peer 1: 512 bytes
[MESSAGE] From peer 1: 512 bytes
[MESSAGE] From peer 1: 512 bytes
[MESSAGE] From peer 1: 512 bytes
[MESSAGE] From peer 1: 512 bytes
[MESSAGE] From peer 1: 512 bytes
[MESSAGE] From peer 1: 512 bytes
[MESSAGE] From peer 1: 512 bytes
[MESSAGE] From peer 1: 512 bytes
[MESSAGE] From peer 1: 512 bytes
[MESSAGE] From peer 1: 512 bytes
[MESSAGE] From peer 1: 512 bytes
[MESSAGE] From peer 1: 512 bytes
[MESSAGE] From peer 1: 512 bytes
[MESSAGE] From peer 1: 512 bytes
[MESSAGE] From peer 1: 512 bytes
[MESSAGE] From peer 1: 512 bytes
[MESSAGE] From peer 1: 512 bytes
[MESSAGE] From peer 1: 512 bytes
[MESSAGE] From peer 1: 512 bytes
[MESSAGE] From peer 1: 512 bytes
[MESSAGE] From peer 1: 512 bytes
[MESSAGE] From peer 1: 512 bytes
[MESSAGE] From peer 1: 512 bytes
[MESSAGE] From peer 1: 512 bytes
[MESSAGE] From peer 1: 512 bytes
[MESSAGE] From peer 1: 512 bytes
[MESSAGE] From peer 1: 512 bytes
[MESSAGE] From peer 1: 512 bytes
[MESSAGE] From peer 1: 512 bytes
[MESSAGE] From peer 1: 512 bytes
[MESSAGE] From peer 1: 512 bytes
[MESSAGE] From peer 1: 512 bytes
[MESSAGE] From peer 1: 512 bytes
[MESSAGE] From peer 1: 512 bytes
[MESSAGE] From peer 1: 512 bytes
[MESSAGE] From peer 1: 512 bytes
[MESSAGE] From peer 1: 512 bytes
[MESSAGE] From peer 1: 512 bytes
[MESSAGE] From peer 1: 512 bytes
[MESSAGE] From peer 1: 512 bytes
[MESSAGE] From peer 1: 512 bytes
[MESSAGE] From peer 1: 512 bytes
[MESSAGE] From peer 1: 512 bytes
[MESSAGE] From peer 1: 512 bytes
[MESSAGE] From peer 1: 512 bytes
[MESSAGE] From peer 1: 512 bytes
[MESSAGE] From peer 1: 512 bytes
[MESSAGE] From peer 1: 512 bytes
[MESSAGE] From peer 1: 512 bytes
[MESSAGE] From peer 1: 512 bytes
[MESSAGE] From peer 1: 512 bytes
[MESSAGE] From peer 1: 512 bytes
[MESSAGE] From peer 1: 512 bytes
[MESSAGE] From peer 1: 512 bytes
[MESSAGE] From peer 1: 512 bytes
[MESSAGE] From peer 1: 512 bytes
[MESSAGE] From peer 1: 512 bytes
[MESSAGE] From peer 1: 512 bytes
[MESSAGE] From peer 1: 512 bytes
[MESSAGE] From peer 1: 512 bytes
[MESSAGE] From peer 1: 512 bytes
[MESSAGE] From peer 1: 512 bytes
[MESSAGE] From peer 1: 512 bytes
[MESSAGE] From peer 1: 512 bytes
[MESSAGE] From peer 1: 512 bytes
[MESSAGE] From peer 1: 512 bytes
[MESSAGE] From peer 1: 512 bytes
[MESSAGE] From peer 1: 512 bytes
[MESSAGE] From peer 1: 512 bytes
[MESSAGE] From peer 1: 512 bytes
[MESSAGE] From peer 1: 512 bytes
[MESSAGE] From peer 1: 512 bytes
[MESSAGE] From peer 1: 512 bytes
[MESSAGE] From peer 1: 512 bytes
[MESSAGE] From peer 1: 512 bytes
[ECHO] 3500 messages echoed
[MESSAGE] From peer 1: 512 bytes
[MESSAGE] From peer 1: 512 bytes
[MESSAGE] From peer 1: 512 bytes
[MESSAGE] From peer 1: 512 bytes
[MESSAGE] From peer 1: 512 bytes
[MESSAGE] From peer 1: 512 bytes
[MESSAGE] From peer 1: 512 bytes
[MESSAGE] From peer 1: 512 bytes
[MESSAGE] From peer 1: 512 bytes
[MESSAGE] From peer 1: 512 bytes
[MESSAGE] From peer 1: 512 bytes
[MESSAGE] From peer 1: 512 bytes
[MESSAGE] From peer 1: 512 bytes
[MESSAGE] From peer 1: 512 bytes
[MESSAGE] From peer 1: 512 bytes
[MESSAGE] From peer 1: 512 bytes
[MESSAGE] From peer 1: 512 bytes
[MESSAGE] From peer 1: 512 bytes
[MESSAGE] From peer 1: 512 bytes
[MESSAGE] From peer 1: 512 bytes
[MESSAGE] From peer 1: 512 bytes
[MESSAGE] From peer 1: 512 bytes
[MESSAGE] From peer 1: 512 bytes
[MESSAGE] From peer 1: 512 bytes
[MESSAGE] From peer 1: 512 bytes
[MESSAGE] From peer 1: 512 bytes
[MESSAGE] From peer 1: 512 bytes
[MESSAGE] From peer 1: 512 bytes
[MESSAGE] From peer 1: 512 bytes
[MESSAGE] From peer 1: 512 bytes
[MESSAGE] From peer 1: 512 bytes
[MESSAGE] From peer 1: 512 bytes
[MESSAGE] From peer 1: 512 bytes
[MESSAGE] From peer 1: 512 bytes
[MESSAGE] From peer 1: 512 bytes
[MESSAGE] From peer 1: 512 bytes
[MESSAGE] From peer 1: 512 bytes
[MESSAGE] From peer 1: 512 bytes
[MESSAGE] From peer 1: 512 bytes
[MESSAGE] From peer 1: 512 bytes
[MESSAGE] From peer 1: 512 bytes
[MESSAGE] From peer 1: 512 bytes
[MESSAGE] From peer 1: 512 bytes
[MESSAGE] From peer 1: 512 bytes
[MESSAGE] From peer 1: 512 bytes
[MESSAGE] From peer 1: 512 bytes
[MESSAGE] From peer 1: 512 bytes
[MESSAGE] From peer 1: 512 bytes
[MESSAGE] From peer 1: 512 bytes
[MESSAGE] From peer 1: 512 bytes
[MESSAGE] From peer 1: 512 bytes
[MESSAGE] From peer 1: 512 bytes
[MESSAGE] From peer 1: 512 bytes
[MESSAGE] From peer 1: 512 bytes
[MESSAGE] From peer 1: 512 bytes
[MESSAGE] From peer 1: 512 bytes
[MESSAGE] From peer 1: 512 bytes
[MESSAGE] From peer 1: 512 bytes
[MESSAGE] From peer 1: 512 bytes
[MESSAGE] From peer 1: 512 bytes
[MESSAGE] From peer 1: 512 bytes
[MESSAGE] From peer 1: 512 bytes
[MESSAGE] From peer 1: 512 bytes
[MESSAGE] From peer 1: 512 bytes
[MESSAGE] From peer 1: 512 bytes
[MESSAGE] From peer 1: 512 bytes
[MESSAGE] From peer 1: 512 bytes
[MESSAGE] From peer 1: 512 bytes
[MESSAGE] From peer 1: 512 bytes
[MESSAGE] From peer 1: 512 bytes
[MESSAGE] From peer 1: 512 bytes
[MESSAGE] From peer 1: 512 bytes
[MESSAGE] From peer 1: 512 bytes
[MESSAGE] From peer 1: 512 bytes
[MESSAGE] From peer 1: 512 bytes
[MESSAGE] From peer 1: 512 bytes
[MESSAGE] From peer 1: 512 bytes
[MESSAGE] From peer 1: 512 bytes
[MESSAGE] From peer 1: 512 bytes
[MESSAGE] From peer 1: 512 bytes
[MESSAGE] From peer 1: 512 bytes
[MESSAGE] From peer 1: 512 bytes
[MESSAGE] From peer 1: 512 bytes
[MESSAGE] From peer 1: 512 bytes
[MESSAGE] From peer 1: 512 bytes
[MESSAGE] From peer 1: 512 bytes
[MESSAGE] From peer 1: 512 bytes
[MESSAGE] From peer 1: 512 bytes
[MESSAGE] From peer 1: 512 bytes
[MESSAGE] From peer 1: 512 bytes
[MESSAGE] From peer 1: 512 bytes
[MESSAGE] From peer 1: 512 bytes
[MESSAGE] From peer 1: 512 bytes
[MESSAGE] From peer 1: 512 bytes
[MESSAGE] From peer 1: 512 bytes
[MESSAGE] From peer 1: 512 bytes
[MESSAGE] From peer 1: 512 bytes
[MESSAGE] From peer 1: 512 bytes
[MESSAGE] From peer 1: 512 bytes
[MESSAGE] From peer 1: 512 bytes
[ECHO] 3600 messages echoed
[MESSAGE] From peer 1: 512 bytes
[MESSAGE] From peer 1: 512 bytes
[MESSAGE] From peer 1: 512 bytes
[MESSAGE] From peer 1: 512 bytes
[MESSAGE] From peer 1: 512 bytes
[MESSAGE] From peer 1: 512 bytes
[MESSAGE] From peer 1: 512 bytes
[MESSAGE] From peer 1: 512 bytes
[MESSAGE] From peer 1: 512 bytes
[MESSAGE] From peer 1: 512 bytes
[MESSAGE] From peer 1: 512 bytes
[MESSAGE] From peer 1: 512 bytes
[MESSAGE] From peer 1: 512 bytes
[MESSAGE] From peer 1: 512 bytes
[MESSAGE] From peer 1: 512 bytes
[MESSAGE] From peer 1: 512 bytes
[MESSAGE] From peer 1: 512 bytes
[MESSAGE] From peer 1: 512 bytes
[MESSAGE] From peer 1: 512 bytes
[MESSAGE] From peer 1: 512 bytes
[MESSAGE] From peer 1: 512 bytes
[MESSAGE] From peer 1: 512 bytes
[MESSAGE] From peer 1: 512 bytes
[MESSAGE] From peer 1: 512 bytes
[MESSAGE] From peer 1: 512 bytes
[MESSAGE] From peer 1: 512 bytes
[MESSAGE] From peer 1: 512 bytes
[MESSAGE] From peer 1: 512 bytes
[MESSAGE] From peer 1: 512 bytes
[MESSAGE] From peer 1: 512 bytes
[MESSAGE] From peer 1: 512 bytes
[MESSAGE] From peer 1: 512 bytes
[MESSAGE] From peer 1: 512 bytes
[MESSAGE] From peer 1: 512 bytes
[MESSAGE] From peer 1: 512 bytes
[MESSAGE] From peer 1: 512 bytes
[MESSAGE] From peer 1: 512 bytes
[MESSAGE] From peer 1: 512 bytes
[MESSAGE] From peer 1: 512 bytes
[MESSAGE] From peer 1: 512 bytes
[MESSAGE] From peer 1: 512 bytes
[MESSAGE] From peer 1: 512 bytes
[MESSAGE] From peer 1: 512 bytes
[MESSAGE] From peer 1: 512 bytes
[MESSAGE] From peer 1: 512 bytes
[MESSAGE] From peer 1: 512 bytes
[MESSAGE] From peer 1: 512 bytes
[MESSAGE] From peer 1: 512 bytes
[MESSAGE] From peer 1: 512 bytes
[MESSAGE] From peer 1: 512 bytes
[MESSAGE] From peer 1: 512 bytes
[MESSAGE] From peer 1: 512 bytes
[MESSAGE] From peer 1: 512 bytes
[MESSAGE] From peer 1: 512 bytes
[MESSAGE] From peer 1: 512 bytes
[MESSAGE] From peer 1: 512 bytes
[MESSAGE] From peer 1: 512 bytes
[MESSAGE] From peer 1: 512 bytes
[MESSAGE] From peer 1: 512 bytes
[MESSAGE] From peer 1: 512 bytes
[MESSAGE] From peer 1: 512 bytes
[MESSAGE] From peer 1: 512 bytes
[MESSAGE] From peer 1: 512 bytes
[MESSAGE] From peer 1: 512 bytes
[MESSAGE] From peer 1: 512 bytes
[MESSAGE] From peer 1: 512 bytes
[MESSAGE] From peer 1: 512 bytes
[MESSAGE] From peer 1: 512 bytes
[MESSAGE] From peer 1: 512 bytes
[MESSAGE] From peer 1: 512 bytes
[MESSAGE] From peer 1: 512 bytes
[MESSAGE] From peer 1: 512 bytes
[MESSAGE] From peer 1: 512 bytes
[MESSAGE] From peer 1: 512 bytes
[MESSAGE] From peer 1: 512 bytes
[DISCOVERED] Peer 2: "MacThroughput" at 10.188.1.213:7354
[MESSAGE] From peer 1: 512 bytes
[MESSAGE] From peer 1: 512 bytes
[MESSAGE] From peer 1: 512 bytes
[MESSAGE] From peer 1: 512 bytes
[MESSAGE] From peer 1: 512 bytes
[MESSAGE] From peer 1: 512 bytes
[MESSAGE] From peer 1: 512 bytes
[MESSAGE] From peer 1: 512 bytes
[MESSAGE] From peer 1: 512 bytes
[MESSAGE] From peer 1: 512 bytes
[MESSAGE] From peer 1: 512 bytes
[MESSAGE] From peer 1: 512 bytes
[MESSAGE] From peer 1: 512 bytes
[MESSAGE] From peer 1: 512 bytes
[MESSAGE] From peer 1: 512 bytes
[MESSAGE] From peer 1: 512 bytes
[MESSAGE] From peer 1: 512 bytes
[MESSAGE] From peer 1: 512 bytes
[MESSAGE] From peer 1: 512 bytes
[MESSAGE] From peer 1: 512 bytes
[MESSAGE] From peer 1: 512 bytes
[MESSAGE] From peer 1: 512 bytes
[MESSAGE] From peer 1: 512 bytes
[MESSAGE] From peer 1: 512 bytes
[MESSAGE] From peer 1: 512 bytes
[ECHO] 3700 messages echoed
[MESSAGE] From peer 1: 512 bytes
[MESSAGE] From peer 1: 512 bytes
[MESSAGE] From peer 1: 512 bytes
[MESSAGE] From peer 1: 512 bytes
[MESSAGE] From peer 1: 512 bytes
[MESSAGE] From peer 1: 512 bytes
[MESSAGE] From peer 1: 512 bytes
[MESSAGE] From peer 1: 512 bytes
[MESSAGE] From peer 1: 512 bytes
[MESSAGE] From peer 1: 512 bytes
[MESSAGE] From peer 1: 512 bytes
[MESSAGE] From peer 1: 512 bytes
[MESSAGE] From peer 1: 512 bytes
[MESSAGE] From peer 1: 512 bytes
[MESSAGE] From peer 1: 512 bytes
[MESSAGE] From peer 1: 512 bytes
[MESSAGE] From peer 1: 512 bytes
[MESSAGE] From peer 1: 512 bytes
[MESSAGE] From peer 1: 512 bytes
[MESSAGE] From peer 1: 512 bytes
[MESSAGE] From peer 1: 512 bytes
[MESSAGE] From peer 1: 512 bytes
[MESSAGE] From peer 1: 512 bytes
[MESSAGE] From peer 1: 512 bytes
[MESSAGE] From peer 1: 512 bytes
[MESSAGE] From peer 1: 512 bytes
[MESSAGE] From peer 1: 512 bytes
[MESSAGE] From peer 1: 512 bytes
[MESSAGE] From peer 1: 512 bytes
[MESSAGE] From peer 1: 512 bytes
[MESSAGE] From peer 1: 512 bytes
[MESSAGE] From peer 1: 512 bytes
[MESSAGE] From peer 1: 512 bytes
[MESSAGE] From peer 1: 512 bytes
[MESSAGE] From peer 1: 512 bytes
[MESSAGE] From peer 1: 512 bytes
[MESSAGE] From peer 1: 512 bytes
[MESSAGE] From peer 1: 512 bytes
[MESSAGE] From peer 1: 512 bytes
[MESSAGE] From peer 1: 512 bytes
[MESSAGE] From peer 1: 512 bytes
[MESSAGE] From peer 1: 512 bytes
[MESSAGE] From peer 1: 512 bytes
[MESSAGE] From peer 1: 512 bytes
[MESSAGE] From peer 1: 512 bytes
[MESSAGE] From peer 1: 512 bytes
[MESSAGE] From peer 1: 512 bytes
[MESSAGE] From peer 1: 512 bytes
[MESSAGE] From peer 1: 512 bytes
[MESSAGE] From peer 1: 512 bytes
[MESSAGE] From peer 1: 512 bytes
[MESSAGE] From peer 1: 512 bytes
[MESSAGE] From peer 1: 512 bytes
[MESSAGE] From peer 1: 512 bytes
[MESSAGE] From peer 1: 512 bytes
[MESSAGE] From peer 1: 512 bytes
[MESSAGE] From peer 1: 512 bytes
[MESSAGE] From peer 1: 512 bytes
[MESSAGE] From peer 1: 512 bytes
[MESSAGE] From peer 1: 512 bytes
[MESSAGE] From peer 1: 512 bytes
[MESSAGE] From peer 1: 512 bytes
[MESSAGE] From peer 1: 512 bytes
[MESSAGE] From peer 1: 512 bytes
[MESSAGE] From peer 1: 512 bytes
[MESSAGE] From peer 1: 512 bytes
[MESSAGE] From peer 1: 512 bytes
[MESSAGE] From peer 1: 512 bytes
[MESSAGE] From peer 1: 512 bytes
[MESSAGE] From peer 1: 512 bytes
[MESSAGE] From peer 1: 512 bytes
[MESSAGE] From peer 1: 512 bytes
[MESSAGE] From peer 1: 512 bytes
[MESSAGE] From peer 1: 512 bytes
[MESSAGE] From peer 1: 512 bytes
[MESSAGE] From peer 1: 512 bytes
[MESSAGE] From peer 1: 512 bytes
[MESSAGE] From peer 1: 512 bytes
[MESSAGE] From peer 1: 512 bytes
[MESSAGE] From peer 1: 512 bytes
[MESSAGE] From peer 1: 512 bytes
[MESSAGE] From peer 1: 512 bytes
[MESSAGE] From peer 1: 512 bytes
[MESSAGE] From peer 1: 512 bytes
[MESSAGE] From peer 1: 512 bytes
[MESSAGE] From peer 1: 512 bytes
[MESSAGE] From peer 1: 512 bytes
[MESSAGE] From peer 1: 512 bytes
[MESSAGE] From peer 1: 512 bytes
[MESSAGE] From peer 1: 512 bytes
[MESSAGE] From peer 1: 512 bytes
[MESSAGE] From peer 1: 512 bytes
[MESSAGE] From peer 1: 512 bytes
[MESSAGE] From peer 1: 512 bytes
[MESSAGE] From peer 1: 512 bytes
[MESSAGE] From peer 1: 512 bytes
[MESSAGE] From peer 1: 512 bytes
[MESSAGE] From peer 1: 512 bytes
[MESSAGE] From peer 1: 512 bytes
[MESSAGE] From peer 1: 512 bytes
[ECHO] 3800 messages echoed
[MESSAGE] From peer 1: 512 bytes
[MESSAGE] From peer 1: 512 bytes
[MESSAGE] From peer 1: 512 bytes
[MESSAGE] From peer 1: 512 bytes
[MESSAGE] From peer 1: 512 bytes
[MESSAGE] From peer 1: 512 bytes
[MESSAGE] From peer 1: 512 bytes
[MESSAGE] From peer 1: 512 bytes
[MESSAGE] From peer 1: 512 bytes
[MESSAGE] From peer 1: 512 bytes
[MESSAGE] From peer 1: 512 bytes
[MESSAGE] From peer 1: 512 bytes
[MESSAGE] From peer 1: 512 bytes
[MESSAGE] From peer 1: 512 bytes
[MESSAGE] From peer 1: 512 bytes
[MESSAGE] From peer 1: 512 bytes
[MESSAGE] From peer 1: 512 bytes
[MESSAGE] From peer 1: 512 bytes
[MESSAGE] From peer 1: 512 bytes
[MESSAGE] From peer 1: 512 bytes
[MESSAGE] From peer 1: 512 bytes
[MESSAGE] From peer 1: 512 bytes
[MESSAGE] From peer 1: 512 bytes
[MESSAGE] From peer 1: 512 bytes
[MESSAGE] From peer 1: 512 bytes
[MESSAGE] From peer 1: 512 bytes
[MESSAGE] From peer 1: 512 bytes
[MESSAGE] From peer 1: 512 bytes
[MESSAGE] From peer 1: 512 bytes
[MESSAGE] From peer 1: 512 bytes
[MESSAGE] From peer 1: 512 bytes
[MESSAGE] From peer 1: 512 bytes
[MESSAGE] From peer 1: 512 bytes
[MESSAGE] From peer 1: 512 bytes
[MESSAGE] From peer 1: 512 bytes
[MESSAGE] From peer 1: 512 bytes
[MESSAGE] From peer 1: 512 bytes
[MESSAGE] From peer 1: 512 bytes
[MESSAGE] From peer 1: 512 bytes
[MESSAGE] From peer 1: 512 bytes
[MESSAGE] From peer 1: 512 bytes
[MESSAGE] From peer 1: 512 bytes
[MESSAGE] From peer 1: 512 bytes
[MESSAGE] From peer 1: 512 bytes
[MESSAGE] From peer 1: 512 bytes
[MESSAGE] From peer 1: 512 bytes
[MESSAGE] From peer 1: 512 bytes
[MESSAGE] From peer 1: 512 bytes
[MESSAGE] From peer 1: 512 bytes
[MESSAGE] From peer 1: 512 bytes
[MESSAGE] From peer 1: 512 bytes
[MESSAGE] From peer 1: 512 bytes
[MESSAGE] From peer 1: 512 bytes
[MESSAGE] From peer 1: 512 bytes
[MESSAGE] From peer 1: 512 bytes
[MESSAGE] From peer 1: 512 bytes
[MESSAGE] From peer 1: 512 bytes
[MESSAGE] From peer 1: 512 bytes
[MESSAGE] From peer 1: 512 bytes
[MESSAGE] From peer 1: 512 bytes
[MESSAGE] From peer 1: 512 bytes
[MESSAGE] From peer 1: 512 bytes
[MESSAGE] From peer 1: 512 bytes
[MESSAGE] From peer 1: 512 bytes
[MESSAGE] From peer 1: 512 bytes
[MESSAGE] From peer 1: 512 bytes
[MESSAGE] From peer 1: 512 bytes
[MESSAGE] From peer 1: 512 bytes
[MESSAGE] From peer 1: 512 bytes
[MESSAGE] From peer 1: 512 bytes
[MESSAGE] From peer 1: 512 bytes
[MESSAGE] From peer 1: 512 bytes
[MESSAGE] From peer 1: 512 bytes
[MESSAGE] From peer 1: 512 bytes
[MESSAGE] From peer 1: 512 bytes
[MESSAGE] From peer 1: 512 bytes
[MESSAGE] From peer 1: 512 bytes
[MESSAGE] From peer 1: 512 bytes
[MESSAGE] From peer 1: 512 bytes
[MESSAGE] From peer 1: 512 bytes
[MESSAGE] From peer 1: 512 bytes
[MESSAGE] From peer 1: 512 bytes
[MESSAGE] From peer 1: 512 bytes
[MESSAGE] From peer 1: 512 bytes
[MESSAGE] From peer 1: 512 bytes
[MESSAGE] From peer 1: 512 bytes
[MESSAGE] From peer 1: 512 bytes
[MESSAGE] From peer 1: 512 bytes
[MESSAGE] From peer 1: 512 bytes
[MESSAGE] From peer 1: 512 bytes
[MESSAGE] From peer 1: 512 bytes
[MESSAGE] From peer 1: 512 bytes
[MESSAGE] From peer 1: 512 bytes
[MESSAGE] From peer 1: 512 bytes
[MESSAGE] From peer 1: 512 bytes
[MESSAGE] From peer 1: 512 bytes
[MESSAGE] From peer 1: 512 bytes
[MESSAGE] From peer 1: 512 bytes
[MESSAGE] From peer 1: 512 bytes
[MESSAGE] From peer 1: 512 bytes
[ECHO] 3900 messages echoed
[MESSAGE] From peer 1: 512 bytes
[MESSAGE] From peer 1: 512 bytes
[MESSAGE] From peer 1: 512 bytes
[MESSAGE] From peer 1: 512 bytes
[MESSAGE] From peer 1: 512 bytes
[MESSAGE] From peer 1: 512 bytes
[MESSAGE] From peer 1: 512 bytes
[MESSAGE] From peer 1: 512 bytes
[MESSAGE] From peer 1: 512 bytes
[MESSAGE] From peer 1: 512 bytes
[MESSAGE] From peer 1: 512 bytes
[MESSAGE] From peer 1: 512 bytes
[MESSAGE] From peer 1: 512 bytes
[MESSAGE] From peer 1: 512 bytes
[MESSAGE] From peer 1: 512 bytes
[MESSAGE] From peer 1: 512 bytes
[MESSAGE] From peer 1: 512 bytes
[MESSAGE] From peer 1: 512 bytes
[MESSAGE] From peer 1: 512 bytes
[MESSAGE] From peer 1: 512 bytes
[STATUS] 80 sec: peers=5, msgs=3920, connected=yes
[MESSAGE] From peer 1: 512 bytes
[MESSAGE] From peer 1: 512 bytes
[MESSAGE] From peer 1: 512 bytes
[MESSAGE] From peer 1: 512 bytes
[MESSAGE] From peer 1: 512 bytes
[MESSAGE] From peer 1: 512 bytes
[MESSAGE] From peer 1: 512 bytes
[MESSAGE] From peer 1: 512 bytes
[MESSAGE] From peer 1: 512 bytes
[MESSAGE] From peer 1: 512 bytes
[MESSAGE] From peer 1: 512 bytes
[MESSAGE] From peer 1: 512 bytes
[MESSAGE] From peer 1: 512 bytes
[MESSAGE] From peer 1: 512 bytes
[MESSAGE] From peer 1: 512 bytes
[MESSAGE] From peer 1: 512 bytes
[MESSAGE] From peer 1: 512 bytes
[MESSAGE] From peer 1: 512 bytes
[MESSAGE] From peer 1: 512 bytes
[MESSAGE] From peer 1: 512 bytes
[MESSAGE] From peer 1: 512 bytes
[MESSAGE] From peer 1: 512 bytes
[MESSAGE] From peer 1: 512 bytes
[MESSAGE] From peer 1: 512 bytes
[MESSAGE] From peer 1: 512 bytes
[MESSAGE] From peer 1: 512 bytes
[MESSAGE] From peer 1: 512 bytes
[MESSAGE] From peer 1: 512 bytes
[MESSAGE] From peer 1: 512 bytes
[MESSAGE] From peer 1: 512 bytes
[MESSAGE] From peer 1: 512 bytes
[MESSAGE] From peer 1: 512 bytes
[MESSAGE] From peer 1: 512 bytes
[MESSAGE] From peer 1: 512 bytes
[MESSAGE] From peer 1: 512 bytes
[MESSAGE] From peer 1: 512 bytes
[MESSAGE] From peer 1: 512 bytes
[MESSAGE] From peer 1: 512 bytes
[MESSAGE] From peer 1: 512 bytes
[MESSAGE] From peer 1: 512 bytes
[MESSAGE] From peer 1: 512 bytes
[MESSAGE] From peer 1: 512 bytes
[MESSAGE] From peer 1: 512 bytes
[MESSAGE] From peer 1: 512 bytes
[MESSAGE] From peer 1: 512 bytes
[MESSAGE] From peer 1: 512 bytes
[MESSAGE] From peer 1: 512 bytes
[MESSAGE] From peer 1: 512 bytes
[MESSAGE] From peer 1: 512 bytes
[MESSAGE] From peer 1: 512 bytes
[MESSAGE] From peer 1: 512 bytes
[MESSAGE] From peer 1: 512 bytes
[MESSAGE] From peer 1: 512 bytes
[MESSAGE] From peer 1: 512 bytes
[MESSAGE] From peer 1: 512 bytes
[MESSAGE] From peer 1: 512 bytes
[MESSAGE] From peer 1: 512 bytes
[MESSAGE] From peer 1: 512 bytes
[MESSAGE] From peer 1: 512 bytes
[MESSAGE] From peer 1: 512 bytes
[MESSAGE] From peer 1: 512 bytes
[MESSAGE] From peer 1: 512 bytes
[MESSAGE] From peer 1: 512 bytes
[MESSAGE] From peer 1: 512 bytes
[MESSAGE] From peer 1: 512 bytes
[MESSAGE] From peer 1: 512 bytes
[MESSAGE] From peer 1: 512 bytes
[MESSAGE] From peer 1: 512 bytes
[MESSAGE] From peer 1: 512 bytes
[MESSAGE] From peer 1: 512 bytes
[MESSAGE] From peer 1: 512 bytes
[MESSAGE] From peer 1: 512 bytes
[MESSAGE] From peer 1: 512 bytes
[MESSAGE] From peer 1: 512 bytes
[MESSAGE] From peer 1: 512 bytes
[MESSAGE] From peer 1: 512 bytes
[MESSAGE] From peer 1: 512 bytes
[MESSAGE] From peer 1: 512 bytes
[MESSAGE] From peer 1: 512 bytes
[MESSAGE] From peer 1: 512 bytes
[ECHO] 4000 messages echoed
[MESSAGE] From peer 1: 512 bytes
[MESSAGE] From peer 1: 1024 bytes
[MESSAGE] From peer 1: 1024 bytes
[MESSAGE] From peer 1: 1024 bytes
[MESSAGE] From peer 1: 1024 bytes
[MESSAGE] From peer 1: 1024 bytes
[MESSAGE] From peer 1: 1024 bytes
[MESSAGE] From peer 1: 1024 bytes
[MESSAGE] From peer 1: 1024 bytes
[MESSAGE] From peer 1: 1024 bytes
[MESSAGE] From peer 1: 1024 bytes
[MESSAGE] From peer 1: 1024 bytes
[MESSAGE] From peer 1: 1024 bytes
[MESSAGE] From peer 1: 1024 bytes
[MESSAGE] From peer 1: 1024 bytes
[MESSAGE] From peer 1: 1024 bytes
[MESSAGE] From peer 1: 1024 bytes
[MESSAGE] From peer 1: 1024 bytes
[MESSAGE] From peer 1: 1024 bytes
[MESSAGE] From peer 1: 1024 bytes
[MESSAGE] From peer 1: 1024 bytes
[MESSAGE] From peer 1: 1024 bytes
[MESSAGE] From peer 1: 1024 bytes
[MESSAGE] From peer 1: 1024 bytes
[MESSAGE] From peer 1: 1024 bytes
[MESSAGE] From peer 1: 1024 bytes
[MESSAGE] From peer 1: 1024 bytes
[MESSAGE] From peer 1: 1024 bytes
[MESSAGE] From peer 1: 1024 bytes
[MESSAGE] From peer 1: 1024 bytes
[MESSAGE] From peer 1: 1024 bytes
[MESSAGE] From peer 1: 1024 bytes
[MESSAGE] From peer 1: 1024 bytes
[MESSAGE] From peer 1: 1024 bytes
[MESSAGE] From peer 1: 1024 bytes
[MESSAGE] From peer 1: 1024 bytes
[MESSAGE] From peer 1: 1024 bytes
[MESSAGE] From peer 1: 1024 bytes
[MESSAGE] From peer 1: 1024 bytes
[MESSAGE] From peer 1: 1024 bytes
[MESSAGE] From peer 1: 1024 bytes
[MESSAGE] From peer 1: 1024 bytes
[MESSAGE] From peer 1: 1024 bytes
[MESSAGE] From peer 1: 1024 bytes
[MESSAGE] From peer 1: 1024 bytes
[MESSAGE] From peer 1: 1024 bytes
[MESSAGE] From peer 1: 1024 bytes
[MESSAGE] From peer 1: 1024 bytes
[MESSAGE] From peer 1: 1024 bytes
[MESSAGE] From peer 1: 1024 bytes
[MESSAGE] From peer 1: 1024 bytes
[MESSAGE] From peer 1: 1024 bytes
[MESSAGE] From peer 1: 1024 bytes
[MESSAGE] From peer 1: 1024 bytes
[MESSAGE] From peer 1: 1024 bytes
[MESSAGE] From peer 1: 1024 bytes
[MESSAGE] From peer 1: 1024 bytes
[MESSAGE] From peer 1: 1024 bytes
[MESSAGE] From peer 1: 1024 bytes
[MESSAGE] From peer 1: 1024 bytes
[MESSAGE] From peer 1: 1024 bytes
[MESSAGE] From peer 1: 1024 bytes
[MESSAGE] From peer 1: 1024 bytes
[MESSAGE] From peer 1: 1024 bytes
[MESSAGE] From peer 1: 1024 bytes
[MESSAGE] From peer 1: 1024 bytes
[MESSAGE] From peer 1: 1024 bytes
[MESSAGE] From peer 1: 1024 bytes
[MESSAGE] From peer 1: 1024 bytes
[MESSAGE] From peer 1: 1024 bytes
[MESSAGE] From peer 1: 1024 bytes
[MESSAGE] From peer 1: 1024 bytes
[MESSAGE] From peer 1: 1024 bytes
[MESSAGE] From peer 1: 1024 bytes
[MESSAGE] From peer 1: 1024 bytes
[MESSAGE] From peer 1: 1024 bytes
[MESSAGE] From peer 1: 1024 bytes
[MESSAGE] From peer 1: 1024 bytes
[MESSAGE] From peer 1: 1024 bytes
[MESSAGE] From peer 1: 1024 bytes
[MESSAGE] From peer 1: 1024 bytes
[MESSAGE] From peer 1: 1024 bytes
[MESSAGE] From peer 1: 1024 bytes
[MESSAGE] From peer 1: 1024 bytes
[MESSAGE] From peer 1: 1024 bytes
[MESSAGE] From peer 1: 1024 bytes
[MESSAGE] From peer 1: 1024 bytes
[MESSAGE] From peer 1: 1024 bytes
[MESSAGE] From peer 1: 1024 bytes
[MESSAGE] From peer 1: 1024 bytes
[MESSAGE] From peer 1: 1024 bytes
[MESSAGE] From peer 1: 1024 bytes
[MESSAGE] From peer 1: 1024 bytes
[MESSAGE] From peer 1: 1024 bytes
[MESSAGE] From peer 1: 1024 bytes
[MESSAGE] From peer 1: 1024 bytes
[MESSAGE] From peer 1: 1024 bytes
[MESSAGE] From peer 1: 1024 bytes
[MESSAGE] From peer 1: 1024 bytes
[MESSAGE] From peer 1: 1024 bytes
[ECHO] 4100 messages echoed
[MESSAGE] From peer 1: 1024 bytes
[MESSAGE] From peer 1: 1024 bytes
[MESSAGE] From peer 1: 1024 bytes
[MESSAGE] From peer 1: 1024 bytes
[MESSAGE] From peer 1: 1024 bytes
[MESSAGE] From peer 1: 1024 bytes
[MESSAGE] From peer 1: 1024 bytes
[MESSAGE] From peer 1: 1024 bytes
[MESSAGE] From peer 1: 1024 bytes
[MESSAGE] From peer 1: 1024 bytes
[MESSAGE] From peer 1: 1024 bytes
[MESSAGE] From peer 1: 1024 bytes
[MESSAGE] From peer 1: 1024 bytes
[MESSAGE] From peer 1: 1024 bytes
[MESSAGE] From peer 1: 1024 bytes
[MESSAGE] From peer 1: 1024 bytes
[MESSAGE] From peer 1: 1024 bytes
[MESSAGE] From peer 1: 1024 bytes
[MESSAGE] From peer 1: 1024 bytes
[MESSAGE] From peer 1: 1024 bytes
[MESSAGE] From peer 1: 1024 bytes
[MESSAGE] From peer 1: 1024 bytes
[MESSAGE] From peer 1: 1024 bytes
[MESSAGE] From peer 1: 1024 bytes
[MESSAGE] From peer 1: 1024 bytes
[MESSAGE] From peer 1: 1024 bytes
[MESSAGE] From peer 1: 1024 bytes
[MESSAGE] From peer 1: 1024 bytes
[MESSAGE] From peer 1: 1024 bytes
[MESSAGE] From peer 1: 1024 bytes
[MESSAGE] From peer 1: 1024 bytes
[MESSAGE] From peer 1: 1024 bytes
[MESSAGE] From peer 1: 1024 bytes
[MESSAGE] From peer 1: 1024 bytes
[MESSAGE] From peer 1: 1024 bytes
[MESSAGE] From peer 1: 1024 bytes
[MESSAGE] From peer 1: 1024 bytes
[MESSAGE] From peer 1: 1024 bytes
[MESSAGE] From peer 1: 1024 bytes
[MESSAGE] From peer 1: 1024 bytes
[MESSAGE] From peer 1: 1024 bytes
[MESSAGE] From peer 1: 1024 bytes
[MESSAGE] From peer 1: 1024 bytes
[MESSAGE] From peer 1: 1024 bytes
[MESSAGE] From peer 1: 1024 bytes
[MESSAGE] From peer 1: 1024 bytes
[MESSAGE] From peer 1: 1024 bytes
[MESSAGE] From peer 1: 1024 bytes
[MESSAGE] From peer 1: 1024 bytes
[MESSAGE] From peer 1: 1024 bytes
[MESSAGE] From peer 1: 1024 bytes
[MESSAGE] From peer 1: 1024 bytes
[MESSAGE] From peer 1: 1024 bytes
[MESSAGE] From peer 1: 1024 bytes
[MESSAGE] From peer 1: 1024 bytes
[MESSAGE] From peer 1: 1024 bytes
[MESSAGE] From peer 1: 1024 bytes
[MESSAGE] From peer 1: 1024 bytes
[MESSAGE] From peer 1: 1024 bytes
[MESSAGE] From peer 1: 1024 bytes
[MESSAGE] From peer 1: 1024 bytes
[MESSAGE] From peer 1: 1024 bytes
[MESSAGE] From peer 1: 1024 bytes
[MESSAGE] From peer 1: 1024 bytes
[MESSAGE] From peer 1: 1024 bytes
[MESSAGE] From peer 1: 1024 bytes
[MESSAGE] From peer 1: 1024 bytes
[MESSAGE] From peer 1: 1024 bytes
[MESSAGE] From peer 1: 1024 bytes
[MESSAGE] From peer 1: 1024 bytes
[MESSAGE] From peer 1: 1024 bytes
[MESSAGE] From peer 1: 1024 bytes
[MESSAGE] From peer 1: 1024 bytes
[MESSAGE] From peer 1: 1024 bytes
[MESSAGE] From peer 1: 1024 bytes
[MESSAGE] From peer 1: 1024 bytes
[MESSAGE] From peer 1: 1024 bytes
[MESSAGE] From peer 1: 1024 bytes
[MESSAGE] From peer 1: 1024 bytes
[MESSAGE] From peer 1: 1024 bytes
[MESSAGE] From peer 1: 1024 bytes
[MESSAGE] From peer 1: 1024 bytes
[MESSAGE] From peer 1: 1024 bytes
[MESSAGE] From peer 1: 1024 bytes
[MESSAGE] From peer 1: 1024 bytes
[MESSAGE] From peer 1: 1024 bytes
[MESSAGE] From peer 1: 1024 bytes
[MESSAGE] From peer 1: 1024 bytes
[MESSAGE] From peer 1: 1024 bytes
[MESSAGE] From peer 1: 1024 bytes
[MESSAGE] From peer 1: 1024 bytes
[MESSAGE] From peer 1: 1024 bytes
[MESSAGE] From peer 1: 1024 bytes
[MESSAGE] From peer 1: 1024 bytes
[MESSAGE] From peer 1: 1024 bytes
[MESSAGE] From peer 1: 1024 bytes
[MESSAGE] From peer 1: 1024 bytes
[MESSAGE] From peer 1: 1024 bytes
[MESSAGE] From peer 1: 1024 bytes
[MESSAGE] From peer 1: 1024 bytes
[ECHO] 4200 messages echoed
[MESSAGE] From peer 1: 1024 bytes
[MESSAGE] From peer 1: 1024 bytes
[MESSAGE] From peer 1: 1024 bytes
[MESSAGE] From peer 1: 1024 bytes
[MESSAGE] From peer 1: 1024 bytes
[MESSAGE] From peer 1: 1024 bytes
[MESSAGE] From peer 1: 1024 bytes
[MESSAGE] From peer 1: 1024 bytes
[MESSAGE] From peer 1: 1024 bytes
[MESSAGE] From peer 1: 1024 bytes
[MESSAGE] From peer 1: 1024 bytes
[MESSAGE] From peer 1: 1024 bytes
[MESSAGE] From peer 1: 1024 bytes
[MESSAGE] From peer 1: 1024 bytes
[MESSAGE] From peer 1: 1024 bytes
[MESSAGE] From peer 1: 1024 bytes
[MESSAGE] From peer 1: 1024 bytes
[MESSAGE] From peer 1: 1024 bytes
[MESSAGE] From peer 1: 1024 bytes
[MESSAGE] From peer 1: 1024 bytes
[MESSAGE] From peer 1: 1024 bytes
[MESSAGE] From peer 1: 1024 bytes
[MESSAGE] From peer 1: 1024 bytes
[MESSAGE] From peer 1: 1024 bytes
[MESSAGE] From peer 1: 1024 bytes
[MESSAGE] From peer 1: 1024 bytes
[MESSAGE] From peer 1: 1024 bytes
[MESSAGE] From peer 1: 1024 bytes
[MESSAGE] From peer 1: 1024 bytes
[MESSAGE] From peer 1: 1024 bytes
[MESSAGE] From peer 1: 1024 bytes
[MESSAGE] From peer 1: 1024 bytes
[MESSAGE] From peer 1: 1024 bytes
[MESSAGE] From peer 1: 1024 bytes
[MESSAGE] From peer 1: 1024 bytes
[MESSAGE] From peer 1: 1024 bytes
[MESSAGE] From peer 1: 1024 bytes
[MESSAGE] From peer 1: 1024 bytes
[MESSAGE] From peer 1: 1024 bytes
[MESSAGE] From peer 1: 1024 bytes
[MESSAGE] From peer 1: 1024 bytes
[MESSAGE] From peer 1: 1024 bytes
[MESSAGE] From peer 1: 1024 bytes
[MESSAGE] From peer 1: 1024 bytes
[MESSAGE] From peer 1: 1024 bytes
[MESSAGE] From peer 1: 1024 bytes
[MESSAGE] From peer 1: 1024 bytes
[MESSAGE] From peer 1: 1024 bytes
[MESSAGE] From peer 1: 1024 bytes
[MESSAGE] From peer 1: 1024 bytes
[MESSAGE] From peer 1: 1024 bytes
[MESSAGE] From peer 1: 1024 bytes
[MESSAGE] From peer 1: 1024 bytes
[MESSAGE] From peer 1: 1024 bytes
[MESSAGE] From peer 1: 1024 bytes
[MESSAGE] From peer 1: 1024 bytes
[MESSAGE] From peer 1: 1024 bytes
[MESSAGE] From peer 1: 1024 bytes
[MESSAGE] From peer 1: 1024 bytes
[MESSAGE] From peer 1: 1024 bytes
[MESSAGE] From peer 1: 1024 bytes
[MESSAGE] From peer 1: 1024 bytes
[MESSAGE] From peer 1: 1024 bytes
[MESSAGE] From peer 1: 1024 bytes
[MESSAGE] From peer 1: 1024 bytes
[MESSAGE] From peer 1: 1024 bytes
[MESSAGE] From peer 1: 1024 bytes
[MESSAGE] From peer 1: 1024 bytes
[MESSAGE] From peer 1: 1024 bytes
[MESSAGE] From peer 1: 1024 bytes
[MESSAGE] From peer 1: 1024 bytes
[MESSAGE] From peer 1: 1024 bytes
[MESSAGE] From peer 1: 1024 bytes
[MESSAGE] From peer 1: 1024 bytes
[MESSAGE] From peer 1: 1024 bytes
[MESSAGE] From peer 1: 1024 bytes
[MESSAGE] From peer 1: 1024 bytes
[MESSAGE] From peer 1: 1024 bytes
[MESSAGE] From peer 1: 1024 bytes
[MESSAGE] From peer 1: 1024 bytes
[MESSAGE] From peer 1: 1024 bytes
[MESSAGE] From peer 1: 1024 bytes
[MESSAGE] From peer 1: 1024 bytes
[MESSAGE] From peer 1: 1024 bytes
[MESSAGE] From peer 1: 1024 bytes
[MESSAGE] From peer 1: 1024 bytes
[MESSAGE] From peer 1: 1024 bytes
[MESSAGE] From peer 1: 1024 bytes
[MESSAGE] From peer 1: 1024 bytes
[MESSAGE] From peer 1: 1024 bytes
[MESSAGE] From peer 1: 1024 bytes
[MESSAGE] From peer 1: 1024 bytes
[MESSAGE] From peer 1: 1024 bytes
[MESSAGE] From peer 1: 1024 bytes
[MESSAGE] From peer 1: 1024 bytes
[MESSAGE] From peer 1: 1024 bytes
[MESSAGE] From peer 1: 1024 bytes
[MESSAGE] From peer 1: 1024 bytes
[MESSAGE] From peer 1: 1024 bytes
[MESSAGE] From peer 1: 1024 bytes
[ECHO] 4300 messages echoed
[MESSAGE] From peer 1: 1024 bytes
[MESSAGE] From peer 1: 1024 bytes
[MESSAGE] From peer 1: 1024 bytes
[MESSAGE] From peer 1: 1024 bytes
[MESSAGE] From peer 1: 1024 bytes
[MESSAGE] From peer 1: 1024 bytes
[MESSAGE] From peer 1: 1024 bytes
[MESSAGE] From peer 1: 1024 bytes
[MESSAGE] From peer 1: 1024 bytes
[MESSAGE] From peer 1: 1024 bytes
[MESSAGE] From peer 1: 1024 bytes
[MESSAGE] From peer 1: 1024 bytes
[MESSAGE] From peer 1: 1024 bytes
[MESSAGE] From peer 1: 1024 bytes
[MESSAGE] From peer 1: 1024 bytes
[MESSAGE] From peer 1: 1024 bytes
[MESSAGE] From peer 1: 1024 bytes
[MESSAGE] From peer 1: 1024 bytes
[MESSAGE] From peer 1: 1024 bytes
[MESSAGE] From peer 1: 1024 bytes
[MESSAGE] From peer 1: 1024 bytes
[MESSAGE] From peer 1: 1024 bytes
[MESSAGE] From peer 1: 1024 bytes
[MESSAGE] From peer 1: 1024 bytes
[MESSAGE] From peer 1: 1024 bytes
[MESSAGE] From peer 1: 1024 bytes
[MESSAGE] From peer 1: 1024 bytes
[MESSAGE] From peer 1: 1024 bytes
[MESSAGE] From peer 1: 1024 bytes
[MESSAGE] From peer 1: 1024 bytes
[MESSAGE] From peer 1: 1024 bytes
[MESSAGE] From peer 1: 1024 bytes
[MESSAGE] From peer 1: 1024 bytes
[MESSAGE] From peer 1: 1024 bytes
[MESSAGE] From peer 1: 1024 bytes
[MESSAGE] From peer 1: 1024 bytes
[MESSAGE] From peer 1: 1024 bytes
[MESSAGE] From peer 1: 1024 bytes
[MESSAGE] From peer 1: 1024 bytes
[MESSAGE] From peer 1: 1024 bytes
[MESSAGE] From peer 1: 1024 bytes
[MESSAGE] From peer 1: 1024 bytes
[MESSAGE] From peer 1: 1024 bytes
[MESSAGE] From peer 1: 1024 bytes
[MESSAGE] From peer 1: 1024 bytes
[MESSAGE] From peer 1: 1024 bytes
[MESSAGE] From peer 1: 1024 bytes
[MESSAGE] From peer 1: 1024 bytes
[MESSAGE] From peer 1: 1024 bytes
[MESSAGE] From peer 1: 1024 bytes
[MESSAGE] From peer 1: 1024 bytes
[MESSAGE] From peer 1: 1024 bytes
[MESSAGE] From peer 1: 1024 bytes
[MESSAGE] From peer 1: 1024 bytes
[MESSAGE] From peer 1: 1024 bytes
[MESSAGE] From peer 1: 1024 bytes
[MESSAGE] From peer 1: 1024 bytes
[MESSAGE] From peer 1: 1024 bytes
[MESSAGE] From peer 1: 1024 bytes
[MESSAGE] From peer 1: 1024 bytes
[MESSAGE] From peer 1: 1024 bytes
[MESSAGE] From peer 1: 1024 bytes
[MESSAGE] From peer 1: 1024 bytes
[MESSAGE] From peer 1: 1024 bytes
[MESSAGE] From peer 1: 1024 bytes
[MESSAGE] From peer 1: 1024 bytes
[MESSAGE] From peer 1: 1024 bytes
[MESSAGE] From peer 1: 1024 bytes
[MESSAGE] From peer 1: 1024 bytes
[MESSAGE] From peer 1: 1024 bytes
[MESSAGE] From peer 1: 1024 bytes
[MESSAGE] From peer 1: 1024 bytes
[MESSAGE] From peer 1: 1024 bytes
[MESSAGE] From peer 1: 1024 bytes
[MESSAGE] From peer 1: 1024 bytes
[MESSAGE] From peer 1: 1024 bytes
[MESSAGE] From peer 1: 1024 bytes
[MESSAGE] From peer 1: 1024 bytes
[MESSAGE] From peer 1: 1024 bytes
[MESSAGE] From peer 1: 1024 bytes
[MESSAGE] From peer 1: 1024 bytes
[MESSAGE] From peer 1: 1024 bytes
[MESSAGE] From peer 1: 1024 bytes
[MESSAGE] From peer 1: 1024 bytes
[MESSAGE] From peer 1: 1024 bytes
[MESSAGE] From peer 1: 1024 bytes
[MESSAGE] From peer 1: 1024 bytes
[MESSAGE] From peer 1: 1024 bytes
[MESSAGE] From peer 1: 1024 bytes
[MESSAGE] From peer 1: 1024 bytes
[MESSAGE] From peer 1: 1024 bytes
[MESSAGE] From peer 1: 1024 bytes
[MESSAGE] From peer 1: 1024 bytes
[MESSAGE] From peer 1: 1024 bytes
[MESSAGE] From peer 1: 1024 bytes
[MESSAGE] From peer 1: 1024 bytes
[MESSAGE] From peer 1: 1024 bytes
[MESSAGE] From peer 1: 1024 bytes
[MESSAGE] From peer 1: 1024 bytes
[MESSAGE] From peer 1: 1024 bytes
[ECHO] 4400 messages echoed
[MESSAGE] From peer 1: 1024 bytes
[MESSAGE] From peer 1: 1024 bytes
[MESSAGE] From peer 1: 1024 bytes
[MESSAGE] From peer 1: 1024 bytes
[MESSAGE] From peer 1: 1024 bytes
[MESSAGE] From peer 1: 1024 bytes
[MESSAGE] From peer 1: 1024 bytes
[MESSAGE] From peer 1: 1024 bytes
[MESSAGE] From peer 1: 1024 bytes
[MESSAGE] From peer 1: 1024 bytes
[MESSAGE] From peer 1: 1024 bytes
[MESSAGE] From peer 1: 1024 bytes
[MESSAGE] From peer 1: 1024 bytes
[MESSAGE] From peer 1: 1024 bytes
[MESSAGE] From peer 1: 1024 bytes
[MESSAGE] From peer 1: 1024 bytes
[MESSAGE] From peer 1: 1024 bytes
[MESSAGE] From peer 1: 1024 bytes
[MESSAGE] From peer 1: 1024 bytes
[MESSAGE] From peer 1: 1024 bytes
[MESSAGE] From peer 1: 1024 bytes
[MESSAGE] From peer 1: 1024 bytes
[MESSAGE] From peer 1: 1024 bytes
[MESSAGE] From peer 1: 1024 bytes
[MESSAGE] From peer 1: 1024 bytes
[MESSAGE] From peer 1: 1024 bytes
[MESSAGE] From peer 1: 1024 bytes
[MESSAGE] From peer 1: 1024 bytes
[MESSAGE] From peer 1: 1024 bytes
[MESSAGE] From peer 1: 1024 bytes
[MESSAGE] From peer 1: 1024 bytes
[MESSAGE] From peer 1: 1024 bytes
[MESSAGE] From peer 1: 1024 bytes
[MESSAGE] From peer 1: 1024 bytes
[MESSAGE] From peer 1: 1024 bytes
[MESSAGE] From peer 1: 1024 bytes
[MESSAGE] From peer 1: 1024 bytes
[MESSAGE] From peer 1: 1024 bytes
[MESSAGE] From peer 1: 1024 bytes
[MESSAGE] From peer 1: 1024 bytes
[MESSAGE] From peer 1: 1024 bytes
[MESSAGE] From peer 1: 1024 bytes
[MESSAGE] From peer 1: 1024 bytes
[MESSAGE] From peer 1: 1024 bytes
[MESSAGE] From peer 1: 1024 bytes
[MESSAGE] From peer 1: 1024 bytes
[MESSAGE] From peer 1: 1024 bytes
[MESSAGE] From peer 1: 1024 bytes
[MESSAGE] From peer 1: 1024 bytes
[MESSAGE] From peer 1: 1024 bytes
[MESSAGE] From peer 1: 1024 bytes
[MESSAGE] From peer 1: 1024 bytes
[MESSAGE] From peer 1: 1024 bytes
[MESSAGE] From peer 1: 1024 bytes
[MESSAGE] From peer 1: 1024 bytes
[MESSAGE] From peer 1: 1024 bytes
[MESSAGE] From peer 1: 1024 bytes
[MESSAGE] From peer 1: 1024 bytes
[MESSAGE] From peer 1: 1024 bytes
[MESSAGE] From peer 1: 1024 bytes
[MESSAGE] From peer 1: 1024 bytes
[MESSAGE] From peer 1: 1024 bytes
[MESSAGE] From peer 1: 1024 bytes
[MESSAGE] From peer 1: 1024 bytes
[MESSAGE] From peer 1: 1024 bytes
[MESSAGE] From peer 1: 1024 bytes
[MESSAGE] From peer 1: 1024 bytes
[MESSAGE] From peer 1: 1024 bytes
[MESSAGE] From peer 1: 1024 bytes
[MESSAGE] From peer 1: 1024 bytes
[MESSAGE] From peer 1: 1024 bytes
[MESSAGE] From peer 1: 1024 bytes
[MESSAGE] From peer 1: 1024 bytes
[MESSAGE] From peer 1: 1024 bytes
[MESSAGE] From peer 1: 1024 bytes
[MESSAGE] From peer 1: 1024 bytes
[MESSAGE] From peer 1: 1024 bytes
[MESSAGE] From peer 1: 1024 bytes
[MESSAGE] From peer 1: 1024 bytes
[MESSAGE] From peer 1: 1024 bytes
[MESSAGE] From peer 1: 1024 bytes
[MESSAGE] From peer 1: 1024 bytes
[MESSAGE] From peer 1: 1024 bytes
[MESSAGE] From peer 1: 1024 bytes
[MESSAGE] From peer 1: 1024 bytes
[MESSAGE] From peer 1: 1024 bytes
[MESSAGE] From peer 1: 1024 bytes
[MESSAGE] From peer 1: 1024 bytes
[MESSAGE] From peer 1: 1024 bytes
[MESSAGE] From peer 1: 1024 bytes
[MESSAGE] From peer 1: 1024 bytes
[MESSAGE] From peer 1: 1024 bytes
[MESSAGE] From peer 1: 1024 bytes
[MESSAGE] From peer 1: 1024 bytes
[MESSAGE] From peer 1: 1024 bytes
[MESSAGE] From peer 1: 1024 bytes
[MESSAGE] From peer 1: 1024 bytes
[MESSAGE] From peer 1: 1024 bytes
[MESSAGE] From peer 1: 1024 bytes
[MESSAGE] From peer 1: 1024 bytes
[ECHO] 4500 messages echoed
[MESSAGE] From peer 1: 1024 bytes
[MESSAGE] From peer 1: 1024 bytes
[MESSAGE] From peer 1: 1024 bytes
[MESSAGE] From peer 1: 1024 bytes
[MESSAGE] From peer 1: 1024 bytes
[MESSAGE] From peer 1: 1024 bytes
[MESSAGE] From peer 1: 1024 bytes
[MESSAGE] From peer 1: 1024 bytes
[MESSAGE] From peer 1: 1024 bytes
[MESSAGE] From peer 1: 1024 bytes
[MESSAGE] From peer 1: 1024 bytes
[MESSAGE] From peer 1: 1024 bytes
[MESSAGE] From peer 1: 1024 bytes
[MESSAGE] From peer 1: 1024 bytes
[MESSAGE] From peer 1: 1024 bytes
[MESSAGE] From peer 1: 1024 bytes
[MESSAGE] From peer 1: 1024 bytes
[MESSAGE] From peer 1: 1024 bytes
[MESSAGE] From peer 1: 1024 bytes
[MESSAGE] From peer 1: 1024 bytes
[MESSAGE] From peer 1: 1024 bytes
[MESSAGE] From peer 1: 1024 bytes
[MESSAGE] From peer 1: 1024 bytes
[MESSAGE] From peer 1: 1024 bytes
[MESSAGE] From peer 1: 1024 bytes
[MESSAGE] From peer 1: 1024 bytes
[MESSAGE] From peer 1: 1024 bytes
[MESSAGE] From peer 1: 1024 bytes
[MESSAGE] From peer 1: 1024 bytes
[MESSAGE] From peer 1: 1024 bytes
[MESSAGE] From peer 1: 1024 bytes
[MESSAGE] From peer 1: 1024 bytes
[MESSAGE] From peer 1: 1024 bytes
[MESSAGE] From peer 1: 1024 bytes
[MESSAGE] From peer 1: 1024 bytes
[MESSAGE] From peer 1: 1024 bytes
[MESSAGE] From peer 1: 1024 bytes
[MESSAGE] From peer 1: 1024 bytes
[MESSAGE] From peer 1: 1024 bytes
[MESSAGE] From peer 1: 1024 bytes
[MESSAGE] From peer 1: 1024 bytes
[MESSAGE] From peer 1: 1024 bytes
[MESSAGE] From peer 1: 1024 bytes
[MESSAGE] From peer 1: 1024 bytes
[MESSAGE] From peer 1: 1024 bytes
[MESSAGE] From peer 1: 1024 bytes
[MESSAGE] From peer 1: 1024 bytes
[MESSAGE] From peer 1: 1024 bytes
[MESSAGE] From peer 1: 1024 bytes
[MESSAGE] From peer 1: 1024 bytes
[MESSAGE] From peer 1: 1024 bytes
[MESSAGE] From peer 1: 1024 bytes
[MESSAGE] From peer 1: 1024 bytes
[MESSAGE] From peer 1: 1024 bytes
[MESSAGE] From peer 1: 1024 bytes
[MESSAGE] From peer 1: 1024 bytes
[MESSAGE] From peer 1: 1024 bytes
[MESSAGE] From peer 1: 1024 bytes
[MESSAGE] From peer 1: 1024 bytes
[MESSAGE] From peer 1: 1024 bytes
[MESSAGE] From peer 1: 1024 bytes
[MESSAGE] From peer 1: 1024 bytes
[MESSAGE] From peer 1: 1024 bytes
[MESSAGE] From peer 1: 1024 bytes
[MESSAGE] From peer 1: 1024 bytes
[MESSAGE] From peer 1: 1024 bytes
[MESSAGE] From peer 1: 1024 bytes
[MESSAGE] From peer 1: 1024 bytes
[MESSAGE] From peer 1: 1024 bytes
[MESSAGE] From peer 1: 1024 bytes
[STATUS] 90 sec: peers=5, msgs=4570, connected=yes
[MESSAGE] From peer 1: 1024 bytes
[MESSAGE] From peer 1: 1024 bytes
[MESSAGE] From peer 1: 1024 bytes
[MESSAGE] From peer 1: 1024 bytes
[MESSAGE] From peer 1: 1024 bytes
[MESSAGE] From peer 1: 1024 bytes
[MESSAGE] From peer 1: 1024 bytes
[MESSAGE] From peer 1: 1024 bytes
[MESSAGE] From peer 1: 1024 bytes
[MESSAGE] From peer 1: 1024 bytes
[MESSAGE] From peer 1: 1024 bytes
[MESSAGE] From peer 1: 1024 bytes
[MESSAGE] From peer 1: 1024 bytes
[MESSAGE] From peer 1: 1024 bytes
[MESSAGE] From peer 1: 1024 bytes
[MESSAGE] From peer 1: 1024 bytes
[MESSAGE] From peer 1: 1024 bytes
[MESSAGE] From peer 1: 1024 bytes
[MESSAGE] From peer 1: 1024 bytes
[MESSAGE] From peer 1: 1024 bytes
[MESSAGE] From peer 1: 1024 bytes
[MESSAGE] From peer 1: 1024 bytes
[MESSAGE] From peer 1: 1024 bytes
[MESSAGE] From peer 1: 1024 bytes
[MESSAGE] From peer 1: 1024 bytes
[MESSAGE] From peer 1: 1024 bytes
[MESSAGE] From peer 1: 1024 bytes
[MESSAGE] From peer 1: 1024 bytes
[MESSAGE] From peer 1: 1024 bytes
[MESSAGE] From peer 1: 1024 bytes
[ECHO] 4600 messages echoed
[MESSAGE] From peer 1: 1024 bytes
[MESSAGE] From peer 1: 1024 bytes
[MESSAGE] From peer 1: 1024 bytes
[MESSAGE] From peer 1: 1024 bytes
[MESSAGE] From peer 1: 1024 bytes
[MESSAGE] From peer 1: 1024 bytes
[MESSAGE] From peer 1: 1024 bytes
[MESSAGE] From peer 1: 1024 bytes
[MESSAGE] From peer 1: 1024 bytes
[MESSAGE] From peer 1: 1024 bytes
[MESSAGE] From peer 1: 1024 bytes
[MESSAGE] From peer 1: 1024 bytes
[MESSAGE] From peer 1: 1024 bytes
[MESSAGE] From peer 1: 1024 bytes
[MESSAGE] From peer 1: 1024 bytes
[MESSAGE] From peer 1: 1024 bytes
[MESSAGE] From peer 1: 1024 bytes
[MESSAGE] From peer 1: 1024 bytes
[MESSAGE] From peer 1: 1024 bytes
[MESSAGE] From peer 1: 1024 bytes
[MESSAGE] From peer 1: 1024 bytes
[MESSAGE] From peer 1: 1024 bytes
[MESSAGE] From peer 1: 1024 bytes
[MESSAGE] From peer 1: 1024 bytes
[MESSAGE] From peer 1: 1024 bytes
[MESSAGE] From peer 1: 1024 bytes
[MESSAGE] From peer 1: 1024 bytes
[MESSAGE] From peer 1: 1024 bytes
[MESSAGE] From peer 1: 1024 bytes
[MESSAGE] From peer 1: 1024 bytes
[MESSAGE] From peer 1: 1024 bytes
[MESSAGE] From peer 1: 1024 bytes
[MESSAGE] From peer 1: 1024 bytes
[MESSAGE] From peer 1: 1024 bytes
[MESSAGE] From peer 1: 1024 bytes
[MESSAGE] From peer 1: 1024 bytes
[MESSAGE] From peer 1: 1024 bytes
[MESSAGE] From peer 1: 1024 bytes
[MESSAGE] From peer 1: 1024 bytes
[MESSAGE] From peer 1: 1024 bytes
[MESSAGE] From peer 1: 1024 bytes
[MESSAGE] From peer 1: 1024 bytes
[MESSAGE] From peer 1: 1024 bytes
[MESSAGE] From peer 1: 1024 bytes
[MESSAGE] From peer 1: 1024 bytes
[MESSAGE] From peer 1: 1024 bytes
[MESSAGE] From peer 1: 1024 bytes
[MESSAGE] From peer 1: 1024 bytes
[MESSAGE] From peer 1: 1024 bytes
[MESSAGE] From peer 1: 1024 bytes
[MESSAGE] From peer 1: 1024 bytes
[MESSAGE] From peer 1: 1024 bytes
[MESSAGE] From peer 1: 1024 bytes
[MESSAGE] From peer 1: 1024 bytes
[MESSAGE] From peer 1: 1024 bytes
[MESSAGE] From peer 1: 1024 bytes
[MESSAGE] From peer 1: 1024 bytes
[MESSAGE] From peer 1: 1024 bytes
[MESSAGE] From peer 1: 1024 bytes
[MESSAGE] From peer 1: 1024 bytes
[MESSAGE] From peer 1: 1024 bytes
[MESSAGE] From peer 1: 1024 bytes
[MESSAGE] From peer 1: 1024 bytes
[MESSAGE] From peer 1: 1024 bytes
[MESSAGE] From peer 1: 1024 bytes
[MESSAGE] From peer 1: 1024 bytes
[MESSAGE] From peer 1: 1024 bytes
[MESSAGE] From peer 1: 1024 bytes
[MESSAGE] From peer 1: 1024 bytes
[MESSAGE] From peer 1: 1024 bytes
[MESSAGE] From peer 1: 1024 bytes
[MESSAGE] From peer 1: 1024 bytes
[MESSAGE] From peer 1: 1024 bytes
[MESSAGE] From peer 1: 1024 bytes
[MESSAGE] From peer 1: 1024 bytes
[MESSAGE] From peer 1: 1024 bytes
[MESSAGE] From peer 1: 1024 bytes
[MESSAGE] From peer 1: 1024 bytes
[MESSAGE] From peer 1: 1024 bytes
[MESSAGE] From peer 1: 1024 bytes
[MESSAGE] From peer 1: 1024 bytes
[MESSAGE] From peer 1: 1024 bytes
[MESSAGE] From peer 1: 1024 bytes
[MESSAGE] From peer 1: 1024 bytes
[MESSAGE] From peer 1: 1024 bytes
[MESSAGE] From peer 1: 1024 bytes
[MESSAGE] From peer 1: 1024 bytes
[MESSAGE] From peer 1: 1024 bytes
[MESSAGE] From peer 1: 1024 bytes
[MESSAGE] From peer 1: 1024 bytes
[MESSAGE] From peer 1: 1024 bytes
[MESSAGE] From peer 1: 1024 bytes
[MESSAGE] From peer 1: 1024 bytes
[MESSAGE] From peer 1: 1024 bytes
[MESSAGE] From peer 1: 1024 bytes
[MESSAGE] From peer 1: 1024 bytes
[MESSAGE] From peer 1: 1024 bytes
[MESSAGE] From peer 1: 1024 bytes
[MESSAGE] From peer 1: 1024 bytes
[MESSAGE] From peer 1: 1024 bytes
[ECHO] 4700 messages echoed
[MESSAGE] From peer 1: 1024 bytes
[MESSAGE] From peer 1: 1024 bytes
[MESSAGE] From peer 1: 1024 bytes
[MESSAGE] From peer 1: 1024 bytes
[MESSAGE] From peer 1: 1024 bytes
[MESSAGE] From peer 1: 1024 bytes
[MESSAGE] From peer 1: 1024 bytes
[MESSAGE] From peer 1: 1024 bytes
[MESSAGE] From peer 1: 1024 bytes
[MESSAGE] From peer 1: 1024 bytes
[MESSAGE] From peer 1: 1024 bytes
[MESSAGE] From peer 1: 1024 bytes
[MESSAGE] From peer 1: 1024 bytes
[MESSAGE] From peer 1: 1024 bytes
[MESSAGE] From peer 1: 1024 bytes
[MESSAGE] From peer 1: 1024 bytes
[MESSAGE] From peer 1: 1024 bytes
[MESSAGE] From peer 1: 1024 bytes
[MESSAGE] From peer 1: 1024 bytes
[MESSAGE] From peer 1: 1024 bytes
[MESSAGE] From peer 1: 1024 bytes
[MESSAGE] From peer 1: 1024 bytes
[MESSAGE] From peer 1: 1024 bytes
[MESSAGE] From peer 1: 1024 bytes
[MESSAGE] From peer 1: 1024 bytes
[MESSAGE] From peer 1: 1024 bytes
[MESSAGE] From peer 1: 1024 bytes
[MESSAGE] From peer 1: 1024 bytes
[MESSAGE] From peer 1: 1024 bytes
[MESSAGE] From peer 1: 1024 bytes
[MESSAGE] From peer 1: 1024 bytes
[MESSAGE] From peer 1: 1024 bytes
[MESSAGE] From peer 1: 1024 bytes
[MESSAGE] From peer 1: 1024 bytes
[MESSAGE] From peer 1: 1024 bytes
[MESSAGE] From peer 1: 1024 bytes
[MESSAGE] From peer 1: 1024 bytes
[MESSAGE] From peer 1: 1024 bytes
[MESSAGE] From peer 1: 1024 bytes
[MESSAGE] From peer 1: 1024 bytes
[MESSAGE] From peer 1: 1024 bytes
[MESSAGE] From peer 1: 1024 bytes
[MESSAGE] From peer 1: 1024 bytes
[MESSAGE] From peer 1: 1024 bytes
[MESSAGE] From peer 1: 1024 bytes
[MESSAGE] From peer 1: 1024 bytes
[MESSAGE] From peer 1: 1024 bytes
[MESSAGE] From peer 1: 1024 bytes
[MESSAGE] From peer 1: 1024 bytes
[MESSAGE] From peer 1: 1024 bytes
[MESSAGE] From peer 1: 1024 bytes
[MESSAGE] From peer 1: 1024 bytes
[MESSAGE] From peer 1: 1024 bytes
[MESSAGE] From peer 1: 1024 bytes
[MESSAGE] From peer 1: 1024 bytes
[MESSAGE] From peer 1: 1024 bytes
[MESSAGE] From peer 1: 1024 bytes
[MESSAGE] From peer 1: 1024 bytes
[MESSAGE] From peer 1: 1024 bytes
[MESSAGE] From peer 1: 1024 bytes
[MESSAGE] From peer 1: 1024 bytes
[MESSAGE] From peer 1: 1024 bytes
[MESSAGE] From peer 1: 1024 bytes
[MESSAGE] From peer 1: 1024 bytes
[MESSAGE] From peer 1: 1024 bytes
[MESSAGE] From peer 1: 1024 bytes
[MESSAGE] From peer 1: 1024 bytes
[MESSAGE] From peer 1: 1024 bytes
[MESSAGE] From peer 1: 1024 bytes
[MESSAGE] From peer 1: 1024 bytes
[MESSAGE] From peer 1: 1024 bytes
[MESSAGE] From peer 1: 1024 bytes
[MESSAGE] From peer 1: 1024 bytes
[MESSAGE] From peer 1: 1024 bytes
[MESSAGE] From peer 1: 1024 bytes
[MESSAGE] From peer 1: 1024 bytes
[MESSAGE] From peer 1: 1024 bytes
[MESSAGE] From peer 1: 1024 bytes
[MESSAGE] From peer 1: 1024 bytes
[MESSAGE] From peer 1: 1024 bytes
[MESSAGE] From peer 1: 1024 bytes
[MESSAGE] From peer 1: 1024 bytes
[MESSAGE] From peer 1: 1024 bytes
[MESSAGE] From peer 1: 1024 bytes
[MESSAGE] From peer 1: 1024 bytes
[MESSAGE] From peer 1: 1024 bytes
[MESSAGE] From peer 1: 1024 bytes
[MESSAGE] From peer 1: 1024 bytes
[MESSAGE] From peer 1: 1024 bytes
[MESSAGE] From peer 1: 1024 bytes
[MESSAGE] From peer 1: 1024 bytes
[MESSAGE] From peer 1: 1024 bytes
[MESSAGE] From peer 1: 1024 bytes
[MESSAGE] From peer 1: 1024 bytes
[MESSAGE] From peer 1: 1024 bytes
[MESSAGE] From peer 1: 1024 bytes
[MESSAGE] From peer 1: 1024 bytes
[MESSAGE] From peer 1: 1024 bytes
[MESSAGE] From peer 1: 1024 bytes
[MESSAGE] From peer 1: 1024 bytes
[ECHO] 4800 messages echoed
[MESSAGE] From peer 1: 1024 bytes
[MESSAGE] From peer 1: 1024 bytes
[MESSAGE] From peer 1: 1024 bytes
[MESSAGE] From peer 1: 1024 bytes
[MESSAGE] From peer 1: 1024 bytes
[MESSAGE] From peer 1: 1024 bytes
[MESSAGE] From peer 1: 1024 bytes
[MESSAGE] From peer 1: 1024 bytes
[MESSAGE] From peer 1: 1024 bytes
[MESSAGE] From peer 1: 1024 bytes
[MESSAGE] From peer 1: 1024 bytes
[MESSAGE] From peer 1: 1024 bytes
[MESSAGE] From peer 1: 1024 bytes
[MESSAGE] From peer 1: 1024 bytes
[MESSAGE] From peer 1: 1024 bytes
[MESSAGE] From peer 1: 1024 bytes
[MESSAGE] From peer 1: 1024 bytes
[MESSAGE] From peer 1: 1024 bytes
[MESSAGE] From peer 1: 1024 bytes
[MESSAGE] From peer 1: 1024 bytes
[MESSAGE] From peer 1: 1024 bytes
[MESSAGE] From peer 1: 1024 bytes
[MESSAGE] From peer 1: 1024 bytes
[MESSAGE] From peer 1: 1024 bytes
[MESSAGE] From peer 1: 1024 bytes
[MESSAGE] From peer 1: 1024 bytes
[MESSAGE] From peer 1: 1024 bytes
[MESSAGE] From peer 1: 1024 bytes
[MESSAGE] From peer 1: 1024 bytes
[MESSAGE] From peer 1: 1024 bytes
[MESSAGE] From peer 1: 1024 bytes
[MESSAGE] From peer 1: 1024 bytes
[MESSAGE] From peer 1: 1024 bytes
[MESSAGE] From peer 1: 1024 bytes
[MESSAGE] From peer 1: 1024 bytes
[MESSAGE] From peer 1: 1024 bytes
[MESSAGE] From peer 1: 1024 bytes
[MESSAGE] From peer 1: 1024 bytes
[MESSAGE] From peer 1: 1024 bytes
[MESSAGE] From peer 1: 1024 bytes
[MESSAGE] From peer 1: 1024 bytes
[MESSAGE] From peer 1: 1024 bytes
[MESSAGE] From peer 1: 1024 bytes
[MESSAGE] From peer 1: 1024 bytes
[MESSAGE] From peer 1: 1024 bytes
[MESSAGE] From peer 1: 1024 bytes
[MESSAGE] From peer 1: 1024 bytes
[MESSAGE] From peer 1: 1024 bytes
[MESSAGE] From peer 1: 1024 bytes
[MESSAGE] From peer 1: 1024 bytes
[MESSAGE] From peer 1: 1024 bytes
[MESSAGE] From peer 1: 1024 bytes
[MESSAGE] From peer 1: 1024 bytes
[MESSAGE] From peer 1: 1024 bytes
[MESSAGE] From peer 1: 1024 bytes
[MESSAGE] From peer 1: 1024 bytes
[MESSAGE] From peer 1: 1024 bytes
[MESSAGE] From peer 1: 1024 bytes
[MESSAGE] From peer 1: 1024 bytes
[MESSAGE] From peer 1: 1024 bytes
[MESSAGE] From peer 1: 1024 bytes
[MESSAGE] From peer 1: 1024 bytes
[MESSAGE] From peer 1: 1024 bytes
[MESSAGE] From peer 1: 1024 bytes
[MESSAGE] From peer 1: 1024 bytes
[MESSAGE] From peer 1: 1024 bytes
[MESSAGE] From peer 1: 1024 bytes
[MESSAGE] From peer 1: 1024 bytes
[MESSAGE] From peer 1: 1024 bytes
[MESSAGE] From peer 1: 1024 bytes
[MESSAGE] From peer 1: 1024 bytes
[MESSAGE] From peer 1: 1024 bytes
[MESSAGE] From peer 1: 1024 bytes
[MESSAGE] From peer 1: 1024 bytes
[MESSAGE] From peer 1: 1024 bytes
[MESSAGE] From peer 1: 1024 bytes
[MESSAGE] From peer 1: 1024 bytes
[MESSAGE] From peer 1: 1024 bytes
[MESSAGE] From peer 1: 1024 bytes
[MESSAGE] From peer 1: 1024 bytes
[MESSAGE] From peer 1: 1024 bytes
[MESSAGE] From peer 1: 1024 bytes
[MESSAGE] From peer 1: 1024 bytes
[MESSAGE] From peer 1: 1024 bytes
[MESSAGE] From peer 1: 1024 bytes
[MESSAGE] From peer 1: 1024 bytes
[MESSAGE] From peer 1: 1024 bytes
[MESSAGE] From peer 1: 1024 bytes
[MESSAGE] From peer 1: 1024 bytes
[MESSAGE] From peer 1: 1024 bytes
[MESSAGE] From peer 1: 1024 bytes
[MESSAGE] From peer 1: 1024 bytes
[MESSAGE] From peer 1: 1024 bytes
[MESSAGE] From peer 1: 1024 bytes
[MESSAGE] From peer 1: 1024 bytes
[MESSAGE] From peer 1: 1024 bytes
[MESSAGE] From peer 1: 1024 bytes
[MESSAGE] From peer 1: 1024 bytes
[MESSAGE] From peer 1: 1024 bytes
[MESSAGE] From peer 1: 1024 bytes
[ECHO] 4900 messages echoed
[MESSAGE] From peer 1: 1024 bytes
[MESSAGE] From peer 1: 1024 bytes
[MESSAGE] From peer 1: 1024 bytes
[MESSAGE] From peer 1: 1024 bytes
[MESSAGE] From peer 1: 1024 bytes
[MESSAGE] From peer 1: 1024 bytes
[MESSAGE] From peer 1: 1024 bytes
[MESSAGE] From peer 1: 1024 bytes
[MESSAGE] From peer 1: 1024 bytes
[MESSAGE] From peer 1: 1024 bytes
[MESSAGE] From peer 1: 1024 bytes
[MESSAGE] From peer 1: 1024 bytes
[MESSAGE] From peer 1: 1024 bytes
[MESSAGE] From peer 1: 1024 bytes
[MESSAGE] From peer 1: 1024 bytes
[MESSAGE] From peer 1: 1024 bytes
[MESSAGE] From peer 1: 1024 bytes
[MESSAGE] From peer 1: 1024 bytes
[MESSAGE] From peer 1: 1024 bytes
[MESSAGE] From peer 1: 1024 bytes
[MESSAGE] From peer 1: 1024 bytes
[MESSAGE] From peer 1: 1024 bytes
[MESSAGE] From peer 1: 1024 bytes
[MESSAGE] From peer 1: 1024 bytes
[MESSAGE] From peer 1: 1024 bytes
[MESSAGE] From peer 1: 1024 bytes
[MESSAGE] From peer 1: 1024 bytes
[MESSAGE] From peer 1: 1024 bytes
[MESSAGE] From peer 1: 1024 bytes
[MESSAGE] From peer 1: 1024 bytes
[MESSAGE] From peer 1: 1024 bytes
[MESSAGE] From peer 1: 1024 bytes
[MESSAGE] From peer 1: 1024 bytes
[MESSAGE] From peer 1: 1024 bytes
[MESSAGE] From peer 1: 1024 bytes
[MESSAGE] From peer 1: 1024 bytes
[MESSAGE] From peer 1: 1024 bytes
[MESSAGE] From peer 1: 1024 bytes
[MESSAGE] From peer 1: 1024 bytes
[MESSAGE] From peer 1: 1024 bytes
[MESSAGE] From peer 1: 1024 bytes
[MESSAGE] From peer 1: 1024 bytes
[MESSAGE] From peer 1: 1024 bytes
[MESSAGE] From peer 1: 1024 bytes
[MESSAGE] From peer 1: 1024 bytes
[MESSAGE] From peer 1: 1024 bytes
[MESSAGE] From peer 1: 1024 bytes
[MESSAGE] From peer 1: 1024 bytes
[MESSAGE] From peer 1: 1024 bytes
[MESSAGE] From peer 1: 1024 bytes
[MESSAGE] From peer 1: 1024 bytes
[MESSAGE] From peer 1: 1024 bytes
[MESSAGE] From peer 1: 1024 bytes
[MESSAGE] From peer 1: 1024 bytes
[MESSAGE] From peer 1: 1024 bytes
[MESSAGE] From peer 1: 1024 bytes
[MESSAGE] From peer 1: 1024 bytes
[MESSAGE] From peer 1: 1024 bytes
[MESSAGE] From peer 1: 1024 bytes
[MESSAGE] From peer 1: 1024 bytes
[MESSAGE] From peer 1: 1024 bytes
[MESSAGE] From peer 1: 1024 bytes
[MESSAGE] From peer 1: 1024 bytes
[MESSAGE] From peer 1: 1024 bytes
[MESSAGE] From peer 1: 1024 bytes
[MESSAGE] From peer 1: 1024 bytes
[MESSAGE] From peer 1: 1024 bytes
[MESSAGE] From peer 1: 1024 bytes
[MESSAGE] From peer 1: 1024 bytes
[MESSAGE] From peer 1: 1024 bytes
[MESSAGE] From peer 1: 1024 bytes
[MESSAGE] From peer 1: 1024 bytes
[MESSAGE] From peer 1: 1024 bytes
[MESSAGE] From peer 1: 1024 bytes
[MESSAGE] From peer 1: 1024 bytes
[MESSAGE] From peer 1: 1024 bytes
[MESSAGE] From peer 1: 1024 bytes
[MESSAGE] From peer 1: 1024 bytes
[MESSAGE] From peer 1: 1024 bytes
[MESSAGE] From peer 1: 1024 bytes
[MESSAGE] From peer 1: 1024 bytes
[MESSAGE] From peer 1: 1024 bytes
[MESSAGE] From peer 1: 1024 bytes
[MESSAGE] From peer 1: 1024 bytes
[MESSAGE] From peer 1: 1024 bytes
[MESSAGE] From peer 1: 1024 bytes
[MESSAGE] From peer 1: 1024 bytes
[MESSAGE] From peer 1: 1024 bytes
[MESSAGE] From peer 1: 1024 bytes
[MESSAGE] From peer 1: 1024 bytes
[MESSAGE] From peer 1: 1024 bytes
[MESSAGE] From peer 1: 1024 bytes
[MESSAGE] From peer 1: 1024 bytes
[MESSAGE] From peer 1: 1024 bytes
[MESSAGE] From peer 1: 1024 bytes
[MESSAGE] From peer 1: 1024 bytes
[MESSAGE] From peer 1: 1024 bytes
[MESSAGE] From peer 1: 1024 bytes
[MESSAGE] From peer 1: 1024 bytes
[MESSAGE] From peer 1: 1024 bytes
[ECHO] 5000 messages echoed
[MESSAGE] From peer 1: 1024 bytes
[MESSAGE] From peer 1: 1024 bytes
[MESSAGE] From peer 1: 1024 bytes
[MESSAGE] From peer 1: 1024 bytes
[MESSAGE] From peer 1: 1024 bytes
[MESSAGE] From peer 1: 1024 bytes
[MESSAGE] From peer 1: 1024 bytes
[MESSAGE] From peer 1: 1024 bytes
[MESSAGE] From peer 1: 1024 bytes
[MESSAGE] From peer 1: 1024 bytes
[MESSAGE] From peer 1: 1024 bytes
[MESSAGE] From peer 1: 1024 bytes
[MESSAGE] From peer 1: 1024 bytes
[MESSAGE] From peer 1: 1024 bytes
[MESSAGE] From peer 1: 1024 bytes
[MESSAGE] From peer 1: 1024 bytes
[MESSAGE] From peer 1: 1024 bytes
[MESSAGE] From peer 1: 1024 bytes
[MESSAGE] From peer 1: 1024 bytes
[MESSAGE] From peer 1: 1024 bytes
[MESSAGE] From peer 1: 1024 bytes
[MESSAGE] From peer 1: 1024 bytes
[MESSAGE] From peer 1: 1024 bytes
[MESSAGE] From peer 1: 1024 bytes
[MESSAGE] From peer 1: 1024 bytes
[MESSAGE] From peer 1: 1024 bytes
[MESSAGE] From peer 1: 1024 bytes
[MESSAGE] From peer 1: 1024 bytes
[MESSAGE] From peer 1: 1024 bytes
[MESSAGE] From peer 1: 1024 bytes
[MESSAGE] From peer 1: 1024 bytes
[MESSAGE] From peer 1: 1024 bytes
[MESSAGE] From peer 1: 1024 bytes
[MESSAGE] From peer 1: 1024 bytes
[MESSAGE] From peer 1: 1024 bytes
[MESSAGE] From peer 1: 1024 bytes
[MESSAGE] From peer 1: 1024 bytes
[MESSAGE] From peer 1: 1024 bytes
[MESSAGE] From peer 1: 1024 bytes
[MESSAGE] From peer 1: 1024 bytes
[MESSAGE] From peer 1: 1024 bytes
[MESSAGE] From peer 1: 1024 bytes
[MESSAGE] From peer 1: 1024 bytes
[MESSAGE] From peer 1: 1024 bytes
[MESSAGE] From peer 1: 1024 bytes
[MESSAGE] From peer 1: 1024 bytes
[MESSAGE] From peer 1: 1024 bytes
[MESSAGE] From peer 1: 1024 bytes
[MESSAGE] From peer 1: 1024 bytes
[MESSAGE] From peer 1: 1024 bytes
[MESSAGE] From peer 1: 1024 bytes
[MESSAGE] From peer 1: 1024 bytes
[MESSAGE] From peer 1: 1024 bytes
[MESSAGE] From peer 1: 1024 bytes
[MESSAGE] From peer 1: 1024 bytes
[MESSAGE] From peer 1: 1024 bytes
[MESSAGE] From peer 1: 1024 bytes
[MESSAGE] From peer 1: 1024 bytes
[MESSAGE] From peer 1: 1024 bytes
[MESSAGE] From peer 1: 1024 bytes
[MESSAGE] From peer 1: 1024 bytes
[MESSAGE] From peer 1: 1024 bytes
[MESSAGE] From peer 1: 1024 bytes
[MESSAGE] From peer 1: 1024 bytes
[MESSAGE] From peer 1: 1024 bytes
[MESSAGE] From peer 1: 1024 bytes
[MESSAGE] From peer 1: 1024 bytes
[MESSAGE] From peer 1: 1024 bytes
[MESSAGE] From peer 1: 1024 bytes
[MESSAGE] From peer 1: 1024 bytes
[MESSAGE] From peer 1: 1024 bytes
[MESSAGE] From peer 1: 1024 bytes
[MESSAGE] From peer 1: 1024 bytes
[MESSAGE] From peer 1: 1024 bytes
[MESSAGE] From peer 1: 1024 bytes
[MESSAGE] From peer 1: 1024 bytes
[MESSAGE] From peer 1: 1024 bytes
[MESSAGE] From peer 1: 1024 bytes
[MESSAGE] From peer 1: 1024 bytes
[MESSAGE] From peer 1: 1024 bytes
[MESSAGE] From peer 1: 1024 bytes
[MESSAGE] From peer 1: 1024 bytes
[MESSAGE] From peer 1: 1024 bytes
[MESSAGE] From peer 1: 1024 bytes
[MESSAGE] From peer 1: 1024 bytes
[MESSAGE] From peer 1: 1024 bytes
[MESSAGE] From peer 1: 1024 bytes
[MESSAGE] From peer 1: 1024 bytes
[MESSAGE] From peer 1: 1024 bytes
[MESSAGE] From peer 1: 1024 bytes
[MESSAGE] From peer 1: 1024 bytes
[MESSAGE] From peer 1: 1024 bytes
[MESSAGE] From peer 1: 1024 bytes
[MESSAGE] From peer 1: 1024 bytes
[MESSAGE] From peer 1: 1024 bytes
[MESSAGE] From peer 1: 1024 bytes
[MESSAGE] From peer 1: 1024 bytes
[MESSAGE] From peer 1: 1024 bytes
[MESSAGE] From peer 1: 1024 bytes
[MESSAGE] From peer 1: 1024 bytes
[ECHO] 5100 messages echoed
[MESSAGE] From peer 1: 1024 bytes
[MESSAGE] From peer 1: 1024 bytes
[MESSAGE] From peer 1: 1024 bytes
[MESSAGE] From peer 1: 1024 bytes
[MESSAGE] From peer 1: 1024 bytes
[MESSAGE] From peer 1: 1024 bytes
[MESSAGE] From peer 1: 1024 bytes
[MESSAGE] From peer 1: 1024 bytes
[MESSAGE] From peer 1: 1024 bytes
[MESSAGE] From peer 1: 1024 bytes
[MESSAGE] From peer 1: 1024 bytes
[MESSAGE] From peer 1: 1024 bytes
[MESSAGE] From peer 1: 1024 bytes
[MESSAGE] From peer 1: 1024 bytes
[MESSAGE] From peer 1: 1024 bytes
[MESSAGE] From peer 1: 1024 bytes
[MESSAGE] From peer 1: 1024 bytes
[MESSAGE] From peer 1: 1024 bytes
[MESSAGE] From peer 1: 1024 bytes
[MESSAGE] From peer 1: 1024 bytes
[MESSAGE] From peer 1: 1024 bytes
[MESSAGE] From peer 1: 1024 bytes
[MESSAGE] From peer 1: 1024 bytes
[MESSAGE] From peer 1: 1024 bytes
[MESSAGE] From peer 1: 1024 bytes
[MESSAGE] From peer 1: 1024 bytes
[MESSAGE] From peer 1: 1024 bytes
[MESSAGE] From peer 1: 1024 bytes
[MESSAGE] From peer 1: 1024 bytes
[MESSAGE] From peer 1: 1024 bytes
[MESSAGE] From peer 1: 1024 bytes
[MESSAGE] From peer 1: 1024 bytes
[MESSAGE] From peer 1: 1024 bytes
[MESSAGE] From peer 1: 1024 bytes
[MESSAGE] From peer 1: 1024 bytes
[MESSAGE] From peer 1: 1024 bytes
[MESSAGE] From peer 1: 1024 bytes
[MESSAGE] From peer 1: 1024 bytes
[MESSAGE] From peer 1: 1024 bytes
[MESSAGE] From peer 1: 1024 bytes
[MESSAGE] From peer 1: 1024 bytes
[MESSAGE] From peer 1: 1024 bytes
[MESSAGE] From peer 1: 1024 bytes
[MESSAGE] From peer 1: 1024 bytes
[MESSAGE] From peer 1: 1024 bytes
[MESSAGE] From peer 1: 1024 bytes
[MESSAGE] From peer 1: 1024 bytes
[MESSAGE] From peer 1: 1024 bytes
[MESSAGE] From peer 1: 1024 bytes
[MESSAGE] From peer 1: 1024 bytes
[MESSAGE] From peer 1: 1024 bytes
[MESSAGE] From peer 1: 1024 bytes
[MESSAGE] From peer 1: 1024 bytes
[MESSAGE] From peer 1: 1024 bytes
[MESSAGE] From peer 1: 1024 bytes
[MESSAGE] From peer 1: 1024 bytes
[MESSAGE] From peer 1: 1024 bytes
[MESSAGE] From peer 1: 1024 bytes
[MESSAGE] From peer 1: 1024 bytes
[MESSAGE] From peer 1: 1024 bytes
[MESSAGE] From peer 1: 1024 bytes
[MESSAGE] From peer 1: 1024 bytes
[MESSAGE] From peer 1: 1024 bytes
[MESSAGE] From peer 1: 1024 bytes
[MESSAGE] From peer 1: 1024 bytes
[MESSAGE] From peer 1: 1024 bytes
[MESSAGE] From peer 1: 1024 bytes
[MESSAGE] From peer 1: 1024 bytes
[MESSAGE] From peer 1: 1024 bytes
[MESSAGE] From peer 1: 1024 bytes
[MESSAGE] From peer 1: 1024 bytes
[MESSAGE] From peer 1: 1024 bytes
[MESSAGE] From peer 1: 1024 bytes
[MESSAGE] From peer 1: 1024 bytes
[MESSAGE] From peer 1: 1024 bytes
[MESSAGE] From peer 1: 1024 bytes
[MESSAGE] From peer 1: 1024 bytes
[MESSAGE] From peer 1: 1024 bytes
[MESSAGE] From peer 1: 1024 bytes
[MESSAGE] From peer 1: 1024 bytes
[MESSAGE] From peer 1: 1024 bytes
[MESSAGE] From peer 1: 1024 bytes
[MESSAGE] From peer 1: 1024 bytes
[MESSAGE] From peer 1: 1024 bytes
[MESSAGE] From peer 1: 1024 bytes
[MESSAGE] From peer 1: 1024 bytes
[MESSAGE] From peer 1: 1024 bytes
[MESSAGE] From peer 1: 1024 bytes
[MESSAGE] From peer 1: 1024 bytes
[MESSAGE] From peer 1: 1024 bytes
[MESSAGE] From peer 1: 1024 bytes
[MESSAGE] From peer 1: 1024 bytes
[MESSAGE] From peer 1: 1024 bytes
[MESSAGE] From peer 1: 1024 bytes
[MESSAGE] From peer 1: 1024 bytes
[MESSAGE] From peer 1: 1024 bytes
[MESSAGE] From peer 1: 1024 bytes
[MESSAGE] From peer 1: 1024 bytes
[MESSAGE] From peer 1: 1024 bytes
[MESSAGE] From peer 1: 1024 bytes
[ECHO] 5200 messages echoed
[MESSAGE] From peer 1: 1024 bytes
[MESSAGE] From peer 1: 1024 bytes
[MESSAGE] From peer 1: 1024 bytes
[MESSAGE] From peer 1: 1024 bytes
[MESSAGE] From peer 1: 1024 bytes
[MESSAGE] From peer 1: 1024 bytes
[MESSAGE] From peer 1: 1024 bytes
[MESSAGE] From peer 1: 1024 bytes
[MESSAGE] From peer 1: 1024 bytes
[MESSAGE] From peer 1: 1024 bytes
[MESSAGE] From peer 1: 1024 bytes
[MESSAGE] From peer 1: 1024 bytes
[MESSAGE] From peer 1: 1024 bytes
[MESSAGE] From peer 1: 1024 bytes
[MESSAGE] From peer 1: 1024 bytes
[MESSAGE] From peer 1: 1024 bytes
[MESSAGE] From peer 1: 1024 bytes
[MESSAGE] From peer 1: 1024 bytes
[MESSAGE] From peer 1: 1024 bytes
[STATUS] 100 sec: peers=5, msgs=5219, connected=yes
[MESSAGE] From peer 1: 1024 bytes
[MESSAGE] From peer 1: 1024 bytes
[MESSAGE] From peer 1: 1024 bytes
[MESSAGE] From peer 1: 1024 bytes
[MESSAGE] From peer 1: 1024 bytes
[MESSAGE] From peer 1: 1024 bytes
[MESSAGE] From peer 1: 1024 bytes
[MESSAGE] From peer 1: 1024 bytes
[MESSAGE] From peer 1: 1024 bytes
[MESSAGE] From peer 1: 1024 bytes
[MESSAGE] From peer 1: 1024 bytes
[MESSAGE] From peer 1: 1024 bytes
[MESSAGE] From peer 1: 1024 bytes
[MESSAGE] From peer 1: 1024 bytes
[MESSAGE] From peer 1: 1024 bytes
[MESSAGE] From peer 1: 1024 bytes
[MESSAGE] From peer 1: 1024 bytes
[MESSAGE] From peer 1: 1024 bytes
[MESSAGE] From peer 1: 1024 bytes
[MESSAGE] From peer 1: 1024 bytes
[MESSAGE] From peer 1: 1024 bytes
[MESSAGE] From peer 1: 1024 bytes
[MESSAGE] From peer 1: 1024 bytes
[MESSAGE] From peer 1: 1024 bytes
[MESSAGE] From peer 1: 1024 bytes
[MESSAGE] From peer 1: 1024 bytes
[MESSAGE] From peer 1: 1024 bytes
[MESSAGE] From peer 1: 1024 bytes
[MESSAGE] From peer 1: 1024 bytes
[MESSAGE] From peer 1: 1024 bytes
[MESSAGE] From peer 1: 1024 bytes
[MESSAGE] From peer 1: 1024 bytes
[MESSAGE] From peer 1: 1024 bytes
[MESSAGE] From peer 1: 1024 bytes
[MESSAGE] From peer 1: 1024 bytes
[MESSAGE] From peer 1: 1024 bytes
[MESSAGE] From peer 1: 1024 bytes
[MESSAGE] From peer 1: 1024 bytes
[MESSAGE] From peer 1: 1024 bytes
[MESSAGE] From peer 1: 1024 bytes
[MESSAGE] From peer 1: 1024 bytes
[MESSAGE] From peer 1: 1024 bytes
[MESSAGE] From peer 1: 1024 bytes
[MESSAGE] From peer 1: 1024 bytes
[MESSAGE] From peer 1: 1024 bytes
[MESSAGE] From peer 1: 1024 bytes
[MESSAGE] From peer 1: 1024 bytes
[MESSAGE] From peer 1: 1024 bytes
[MESSAGE] From peer 1: 1024 bytes
[MESSAGE] From peer 1: 1024 bytes
[MESSAGE] From peer 1: 1024 bytes
[MESSAGE] From peer 1: 1024 bytes
[MESSAGE] From peer 1: 1024 bytes
[MESSAGE] From peer 1: 1024 bytes
[MESSAGE] From peer 1: 1024 bytes
[MESSAGE] From peer 1: 1024 bytes
[MESSAGE] From peer 1: 1024 bytes
[MESSAGE] From peer 1: 1024 bytes
[MESSAGE] From peer 1: 1024 bytes
[MESSAGE] From peer 1: 1024 bytes
[MESSAGE] From peer 1: 1024 bytes
[MESSAGE] From peer 1: 1024 bytes
[MESSAGE] From peer 1: 1024 bytes
[MESSAGE] From peer 1: 1024 bytes
[MESSAGE] From peer 1: 1024 bytes
[MESSAGE] From peer 1: 1024 bytes
[MESSAGE] From peer 1: 1024 bytes
[MESSAGE] From peer 1: 1024 bytes
[MESSAGE] From peer 1: 1024 bytes
[MESSAGE] From peer 1: 1024 bytes
[MESSAGE] From peer 1: 1024 bytes
[MESSAGE] From peer 1: 1024 bytes
[MESSAGE] From peer 1: 1024 bytes
[MESSAGE] From peer 1: 1024 bytes
[MESSAGE] From peer 1: 1024 bytes
[MESSAGE] From peer 1: 1024 bytes
[MESSAGE] From peer 1: 1024 bytes
[MESSAGE] From peer 1: 1024 bytes
[MESSAGE] From peer 1: 1024 bytes
[MESSAGE] From peer 1: 1024 bytes
[MESSAGE] From peer 1: 1024 bytes
[ECHO] 5300 messages echoed
[MESSAGE] From peer 1: 1024 bytes
[MESSAGE] From peer 1: 1024 bytes
[MESSAGE] From peer 1: 1024 bytes
[MESSAGE] From peer 1: 1024 bytes
[MESSAGE] From peer 1: 1024 bytes
[MESSAGE] From peer 1: 1024 bytes
[MESSAGE] From peer 1: 1024 bytes
[MESSAGE] From peer 1: 1024 bytes
[MESSAGE] From peer 1: 1024 bytes
[MESSAGE] From peer 1: 1024 bytes
[MESSAGE] From peer 1: 1024 bytes
[MESSAGE] From peer 1: 1024 bytes
[MESSAGE] From peer 1: 1024 bytes
[MESSAGE] From peer 1: 1024 bytes
[MESSAGE] From peer 1: 1024 bytes
[MESSAGE] From peer 1: 1024 bytes
[MESSAGE] From peer 1: 1024 bytes
[MESSAGE] From peer 1: 1024 bytes
[MESSAGE] From peer 1: 1024 bytes
[MESSAGE] From peer 1: 1024 bytes
[MESSAGE] From peer 1: 1024 bytes
[MESSAGE] From peer 1: 1024 bytes
[MESSAGE] From peer 1: 1024 bytes
[MESSAGE] From peer 1: 1024 bytes
[MESSAGE] From peer 1: 1024 bytes
[MESSAGE] From peer 1: 1024 bytes
[MESSAGE] From peer 1: 1024 bytes
[MESSAGE] From peer 1: 1024 bytes
[MESSAGE] From peer 1: 1024 bytes
[MESSAGE] From peer 1: 1024 bytes
[MESSAGE] From peer 1: 1024 bytes
[MESSAGE] From peer 1: 1024 bytes
[MESSAGE] From peer 1: 1024 bytes
[MESSAGE] From peer 1: 1024 bytes
[MESSAGE] From peer 1: 1024 bytes
[MESSAGE] From peer 1: 1024 bytes
[MESSAGE] From peer 1: 1024 bytes
[MESSAGE] From peer 1: 1024 bytes
[MESSAGE] From peer 1: 1024 bytes
[MESSAGE] From peer 1: 1024 bytes
[MESSAGE] From peer 1: 1024 bytes
[MESSAGE] From peer 1: 1024 bytes
[MESSAGE] From peer 1: 1024 bytes
[MESSAGE] From peer 1: 1024 bytes
[MESSAGE] From peer 1: 1024 bytes
[MESSAGE] From peer 1: 1024 bytes
[MESSAGE] From peer 1: 1024 bytes
[MESSAGE] From peer 1: 1024 bytes
[MESSAGE] From peer 1: 1024 bytes
[MESSAGE] From peer 1: 1024 bytes
[MESSAGE] From peer 1: 1024 bytes
[MESSAGE] From peer 1: 1024 bytes
[MESSAGE] From peer 1: 1024 bytes
[MESSAGE] From peer 1: 1024 bytes
[MESSAGE] From peer 1: 1024 bytes
[MESSAGE] From peer 1: 1024 bytes
[MESSAGE] From peer 1: 1024 bytes
[MESSAGE] From peer 1: 1024 bytes
[MESSAGE] From peer 1: 1024 bytes
[MESSAGE] From peer 1: 1024 bytes
[MESSAGE] From peer 1: 1024 bytes
[MESSAGE] From peer 1: 1024 bytes
[MESSAGE] From peer 1: 1024 bytes
[MESSAGE] From peer 1: 1024 bytes
[MESSAGE] From peer 1: 1024 bytes
[MESSAGE] From peer 1: 1024 bytes
[MESSAGE] From peer 1: 1024 bytes
[MESSAGE] From peer 1: 1024 bytes
[MESSAGE] From peer 1: 1024 bytes
[MESSAGE] From peer 1: 1024 bytes
[MESSAGE] From peer 1: 1024 bytes
[MESSAGE] From peer 1: 1024 bytes
[MESSAGE] From peer 1: 1024 bytes
[MESSAGE] From peer 1: 1024 bytes
[MESSAGE] From peer 1: 1024 bytes
[MESSAGE] From peer 1: 1024 bytes
[MESSAGE] From peer 1: 1024 bytes
[MESSAGE] From peer 1: 1024 bytes
[MESSAGE] From peer 1: 1024 bytes
[MESSAGE] From peer 1: 1024 bytes
[MESSAGE] From peer 1: 1024 bytes
[MESSAGE] From peer 1: 1024 bytes
[MESSAGE] From peer 1: 1024 bytes
[MESSAGE] From peer 1: 1024 bytes
[MESSAGE] From peer 1: 1024 bytes
[MESSAGE] From peer 1: 1024 bytes
[MESSAGE] From peer 1: 1024 bytes
[MESSAGE] From peer 1: 1024 bytes
[MESSAGE] From peer 1: 1024 bytes
[MESSAGE] From peer 1: 1024 bytes
[MESSAGE] From peer 1: 1024 bytes
[MESSAGE] From peer 1: 1024 bytes
[MESSAGE] From peer 1: 1024 bytes
[MESSAGE] From peer 1: 1024 bytes
[MESSAGE] From peer 1: 1024 bytes
[MESSAGE] From peer 1: 1024 bytes
[MESSAGE] From peer 1: 1024 bytes
[MESSAGE] From peer 1: 1024 bytes
[MESSAGE] From peer 1: 1024 bytes
[MESSAGE] From peer 1: 1024 bytes
[ECHO] 5400 messages echoed
[MESSAGE] From peer 1: 1024 bytes
[MESSAGE] From peer 1: 1024 bytes
[MESSAGE] From peer 1: 1024 bytes
[MESSAGE] From peer 1: 1024 bytes
[MESSAGE] From peer 1: 1024 bytes
[MESSAGE] From peer 1: 1024 bytes
[MESSAGE] From peer 1: 1024 bytes
[MESSAGE] From peer 1: 1024 bytes
[MESSAGE] From peer 1: 1024 bytes
[MESSAGE] From peer 1: 1024 bytes
[MESSAGE] From peer 1: 1024 bytes
[MESSAGE] From peer 1: 1024 bytes
[MESSAGE] From peer 1: 1024 bytes
[MESSAGE] From peer 1: 1024 bytes
[MESSAGE] From peer 1: 1024 bytes
[MESSAGE] From peer 1: 1024 bytes
[MESSAGE] From peer 1: 1024 bytes
[MESSAGE] From peer 1: 1024 bytes
[MESSAGE] From peer 1: 1024 bytes
[MESSAGE] From peer 1: 1024 bytes
[MESSAGE] From peer 1: 1024 bytes
[MESSAGE] From peer 1: 1024 bytes
[MESSAGE] From peer 1: 1024 bytes
[MESSAGE] From peer 1: 1024 bytes
[MESSAGE] From peer 1: 1024 bytes
[MESSAGE] From peer 1: 1024 bytes
[MESSAGE] From peer 1: 1024 bytes
[MESSAGE] From peer 1: 1024 bytes
[MESSAGE] From peer 1: 1024 bytes
[MESSAGE] From peer 1: 1024 bytes
[MESSAGE] From peer 1: 1024 bytes
[MESSAGE] From peer 1: 1024 bytes
[MESSAGE] From peer 1: 1024 bytes
[MESSAGE] From peer 1: 1024 bytes
[MESSAGE] From peer 1: 1024 bytes
[MESSAGE] From peer 1: 1024 bytes
[MESSAGE] From peer 1: 1024 bytes
[MESSAGE] From peer 1: 1024 bytes
[MESSAGE] From peer 1: 1024 bytes
[MESSAGE] From peer 1: 1024 bytes
[MESSAGE] From peer 1: 1024 bytes
[MESSAGE] From peer 1: 1024 bytes
[MESSAGE] From peer 1: 1024 bytes
[MESSAGE] From peer 1: 1024 bytes
[MESSAGE] From peer 1: 1024 bytes
[MESSAGE] From peer 1: 1024 bytes
[MESSAGE] From peer 1: 1024 bytes
[MESSAGE] From peer 1: 1024 bytes
[MESSAGE] From peer 1: 1024 bytes
[MESSAGE] From peer 1: 1024 bytes
[MESSAGE] From peer 1: 1024 bytes
[MESSAGE] From peer 1: 1024 bytes
[MESSAGE] From peer 1: 1024 bytes
[MESSAGE] From peer 1: 1024 bytes
[MESSAGE] From peer 1: 1024 bytes
[MESSAGE] From peer 1: 1024 bytes
[MESSAGE] From peer 1: 1024 bytes
[MESSAGE] From peer 1: 1024 bytes
[MESSAGE] From peer 1: 1024 bytes
[MESSAGE] From peer 1: 1024 bytes
[MESSAGE] From peer 1: 1024 bytes
[MESSAGE] From peer 1: 1024 bytes
[MESSAGE] From peer 1: 1024 bytes
[MESSAGE] From peer 1: 1024 bytes
[MESSAGE] From peer 1: 1024 bytes
[MESSAGE] From peer 1: 1024 bytes
[MESSAGE] From peer 1: 1024 bytes
[MESSAGE] From peer 1: 1024 bytes
[MESSAGE] From peer 1: 1024 bytes
[MESSAGE] From peer 1: 1024 bytes
[MESSAGE] From peer 1: 1024 bytes
[MESSAGE] From peer 1: 1024 bytes
[MESSAGE] From peer 1: 1024 bytes
[MESSAGE] From peer 1: 1024 bytes
[MESSAGE] From peer 1: 1024 bytes
[MESSAGE] From peer 1: 1024 bytes
[MESSAGE] From peer 1: 1024 bytes
[MESSAGE] From peer 1: 1024 bytes
[MESSAGE] From peer 1: 1024 bytes
[MESSAGE] From peer 1: 1024 bytes
[MESSAGE] From peer 1: 1024 bytes
[MESSAGE] From peer 1: 1024 bytes
[MESSAGE] From peer 1: 1024 bytes
[MESSAGE] From peer 1: 1024 bytes
[MESSAGE] From peer 1: 1024 bytes
[MESSAGE] From peer 1: 1024 bytes
[MESSAGE] From peer 1: 1024 bytes
[MESSAGE] From peer 1: 1024 bytes
[MESSAGE] From peer 1: 1024 bytes
[MESSAGE] From peer 1: 1024 bytes
[MESSAGE] From peer 1: 1024 bytes
[MESSAGE] From peer 1: 1024 bytes
[MESSAGE] From peer 1: 1024 bytes
[MESSAGE] From peer 1: 1024 bytes
[MESSAGE] From peer 1: 1024 bytes
[MESSAGE] From peer 1: 1024 bytes
[MESSAGE] From peer 1: 1024 bytes
[MESSAGE] From peer 1: 1024 bytes
[MESSAGE] From peer 1: 1024 bytes
[MESSAGE] From peer 1: 1024 bytes
[ECHO] 5500 messages echoed
[MESSAGE] From peer 1: 1024 bytes
[MESSAGE] From peer 1: 1024 bytes
[MESSAGE] From peer 1: 1024 bytes
[MESSAGE] From peer 1: 1024 bytes
[MESSAGE] From peer 1: 1024 bytes
[MESSAGE] From peer 1: 1024 bytes
[MESSAGE] From peer 1: 1024 bytes
[MESSAGE] From peer 1: 1024 bytes
[MESSAGE] From peer 1: 1024 bytes
[MESSAGE] From peer 1: 1024 bytes
[MESSAGE] From peer 1: 1024 bytes
[MESSAGE] From peer 1: 1024 bytes
[MESSAGE] From peer 1: 1024 bytes
[MESSAGE] From peer 1: 1024 bytes
[MESSAGE] From peer 1: 1024 bytes
[MESSAGE] From peer 1: 1024 bytes
[MESSAGE] From peer 1: 1024 bytes
[MESSAGE] From peer 1: 1024 bytes
[MESSAGE] From peer 1: 1024 bytes
[MESSAGE] From peer 1: 1024 bytes
[MESSAGE] From peer 1: 1024 bytes
[MESSAGE] From peer 1: 1024 bytes
[MESSAGE] From peer 1: 1024 bytes
[MESSAGE] From peer 1: 1024 bytes
[MESSAGE] From peer 1: 1024 bytes
[MESSAGE] From peer 1: 1024 bytes
[MESSAGE] From peer 1: 1024 bytes
[MESSAGE] From peer 1: 1024 bytes
[MESSAGE] From peer 1: 1024 bytes
[MESSAGE] From peer 1: 1024 bytes
[MESSAGE] From peer 1: 1024 bytes
[MESSAGE] From peer 1: 1024 bytes
[MESSAGE] From peer 1: 1024 bytes
[MESSAGE] From peer 1: 1024 bytes
[MESSAGE] From peer 1: 1024 bytes
[MESSAGE] From peer 1: 1024 bytes
[MESSAGE] From peer 1: 1024 bytes
[MESSAGE] From peer 1: 1024 bytes
[MESSAGE] From peer 1: 1024 bytes
[MESSAGE] From peer 1: 1024 bytes
[MESSAGE] From peer 1: 1024 bytes
[MESSAGE] From peer 1: 1024 bytes
[MESSAGE] From peer 1: 1024 bytes
[MESSAGE] From peer 1: 1024 bytes
[MESSAGE] From peer 1: 1024 bytes
[MESSAGE] From peer 1: 1024 bytes
[MESSAGE] From peer 1: 1024 bytes
[MESSAGE] From peer 1: 1024 bytes
[MESSAGE] From peer 1: 1024 bytes
[MESSAGE] From peer 1: 1024 bytes
[MESSAGE] From peer 1: 1024 bytes
[MESSAGE] From peer 1: 1024 bytes
[MESSAGE] From peer 1: 1024 bytes
[MESSAGE] From peer 1: 1024 bytes
[MESSAGE] From peer 1: 1024 bytes
[MESSAGE] From peer 1: 1024 bytes
[MESSAGE] From peer 1: 1024 bytes
[MESSAGE] From peer 1: 1024 bytes
[MESSAGE] From peer 1: 1024 bytes
[MESSAGE] From peer 1: 1024 bytes
[MESSAGE] From peer 1: 1024 bytes
[MESSAGE] From peer 1: 1024 bytes
[MESSAGE] From peer 1: 1024 bytes
[MESSAGE] From peer 1: 1024 bytes
[MESSAGE] From peer 1: 1024 bytes
[MESSAGE] From peer 1: 1024 bytes
[MESSAGE] From peer 1: 1024 bytes
[MESSAGE] From peer 1: 1024 bytes
[MESSAGE] From peer 1: 1024 bytes
[MESSAGE] From peer 1: 1024 bytes
[MESSAGE] From peer 1: 1024 bytes
[MESSAGE] From peer 1: 1024 bytes
[MESSAGE] From peer 1: 1024 bytes
[MESSAGE] From peer 1: 1024 bytes
[MESSAGE] From peer 1: 1024 bytes
[MESSAGE] From peer 1: 1024 bytes
[MESSAGE] From peer 1: 1024 bytes
[MESSAGE] From peer 1: 1024 bytes
[MESSAGE] From peer 1: 1024 bytes
[MESSAGE] From peer 1: 1024 bytes
[MESSAGE] From peer 1: 1024 bytes
[MESSAGE] From peer 1: 1024 bytes
[MESSAGE] From peer 1: 1024 bytes
[MESSAGE] From peer 1: 1024 bytes
[MESSAGE] From peer 1: 1024 bytes
[MESSAGE] From peer 1: 1024 bytes
[MESSAGE] From peer 1: 1024 bytes
[MESSAGE] From peer 1: 1024 bytes
[MESSAGE] From peer 1: 1024 bytes
[MESSAGE] From peer 1: 1024 bytes
[MESSAGE] From peer 1: 1024 bytes
[DISCOVERED] Peer 2: "MacThroughput" at 10.188.1.213:7354
[MESSAGE] From peer 1: 1024 bytes
[MESSAGE] From peer 1: 1024 bytes
[MESSAGE] From peer 1: 1024 bytes
[MESSAGE] From peer 1: 1024 bytes
[MESSAGE] From peer 1: 1024 bytes
[MESSAGE] From peer 1: 1024 bytes
[MESSAGE] From peer 1: 1024 bytes
[MESSAGE] From peer 1: 1024 bytes
[MESSAGE] From peer 1: 1024 bytes
[ECHO] 5600 messages echoed
[MESSAGE] From peer 1: 1024 bytes
[MESSAGE] From peer 1: 1024 bytes
[MESSAGE] From peer 1: 1024 bytes
[MESSAGE] From peer 1: 1024 bytes
[MESSAGE] From peer 1: 1024 bytes
[MESSAGE] From peer 1: 1024 bytes
[MESSAGE] From peer 1: 1024 bytes
[MESSAGE] From peer 1: 1024 bytes
[MESSAGE] From peer 1: 1024 bytes
[MESSAGE] From peer 1: 1024 bytes
[MESSAGE] From peer 1: 1024 bytes
[MESSAGE] From peer 1: 1024 bytes
[MESSAGE] From peer 1: 1024 bytes
[MESSAGE] From peer 1: 1024 bytes
[MESSAGE] From peer 1: 1024 bytes
[MESSAGE] From peer 1: 1024 bytes
[MESSAGE] From peer 1: 1024 bytes
[MESSAGE] From peer 1: 1024 bytes
[MESSAGE] From peer 1: 1024 bytes
[MESSAGE] From peer 1: 1024 bytes
[MESSAGE] From peer 1: 1024 bytes
[MESSAGE] From peer 1: 1024 bytes
[MESSAGE] From peer 1: 1024 bytes
[MESSAGE] From peer 1: 1024 bytes
[MESSAGE] From peer 1: 1024 bytes
[MESSAGE] From peer 1: 1024 bytes
[MESSAGE] From peer 1: 1024 bytes
[MESSAGE] From peer 1: 1024 bytes
[MESSAGE] From peer 1: 1024 bytes
[MESSAGE] From peer 1: 1024 bytes
[MESSAGE] From peer 1: 1024 bytes
[MESSAGE] From peer 1: 1024 bytes
[MESSAGE] From peer 1: 1024 bytes
[MESSAGE] From peer 1: 1024 bytes
[MESSAGE] From peer 1: 1024 bytes
[MESSAGE] From peer 1: 1024 bytes
[MESSAGE] From peer 1: 1024 bytes
[MESSAGE] From peer 1: 1024 bytes
[MESSAGE] From peer 1: 1024 bytes
[MESSAGE] From peer 1: 1024 bytes
[MESSAGE] From peer 1: 1024 bytes
[MESSAGE] From peer 1: 1024 bytes
[MESSAGE] From peer 1: 1024 bytes
[MESSAGE] From peer 1: 1024 bytes
[MESSAGE] From peer 1: 1024 bytes
[MESSAGE] From peer 1: 1024 bytes
[MESSAGE] From peer 1: 1024 bytes
[MESSAGE] From peer 1: 1024 bytes
[MESSAGE] From peer 1: 1024 bytes
[MESSAGE] From peer 1: 1024 bytes
[MESSAGE] From peer 1: 1024 bytes
[MESSAGE] From peer 1: 1024 bytes
[MESSAGE] From peer 1: 1024 bytes
[MESSAGE] From peer 1: 1024 bytes
[MESSAGE] From peer 1: 1024 bytes
[MESSAGE] From peer 1: 1024 bytes
[MESSAGE] From peer 1: 1024 bytes
[MESSAGE] From peer 1: 1024 bytes
[MESSAGE] From peer 1: 1024 bytes
[MESSAGE] From peer 1: 1024 bytes
[MESSAGE] From peer 1: 1024 bytes
[MESSAGE] From peer 1: 1024 bytes
[MESSAGE] From peer 1: 1024 bytes
[MESSAGE] From peer 1: 1024 bytes
[MESSAGE] From peer 1: 1024 bytes
[MESSAGE] From peer 1: 1024 bytes
[MESSAGE] From peer 1: 1024 bytes
[MESSAGE] From peer 1: 1024 bytes
[MESSAGE] From peer 1: 1024 bytes
[MESSAGE] From peer 1: 1024 bytes
[MESSAGE] From peer 1: 1024 bytes
[MESSAGE] From peer 1: 1024 bytes
[MESSAGE] From peer 1: 1024 bytes
[MESSAGE] From peer 1: 1024 bytes
[MESSAGE] From peer 1: 1024 bytes
[MESSAGE] From peer 1: 1024 bytes
[MESSAGE] From peer 1: 1024 bytes
[MESSAGE] From peer 1: 1024 bytes
[MESSAGE] From peer 1: 1024 bytes
[MESSAGE] From peer 1: 1024 bytes
[MESSAGE] From peer 1: 1024 bytes
[MESSAGE] From peer 1: 1024 bytes
[MESSAGE] From peer 1: 1024 bytes
[MESSAGE] From peer 1: 1024 bytes
[MESSAGE] From peer 1: 1024 bytes
[MESSAGE] From peer 1: 1024 bytes
[MESSAGE] From peer 1: 1024 bytes
[MESSAGE] From peer 1: 1024 bytes
[MESSAGE] From peer 1: 1024 bytes
[MESSAGE] From peer 1: 1024 bytes
[MESSAGE] From peer 1: 1024 bytes
[MESSAGE] From peer 1: 1024 bytes
[MESSAGE] From peer 1: 1024 bytes
[MESSAGE] From peer 1: 1024 bytes
[MESSAGE] From peer 1: 1024 bytes
[MESSAGE] From peer 1: 1024 bytes
[MESSAGE] From peer 1: 1024 bytes
[MESSAGE] From peer 1: 1024 bytes
[MESSAGE] From peer 1: 1024 bytes
[MESSAGE] From peer 1: 1024 bytes
[ECHO] 5700 messages echoed
[MESSAGE] From peer 1: 1024 bytes
[MESSAGE] From peer 1: 1024 bytes
[MESSAGE] From peer 1: 1024 bytes
[MESSAGE] From peer 1: 1024 bytes
[MESSAGE] From peer 1: 1024 bytes
[MESSAGE] From peer 1: 1024 bytes
[MESSAGE] From peer 1: 1024 bytes
[MESSAGE] From peer 1: 1024 bytes
[MESSAGE] From peer 1: 1024 bytes
[MESSAGE] From peer 1: 1024 bytes
[MESSAGE] From peer 1: 1024 bytes
[MESSAGE] From peer 1: 1024 bytes
[MESSAGE] From peer 1: 1024 bytes
[MESSAGE] From peer 1: 1024 bytes
[MESSAGE] From peer 1: 1024 bytes
[MESSAGE] From peer 1: 1024 bytes
[MESSAGE] From peer 1: 1024 bytes
[MESSAGE] From peer 1: 1024 bytes
[MESSAGE] From peer 1: 1024 bytes
[MESSAGE] From peer 1: 1024 bytes
[MESSAGE] From peer 1: 1024 bytes
[MESSAGE] From peer 1: 1024 bytes
[MESSAGE] From peer 1: 1024 bytes
[MESSAGE] From peer 1: 1024 bytes
[MESSAGE] From peer 1: 1024 bytes
[MESSAGE] From peer 1: 1024 bytes
[MESSAGE] From peer 1: 1024 bytes
[MESSAGE] From peer 1: 1024 bytes
[MESSAGE] From peer 1: 1024 bytes
[MESSAGE] From peer 1: 1024 bytes
[MESSAGE] From peer 1: 1024 bytes
[MESSAGE] From peer 1: 1024 bytes
[MESSAGE] From peer 1: 1024 bytes
[MESSAGE] From peer 1: 1024 bytes
[MESSAGE] From peer 1: 1024 bytes
[MESSAGE] From peer 1: 1024 bytes
[MESSAGE] From peer 1: 1024 bytes
[MESSAGE] From peer 1: 1024 bytes
[MESSAGE] From peer 1: 1024 bytes
[MESSAGE] From peer 1: 1024 bytes
[MESSAGE] From peer 1: 1024 bytes
[MESSAGE] From peer 1: 1024 bytes
[MESSAGE] From peer 1: 1024 bytes
[MESSAGE] From peer 1: 1024 bytes
[MESSAGE] From peer 1: 1024 bytes
[MESSAGE] From peer 1: 1024 bytes
[MESSAGE] From peer 1: 1024 bytes
[MESSAGE] From peer 1: 1024 bytes
[MESSAGE] From peer 1: 1024 bytes
[MESSAGE] From peer 1: 1024 bytes
[MESSAGE] From peer 1: 1024 bytes
[MESSAGE] From peer 1: 1024 bytes
[MESSAGE] From peer 1: 1024 bytes
[MESSAGE] From peer 1: 1024 bytes
[MESSAGE] From peer 1: 1024 bytes
[MESSAGE] From peer 1: 1024 bytes
[MESSAGE] From peer 1: 1024 bytes
[MESSAGE] From peer 1: 1024 bytes
[MESSAGE] From peer 1: 1024 bytes
[MESSAGE] From peer 1: 1024 bytes
[MESSAGE] From peer 1: 1024 bytes
[MESSAGE] From peer 1: 1024 bytes
[MESSAGE] From peer 1: 1024 bytes
[MESSAGE] From peer 1: 1024 bytes
[MESSAGE] From peer 1: 1024 bytes
[MESSAGE] From peer 1: 1024 bytes
[MESSAGE] From peer 1: 1024 bytes
[MESSAGE] From peer 1: 1024 bytes
[MESSAGE] From peer 1: 1024 bytes
[MESSAGE] From peer 1: 1024 bytes
[MESSAGE] From peer 1: 1024 bytes
[MESSAGE] From peer 1: 1024 bytes
[MESSAGE] From peer 1: 1024 bytes
[MESSAGE] From peer 1: 1024 bytes
[MESSAGE] From peer 1: 1024 bytes
[MESSAGE] From peer 1: 1024 bytes
[MESSAGE] From peer 1: 1024 bytes
[MESSAGE] From peer 1: 1024 bytes
[MESSAGE] From peer 1: 1024 bytes
[MESSAGE] From peer 1: 1024 bytes
[MESSAGE] From peer 1: 1024 bytes
[MESSAGE] From peer 1: 1024 bytes
[MESSAGE] From peer 1: 1024 bytes
[MESSAGE] From peer 1: 1024 bytes
[MESSAGE] From peer 1: 1024 bytes
[MESSAGE] From peer 1: 1024 bytes
[MESSAGE] From peer 1: 1024 bytes
[MESSAGE] From peer 1: 1024 bytes
[MESSAGE] From peer 1: 1024 bytes
[MESSAGE] From peer 1: 1024 bytes
[MESSAGE] From peer 1: 1024 bytes
[MESSAGE] From peer 1: 1024 bytes
[MESSAGE] From peer 1: 1024 bytes
[MESSAGE] From peer 1: 1024 bytes
[MESSAGE] From peer 1: 1024 bytes
[MESSAGE] From peer 1: 1024 bytes
[MESSAGE] From peer 1: 1024 bytes
[MESSAGE] From peer 1: 1024 bytes
[MESSAGE] From peer 1: 1024 bytes
[MESSAGE] From peer 1: 1024 bytes
[ECHO] 5800 messages echoed
[MESSAGE] From peer 1: 1024 bytes
[MESSAGE] From peer 1: 1024 bytes
[MESSAGE] From peer 1: 1024 bytes
[MESSAGE] From peer 1: 1024 bytes
[MESSAGE] From peer 1: 1024 bytes
[MESSAGE] From peer 1: 1024 bytes
[MESSAGE] From peer 1: 1024 bytes
[MESSAGE] From peer 1: 1024 bytes
[MESSAGE] From peer 1: 1024 bytes
[MESSAGE] From peer 1: 1024 bytes
[MESSAGE] From peer 1: 1024 bytes
[MESSAGE] From peer 1: 1024 bytes
[MESSAGE] From peer 1: 1024 bytes
[MESSAGE] From peer 1: 1024 bytes
[MESSAGE] From peer 1: 1024 bytes
[MESSAGE] From peer 1: 1024 bytes
[MESSAGE] From peer 1: 1024 bytes
[MESSAGE] From peer 1: 1024 bytes
[STATUS] 110 sec: peers=6, msgs=5818, connected=yes
[MESSAGE] From peer 1: 1024 bytes
[MESSAGE] From peer 1: 1024 bytes
[MESSAGE] From peer 1: 1024 bytes
[MESSAGE] From peer 1: 1024 bytes
[MESSAGE] From peer 1: 1024 bytes
[MESSAGE] From peer 1: 1024 bytes
[MESSAGE] From peer 1: 1024 bytes
[MESSAGE] From peer 1: 1024 bytes
[MESSAGE] From peer 1: 1024 bytes
[MESSAGE] From peer 1: 1024 bytes
[MESSAGE] From peer 1: 1024 bytes
[MESSAGE] From peer 1: 1024 bytes
[MESSAGE] From peer 1: 1024 bytes
[MESSAGE] From peer 1: 1024 bytes
[MESSAGE] From peer 1: 1024 bytes
[MESSAGE] From peer 1: 1024 bytes
[MESSAGE] From peer 1: 1024 bytes
[MESSAGE] From peer 1: 1024 bytes
[MESSAGE] From peer 1: 1024 bytes
[MESSAGE] From peer 1: 1024 bytes
[MESSAGE] From peer 1: 1024 bytes
[MESSAGE] From peer 1: 1024 bytes
[MESSAGE] From peer 1: 1024 bytes
[MESSAGE] From peer 1: 1024 bytes
[MESSAGE] From peer 1: 1024 bytes
[MESSAGE] From peer 1: 1024 bytes
[MESSAGE] From peer 1: 1024 bytes
[MESSAGE] From peer 1: 1024 bytes
[MESSAGE] From peer 1: 1024 bytes
[MESSAGE] From peer 1: 1024 bytes
[MESSAGE] From peer 1: 1024 bytes
[MESSAGE] From peer 1: 1024 bytes
[MESSAGE] From peer 1: 1024 bytes
[MESSAGE] From peer 1: 1024 bytes
[MESSAGE] From peer 1: 1024 bytes
[MESSAGE] From peer 1: 1024 bytes
[MESSAGE] From peer 1: 1024 bytes
[MESSAGE] From peer 1: 1024 bytes
[MESSAGE] From peer 1: 1024 bytes
[MESSAGE] From peer 1: 1024 bytes
[MESSAGE] From peer 1: 1024 bytes
[MESSAGE] From peer 1: 1024 bytes
[MESSAGE] From peer 1: 1024 bytes
[MESSAGE] From peer 1: 1024 bytes
[MESSAGE] From peer 1: 1024 bytes
[MESSAGE] From peer 1: 1024 bytes
[MESSAGE] From peer 1: 1024 bytes
[MESSAGE] From peer 1: 1024 bytes
[MESSAGE] From peer 1: 1024 bytes
[MESSAGE] From peer 1: 1024 bytes
[MESSAGE] From peer 1: 1024 bytes
[MESSAGE] From peer 1: 1024 bytes
[MESSAGE] From peer 1: 1024 bytes
[MESSAGE] From peer 1: 1024 bytes
[MESSAGE] From peer 1: 1024 bytes
[MESSAGE] From peer 1: 1024 bytes
[MESSAGE] From peer 1: 1024 bytes
[MESSAGE] From peer 1: 1024 bytes
[MESSAGE] From peer 1: 1024 bytes
[MESSAGE] From peer 1: 1024 bytes
[MESSAGE] From peer 1: 1024 bytes
[MESSAGE] From peer 1: 1024 bytes
[MESSAGE] From peer 1: 1024 bytes
[MESSAGE] From peer 1: 1024 bytes
[MESSAGE] From peer 1: 1024 bytes
[MESSAGE] From peer 1: 1024 bytes
[MESSAGE] From peer 1: 1024 bytes
[MESSAGE] From peer 1: 1024 bytes
[MESSAGE] From peer 1: 1024 bytes
[MESSAGE] From peer 1: 1024 bytes
[MESSAGE] From peer 1: 1024 bytes
[MESSAGE] From peer 1: 1024 bytes
[MESSAGE] From peer 1: 1024 bytes
[MESSAGE] From peer 1: 1024 bytes
[MESSAGE] From peer 1: 1024 bytes
[MESSAGE] From peer 1: 1024 bytes
[MESSAGE] From peer 1: 2048 bytes
[MESSAGE] From peer 1: 2048 bytes
[MESSAGE] From peer 1: 2048 bytes
[MESSAGE] From peer 1: 2048 bytes
[MESSAGE] From peer 1: 2048 bytes
[MESSAGE] From peer 1: 2048 bytes
[ECHO] 5900 messages echoed
[MESSAGE] From peer 1: 2048 bytes
[MESSAGE] From peer 1: 2048 bytes
[MESSAGE] From peer 1: 2048 bytes
[MESSAGE] From peer 1: 2048 bytes
[MESSAGE] From peer 1: 2048 bytes
[MESSAGE] From peer 1: 2048 bytes
[MESSAGE] From peer 1: 2048 bytes
[MESSAGE] From peer 1: 2048 bytes
[MESSAGE] From peer 1: 2048 bytes
[MESSAGE] From peer 1: 2048 bytes
[MESSAGE] From peer 1: 2048 bytes
[MESSAGE] From peer 1: 2048 bytes
[MESSAGE] From peer 1: 2048 bytes
[MESSAGE] From peer 1: 2048 bytes
[MESSAGE] From peer 1: 2048 bytes
[MESSAGE] From peer 1: 2048 bytes
[MESSAGE] From peer 1: 2048 bytes
[MESSAGE] From peer 1: 2048 bytes
[MESSAGE] From peer 1: 2048 bytes
[MESSAGE] From peer 1: 2048 bytes
[MESSAGE] From peer 1: 2048 bytes
[MESSAGE] From peer 1: 2048 bytes
[MESSAGE] From peer 1: 2048 bytes
[MESSAGE] From peer 1: 2048 bytes
[MESSAGE] From peer 1: 2048 bytes
[MESSAGE] From peer 1: 2048 bytes
[MESSAGE] From peer 1: 2048 bytes
[MESSAGE] From peer 1: 2048 bytes
[MESSAGE] From peer 1: 2048 bytes
[MESSAGE] From peer 1: 2048 bytes
[MESSAGE] From peer 1: 2048 bytes
[MESSAGE] From peer 1: 2048 bytes
[MESSAGE] From peer 1: 2048 bytes
[MESSAGE] From peer 1: 2048 bytes
[MESSAGE] From peer 1: 2048 bytes
[MESSAGE] From peer 1: 2048 bytes
[MESSAGE] From peer 1: 2048 bytes
[MESSAGE] From peer 1: 2048 bytes
[MESSAGE] From peer 1: 2048 bytes
[MESSAGE] From peer 1: 2048 bytes
[MESSAGE] From peer 1: 2048 bytes
[MESSAGE] From peer 1: 2048 bytes
[MESSAGE] From peer 1: 2048 bytes
[MESSAGE] From peer 1: 2048 bytes
[MESSAGE] From peer 1: 2048 bytes
[MESSAGE] From peer 1: 2048 bytes
[MESSAGE] From peer 1: 2048 bytes
[MESSAGE] From peer 1: 2048 bytes
[MESSAGE] From peer 1: 2048 bytes
[MESSAGE] From peer 1: 2048 bytes
[MESSAGE] From peer 1: 2048 bytes
[MESSAGE] From peer 1: 2048 bytes
[MESSAGE] From peer 1: 2048 bytes
[MESSAGE] From peer 1: 2048 bytes
[MESSAGE] From peer 1: 2048 bytes
[MESSAGE] From peer 1: 2048 bytes
[MESSAGE] From peer 1: 2048 bytes
[MESSAGE] From peer 1: 2048 bytes
[MESSAGE] From peer 1: 2048 bytes
[MESSAGE] From peer 1: 2048 bytes
[MESSAGE] From peer 1: 2048 bytes
[MESSAGE] From peer 1: 2048 bytes
[MESSAGE] From peer 1: 2048 bytes
[MESSAGE] From peer 1: 2048 bytes
[MESSAGE] From peer 1: 2048 bytes
[MESSAGE] From peer 1: 2048 bytes
[MESSAGE] From peer 1: 2048 bytes
[MESSAGE] From peer 1: 2048 bytes
[MESSAGE] From peer 1: 2048 bytes
[MESSAGE] From peer 1: 2048 bytes
[MESSAGE] From peer 1: 2048 bytes
[MESSAGE] From peer 1: 2048 bytes
[MESSAGE] From peer 1: 2048 bytes
[MESSAGE] From peer 1: 2048 bytes
[MESSAGE] From peer 1: 2048 bytes
[MESSAGE] From peer 1: 2048 bytes
[MESSAGE] From peer 1: 2048 bytes
[MESSAGE] From peer 1: 2048 bytes
[MESSAGE] From peer 1: 2048 bytes
[MESSAGE] From peer 1: 2048 bytes
[MESSAGE] From peer 1: 2048 bytes
[MESSAGE] From peer 1: 2048 bytes
[MESSAGE] From peer 1: 2048 bytes
[MESSAGE] From peer 1: 2048 bytes
[MESSAGE] From peer 1: 2048 bytes
[MESSAGE] From peer 1: 2048 bytes
[MESSAGE] From peer 1: 2048 bytes
[MESSAGE] From peer 1: 2048 bytes
[MESSAGE] From peer 1: 2048 bytes
[MESSAGE] From peer 1: 2048 bytes
[MESSAGE] From peer 1: 2048 bytes
[MESSAGE] From peer 1: 2048 bytes
[MESSAGE] From peer 1: 2048 bytes
[MESSAGE] From peer 1: 2048 bytes
[MESSAGE] From peer 1: 2048 bytes
[MESSAGE] From peer 1: 2048 bytes
[MESSAGE] From peer 1: 2048 bytes
[MESSAGE] From peer 1: 2048 bytes
[MESSAGE] From peer 1: 2048 bytes
[MESSAGE] From peer 1: 2048 bytes
[ECHO] 6000 messages echoed
[MESSAGE] From peer 1: 2048 bytes
[MESSAGE] From peer 1: 2048 bytes
[MESSAGE] From peer 1: 2048 bytes
[MESSAGE] From peer 1: 2048 bytes
[MESSAGE] From peer 1: 2048 bytes
[MESSAGE] From peer 1: 2048 bytes
[MESSAGE] From peer 1: 2048 bytes
[MESSAGE] From peer 1: 2048 bytes
[MESSAGE] From peer 1: 2048 bytes
[MESSAGE] From peer 1: 2048 bytes
[MESSAGE] From peer 1: 2048 bytes
[MESSAGE] From peer 1: 2048 bytes
[MESSAGE] From peer 1: 2048 bytes
[MESSAGE] From peer 1: 2048 bytes
[MESSAGE] From peer 1: 2048 bytes
[MESSAGE] From peer 1: 2048 bytes
[MESSAGE] From peer 1: 2048 bytes
[MESSAGE] From peer 1: 2048 bytes
[MESSAGE] From peer 1: 2048 bytes
[MESSAGE] From peer 1: 2048 bytes
[MESSAGE] From peer 1: 2048 bytes
[MESSAGE] From peer 1: 2048 bytes
[MESSAGE] From peer 1: 2048 bytes
[MESSAGE] From peer 1: 2048 bytes
[MESSAGE] From peer 1: 2048 bytes
[MESSAGE] From peer 1: 2048 bytes
[MESSAGE] From peer 1: 2048 bytes
[MESSAGE] From peer 1: 2048 bytes
[MESSAGE] From peer 1: 2048 bytes
[MESSAGE] From peer 1: 2048 bytes
[MESSAGE] From peer 1: 2048 bytes
[MESSAGE] From peer 1: 2048 bytes
[MESSAGE] From peer 1: 2048 bytes
[MESSAGE] From peer 1: 2048 bytes
[MESSAGE] From peer 1: 2048 bytes
[MESSAGE] From peer 1: 2048 bytes
[MESSAGE] From peer 1: 2048 bytes
[MESSAGE] From peer 1: 2048 bytes
[MESSAGE] From peer 1: 2048 bytes
[MESSAGE] From peer 1: 2048 bytes
[MESSAGE] From peer 1: 2048 bytes
[MESSAGE] From peer 1: 2048 bytes
[MESSAGE] From peer 1: 2048 bytes
[MESSAGE] From peer 1: 2048 bytes
[MESSAGE] From peer 1: 2048 bytes
[MESSAGE] From peer 1: 2048 bytes
[MESSAGE] From peer 1: 2048 bytes
[MESSAGE] From peer 1: 2048 bytes
[MESSAGE] From peer 1: 2048 bytes
[MESSAGE] From peer 1: 2048 bytes
[MESSAGE] From peer 1: 2048 bytes
[MESSAGE] From peer 1: 2048 bytes
[MESSAGE] From peer 1: 2048 bytes
[MESSAGE] From peer 1: 2048 bytes
[MESSAGE] From peer 1: 2048 bytes
[MESSAGE] From peer 1: 2048 bytes
[MESSAGE] From peer 1: 2048 bytes
[MESSAGE] From peer 1: 2048 bytes
[MESSAGE] From peer 1: 2048 bytes
[MESSAGE] From peer 1: 2048 bytes
[MESSAGE] From peer 1: 2048 bytes
[MESSAGE] From peer 1: 2048 bytes
[MESSAGE] From peer 1: 2048 bytes
[MESSAGE] From peer 1: 2048 bytes
[MESSAGE] From peer 1: 2048 bytes
[MESSAGE] From peer 1: 2048 bytes
[MESSAGE] From peer 1: 2048 bytes
[MESSAGE] From peer 1: 2048 bytes
[MESSAGE] From peer 1: 2048 bytes
[MESSAGE] From peer 1: 2048 bytes
[MESSAGE] From peer 1: 2048 bytes
[MESSAGE] From peer 1: 2048 bytes
[MESSAGE] From peer 1: 2048 bytes
[MESSAGE] From peer 1: 2048 bytes
[MESSAGE] From peer 1: 2048 bytes
[MESSAGE] From peer 1: 2048 bytes
[MESSAGE] From peer 1: 2048 bytes
[MESSAGE] From peer 1: 2048 bytes
[MESSAGE] From peer 1: 2048 bytes
[MESSAGE] From peer 1: 2048 bytes
[MESSAGE] From peer 1: 2048 bytes
[MESSAGE] From peer 1: 2048 bytes
[MESSAGE] From peer 1: 2048 bytes
[MESSAGE] From peer 1: 2048 bytes
[MESSAGE] From peer 1: 2048 bytes
[MESSAGE] From peer 1: 2048 bytes
[MESSAGE] From peer 1: 2048 bytes
[MESSAGE] From peer 1: 2048 bytes
[MESSAGE] From peer 1: 2048 bytes
[MESSAGE] From peer 1: 2048 bytes
[MESSAGE] From peer 1: 2048 bytes
[MESSAGE] From peer 1: 2048 bytes
[MESSAGE] From peer 1: 2048 bytes
[MESSAGE] From peer 1: 2048 bytes
[MESSAGE] From peer 1: 2048 bytes
[MESSAGE] From peer 1: 2048 bytes
[MESSAGE] From peer 1: 2048 bytes
[MESSAGE] From peer 1: 2048 bytes
[MESSAGE] From peer 1: 2048 bytes
[MESSAGE] From peer 1: 2048 bytes
[ECHO] 6100 messages echoed
[MESSAGE] From peer 1: 2048 bytes
[MESSAGE] From peer 1: 2048 bytes
[MESSAGE] From peer 1: 2048 bytes
[MESSAGE] From peer 1: 2048 bytes
[MESSAGE] From peer 1: 2048 bytes
[MESSAGE] From peer 1: 2048 bytes
[MESSAGE] From peer 1: 2048 bytes
[MESSAGE] From peer 1: 2048 bytes
[MESSAGE] From peer 1: 2048 bytes
[MESSAGE] From peer 1: 2048 bytes
[MESSAGE] From peer 1: 2048 bytes
[MESSAGE] From peer 1: 2048 bytes
[MESSAGE] From peer 1: 2048 bytes
[MESSAGE] From peer 1: 2048 bytes
[MESSAGE] From peer 1: 2048 bytes
[MESSAGE] From peer 1: 2048 bytes
[MESSAGE] From peer 1: 2048 bytes
[MESSAGE] From peer 1: 2048 bytes
[MESSAGE] From peer 1: 2048 bytes
[MESSAGE] From peer 1: 2048 bytes
[MESSAGE] From peer 1: 2048 bytes
[MESSAGE] From peer 1: 2048 bytes
[MESSAGE] From peer 1: 2048 bytes
[MESSAGE] From peer 1: 2048 bytes
[MESSAGE] From peer 1: 2048 bytes
[MESSAGE] From peer 1: 2048 bytes
[MESSAGE] From peer 1: 2048 bytes
[MESSAGE] From peer 1: 2048 bytes
[MESSAGE] From peer 1: 2048 bytes
[MESSAGE] From peer 1: 2048 bytes
[MESSAGE] From peer 1: 2048 bytes
[MESSAGE] From peer 1: 2048 bytes
[MESSAGE] From peer 1: 2048 bytes
[MESSAGE] From peer 1: 2048 bytes
[MESSAGE] From peer 1: 2048 bytes
[MESSAGE] From peer 1: 2048 bytes
[MESSAGE] From peer 1: 2048 bytes
[MESSAGE] From peer 1: 2048 bytes
[MESSAGE] From peer 1: 2048 bytes
[MESSAGE] From peer 1: 2048 bytes
[MESSAGE] From peer 1: 2048 bytes
[MESSAGE] From peer 1: 2048 bytes
[MESSAGE] From peer 1: 2048 bytes
[MESSAGE] From peer 1: 2048 bytes
[MESSAGE] From peer 1: 2048 bytes
[MESSAGE] From peer 1: 2048 bytes
[MESSAGE] From peer 1: 2048 bytes
[MESSAGE] From peer 1: 2048 bytes
[MESSAGE] From peer 1: 2048 bytes
[MESSAGE] From peer 1: 2048 bytes
[MESSAGE] From peer 1: 2048 bytes
[MESSAGE] From peer 1: 2048 bytes
[MESSAGE] From peer 1: 2048 bytes
[MESSAGE] From peer 1: 2048 bytes
[MESSAGE] From peer 1: 2048 bytes
[MESSAGE] From peer 1: 2048 bytes
[MESSAGE] From peer 1: 2048 bytes
[MESSAGE] From peer 1: 2048 bytes
[MESSAGE] From peer 1: 2048 bytes
[MESSAGE] From peer 1: 2048 bytes
[MESSAGE] From peer 1: 2048 bytes
[MESSAGE] From peer 1: 2048 bytes
[MESSAGE] From peer 1: 2048 bytes
[MESSAGE] From peer 1: 2048 bytes
[MESSAGE] From peer 1: 2048 bytes
[MESSAGE] From peer 1: 2048 bytes
[MESSAGE] From peer 1: 2048 bytes
[MESSAGE] From peer 1: 2048 bytes
[MESSAGE] From peer 1: 2048 bytes
[MESSAGE] From peer 1: 2048 bytes
[MESSAGE] From peer 1: 2048 bytes
[MESSAGE] From peer 1: 2048 bytes
[MESSAGE] From peer 1: 2048 bytes
[MESSAGE] From peer 1: 2048 bytes
[MESSAGE] From peer 1: 2048 bytes
[MESSAGE] From peer 1: 2048 bytes
[MESSAGE] From peer 1: 2048 bytes
[MESSAGE] From peer 1: 2048 bytes
[MESSAGE] From peer 1: 2048 bytes
[MESSAGE] From peer 1: 2048 bytes
[MESSAGE] From peer 1: 2048 bytes
[MESSAGE] From peer 1: 2048 bytes
[MESSAGE] From peer 1: 2048 bytes
[MESSAGE] From peer 1: 2048 bytes
[MESSAGE] From peer 1: 2048 bytes
[MESSAGE] From peer 1: 2048 bytes
[MESSAGE] From peer 1: 2048 bytes
[MESSAGE] From peer 1: 2048 bytes
[MESSAGE] From peer 1: 2048 bytes
[MESSAGE] From peer 1: 2048 bytes
[MESSAGE] From peer 1: 2048 bytes
[MESSAGE] From peer 1: 2048 bytes
[MESSAGE] From peer 1: 2048 bytes
[MESSAGE] From peer 1: 2048 bytes
[MESSAGE] From peer 1: 2048 bytes
[MESSAGE] From peer 1: 2048 bytes
[MESSAGE] From peer 1: 2048 bytes
[MESSAGE] From peer 1: 2048 bytes
[MESSAGE] From peer 1: 2048 bytes
[MESSAGE] From peer 1: 2048 bytes
[ECHO] 6200 messages echoed
[MESSAGE] From peer 1: 2048 bytes
[MESSAGE] From peer 1: 2048 bytes
[MESSAGE] From peer 1: 2048 bytes
[MESSAGE] From peer 1: 2048 bytes
[MESSAGE] From peer 1: 2048 bytes
[MESSAGE] From peer 1: 2048 bytes
[MESSAGE] From peer 1: 2048 bytes
[MESSAGE] From peer 1: 2048 bytes
[MESSAGE] From peer 1: 2048 bytes
[MESSAGE] From peer 1: 2048 bytes
[MESSAGE] From peer 1: 2048 bytes
[MESSAGE] From peer 1: 2048 bytes
[MESSAGE] From peer 1: 2048 bytes
[MESSAGE] From peer 1: 2048 bytes
[MESSAGE] From peer 1: 2048 bytes
[MESSAGE] From peer 1: 2048 bytes
[MESSAGE] From peer 1: 2048 bytes
[MESSAGE] From peer 1: 2048 bytes
[MESSAGE] From peer 1: 2048 bytes
[MESSAGE] From peer 1: 2048 bytes
[MESSAGE] From peer 1: 2048 bytes
[MESSAGE] From peer 1: 2048 bytes
[MESSAGE] From peer 1: 2048 bytes
[MESSAGE] From peer 1: 2048 bytes
[MESSAGE] From peer 1: 2048 bytes
[MESSAGE] From peer 1: 2048 bytes
[MESSAGE] From peer 1: 2048 bytes
[MESSAGE] From peer 1: 2048 bytes
[MESSAGE] From peer 1: 2048 bytes
[MESSAGE] From peer 1: 2048 bytes
[MESSAGE] From peer 1: 2048 bytes
[MESSAGE] From peer 1: 2048 bytes
[MESSAGE] From peer 1: 2048 bytes
[MESSAGE] From peer 1: 2048 bytes
[MESSAGE] From peer 1: 2048 bytes
[MESSAGE] From peer 1: 2048 bytes
[MESSAGE] From peer 1: 2048 bytes
[MESSAGE] From peer 1: 2048 bytes
[MESSAGE] From peer 1: 2048 bytes
[MESSAGE] From peer 1: 2048 bytes
[MESSAGE] From peer 1: 2048 bytes
[MESSAGE] From peer 1: 2048 bytes
[MESSAGE] From peer 1: 2048 bytes
[MESSAGE] From peer 1: 2048 bytes
[MESSAGE] From peer 1: 2048 bytes
[MESSAGE] From peer 1: 2048 bytes
[MESSAGE] From peer 1: 2048 bytes
[MESSAGE] From peer 1: 2048 bytes
[MESSAGE] From peer 1: 2048 bytes
[MESSAGE] From peer 1: 2048 bytes
[MESSAGE] From peer 1: 2048 bytes
[MESSAGE] From peer 1: 2048 bytes
[MESSAGE] From peer 1: 2048 bytes
[MESSAGE] From peer 1: 2048 bytes
[MESSAGE] From peer 1: 2048 bytes
[MESSAGE] From peer 1: 2048 bytes
[MESSAGE] From peer 1: 2048 bytes
[MESSAGE] From peer 1: 2048 bytes
[MESSAGE] From peer 1: 2048 bytes
[MESSAGE] From peer 1: 2048 bytes
[MESSAGE] From peer 1: 2048 bytes
[MESSAGE] From peer 1: 2048 bytes
[MESSAGE] From peer 1: 2048 bytes
[MESSAGE] From peer 1: 2048 bytes
[MESSAGE] From peer 1: 2048 bytes
[MESSAGE] From peer 1: 2048 bytes
[MESSAGE] From peer 1: 2048 bytes
[MESSAGE] From peer 1: 2048 bytes
[MESSAGE] From peer 1: 2048 bytes
[MESSAGE] From peer 1: 2048 bytes
[MESSAGE] From peer 1: 2048 bytes
[MESSAGE] From peer 1: 2048 bytes
[MESSAGE] From peer 1: 2048 bytes
[MESSAGE] From peer 1: 2048 bytes
[MESSAGE] From peer 1: 2048 bytes
[MESSAGE] From peer 1: 2048 bytes
[MESSAGE] From peer 1: 2048 bytes
[MESSAGE] From peer 1: 2048 bytes
[MESSAGE] From peer 1: 2048 bytes
[MESSAGE] From peer 1: 2048 bytes
[STATUS] 120 sec: peers=6, msgs=6280, connected=yes
[MESSAGE] From peer 1: 2048 bytes
[MESSAGE] From peer 1: 2048 bytes
[MESSAGE] From peer 1: 2048 bytes
[MESSAGE] From peer 1: 2048 bytes
[MESSAGE] From peer 1: 2048 bytes
[MESSAGE] From peer 1: 2048 bytes
[MESSAGE] From peer 1: 2048 bytes
[MESSAGE] From peer 1: 2048 bytes
[MESSAGE] From peer 1: 2048 bytes
[MESSAGE] From peer 1: 2048 bytes
[MESSAGE] From peer 1: 2048 bytes
[MESSAGE] From peer 1: 2048 bytes
[MESSAGE] From peer 1: 2048 bytes
[MESSAGE] From peer 1: 2048 bytes
[MESSAGE] From peer 1: 2048 bytes
[MESSAGE] From peer 1: 2048 bytes
[MESSAGE] From peer 1: 2048 bytes
[MESSAGE] From peer 1: 2048 bytes
[MESSAGE] From peer 1: 2048 bytes
[MESSAGE] From peer 1: 2048 bytes
[ECHO] 6300 messages echoed
[MESSAGE] From peer 1: 2048 bytes
[MESSAGE] From peer 1: 2048 bytes
[MESSAGE] From peer 1: 2048 bytes
[MESSAGE] From peer 1: 2048 bytes
[MESSAGE] From peer 1: 2048 bytes
[MESSAGE] From peer 1: 2048 bytes
[MESSAGE] From peer 1: 2048 bytes
[MESSAGE] From peer 1: 2048 bytes
[MESSAGE] From peer 1: 2048 bytes
[MESSAGE] From peer 1: 2048 bytes
[MESSAGE] From peer 1: 2048 bytes
[MESSAGE] From peer 1: 2048 bytes
[MESSAGE] From peer 1: 2048 bytes
[MESSAGE] From peer 1: 2048 bytes
[MESSAGE] From peer 1: 2048 bytes
[MESSAGE] From peer 1: 2048 bytes
[MESSAGE] From peer 1: 2048 bytes
[MESSAGE] From peer 1: 2048 bytes
[MESSAGE] From peer 1: 2048 bytes
[MESSAGE] From peer 1: 2048 bytes
[MESSAGE] From peer 1: 2048 bytes
[MESSAGE] From peer 1: 2048 bytes
[MESSAGE] From peer 1: 2048 bytes
[MESSAGE] From peer 1: 2048 bytes
[MESSAGE] From peer 1: 2048 bytes
[MESSAGE] From peer 1: 2048 bytes
[MESSAGE] From peer 1: 2048 bytes
[MESSAGE] From peer 1: 2048 bytes
[MESSAGE] From peer 1: 2048 bytes
[MESSAGE] From peer 1: 2048 bytes
[MESSAGE] From peer 1: 2048 bytes
[MESSAGE] From peer 1: 2048 bytes
[MESSAGE] From peer 1: 2048 bytes
[MESSAGE] From peer 1: 2048 bytes
[MESSAGE] From peer 1: 2048 bytes
[MESSAGE] From peer 1: 2048 bytes
[MESSAGE] From peer 1: 2048 bytes
[MESSAGE] From peer 1: 2048 bytes
[MESSAGE] From peer 1: 2048 bytes
[MESSAGE] From peer 1: 2048 bytes
[MESSAGE] From peer 1: 2048 bytes
[MESSAGE] From peer 1: 2048 bytes
[MESSAGE] From peer 1: 2048 bytes
[MESSAGE] From peer 1: 2048 bytes
[MESSAGE] From peer 1: 2048 bytes
[MESSAGE] From peer 1: 2048 bytes
[MESSAGE] From peer 1: 2048 bytes
[MESSAGE] From peer 1: 2048 bytes
[MESSAGE] From peer 1: 2048 bytes
[MESSAGE] From peer 1: 2048 bytes
[MESSAGE] From peer 1: 2048 bytes
[DISCOVERED] Peer 2: "MacThroughput" at 10.188.1.213:7354
[MESSAGE] From peer 1: 2048 bytes
[MESSAGE] From peer 1: 2048 bytes
[MESSAGE] From peer 1: 2048 bytes
[MESSAGE] From peer 1: 2048 bytes
[MESSAGE] From peer 1: 2048 bytes
[MESSAGE] From peer 1: 2048 bytes
[MESSAGE] From peer 1: 2048 bytes
[MESSAGE] From peer 1: 2048 bytes
[MESSAGE] From peer 1: 2048 bytes
[MESSAGE] From peer 1: 2048 bytes
[MESSAGE] From peer 1: 2048 bytes
[MESSAGE] From peer 1: 2048 bytes
[MESSAGE] From peer 1: 2048 bytes
[MESSAGE] From peer 1: 2048 bytes
[MESSAGE] From peer 1: 2048 bytes
[MESSAGE] From peer 1: 2048 bytes
[MESSAGE] From peer 1: 2048 bytes
[MESSAGE] From peer 1: 2048 bytes
[MESSAGE] From peer 1: 2048 bytes
[MESSAGE] From peer 1: 2048 bytes
[MESSAGE] From peer 1: 2048 bytes
[MESSAGE] From peer 1: 2048 bytes
[MESSAGE] From peer 1: 2048 bytes
[MESSAGE] From peer 1: 2048 bytes
[MESSAGE] From peer 1: 2048 bytes
[MESSAGE] From peer 1: 2048 bytes
[MESSAGE] From peer 1: 2048 bytes
[MESSAGE] From peer 1: 2048 bytes
[MESSAGE] From peer 1: 2048 bytes
[MESSAGE] From peer 1: 2048 bytes
[MESSAGE] From peer 1: 2048 bytes
[MESSAGE] From peer 1: 2048 bytes
[MESSAGE] From peer 1: 2048 bytes
[MESSAGE] From peer 1: 2048 bytes
[MESSAGE] From peer 1: 2048 bytes
[MESSAGE] From peer 1: 2048 bytes
[MESSAGE] From peer 1: 2048 bytes
[MESSAGE] From peer 1: 2048 bytes
[MESSAGE] From peer 1: 2048 bytes
[MESSAGE] From peer 1: 2048 bytes
[MESSAGE] From peer 1: 2048 bytes
[MESSAGE] From peer 1: 2048 bytes
[MESSAGE] From peer 1: 2048 bytes
[MESSAGE] From peer 1: 2048 bytes
[MESSAGE] From peer 1: 2048 bytes
[MESSAGE] From peer 1: 2048 bytes
[MESSAGE] From peer 1: 2048 bytes
[MESSAGE] From peer 1: 2048 bytes
[MESSAGE] From peer 1: 2048 bytes
[ECHO] 6400 messages echoed
[MESSAGE] From peer 1: 2048 bytes
[MESSAGE] From peer 1: 2048 bytes
[MESSAGE] From peer 1: 2048 bytes
[MESSAGE] From peer 1: 2048 bytes
[MESSAGE] From peer 1: 2048 bytes
[MESSAGE] From peer 1: 2048 bytes
[MESSAGE] From peer 1: 2048 bytes
[MESSAGE] From peer 1: 2048 bytes
[MESSAGE] From peer 1: 2048 bytes
[MESSAGE] From peer 1: 2048 bytes
[MESSAGE] From peer 1: 2048 bytes
[MESSAGE] From peer 1: 2048 bytes
[MESSAGE] From peer 1: 2048 bytes
[MESSAGE] From peer 1: 2048 bytes
[MESSAGE] From peer 1: 2048 bytes
[MESSAGE] From peer 1: 2048 bytes
[MESSAGE] From peer 1: 2048 bytes
[MESSAGE] From peer 1: 2048 bytes
[MESSAGE] From peer 1: 2048 bytes
[MESSAGE] From peer 1: 2048 bytes
[MESSAGE] From peer 1: 2048 bytes
[MESSAGE] From peer 1: 2048 bytes
[MESSAGE] From peer 1: 2048 bytes
[MESSAGE] From peer 1: 2048 bytes
[MESSAGE] From peer 1: 2048 bytes
[MESSAGE] From peer 1: 2048 bytes
[MESSAGE] From peer 1: 2048 bytes
[MESSAGE] From peer 1: 2048 bytes
[MESSAGE] From peer 1: 2048 bytes
[MESSAGE] From peer 1: 2048 bytes
[MESSAGE] From peer 1: 2048 bytes
[MESSAGE] From peer 1: 2048 bytes
[MESSAGE] From peer 1: 2048 bytes
[MESSAGE] From peer 1: 2048 bytes
[MESSAGE] From peer 1: 2048 bytes
[MESSAGE] From peer 1: 2048 bytes
[MESSAGE] From peer 1: 2048 bytes
[MESSAGE] From peer 1: 2048 bytes
[MESSAGE] From peer 1: 2048 bytes
[MESSAGE] From peer 1: 2048 bytes
[MESSAGE] From peer 1: 2048 bytes
[MESSAGE] From peer 1: 2048 bytes
[MESSAGE] From peer 1: 2048 bytes
[MESSAGE] From peer 1: 2048 bytes
[MESSAGE] From peer 1: 2048 bytes
[MESSAGE] From peer 1: 2048 bytes
[MESSAGE] From peer 1: 2048 bytes
[MESSAGE] From peer 1: 2048 bytes
[MESSAGE] From peer 1: 2048 bytes
[MESSAGE] From peer 1: 2048 bytes
[MESSAGE] From peer 1: 2048 bytes
[MESSAGE] From peer 1: 2048 bytes
[MESSAGE] From peer 1: 2048 bytes
[MESSAGE] From peer 1: 2048 bytes
[MESSAGE] From peer 1: 2048 bytes
[MESSAGE] From peer 1: 2048 bytes
[MESSAGE] From peer 1: 2048 bytes
[MESSAGE] From peer 1: 2048 bytes
[MESSAGE] From peer 1: 2048 bytes
[MESSAGE] From peer 1: 2048 bytes
[MESSAGE] From peer 1: 2048 bytes
[MESSAGE] From peer 1: 2048 bytes
[MESSAGE] From peer 1: 2048 bytes
[MESSAGE] From peer 1: 2048 bytes
[MESSAGE] From peer 1: 2048 bytes
[MESSAGE] From peer 1: 2048 bytes
[MESSAGE] From peer 1: 2048 bytes
[MESSAGE] From peer 1: 2048 bytes
[MESSAGE] From peer 1: 2048 bytes
[MESSAGE] From peer 1: 2048 bytes
[MESSAGE] From peer 1: 2048 bytes
[MESSAGE] From peer 1: 2048 bytes
[MESSAGE] From peer 1: 2048 bytes
[MESSAGE] From peer 1: 2048 bytes
[MESSAGE] From peer 1: 2048 bytes
[MESSAGE] From peer 1: 2048 bytes
[MESSAGE] From peer 1: 2048 bytes
[MESSAGE] From peer 1: 2048 bytes
[MESSAGE] From peer 1: 2048 bytes
[MESSAGE] From peer 1: 2048 bytes
[MESSAGE] From peer 1: 2048 bytes
[MESSAGE] From peer 1: 2048 bytes
[MESSAGE] From peer 1: 2048 bytes
[MESSAGE] From peer 1: 2048 bytes
[MESSAGE] From peer 1: 2048 bytes
[MESSAGE] From peer 1: 2048 bytes
[MESSAGE] From peer 1: 2048 bytes
[MESSAGE] From peer 1: 2048 bytes
[MESSAGE] From peer 1: 2048 bytes
[MESSAGE] From peer 1: 2048 bytes
[MESSAGE] From peer 1: 2048 bytes
[MESSAGE] From peer 1: 2048 bytes
[MESSAGE] From peer 1: 2048 bytes
[MESSAGE] From peer 1: 2048 bytes
[MESSAGE] From peer 1: 2048 bytes
[MESSAGE] From peer 1: 2048 bytes
[MESSAGE] From peer 1: 2048 bytes
[MESSAGE] From peer 1: 2048 bytes
[MESSAGE] From peer 1: 2048 bytes
[MESSAGE] From peer 1: 2048 bytes
[ECHO] 6500 messages echoed
[MESSAGE] From peer 1: 2048 bytes
[MESSAGE] From peer 1: 2048 bytes
[MESSAGE] From peer 1: 2048 bytes
[MESSAGE] From peer 1: 2048 bytes
[MESSAGE] From peer 1: 2048 bytes
[MESSAGE] From peer 1: 2048 bytes
[MESSAGE] From peer 1: 2048 bytes
[MESSAGE] From peer 1: 2048 bytes
[MESSAGE] From peer 1: 2048 bytes
[MESSAGE] From peer 1: 2048 bytes
[MESSAGE] From peer 1: 2048 bytes
[MESSAGE] From peer 1: 2048 bytes
[MESSAGE] From peer 1: 2048 bytes
[MESSAGE] From peer 1: 2048 bytes
[MESSAGE] From peer 1: 2048 bytes
[MESSAGE] From peer 1: 2048 bytes
[MESSAGE] From peer 1: 2048 bytes
[MESSAGE] From peer 1: 2048 bytes
[MESSAGE] From peer 1: 2048 bytes
[MESSAGE] From peer 1: 2048 bytes
[MESSAGE] From peer 1: 2048 bytes
[MESSAGE] From peer 1: 2048 bytes
[MESSAGE] From peer 1: 2048 bytes
[MESSAGE] From peer 1: 2048 bytes
[MESSAGE] From peer 1: 2048 bytes
[MESSAGE] From peer 1: 2048 bytes
[MESSAGE] From peer 1: 2048 bytes
[MESSAGE] From peer 1: 2048 bytes
[MESSAGE] From peer 1: 2048 bytes
[MESSAGE] From peer 1: 2048 bytes
[MESSAGE] From peer 1: 2048 bytes
[MESSAGE] From peer 1: 2048 bytes
[MESSAGE] From peer 1: 2048 bytes
[MESSAGE] From peer 1: 2048 bytes
[MESSAGE] From peer 1: 2048 bytes
[MESSAGE] From peer 1: 2048 bytes
[MESSAGE] From peer 1: 2048 bytes
[MESSAGE] From peer 1: 2048 bytes
[MESSAGE] From peer 1: 2048 bytes
[MESSAGE] From peer 1: 2048 bytes
[MESSAGE] From peer 1: 2048 bytes
[MESSAGE] From peer 1: 2048 bytes
[MESSAGE] From peer 1: 2048 bytes
[MESSAGE] From peer 1: 2048 bytes
[MESSAGE] From peer 1: 2048 bytes
[MESSAGE] From peer 1: 2048 bytes
[MESSAGE] From peer 1: 2048 bytes
[MESSAGE] From peer 1: 2048 bytes
[MESSAGE] From peer 1: 2048 bytes
[MESSAGE] From peer 1: 2048 bytes
[MESSAGE] From peer 1: 2048 bytes
[MESSAGE] From peer 1: 2048 bytes
[MESSAGE] From peer 1: 2048 bytes
[MESSAGE] From peer 1: 2048 bytes
[MESSAGE] From peer 1: 2048 bytes
[MESSAGE] From peer 1: 2048 bytes
[MESSAGE] From peer 1: 2048 bytes
[MESSAGE] From peer 1: 2048 bytes
[MESSAGE] From peer 1: 2048 bytes
[MESSAGE] From peer 1: 2048 bytes
[MESSAGE] From peer 1: 2048 bytes
[MESSAGE] From peer 1: 2048 bytes
[MESSAGE] From peer 1: 2048 bytes
[MESSAGE] From peer 1: 2048 bytes
[MESSAGE] From peer 1: 2048 bytes
[MESSAGE] From peer 1: 2048 bytes
[MESSAGE] From peer 1: 2048 bytes
[MESSAGE] From peer 1: 2048 bytes
[MESSAGE] From peer 1: 2048 bytes
[MESSAGE] From peer 1: 2048 bytes
[MESSAGE] From peer 1: 2048 bytes
[MESSAGE] From peer 1: 2048 bytes
[MESSAGE] From peer 1: 2048 bytes
[MESSAGE] From peer 1: 2048 bytes
[MESSAGE] From peer 1: 2048 bytes
[MESSAGE] From peer 1: 2048 bytes
[MESSAGE] From peer 1: 2048 bytes
[MESSAGE] From peer 1: 2048 bytes
[MESSAGE] From peer 1: 2048 bytes
[MESSAGE] From peer 1: 2048 bytes
[MESSAGE] From peer 1: 2048 bytes
[MESSAGE] From peer 1: 2048 bytes
[MESSAGE] From peer 1: 2048 bytes
[MESSAGE] From peer 1: 2048 bytes
[MESSAGE] From peer 1: 2048 bytes
[MESSAGE] From peer 1: 2048 bytes
[MESSAGE] From peer 1: 2048 bytes
[MESSAGE] From peer 1: 2048 bytes
[MESSAGE] From peer 1: 2048 bytes
[MESSAGE] From peer 1: 2048 bytes
[MESSAGE] From peer 1: 2048 bytes
[MESSAGE] From peer 1: 2048 bytes
[MESSAGE] From peer 1: 2048 bytes
[MESSAGE] From peer 1: 2048 bytes
[MESSAGE] From peer 1: 2048 bytes
[MESSAGE] From peer 1: 2048 bytes
[MESSAGE] From peer 1: 2048 bytes
[MESSAGE] From peer 1: 2048 bytes
[MESSAGE] From peer 1: 2048 bytes
[MESSAGE] From peer 1: 2048 bytes
[ECHO] 6600 messages echoed
[MESSAGE] From peer 1: 2048 bytes
[MESSAGE] From peer 1: 2048 bytes
[MESSAGE] From peer 1: 2048 bytes
[MESSAGE] From peer 1: 2048 bytes
[MESSAGE] From peer 1: 2048 bytes
[MESSAGE] From peer 1: 2048 bytes
[MESSAGE] From peer 1: 2048 bytes
[MESSAGE] From peer 1: 2048 bytes
[MESSAGE] From peer 1: 2048 bytes
[MESSAGE] From peer 1: 2048 bytes
[MESSAGE] From peer 1: 2048 bytes
[MESSAGE] From peer 1: 2048 bytes
[MESSAGE] From peer 1: 2048 bytes
[MESSAGE] From peer 1: 2048 bytes
[MESSAGE] From peer 1: 2048 bytes
[MESSAGE] From peer 1: 2048 bytes
[MESSAGE] From peer 1: 2048 bytes
[MESSAGE] From peer 1: 2048 bytes
[MESSAGE] From peer 1: 2048 bytes
[MESSAGE] From peer 1: 2048 bytes
[MESSAGE] From peer 1: 2048 bytes
[MESSAGE] From peer 1: 2048 bytes
[MESSAGE] From peer 1: 2048 bytes
[MESSAGE] From peer 1: 2048 bytes
[MESSAGE] From peer 1: 2048 bytes
[MESSAGE] From peer 1: 2048 bytes
[MESSAGE] From peer 1: 2048 bytes
[MESSAGE] From peer 1: 2048 bytes
[MESSAGE] From peer 1: 2048 bytes
[MESSAGE] From peer 1: 2048 bytes
[MESSAGE] From peer 1: 2048 bytes
[MESSAGE] From peer 1: 2048 bytes
[MESSAGE] From peer 1: 2048 bytes
[MESSAGE] From peer 1: 2048 bytes
[MESSAGE] From peer 1: 2048 bytes
[MESSAGE] From peer 1: 2048 bytes
[MESSAGE] From peer 1: 2048 bytes
[MESSAGE] From peer 1: 2048 bytes
[MESSAGE] From peer 1: 2048 bytes
[MESSAGE] From peer 1: 2048 bytes
[MESSAGE] From peer 1: 2048 bytes
[MESSAGE] From peer 1: 2048 bytes
[MESSAGE] From peer 1: 2048 bytes
[MESSAGE] From peer 1: 2048 bytes
[MESSAGE] From peer 1: 2048 bytes
[MESSAGE] From peer 1: 2048 bytes
[MESSAGE] From peer 1: 2048 bytes
[MESSAGE] From peer 1: 2048 bytes
[MESSAGE] From peer 1: 2048 bytes
[MESSAGE] From peer 1: 2048 bytes
[MESSAGE] From peer 1: 2048 bytes
[MESSAGE] From peer 1: 2048 bytes
[MESSAGE] From peer 1: 2048 bytes
[MESSAGE] From peer 1: 2048 bytes
[MESSAGE] From peer 1: 2048 bytes
[MESSAGE] From peer 1: 2048 bytes
[MESSAGE] From peer 1: 2048 bytes
[MESSAGE] From peer 1: 2048 bytes
[MESSAGE] From peer 1: 2048 bytes
[MESSAGE] From peer 1: 2048 bytes
[MESSAGE] From peer 1: 2048 bytes
[MESSAGE] From peer 1: 2048 bytes
[MESSAGE] From peer 1: 2048 bytes
[MESSAGE] From peer 1: 2048 bytes
[MESSAGE] From peer 1: 2048 bytes
[MESSAGE] From peer 1: 2048 bytes
[MESSAGE] From peer 1: 2048 bytes
[MESSAGE] From peer 1: 2048 bytes
[MESSAGE] From peer 1: 2048 bytes
[MESSAGE] From peer 1: 2048 bytes
[MESSAGE] From peer 1: 2048 bytes
[MESSAGE] From peer 1: 2048 bytes
[MESSAGE] From peer 1: 2048 bytes
[MESSAGE] From peer 1: 2048 bytes
[MESSAGE] From peer 1: 2048 bytes
[MESSAGE] From peer 1: 2048 bytes
[MESSAGE] From peer 1: 2048 bytes
[MESSAGE] From peer 1: 2048 bytes
[MESSAGE] From peer 1: 2048 bytes
[MESSAGE] From peer 1: 2048 bytes
[MESSAGE] From peer 1: 2048 bytes
[MESSAGE] From peer 1: 2048 bytes
[MESSAGE] From peer 1: 2048 bytes
[MESSAGE] From peer 1: 2048 bytes
[MESSAGE] From peer 1: 2048 bytes
[MESSAGE] From peer 1: 2048 bytes
[MESSAGE] From peer 1: 2048 bytes
[MESSAGE] From peer 1: 2048 bytes
[MESSAGE] From peer 1: 2048 bytes
[MESSAGE] From peer 1: 2048 bytes
[MESSAGE] From peer 1: 2048 bytes
[MESSAGE] From peer 1: 2048 bytes
[MESSAGE] From peer 1: 2048 bytes
[MESSAGE] From peer 1: 2048 bytes
[MESSAGE] From peer 1: 2048 bytes
[MESSAGE] From peer 1: 2048 bytes
[MESSAGE] From peer 1: 2048 bytes
[MESSAGE] From peer 1: 2048 bytes
[MESSAGE] From peer 1: 2048 bytes
[MESSAGE] From peer 1: 2048 bytes
[ECHO] 6700 messages echoed
[MESSAGE] From peer 1: 2048 bytes
[MESSAGE] From peer 1: 2048 bytes
[MESSAGE] From peer 1: 2048 bytes
[MESSAGE] From peer 1: 2048 bytes
[MESSAGE] From peer 1: 2048 bytes
[MESSAGE] From peer 1: 2048 bytes
[MESSAGE] From peer 1: 2048 bytes
[MESSAGE] From peer 1: 2048 bytes
[MESSAGE] From peer 1: 2048 bytes
[MESSAGE] From peer 1: 2048 bytes
[MESSAGE] From peer 1: 2048 bytes
[MESSAGE] From peer 1: 2048 bytes
[MESSAGE] From peer 1: 2048 bytes
[MESSAGE] From peer 1: 2048 bytes
[MESSAGE] From peer 1: 2048 bytes
[MESSAGE] From peer 1: 2048 bytes
[MESSAGE] From peer 1: 2048 bytes
[MESSAGE] From peer 1: 2048 bytes
[MESSAGE] From peer 1: 2048 bytes
[MESSAGE] From peer 1: 2048 bytes
[MESSAGE] From peer 1: 2048 bytes
[MESSAGE] From peer 1: 2048 bytes
[MESSAGE] From peer 1: 2048 bytes
[MESSAGE] From peer 1: 2048 bytes
[MESSAGE] From peer 1: 2048 bytes
[MESSAGE] From peer 1: 2048 bytes
[MESSAGE] From peer 1: 2048 bytes
[MESSAGE] From peer 1: 2048 bytes
[MESSAGE] From peer 1: 2048 bytes
[MESSAGE] From peer 1: 2048 bytes
[MESSAGE] From peer 1: 2048 bytes
[MESSAGE] From peer 1: 2048 bytes
[MESSAGE] From peer 1: 2048 bytes
[MESSAGE] From peer 1: 2048 bytes
[MESSAGE] From peer 1: 2048 bytes
[MESSAGE] From peer 1: 2048 bytes
[MESSAGE] From peer 1: 2048 bytes
[MESSAGE] From peer 1: 2048 bytes
[MESSAGE] From peer 1: 2048 bytes
[MESSAGE] From peer 1: 2048 bytes
[MESSAGE] From peer 1: 2048 bytes
[MESSAGE] From peer 1: 2048 bytes
[MESSAGE] From peer 1: 2048 bytes
[MESSAGE] From peer 1: 2048 bytes
[MESSAGE] From peer 1: 2048 bytes
[MESSAGE] From peer 1: 2048 bytes
[MESSAGE] From peer 1: 2048 bytes
[MESSAGE] From peer 1: 2048 bytes
[MESSAGE] From peer 1: 2048 bytes
[MESSAGE] From peer 1: 2048 bytes
[MESSAGE] From peer 1: 2048 bytes
[MESSAGE] From peer 1: 2048 bytes
[MESSAGE] From peer 1: 2048 bytes
[MESSAGE] From peer 1: 2048 bytes
[MESSAGE] From peer 1: 2048 bytes
[MESSAGE] From peer 1: 2048 bytes
[MESSAGE] From peer 1: 2048 bytes
[MESSAGE] From peer 1: 2048 bytes
[MESSAGE] From peer 1: 2048 bytes
[MESSAGE] From peer 1: 2048 bytes
[MESSAGE] From peer 1: 2048 bytes
[MESSAGE] From peer 1: 2048 bytes
[MESSAGE] From peer 1: 2048 bytes
[MESSAGE] From peer 1: 2048 bytes
[STATUS] 130 sec: peers=7, msgs=6764, connected=yes
[MESSAGE] From peer 1: 2048 bytes
[MESSAGE] From peer 1: 2048 bytes
[MESSAGE] From peer 1: 2048 bytes
[MESSAGE] From peer 1: 2048 bytes
[MESSAGE] From peer 1: 2048 bytes
[MESSAGE] From peer 1: 2048 bytes
[MESSAGE] From peer 1: 2048 bytes
[MESSAGE] From peer 1: 2048 bytes
[MESSAGE] From peer 1: 2048 bytes
[MESSAGE] From peer 1: 2048 bytes
[MESSAGE] From peer 1: 2048 bytes
[MESSAGE] From peer 1: 2048 bytes
[MESSAGE] From peer 1: 2048 bytes
[MESSAGE] From peer 1: 2048 bytes
[MESSAGE] From peer 1: 2048 bytes
[MESSAGE] From peer 1: 2048 bytes
[MESSAGE] From peer 1: 2048 bytes
[MESSAGE] From peer 1: 2048 bytes
[MESSAGE] From peer 1: 2048 bytes
[MESSAGE] From peer 1: 2048 bytes
[MESSAGE] From peer 1: 2048 bytes
[MESSAGE] From peer 1: 2048 bytes
[MESSAGE] From peer 1: 2048 bytes
[MESSAGE] From peer 1: 2048 bytes
[MESSAGE] From peer 1: 2048 bytes
[MESSAGE] From peer 1: 2048 bytes
[MESSAGE] From peer 1: 2048 bytes
[MESSAGE] From peer 1: 2048 bytes
[MESSAGE] From peer 1: 2048 bytes
[MESSAGE] From peer 1: 2048 bytes
[MESSAGE] From peer 1: 2048 bytes
[MESSAGE] From peer 1: 2048 bytes
[MESSAGE] From peer 1: 2048 bytes
[MESSAGE] From peer 1: 2048 bytes
[MESSAGE] From peer 1: 2048 bytes
[MESSAGE] From peer 1: 2048 bytes
[ECHO] 6800 messages echoed
[MESSAGE] From peer 1: 2048 bytes
[MESSAGE] From peer 1: 2048 bytes
[MESSAGE] From peer 1: 2048 bytes
[MESSAGE] From peer 1: 2048 bytes
[MESSAGE] From peer 1: 2048 bytes
[MESSAGE] From peer 1: 2048 bytes
[MESSAGE] From peer 1: 2048 bytes
[MESSAGE] From peer 1: 2048 bytes
[MESSAGE] From peer 1: 2048 bytes
[MESSAGE] From peer 1: 2048 bytes
[MESSAGE] From peer 1: 2048 bytes
[MESSAGE] From peer 1: 2048 bytes
[MESSAGE] From peer 1: 2048 bytes
[MESSAGE] From peer 1: 2048 bytes
[MESSAGE] From peer 1: 2048 bytes
[MESSAGE] From peer 1: 2048 bytes
[MESSAGE] From peer 1: 2048 bytes
[MESSAGE] From peer 1: 2048 bytes
[MESSAGE] From peer 1: 2048 bytes
[MESSAGE] From peer 1: 2048 bytes
[MESSAGE] From peer 1: 2048 bytes
[MESSAGE] From peer 1: 2048 bytes
[MESSAGE] From peer 1: 2048 bytes
[MESSAGE] From peer 1: 2048 bytes
[MESSAGE] From peer 1: 2048 bytes
[MESSAGE] From peer 1: 2048 bytes
[MESSAGE] From peer 1: 2048 bytes
[MESSAGE] From peer 1: 2048 bytes
[MESSAGE] From peer 1: 2048 bytes
[MESSAGE] From peer 1: 2048 bytes
[MESSAGE] From peer 1: 2048 bytes
[MESSAGE] From peer 1: 2048 bytes
[MESSAGE] From peer 1: 2048 bytes
[MESSAGE] From peer 1: 2048 bytes
[MESSAGE] From peer 1: 2048 bytes
[MESSAGE] From peer 1: 2048 bytes
[MESSAGE] From peer 1: 2048 bytes
[MESSAGE] From peer 1: 2048 bytes
[MESSAGE] From peer 1: 2048 bytes
[MESSAGE] From peer 1: 2048 bytes
[MESSAGE] From peer 1: 2048 bytes
[MESSAGE] From peer 1: 2048 bytes
[MESSAGE] From peer 1: 2048 bytes
[MESSAGE] From peer 1: 2048 bytes
[MESSAGE] From peer 1: 2048 bytes
[MESSAGE] From peer 1: 2048 bytes
[MESSAGE] From peer 1: 2048 bytes
[MESSAGE] From peer 1: 2048 bytes
[MESSAGE] From peer 1: 2048 bytes
[MESSAGE] From peer 1: 2048 bytes
[MESSAGE] From peer 1: 2048 bytes
[MESSAGE] From peer 1: 2048 bytes
[MESSAGE] From peer 1: 2048 bytes
[MESSAGE] From peer 1: 2048 bytes
[MESSAGE] From peer 1: 2048 bytes
[MESSAGE] From peer 1: 2048 bytes
[MESSAGE] From peer 1: 2048 bytes
[MESSAGE] From peer 1: 2048 bytes
[MESSAGE] From peer 1: 2048 bytes
[MESSAGE] From peer 1: 2048 bytes
[MESSAGE] From peer 1: 2048 bytes
[MESSAGE] From peer 1: 2048 bytes
[MESSAGE] From peer 1: 2048 bytes
[MESSAGE] From peer 1: 2048 bytes
[MESSAGE] From peer 1: 2048 bytes
[MESSAGE] From peer 1: 2048 bytes
[MESSAGE] From peer 1: 2048 bytes
[MESSAGE] From peer 1: 2048 bytes
[MESSAGE] From peer 1: 2048 bytes
[MESSAGE] From peer 1: 2048 bytes
[MESSAGE] From peer 1: 2048 bytes
[MESSAGE] From peer 1: 2048 bytes
[MESSAGE] From peer 1: 2048 bytes
[MESSAGE] From peer 1: 2048 bytes
[MESSAGE] From peer 1: 2048 bytes
[MESSAGE] From peer 1: 2048 bytes
[MESSAGE] From peer 1: 2048 bytes
[MESSAGE] From peer 1: 2048 bytes
[MESSAGE] From peer 1: 2048 bytes
[MESSAGE] From peer 1: 2048 bytes
[MESSAGE] From peer 1: 2048 bytes
[MESSAGE] From peer 1: 2048 bytes
[MESSAGE] From peer 1: 2048 bytes
[MESSAGE] From peer 1: 2048 bytes
[MESSAGE] From peer 1: 2048 bytes
[MESSAGE] From peer 1: 2048 bytes
[MESSAGE] From peer 1: 2048 bytes
[MESSAGE] From peer 1: 2048 bytes
[MESSAGE] From peer 1: 2048 bytes
[MESSAGE] From peer 1: 2048 bytes
[MESSAGE] From peer 1: 2048 bytes
[MESSAGE] From peer 1: 2048 bytes
[MESSAGE] From peer 1: 2048 bytes
[MESSAGE] From peer 1: 2048 bytes
[MESSAGE] From peer 1: 2048 bytes
[MESSAGE] From peer 1: 2048 bytes
[MESSAGE] From peer 1: 2048 bytes
[MESSAGE] From peer 1: 2048 bytes
[MESSAGE] From peer 1: 2048 bytes
[MESSAGE] From peer 1: 2048 bytes
[ECHO] 6900 messages echoed
[MESSAGE] From peer 1: 2048 bytes
[MESSAGE] From peer 1: 2048 bytes
[MESSAGE] From peer 1: 2048 bytes
[MESSAGE] From peer 1: 2048 bytes
[MESSAGE] From peer 1: 2048 bytes
[MESSAGE] From peer 1: 2048 bytes
[MESSAGE] From peer 1: 2048 bytes
[MESSAGE] From peer 1: 2048 bytes
[MESSAGE] From peer 1: 2048 bytes
[MESSAGE] From peer 1: 2048 bytes
[MESSAGE] From peer 1: 2048 bytes
[MESSAGE] From peer 1: 2048 bytes
[MESSAGE] From peer 1: 2048 bytes
[MESSAGE] From peer 1: 2048 bytes
[MESSAGE] From peer 1: 2048 bytes
[MESSAGE] From peer 1: 2048 bytes
[MESSAGE] From peer 1: 2048 bytes
[MESSAGE] From peer 1: 2048 bytes
[MESSAGE] From peer 1: 2048 bytes
[MESSAGE] From peer 1: 2048 bytes
[MESSAGE] From peer 1: 2048 bytes
[MESSAGE] From peer 1: 2048 bytes
[MESSAGE] From peer 1: 2048 bytes
[MESSAGE] From peer 1: 2048 bytes
[MESSAGE] From peer 1: 2048 bytes
[MESSAGE] From peer 1: 2048 bytes
[MESSAGE] From peer 1: 2048 bytes
[MESSAGE] From peer 1: 2048 bytes
[MESSAGE] From peer 1: 2048 bytes
[MESSAGE] From peer 1: 2048 bytes
[MESSAGE] From peer 1: 2048 bytes
[MESSAGE] From peer 1: 2048 bytes
[MESSAGE] From peer 1: 2048 bytes
[MESSAGE] From peer 1: 2048 bytes
[MESSAGE] From peer 1: 2048 bytes
[MESSAGE] From peer 1: 2048 bytes
[MESSAGE] From peer 1: 2048 bytes
[MESSAGE] From peer 1: 2048 bytes
[MESSAGE] From peer 1: 2048 bytes
[MESSAGE] From peer 1: 2048 bytes
[MESSAGE] From peer 1: 2048 bytes
[MESSAGE] From peer 1: 2048 bytes
[MESSAGE] From peer 1: 2048 bytes
[MESSAGE] From peer 1: 2048 bytes
[MESSAGE] From peer 1: 2048 bytes
[MESSAGE] From peer 1: 2048 bytes
[MESSAGE] From peer 1: 2048 bytes
[MESSAGE] From peer 1: 2048 bytes
[MESSAGE] From peer 1: 2048 bytes
[MESSAGE] From peer 1: 2048 bytes
[MESSAGE] From peer 1: 2048 bytes
[MESSAGE] From peer 1: 2048 bytes
[MESSAGE] From peer 1: 2048 bytes
[MESSAGE] From peer 1: 2048 bytes
[MESSAGE] From peer 1: 2048 bytes
[MESSAGE] From peer 1: 2048 bytes
[MESSAGE] From peer 1: 2048 bytes
[MESSAGE] From peer 1: 2048 bytes
[MESSAGE] From peer 1: 2048 bytes
[MESSAGE] From peer 1: 2048 bytes
[MESSAGE] From peer 1: 2048 bytes
[MESSAGE] From peer 1: 2048 bytes
[MESSAGE] From peer 1: 2048 bytes
[MESSAGE] From peer 1: 2048 bytes
[MESSAGE] From peer 1: 2048 bytes
[MESSAGE] From peer 1: 2048 bytes
[MESSAGE] From peer 1: 2048 bytes
[MESSAGE] From peer 1: 2048 bytes
[MESSAGE] From peer 1: 2048 bytes
[MESSAGE] From peer 1: 2048 bytes
[MESSAGE] From peer 1: 2048 bytes
[MESSAGE] From peer 1: 2048 bytes
[MESSAGE] From peer 1: 2048 bytes
[MESSAGE] From peer 1: 2048 bytes
[MESSAGE] From peer 1: 2048 bytes
[MESSAGE] From peer 1: 2048 bytes
[MESSAGE] From peer 1: 2048 bytes
[MESSAGE] From peer 1: 2048 bytes
[MESSAGE] From peer 1: 2048 bytes
[MESSAGE] From peer 1: 2048 bytes
[MESSAGE] From peer 1: 2048 bytes
[MESSAGE] From peer 1: 2048 bytes
[MESSAGE] From peer 1: 2048 bytes
[MESSAGE] From peer 1: 2048 bytes
[MESSAGE] From peer 1: 2048 bytes
[MESSAGE] From peer 1: 2048 bytes
[MESSAGE] From peer 1: 2048 bytes
[MESSAGE] From peer 1: 2048 bytes
[MESSAGE] From peer 1: 2048 bytes
[MESSAGE] From peer 1: 2048 bytes
[MESSAGE] From peer 1: 2048 bytes
[MESSAGE] From peer 1: 2048 bytes
[MESSAGE] From peer 1: 2048 bytes
[MESSAGE] From peer 1: 2048 bytes
[MESSAGE] From peer 1: 2048 bytes
[MESSAGE] From peer 1: 2048 bytes
[MESSAGE] From peer 1: 2048 bytes
[MESSAGE] From peer 1: 2048 bytes
[MESSAGE] From peer 1: 2048 bytes
[MESSAGE] From peer 1: 2048 bytes
[ECHO] 7000 messages echoed
[MESSAGE] From peer 1: 2048 bytes
[MESSAGE] From peer 1: 2048 bytes
[MESSAGE] From peer 1: 2048 bytes
[MESSAGE] From peer 1: 2048 bytes
[MESSAGE] From peer 1: 2048 bytes
[MESSAGE] From peer 1: 2048 bytes
[MESSAGE] From peer 1: 2048 bytes
[MESSAGE] From peer 1: 2048 bytes
[MESSAGE] From peer 1: 2048 bytes
[MESSAGE] From peer 1: 2048 bytes
[MESSAGE] From peer 1: 2048 bytes
[MESSAGE] From peer 1: 2048 bytes
[MESSAGE] From peer 1: 2048 bytes
[MESSAGE] From peer 1: 2048 bytes
[MESSAGE] From peer 1: 2048 bytes
[MESSAGE] From peer 1: 2048 bytes
[MESSAGE] From peer 1: 2048 bytes
[MESSAGE] From peer 1: 2048 bytes
[MESSAGE] From peer 1: 2048 bytes
[MESSAGE] From peer 1: 2048 bytes
[MESSAGE] From peer 1: 2048 bytes
[MESSAGE] From peer 1: 2048 bytes
[MESSAGE] From peer 1: 2048 bytes
[MESSAGE] From peer 1: 2048 bytes
[MESSAGE] From peer 1: 2048 bytes
[MESSAGE] From peer 1: 2048 bytes
[MESSAGE] From peer 1: 2048 bytes
[MESSAGE] From peer 1: 2048 bytes
[MESSAGE] From peer 1: 2048 bytes
[MESSAGE] From peer 1: 2048 bytes
[MESSAGE] From peer 1: 2048 bytes
[MESSAGE] From peer 1: 2048 bytes
[MESSAGE] From peer 1: 2048 bytes
[MESSAGE] From peer 1: 2048 bytes
[MESSAGE] From peer 1: 2048 bytes
[MESSAGE] From peer 1: 2048 bytes
[MESSAGE] From peer 1: 2048 bytes
[MESSAGE] From peer 1: 2048 bytes
[MESSAGE] From peer 1: 2048 bytes
[MESSAGE] From peer 1: 2048 bytes
[MESSAGE] From peer 1: 2048 bytes
[MESSAGE] From peer 1: 2048 bytes
[MESSAGE] From peer 1: 2048 bytes
[MESSAGE] From peer 1: 2048 bytes
[MESSAGE] From peer 1: 2048 bytes
[MESSAGE] From peer 1: 2048 bytes
[MESSAGE] From peer 1: 2048 bytes
[MESSAGE] From peer 1: 2048 bytes
[MESSAGE] From peer 1: 2048 bytes
[MESSAGE] From peer 1: 2048 bytes
[MESSAGE] From peer 1: 2048 bytes
[MESSAGE] From peer 1: 2048 bytes
[MESSAGE] From peer 1: 2048 bytes
[MESSAGE] From peer 1: 2048 bytes
[MESSAGE] From peer 1: 2048 bytes
[MESSAGE] From peer 1: 2048 bytes
[MESSAGE] From peer 1: 2048 bytes
[MESSAGE] From peer 1: 2048 bytes
[MESSAGE] From peer 1: 2048 bytes
[MESSAGE] From peer 1: 2048 bytes
[MESSAGE] From peer 1: 2048 bytes
[MESSAGE] From peer 1: 2048 bytes
[MESSAGE] From peer 1: 2048 bytes
[MESSAGE] From peer 1: 2048 bytes
[MESSAGE] From peer 1: 2048 bytes
[MESSAGE] From peer 1: 2048 bytes
[MESSAGE] From peer 1: 2048 bytes
[MESSAGE] From peer 1: 2048 bytes
[MESSAGE] From peer 1: 2048 bytes
[MESSAGE] From peer 1: 2048 bytes
[MESSAGE] From peer 1: 2048 bytes
[MESSAGE] From peer 1: 2048 bytes
[MESSAGE] From peer 1: 2048 bytes
[MESSAGE] From peer 1: 2048 bytes
[MESSAGE] From peer 1: 2048 bytes
[MESSAGE] From peer 1: 2048 bytes
[DISCOVERED] Peer 2: "MacThroughput" at 10.188.1.213:7354
[MESSAGE] From peer 1: 2048 bytes
[MESSAGE] From peer 1: 2048 bytes
[MESSAGE] From peer 1: 2048 bytes
[MESSAGE] From peer 1: 2048 bytes
[MESSAGE] From peer 1: 2048 bytes
[MESSAGE] From peer 1: 2048 bytes
[MESSAGE] From peer 1: 2048 bytes
[MESSAGE] From peer 1: 2048 bytes
[MESSAGE] From peer 1: 2048 bytes
[MESSAGE] From peer 1: 2048 bytes
[MESSAGE] From peer 1: 2048 bytes
[MESSAGE] From peer 1: 2048 bytes
[MESSAGE] From peer 1: 2048 bytes
[MESSAGE] From peer 1: 2048 bytes
[MESSAGE] From peer 1: 2048 bytes
[MESSAGE] From peer 1: 2048 bytes
[MESSAGE] From peer 1: 2048 bytes
[MESSAGE] From peer 1: 2048 bytes
[MESSAGE] From peer 1: 2048 bytes
[MESSAGE] From peer 1: 2048 bytes
[MESSAGE] From peer 1: 2048 bytes
[MESSAGE] From peer 1: 2048 bytes
[MESSAGE] From peer 1: 2048 bytes
[MESSAGE] From peer 1: 2048 bytes
[ECHO] 7100 messages echoed
[MESSAGE] From peer 1: 2048 bytes
[MESSAGE] From peer 1: 2048 bytes
[MESSAGE] From peer 1: 2048 bytes
[MESSAGE] From peer 1: 2048 bytes
[MESSAGE] From peer 1: 2048 bytes
[MESSAGE] From peer 1: 2048 bytes
[MESSAGE] From peer 1: 2048 bytes
[MESSAGE] From peer 1: 2048 bytes
[MESSAGE] From peer 1: 2048 bytes
[MESSAGE] From peer 1: 2048 bytes
[MESSAGE] From peer 1: 2048 bytes
[MESSAGE] From peer 1: 2048 bytes
[MESSAGE] From peer 1: 2048 bytes
[MESSAGE] From peer 1: 2048 bytes
[MESSAGE] From peer 1: 2048 bytes
[MESSAGE] From peer 1: 2048 bytes
[MESSAGE] From peer 1: 2048 bytes
[MESSAGE] From peer 1: 2048 bytes
[MESSAGE] From peer 1: 2048 bytes
[MESSAGE] From peer 1: 2048 bytes
[MESSAGE] From peer 1: 2048 bytes
[MESSAGE] From peer 1: 2048 bytes
[MESSAGE] From peer 1: 2048 bytes
[MESSAGE] From peer 1: 2048 bytes
[MESSAGE] From peer 1: 2048 bytes
[MESSAGE] From peer 1: 2048 bytes
[MESSAGE] From peer 1: 2048 bytes
[MESSAGE] From peer 1: 2048 bytes
[MESSAGE] From peer 1: 2048 bytes
[MESSAGE] From peer 1: 2048 bytes
[MESSAGE] From peer 1: 2048 bytes
[MESSAGE] From peer 1: 2048 bytes
[MESSAGE] From peer 1: 2048 bytes
[MESSAGE] From peer 1: 2048 bytes
[MESSAGE] From peer 1: 2048 bytes
[MESSAGE] From peer 1: 2048 bytes
[MESSAGE] From peer 1: 2048 bytes
[MESSAGE] From peer 1: 2048 bytes
[MESSAGE] From peer 1: 2048 bytes
[MESSAGE] From peer 1: 2048 bytes
[MESSAGE] From peer 1: 2048 bytes
[MESSAGE] From peer 1: 2048 bytes
[MESSAGE] From peer 1: 2048 bytes
[MESSAGE] From peer 1: 2048 bytes
[MESSAGE] From peer 1: 2048 bytes
[MESSAGE] From peer 1: 2048 bytes
[MESSAGE] From peer 1: 2048 bytes
[MESSAGE] From peer 1: 2048 bytes
[MESSAGE] From peer 1: 2048 bytes
[MESSAGE] From peer 1: 2048 bytes
[MESSAGE] From peer 1: 2048 bytes
[MESSAGE] From peer 1: 2048 bytes
[MESSAGE] From peer 1: 2048 bytes
[MESSAGE] From peer 1: 2048 bytes
[MESSAGE] From peer 1: 2048 bytes
[MESSAGE] From peer 1: 2048 bytes
[MESSAGE] From peer 1: 2048 bytes
[MESSAGE] From peer 1: 2048 bytes
[MESSAGE] From peer 1: 2048 bytes
[MESSAGE] From peer 1: 2048 bytes
[MESSAGE] From peer 1: 2048 bytes
[MESSAGE] From peer 1: 2048 bytes
[MESSAGE] From peer 1: 2048 bytes
[MESSAGE] From peer 1: 2048 bytes
[MESSAGE] From peer 1: 2048 bytes
[MESSAGE] From peer 1: 2048 bytes
[MESSAGE] From peer 1: 2048 bytes
[MESSAGE] From peer 1: 2048 bytes
[MESSAGE] From peer 1: 2048 bytes
[MESSAGE] From peer 1: 2048 bytes
[MESSAGE] From peer 1: 2048 bytes
[MESSAGE] From peer 1: 2048 bytes
[MESSAGE] From peer 1: 2048 bytes
[MESSAGE] From peer 1: 2048 bytes
[MESSAGE] From peer 1: 2048 bytes
[MESSAGE] From peer 1: 2048 bytes
[MESSAGE] From peer 1: 2048 bytes
[MESSAGE] From peer 1: 2048 bytes
[MESSAGE] From peer 1: 2048 bytes
[MESSAGE] From peer 1: 2048 bytes
[MESSAGE] From peer 1: 2048 bytes
[MESSAGE] From peer 1: 2048 bytes
[MESSAGE] From peer 1: 2048 bytes
[MESSAGE] From peer 1: 2048 bytes
[MESSAGE] From peer 1: 2048 bytes
[MESSAGE] From peer 1: 2048 bytes
[MESSAGE] From peer 1: 2048 bytes
[MESSAGE] From peer 1: 2048 bytes
[MESSAGE] From peer 1: 2048 bytes
[MESSAGE] From peer 1: 2048 bytes
[MESSAGE] From peer 1: 2048 bytes
[MESSAGE] From peer 1: 2048 bytes
[MESSAGE] From peer 1: 2048 bytes
[MESSAGE] From peer 1: 2048 bytes
[MESSAGE] From peer 1: 2048 bytes
[MESSAGE] From peer 1: 2048 bytes
[MESSAGE] From peer 1: 2048 bytes
[MESSAGE] From peer 1: 2048 bytes
[MESSAGE] From peer 1: 2048 bytes
[MESSAGE] From peer 1: 2048 bytes
[ECHO] 7200 messages echoed
[MESSAGE] From peer 1: 2048 bytes
[MESSAGE] From peer 1: 2048 bytes
[MESSAGE] From peer 1: 2048 bytes
[MESSAGE] From peer 1: 2048 bytes
[MESSAGE] From peer 1: 2048 bytes
[MESSAGE] From peer 1: 2048 bytes
[MESSAGE] From peer 1: 2048 bytes
[MESSAGE] From peer 1: 2048 bytes
[MESSAGE] From peer 1: 2048 bytes
[MESSAGE] From peer 1: 2048 bytes
[MESSAGE] From peer 1: 2048 bytes
[MESSAGE] From peer 1: 2048 bytes
[MESSAGE] From peer 1: 2048 bytes
[MESSAGE] From peer 1: 2048 bytes
[MESSAGE] From peer 1: 2048 bytes
[MESSAGE] From peer 1: 2048 bytes
[MESSAGE] From peer 1: 2048 bytes
[MESSAGE] From peer 1: 2048 bytes
[MESSAGE] From peer 1: 2048 bytes
[MESSAGE] From peer 1: 2048 bytes
[MESSAGE] From peer 1: 2048 bytes
[MESSAGE] From peer 1: 2048 bytes
[MESSAGE] From peer 1: 2048 bytes
[MESSAGE] From peer 1: 2048 bytes
[MESSAGE] From peer 1: 2048 bytes
[STATUS] 140 sec: peers=8, msgs=7225, connected=yes
[MESSAGE] From peer 1: 2048 bytes
[MESSAGE] From peer 1: 2048 bytes
[MESSAGE] From peer 1: 2048 bytes
[MESSAGE] From peer 1: 2048 bytes
[MESSAGE] From peer 1: 2048 bytes
[MESSAGE] From peer 1: 2048 bytes
[MESSAGE] From peer 1: 2048 bytes
[MESSAGE] From peer 1: 2048 bytes
[MESSAGE] From peer 1: 2048 bytes
[MESSAGE] From peer 1: 2048 bytes
[MESSAGE] From peer 1: 2048 bytes
[MESSAGE] From peer 1: 2048 bytes
[MESSAGE] From peer 1: 2048 bytes
[MESSAGE] From peer 1: 2048 bytes
[MESSAGE] From peer 1: 2048 bytes
[MESSAGE] From peer 1: 2048 bytes
[MESSAGE] From peer 1: 2048 bytes
[MESSAGE] From peer 1: 2048 bytes
[MESSAGE] From peer 1: 2048 bytes
[MESSAGE] From peer 1: 2048 bytes
[MESSAGE] From peer 1: 2048 bytes
[MESSAGE] From peer 1: 2048 bytes
[MESSAGE] From peer 1: 2048 bytes
[MESSAGE] From peer 1: 2048 bytes
[MESSAGE] From peer 1: 2048 bytes
[MESSAGE] From peer 1: 2048 bytes
[MESSAGE] From peer 1: 2048 bytes
[MESSAGE] From peer 1: 2048 bytes
[MESSAGE] From peer 1: 2048 bytes
[MESSAGE] From peer 1: 2048 bytes
[MESSAGE] From peer 1: 2048 bytes
[MESSAGE] From peer 1: 2048 bytes
[MESSAGE] From peer 1: 2048 bytes
[MESSAGE] From peer 1: 2048 bytes
[MESSAGE] From peer 1: 2048 bytes
[MESSAGE] From peer 1: 2048 bytes
[MESSAGE] From peer 1: 2048 bytes
[MESSAGE] From peer 1: 2048 bytes
[MESSAGE] From peer 1: 2048 bytes
[MESSAGE] From peer 1: 2048 bytes
[MESSAGE] From peer 1: 2048 bytes
[MESSAGE] From peer 1: 2048 bytes
[MESSAGE] From peer 1: 2048 bytes
[MESSAGE] From peer 1: 2048 bytes
[MESSAGE] From peer 1: 2048 bytes
[MESSAGE] From peer 1: 2048 bytes
[MESSAGE] From peer 1: 2048 bytes
[MESSAGE] From peer 1: 2048 bytes
[MESSAGE] From peer 1: 2048 bytes
[MESSAGE] From peer 1: 2048 bytes
[MESSAGE] From peer 1: 2048 bytes
[MESSAGE] From peer 1: 2048 bytes
[MESSAGE] From peer 1: 2048 bytes
[MESSAGE] From peer 1: 2048 bytes
[MESSAGE] From peer 1: 2048 bytes
[MESSAGE] From peer 1: 2048 bytes
[MESSAGE] From peer 1: 2048 bytes
[MESSAGE] From peer 1: 2048 bytes
[MESSAGE] From peer 1: 4096 bytes
[MESSAGE] From peer 1: 4096 bytes
[MESSAGE] From peer 1: 4096 bytes
[MESSAGE] From peer 1: 4096 bytes
[MESSAGE] From peer 1: 4096 bytes
[MESSAGE] From peer 1: 4096 bytes
[MESSAGE] From peer 1: 4096 bytes
[MESSAGE] From peer 1: 4096 bytes
[MESSAGE] From peer 1: 4096 bytes
[MESSAGE] From peer 1: 4096 bytes
[MESSAGE] From peer 1: 4096 bytes
[MESSAGE] From peer 1: 4096 bytes
[MESSAGE] From peer 1: 4096 bytes
[MESSAGE] From peer 1: 4096 bytes
[MESSAGE] From peer 1: 4096 bytes
[MESSAGE] From peer 1: 4096 bytes
[MESSAGE] From peer 1: 4096 bytes
[ECHO] 7300 messages echoed
[MESSAGE] From peer 1: 4096 bytes
[MESSAGE] From peer 1: 4096 bytes
[MESSAGE] From peer 1: 4096 bytes
[MESSAGE] From peer 1: 4096 bytes
[MESSAGE] From peer 1: 4096 bytes
[MESSAGE] From peer 1: 4096 bytes
[MESSAGE] From peer 1: 4096 bytes
[MESSAGE] From peer 1: 4096 bytes
[MESSAGE] From peer 1: 4096 bytes
[MESSAGE] From peer 1: 4096 bytes
[MESSAGE] From peer 1: 4096 bytes
[MESSAGE] From peer 1: 4096 bytes
[MESSAGE] From peer 1: 4096 bytes
[MESSAGE] From peer 1: 4096 bytes
[MESSAGE] From peer 1: 4096 bytes
[MESSAGE] From peer 1: 4096 bytes
[MESSAGE] From peer 1: 4096 bytes
[MESSAGE] From peer 1: 4096 bytes
[MESSAGE] From peer 1: 4096 bytes
[MESSAGE] From peer 1: 4096 bytes
[MESSAGE] From peer 1: 4096 bytes
[MESSAGE] From peer 1: 4096 bytes
[MESSAGE] From peer 1: 4096 bytes
[MESSAGE] From peer 1: 4096 bytes
[MESSAGE] From peer 1: 4096 bytes
[MESSAGE] From peer 1: 4096 bytes
[MESSAGE] From peer 1: 4096 bytes
[MESSAGE] From peer 1: 4096 bytes
[MESSAGE] From peer 1: 4096 bytes
[MESSAGE] From peer 1: 4096 bytes
[MESSAGE] From peer 1: 4096 bytes
[MESSAGE] From peer 1: 4096 bytes
[MESSAGE] From peer 1: 4096 bytes
[MESSAGE] From peer 1: 4096 bytes
[STATUS] 150 sec: peers=8, msgs=7334, connected=yes
[DISCOVERED] Peer 2: "MacThroughput" at 10.188.1.213:7354
[STATUS] 160 sec: peers=9, msgs=7334, connected=yes
[STATUS] 170 sec: peers=9, msgs=7334, connected=yes
[MESSAGE] From peer 1: 1024 bytes
[LOG] Detected log stream marker from peer 1 (IP 0x0ABC01D5)
[LOG] Started receiving logs from  (IP 0x0ABC01D5, 4308 bytes expected)
[MESSAGE] From peer 1: 1024 bytes
[LOG] Received 2048/4308 bytes
[MESSAGE] From peer 1: 1024 bytes
[LOG] Received 3072/4308 bytes
[MESSAGE] From peer 1: 1024 bytes
[LOG] Received 4096/4308 bytes
[MESSAGE] From peer 1: 212 bytes
[LOG] Received 4308/4308 bytes
[REGISTRY] Loaded 2 machines from MACHINE_REGISTRY
[LOG] Saved 4300 bytes to plan/performance/mactcp/performa6200/throughput_20260215_110357.log

========== throughput METRICS ==========
=====================================

[DISCONNECTED] Peer 1 (reason=0)
[STATUS] 180 sec: peers=9, msgs=7339, connected=no
[STATUS] 190 sec: peers=9, msgs=7339, connected=no
[STATUS] 200 sec: peers=9, msgs=7339, connected=no
[STATUS] 210 sec: peers=9, msgs=7339, connected=no
[STATUS] 220 sec: peers=9, msgs=7339, connected=no
[STATUS] 230 sec: peers=9, msgs=7339, connected=no
[STATUS] 240 sec: peers=9, msgs=7339, connected=no
[STATUS] 250 sec: peers=9, msgs=7339, connected=no
[STATUS] 260 sec: peers=9, msgs=7339, connected=no
[STATUS] 270 sec: peers=9, msgs=7339, connected=no
[STATUS] 280 sec: peers=9, msgs=7339, connected=no
[STATUS] 290 sec: peers=9, msgs=7339, connected=no
[STATUS] 300 sec: peers=9, msgs=7339, connected=no
[STATUS] 310 sec: peers=9, msgs=7339, connected=no
[STATUS] 320 sec: peers=9, msgs=7339, connected=no
[STATUS] 330 sec: peers=9, msgs=7339, connected=no
[STATUS] 340 sec: peers=9, msgs=7339, connected=no
[STATUS] 350 sec: peers=9, msgs=7339, connected=no
[STATUS] 360 sec: peers=9, msgs=7339, connected=no
[STATUS] 370 sec: peers=9, msgs=7339, connected=no
[STATUS] 380 sec: peers=9, msgs=7339, connected=no
[STATUS] 390 sec: peers=9, msgs=7339, connected=no
[STATUS] 400 sec: peers=9, msgs=7339, connected=no
[STATUS] 410 sec: peers=9, msgs=7339, connected=no
[STATUS] 420 sec: peers=9, msgs=7339, connected=no
[STATUS] 430 sec: peers=9, msgs=7339, connected=no
[STATUS] 440 sec: peers=9, msgs=7339, connected=no
[STATUS] 450 sec: peers=9, msgs=7339, connected=no
[STATUS] 460 sec: peers=9, msgs=7339, connected=no
[STATUS] 470 sec: peers=9, msgs=7339, connected=no
[STATUS] 480 sec: peers=9, msgs=7339, connected=no
[STATUS] 490 sec: peers=9, msgs=7339, connected=no
[STATUS] 500 sec: peers=9, msgs=7339, connected=no
[STATUS] 510 sec: peers=9, msgs=7339, connected=no
[STATUS] 520 sec: peers=9, msgs=7339, connected=no
[STATUS] 530 sec: peers=9, msgs=7339, connected=no
[STATUS] 540 sec: peers=9, msgs=7339, connected=no
[STATUS] 550 sec: peers=9, msgs=7339, connected=no
[STATUS] 560 sec: peers=9, msgs=7339, connected=no
[STATUS] 570 sec: peers=9, msgs=7339, connected=no
[STATUS] 580 sec: peers=9, msgs=7339, connected=no
[STATUS] 590 sec: peers=9, msgs=7339, connected=no
[STATUS] 600 sec: peers=9, msgs=7339, connected=no
[STATUS] 610 sec: peers=9, msgs=7339, connected=no
[STATUS] 620 sec: peers=9, msgs=7339, connected=no
[STATUS] 630 sec: peers=9, msgs=7339, connected=no
[STATUS] 640 sec: peers=9, msgs=7339, connected=no
[STATUS] 650 sec: peers=9, msgs=7339, connected=no
[STATUS] 660 sec: peers=9, msgs=7339, connected=no
[STATUS] 670 sec: peers=9, msgs=7339, connected=no
[STATUS] 680 sec: peers=9, msgs=7339, connected=no
[STATUS] 690 sec: peers=9, msgs=7339, connected=no
[STATUS] 700 sec: peers=9, msgs=7339, connected=no
[STATUS] 710 sec: peers=9, msgs=7339, connected=no
[STATUS] 720 sec: peers=9, msgs=7339, connected=no
[STATUS] 730 sec: peers=9, msgs=7339, connected=no
[STATUS] 740 sec: peers=9, msgs=7339, connected=no
[STATUS] 750 sec: peers=9, msgs=7339, connected=no
[STATUS] 760 sec: peers=9, msgs=7339, connected=no
[STATUS] 770 sec: peers=9, msgs=7339, connected=no
[STATUS] 780 sec: peers=9, msgs=7339, connected=no
[STATUS] 790 sec: peers=9, msgs=7339, connected=no
[STATUS] 800 sec: peers=9, msgs=7339, connected=no
[STATUS] 810 sec: peers=9, msgs=7339, connected=no
[STATUS] 820 sec: peers=9, msgs=7339, connected=no
[STATUS] 830 sec: peers=9, msgs=7339, connected=no
[STATUS] 840 sec: peers=9, msgs=7339, connected=no
[STATUS] 850 sec: peers=9, msgs=7339, connected=no
[STATUS] 860 sec: peers=9, msgs=7339, connected=no
[STATUS] 870 sec: peers=9, msgs=7339, connected=no
[STATUS] 880 sec: peers=9, msgs=7339, connected=no
[STATUS] 890 sec: peers=9, msgs=7339, connected=no
[STATUS] 900 sec: peers=9, msgs=7339, connected=no
[STATUS] 910 sec: peers=9, msgs=7339, connected=no
[STATUS] 920 sec: peers=9, msgs=7339, connected=no
[STATUS] 930 sec: peers=9, msgs=7339, connected=no
[STATUS] 940 sec: peers=9, msgs=7339, connected=no
[STATUS] 950 sec: peers=9, msgs=7339, connected=no
[STATUS] 960 sec: peers=9, msgs=7339, connected=no
[STATUS] 970 sec: peers=9, msgs=7339, connected=no
[STATUS] 980 sec: peers=9, msgs=7339, connected=no
[STATUS] 990 sec: peers=9, msgs=7339, connected=no
[STATUS] 1000 sec: peers=9, msgs=7339, connected=no
[STATUS] 1010 sec: peers=9, msgs=7339, connected=no
[STATUS] 1020 sec: peers=9, msgs=7339, connected=no
[STATUS] 1030 sec: peers=9, msgs=7339, connected=no
[STATUS] 1040 sec: peers=9, msgs=7339, connected=no
[STATUS] 1050 sec: peers=9, msgs=7339, connected=no
[STATUS] 1060 sec: peers=9, msgs=7339, connected=no
[STATUS] 1070 sec: peers=9, msgs=7339, connected=no
[STATUS] 1080 sec: peers=9, msgs=7339, connected=no
[STATUS] 1090 sec: peers=9, msgs=7339, connected=no
[STATUS] 1100 sec: peers=9, msgs=7339, connected=no
[STATUS] 1110 sec: peers=9, msgs=7339, connected=no
[STATUS] 1120 sec: peers=9, msgs=7339, connected=no
[STATUS] 1130 sec: peers=9, msgs=7339, connected=no
[STATUS] 1140 sec: peers=9, msgs=7339, connected=no
[STATUS] 1150 sec: peers=9, msgs=7339, connected=no
[STATUS] 1160 sec: peers=9, msgs=7339, connected=no
[STATUS] 1170 sec: peers=9, msgs=7339, connected=no
[STATUS] 1180 sec: peers=9, msgs=7339, connected=no
[STATUS] 1190 sec: peers=9, msgs=7339, connected=no
[STATUS] 1200 sec: peers=9, msgs=7339, connected=no
[STATUS] 1210 sec: peers=9, msgs=7339, connected=no
[STATUS] 1220 sec: peers=9, msgs=7339, connected=no
[STATUS] 1230 sec: peers=9, msgs=7339, connected=no
[STATUS] 1240 sec: peers=9, msgs=7339, connected=no
[STATUS] 1250 sec: peers=9, msgs=7339, connected=no
[STATUS] 1260 sec: peers=9, msgs=7339, connected=no
[STATUS] 1270 sec: peers=9, msgs=7339, connected=no
[STATUS] 1280 sec: peers=9, msgs=7339, connected=no
[STATUS] 1290 sec: peers=9, msgs=7339, connected=no
[STATUS] 1300 sec: peers=9, msgs=7339, connected=no
[STATUS] 1310 sec: peers=9, msgs=7339, connected=no
[STATUS] 1320 sec: peers=9, msgs=7339, connected=no
[STATUS] 1330 sec: peers=9, msgs=7339, connected=no
[STATUS] 1340 sec: peers=9, msgs=7339, connected=no
[STATUS] 1350 sec: peers=9, msgs=7339, connected=no
[STATUS] 1360 sec: peers=9, msgs=7339, connected=no
[STATUS] 1370 sec: peers=9, msgs=7339, connected=no
[STATUS] 1380 sec: peers=9, msgs=7339, connected=no
[STATUS] 1390 sec: peers=9, msgs=7339, connected=no
[STATUS] 1400 sec: peers=9, msgs=7339, connected=no
[STATUS] 1410 sec: peers=9, msgs=7339, connected=no
[STATUS] 1420 sec: peers=9, msgs=7339, connected=no
[STATUS] 1430 sec: peers=9, msgs=7339, connected=no
[STATUS] 1440 sec: peers=9, msgs=7339, connected=no
[STATUS] 1450 sec: peers=9, msgs=7339, connected=no
[STATUS] 1460 sec: peers=9, msgs=7339, connected=no
[STATUS] 1470 sec: peers=9, msgs=7339, connected=no
[STATUS] 1480 sec: peers=9, msgs=7339, connected=no
[STATUS] 1490 sec: peers=9, msgs=7339, connected=no
[STATUS] 1500 sec: peers=9, msgs=7339, connected=no
[STATUS] 1510 sec: peers=9, msgs=7339, connected=no
[STATUS] 1520 sec: peers=9, msgs=7339, connected=no
[STATUS] 1530 sec: peers=9, msgs=7339, connected=no
[STATUS] 1540 sec: peers=9, msgs=7339, connected=no
[STATUS] 1550 sec: peers=9, msgs=7339, connected=no
[STATUS] 1560 sec: peers=9, msgs=7339, connected=no
[STATUS] 1570 sec: peers=9, msgs=7339, connected=no
[STATUS] 1580 sec: peers=9, msgs=7339, connected=no
[STATUS] 1590 sec: peers=9, msgs=7339, connected=no
[STATUS] 1600 sec: peers=9, msgs=7339, connected=no
[STATUS] 1610 sec: peers=9, msgs=7339, connected=no
[STATUS] 1620 sec: peers=9, msgs=7339, connected=no
[STATUS] 1630 sec: peers=9, msgs=7339, connected=no
[STATUS] 1640 sec: peers=9, msgs=7339, connected=no
[STATUS] 1650 sec: peers=9, msgs=7339, connected=no
[STATUS] 1660 sec: peers=9, msgs=7339, connected=no
[STATUS] 1670 sec: peers=9, msgs=7339, connected=no
[STATUS] 1680 sec: peers=9, msgs=7339, connected=no
[STATUS] 1690 sec: peers=9, msgs=7339, connected=no
[STATUS] 1700 sec: peers=9, msgs=7339, connected=no
[STATUS] 1710 sec: peers=9, msgs=7339, connected=no
[STATUS] 1720 sec: peers=9, msgs=7339, connected=no
[STATUS] 1730 sec: peers=9, msgs=7339, connected=no
[STATUS] 1740 sec: peers=9, msgs=7339, connected=no
[STATUS] 1750 sec: peers=9, msgs=7339, connected=no
[STATUS] 1760 sec: peers=9, msgs=7339, connected=no
[STATUS] 1770 sec: peers=9, msgs=7339, connected=no
[STATUS] 1780 sec: peers=9, msgs=7339, connected=no
[STATUS] 1790 sec: peers=9, msgs=7339, connected=no
[STATUS] 1800 sec: peers=9, msgs=7339, connected=no
[STATUS] 1810 sec: peers=9, msgs=7339, connected=no
[STATUS] 1820 sec: peers=9, msgs=7339, connected=no
[STATUS] 1830 sec: peers=9, msgs=7339, connected=no
[STATUS] 1840 sec: peers=9, msgs=7339, connected=no
[STATUS] 1850 sec: peers=9, msgs=7339, connected=no
[STATUS] 1860 sec: peers=9, msgs=7339, connected=no
[STATUS] 1870 sec: peers=9, msgs=7339, connected=no
[STATUS] 1880 sec: peers=9, msgs=7339, connected=no
[STATUS] 1890 sec: peers=9, msgs=7339, connected=no
[STATUS] 1900 sec: peers=9, msgs=7339, connected=no
[STATUS] 1910 sec: peers=9, msgs=7339, connected=no
[STATUS] 1920 sec: peers=9, msgs=7339, connected=no
[STATUS] 1930 sec: peers=9, msgs=7339, connected=no
[STATUS] 1940 sec: peers=9, msgs=7339, connected=no
[STATUS] 1950 sec: peers=9, msgs=7339, connected=no
[STATUS] 1960 sec: peers=9, msgs=7339, connected=no
[STATUS] 1970 sec: peers=9, msgs=7339, connected=no
[STATUS] 1980 sec: peers=9, msgs=7339, connected=no
[STATUS] 1990 sec: peers=9, msgs=7339, connected=no
[STATUS] 2000 sec: peers=9, msgs=7339, connected=no
[STATUS] 2010 sec: peers=9, msgs=7339, connected=no
[STATUS] 2020 sec: peers=9, msgs=7339, connected=no
[STATUS] 2030 sec: peers=9, msgs=7339, connected=no
[STATUS] 2040 sec: peers=9, msgs=7339, connected=no
[STATUS] 2050 sec: peers=9, msgs=7339, connected=no
[STATUS] 2060 sec: peers=9, msgs=7339, connected=no
[STATUS] 2070 sec: peers=9, msgs=7339, connected=no
[STATUS] 2080 sec: peers=9, msgs=7339, connected=no
[STATUS] 2090 sec: peers=9, msgs=7339, connected=no
[STATUS] 2100 sec: peers=9, msgs=7339, connected=no
[STATUS] 2110 sec: peers=9, msgs=7339, connected=no
[STATUS] 2120 sec: peers=9, msgs=7339, connected=no
[STATUS] 2130 sec: peers=9, msgs=7339, connected=no
[STATUS] 2140 sec: peers=9, msgs=7339, connected=no
[STATUS] 2150 sec: peers=9, msgs=7339, connected=no
[STATUS] 2160 sec: peers=9, msgs=7339, connected=no
[STATUS] 2170 sec: peers=9, msgs=7339, connected=no
[STATUS] 2180 sec: peers=9, msgs=7339, connected=no
[STATUS] 2190 sec: peers=9, msgs=7339, connected=no
[STATUS] 2200 sec: peers=9, msgs=7339, connected=no
[STATUS] 2210 sec: peers=9, msgs=7339, connected=no
[STATUS] 2220 sec: peers=9, msgs=7339, connected=no
[STATUS] 2230 sec: peers=9, msgs=7339, connected=no
[STATUS] 2240 sec: peers=9, msgs=7339, connected=no
[STATUS] 2250 sec: peers=9, msgs=7339, connected=no
[STATUS] 2260 sec: peers=9, msgs=7339, connected=no
[STATUS] 2270 sec: peers=9, msgs=7339, connected=no
[STATUS] 2280 sec: peers=9, msgs=7339, connected=no
[STATUS] 2290 sec: peers=9, msgs=7339, connected=no
[STATUS] 2300 sec: peers=9, msgs=7339, connected=no
[STATUS] 2310 sec: peers=9, msgs=7339, connected=no
[STATUS] 2320 sec: peers=9, msgs=7339, connected=no
[STATUS] 2330 sec: peers=9, msgs=7339, connected=no
[STATUS] 2340 sec: peers=9, msgs=7339, connected=no
[STATUS] 2350 sec: peers=9, msgs=7339, connected=no
[STATUS] 2360 sec: peers=9, msgs=7339, connected=no
[STATUS] 2370 sec: peers=9, msgs=7339, connected=no
[STATUS] 2380 sec: peers=9, msgs=7339, connected=no
[STATUS] 2390 sec: peers=9, msgs=7339, connected=no
[STATUS] 2400 sec: peers=9, msgs=7339, connected=no
[STATUS] 2410 sec: peers=9, msgs=7339, connected=no
[STATUS] 2420 sec: peers=9, msgs=7339, connected=no
[STATUS] 2430 sec: peers=9, msgs=7339, connected=no
[STATUS] 2440 sec: peers=9, msgs=7339, connected=no
[STATUS] 2450 sec: peers=9, msgs=7339, connected=no
[STATUS] 2460 sec: peers=9, msgs=7339, connected=no
[STATUS] 2470 sec: peers=9, msgs=7339, connected=no
[STATUS] 2480 sec: peers=9, msgs=7339, connected=no
[STATUS] 2490 sec: peers=9, msgs=7339, connected=no
[STATUS] 2500 sec: peers=9, msgs=7339, connected=no
[STATUS] 2510 sec: peers=9, msgs=7339, connected=no
[STATUS] 2520 sec: peers=9, msgs=7339, connected=no
[STATUS] 2530 sec: peers=9, msgs=7339, connected=no
[STATUS] 2540 sec: peers=9, msgs=7339, connected=no
[STATUS] 2550 sec: peers=9, msgs=7339, connected=no
[STATUS] 2560 sec: peers=9, msgs=7339, connected=no
[STATUS] 2570 sec: peers=9, msgs=7339, connected=no
[STATUS] 2580 sec: peers=9, msgs=7339, connected=no
[STATUS] 2590 sec: peers=9, msgs=7339, connected=no
[STATUS] 2600 sec: peers=9, msgs=7339, connected=no
[STATUS] 2610 sec: peers=9, msgs=7339, connected=no
[STATUS] 2620 sec: peers=9, msgs=7339, connected=no
[STATUS] 2630 sec: peers=9, msgs=7339, connected=no
[STATUS] 2640 sec: peers=9, msgs=7339, connected=no
[STATUS] 2650 sec: peers=9, msgs=7339, connected=no
[STATUS] 2660 sec: peers=9, msgs=7339, connected=no
[STATUS] 2670 sec: peers=9, msgs=7339, connected=no
[STATUS] 2680 sec: peers=9, msgs=7339, connected=no
[STATUS] 2690 sec: peers=9, msgs=7339, connected=no
[STATUS] 2700 sec: peers=9, msgs=7339, connected=no
[STATUS] 2710 sec: peers=9, msgs=7339, connected=no
[STATUS] 2720 sec: peers=9, msgs=7339, connected=no
[STATUS] 2730 sec: peers=9, msgs=7339, connected=no
[STATUS] 2740 sec: peers=9, msgs=7339, connected=no
[STATUS] 2750 sec: peers=9, msgs=7339, connected=no
[STATUS] 2760 sec: peers=9, msgs=7339, connected=no
[STATUS] 2770 sec: peers=9, msgs=7339, connected=no
[STATUS] 2780 sec: peers=9, msgs=7339, connected=no
[STATUS] 2790 sec: peers=9, msgs=7339, connected=no
[STATUS] 2800 sec: peers=9, msgs=7339, connected=no
[STATUS] 2810 sec: peers=9, msgs=7339, connected=no
[STATUS] 2820 sec: peers=9, msgs=7339, connected=no
[STATUS] 2830 sec: peers=9, msgs=7339, connected=no
[STATUS] 2840 sec: peers=9, msgs=7339, connected=no
[STATUS] 2850 sec: peers=9, msgs=7339, connected=no
[STATUS] 2860 sec: peers=9, msgs=7339, connected=no
[STATUS] 2870 sec: peers=9, msgs=7339, connected=no
[STATUS] 2880 sec: peers=9, msgs=7339, connected=no
[STATUS] 2890 sec: peers=9, msgs=7339, connected=no
[STATUS] 2900 sec: peers=9, msgs=7339, connected=no
[STATUS] 2910 sec: peers=9, msgs=7339, connected=no
[STATUS] 2920 sec: peers=9, msgs=7339, connected=no
[STATUS] 2930 sec: peers=9, msgs=7339, connected=no
[STATUS] 2940 sec: peers=9, msgs=7339, connected=no
[STATUS] 2950 sec: peers=9, msgs=7339, connected=no
[STATUS] 2960 sec: peers=9, msgs=7339, connected=no
[STATUS] 2970 sec: peers=9, msgs=7339, connected=no
[STATUS] 2980 sec: peers=9, msgs=7339, connected=no
[STATUS] 2990 sec: peers=9, msgs=7339, connected=no
[STATUS] 3000 sec: peers=9, msgs=7339, connected=no
[STATUS] 3010 sec: peers=9, msgs=7339, connected=no
[STATUS] 3020 sec: peers=9, msgs=7339, connected=no
[STATUS] 3030 sec: peers=9, msgs=7339, connected=no
[STATUS] 3040 sec: peers=9, msgs=7339, connected=no
[STATUS] 3050 sec: peers=9, msgs=7339, connected=no
[STATUS] 3060 sec: peers=9, msgs=7339, connected=no
[STATUS] 3070 sec: peers=9, msgs=7339, connected=no
[STATUS] 3080 sec: peers=9, msgs=7339, connected=no
[STATUS] 3090 sec: peers=9, msgs=7339, connected=no
[DISCOVERED] Peer 1: "MacThroughput" at 10.188.1.213:7354
[STATUS] 3100 sec: peers=10, msgs=7339, connected=no
[CONNECTED] Peer 1
[CAPS] Peer 1: max_msg=4096 chunk=1024 pressure=0 [FRAG]
[CAPS] Peer buffer: recv_buf=8192 optimal_chunk=2048
[CAPS] Effective max message: 4096 bytes
[CAPS] Optimal chunk for peer: 1024 bytes
[MESSAGE] From peer 1: 256 bytes
[MESSAGE] From peer 1: 256 bytes
[MESSAGE] From peer 1: 256 bytes
[MESSAGE] From peer 1: 256 bytes
[MESSAGE] From peer 1: 256 bytes
[MESSAGE] From peer 1: 256 bytes
[MESSAGE] From peer 1: 256 bytes
[MESSAGE] From peer 1: 256 bytes
[MESSAGE] From peer 1: 256 bytes
[MESSAGE] From peer 1: 256 bytes
[MESSAGE] From peer 1: 256 bytes
[MESSAGE] From peer 1: 256 bytes
[MESSAGE] From peer 1: 256 bytes
[MESSAGE] From peer 1: 256 bytes
[MESSAGE] From peer 1: 256 bytes
[MESSAGE] From peer 1: 256 bytes
[MESSAGE] From peer 1: 256 bytes
[MESSAGE] From peer 1: 256 bytes
[MESSAGE] From peer 1: 256 bytes
[MESSAGE] From peer 1: 256 bytes
[MESSAGE] From peer 1: 256 bytes
[MESSAGE] From peer 1: 256 bytes
[MESSAGE] From peer 1: 256 bytes
[MESSAGE] From peer 1: 256 bytes
[MESSAGE] From peer 1: 256 bytes
[MESSAGE] From peer 1: 256 bytes
[MESSAGE] From peer 1: 256 bytes
[MESSAGE] From peer 1: 256 bytes
[MESSAGE] From peer 1: 256 bytes
[MESSAGE] From peer 1: 256 bytes
[MESSAGE] From peer 1: 256 bytes
[MESSAGE] From peer 1: 256 bytes
[MESSAGE] From peer 1: 256 bytes
[MESSAGE] From peer 1: 256 bytes
[MESSAGE] From peer 1: 256 bytes
[MESSAGE] From peer 1: 256 bytes
[MESSAGE] From peer 1: 256 bytes
[MESSAGE] From peer 1: 256 bytes
[MESSAGE] From peer 1: 256 bytes
[MESSAGE] From peer 1: 256 bytes
[MESSAGE] From peer 1: 256 bytes
[MESSAGE] From peer 1: 256 bytes
[MESSAGE] From peer 1: 256 bytes
[MESSAGE] From peer 1: 256 bytes
[MESSAGE] From peer 1: 256 bytes
[MESSAGE] From peer 1: 256 bytes
[MESSAGE] From peer 1: 256 bytes
[MESSAGE] From peer 1: 256 bytes
[MESSAGE] From peer 1: 256 bytes
[MESSAGE] From peer 1: 256 bytes
[MESSAGE] From peer 1: 256 bytes
[MESSAGE] From peer 1: 256 bytes
[MESSAGE] From peer 1: 256 bytes
[MESSAGE] From peer 1: 256 bytes
[MESSAGE] From peer 1: 256 bytes
[MESSAGE] From peer 1: 256 bytes
[MESSAGE] From peer 1: 256 bytes
[MESSAGE] From peer 1: 256 bytes
[MESSAGE] From peer 1: 256 bytes
[MESSAGE] From peer 1: 256 bytes
[MESSAGE] From peer 1: 256 bytes
[MESSAGE] From peer 1: 256 bytes
[MESSAGE] From peer 1: 256 bytes
[MESSAGE] From peer 1: 256 bytes
[MESSAGE] From peer 1: 256 bytes
[MESSAGE] From peer 1: 256 bytes
[ECHO] 7400 messages echoed
[MESSAGE] From peer 1: 256 bytes
[MESSAGE] From peer 1: 256 bytes
[MESSAGE] From peer 1: 256 bytes
[MESSAGE] From peer 1: 256 bytes
[MESSAGE] From peer 1: 256 bytes
[MESSAGE] From peer 1: 256 bytes
[MESSAGE] From peer 1: 256 bytes
[MESSAGE] From peer 1: 256 bytes
[MESSAGE] From peer 1: 256 bytes
[MESSAGE] From peer 1: 256 bytes
[MESSAGE] From peer 1: 256 bytes
[MESSAGE] From peer 1: 256 bytes
[MESSAGE] From peer 1: 256 bytes
[MESSAGE] From peer 1: 256 bytes
[MESSAGE] From peer 1: 256 bytes
[MESSAGE] From peer 1: 256 bytes
[MESSAGE] From peer 1: 256 bytes
[MESSAGE] From peer 1: 256 bytes
[MESSAGE] From peer 1: 256 bytes
[MESSAGE] From peer 1: 256 bytes
[MESSAGE] From peer 1: 256 bytes
[MESSAGE] From peer 1: 256 bytes
[MESSAGE] From peer 1: 256 bytes
[MESSAGE] From peer 1: 256 bytes
[MESSAGE] From peer 1: 256 bytes
[MESSAGE] From peer 1: 256 bytes
[MESSAGE] From peer 1: 256 bytes
[MESSAGE] From peer 1: 256 bytes
[MESSAGE] From peer 1: 256 bytes
[MESSAGE] From peer 1: 256 bytes
[MESSAGE] From peer 1: 256 bytes
[MESSAGE] From peer 1: 256 bytes
[MESSAGE] From peer 1: 256 bytes
[MESSAGE] From peer 1: 256 bytes
[MESSAGE] From peer 1: 256 bytes
[MESSAGE] From peer 1: 256 bytes
[MESSAGE] From peer 1: 256 bytes
[MESSAGE] From peer 1: 256 bytes
[MESSAGE] From peer 1: 256 bytes
[MESSAGE] From peer 1: 256 bytes
[MESSAGE] From peer 1: 256 bytes
[MESSAGE] From peer 1: 256 bytes
[MESSAGE] From peer 1: 256 bytes
[MESSAGE] From peer 1: 256 bytes
[MESSAGE] From peer 1: 256 bytes
[MESSAGE] From peer 1: 256 bytes
[MESSAGE] From peer 1: 256 bytes
[MESSAGE] From peer 1: 256 bytes
[MESSAGE] From peer 1: 256 bytes
[MESSAGE] From peer 1: 256 bytes
[MESSAGE] From peer 1: 256 bytes
[MESSAGE] From peer 1: 256 bytes
[MESSAGE] From peer 1: 256 bytes
[MESSAGE] From peer 1: 256 bytes
[MESSAGE] From peer 1: 256 bytes
[MESSAGE] From peer 1: 256 bytes
[MESSAGE] From peer 1: 256 bytes
[MESSAGE] From peer 1: 256 bytes
[MESSAGE] From peer 1: 256 bytes
[MESSAGE] From peer 1: 256 bytes
[MESSAGE] From peer 1: 256 bytes
[MESSAGE] From peer 1: 256 bytes
[MESSAGE] From peer 1: 256 bytes
[MESSAGE] From peer 1: 256 bytes
[MESSAGE] From peer 1: 256 bytes
[MESSAGE] From peer 1: 256 bytes
[MESSAGE] From peer 1: 256 bytes
[MESSAGE] From peer 1: 256 bytes
[MESSAGE] From peer 1: 256 bytes
[MESSAGE] From peer 1: 256 bytes
[MESSAGE] From peer 1: 256 bytes
[MESSAGE] From peer 1: 256 bytes
[MESSAGE] From peer 1: 256 bytes
[MESSAGE] From peer 1: 256 bytes
[MESSAGE] From peer 1: 256 bytes
[MESSAGE] From peer 1: 256 bytes
[MESSAGE] From peer 1: 256 bytes
[MESSAGE] From peer 1: 256 bytes
[MESSAGE] From peer 1: 256 bytes
[MESSAGE] From peer 1: 256 bytes
[MESSAGE] From peer 1: 256 bytes
[MESSAGE] From peer 1: 256 bytes
[MESSAGE] From peer 1: 256 bytes
[MESSAGE] From peer 1: 256 bytes
[MESSAGE] From peer 1: 256 bytes
[MESSAGE] From peer 1: 256 bytes
[MESSAGE] From peer 1: 256 bytes
[MESSAGE] From peer 1: 256 bytes
[MESSAGE] From peer 1: 256 bytes
[MESSAGE] From peer 1: 256 bytes
[MESSAGE] From peer 1: 256 bytes
[MESSAGE] From peer 1: 256 bytes
[MESSAGE] From peer 1: 256 bytes
[MESSAGE] From peer 1: 256 bytes
[MESSAGE] From peer 1: 256 bytes
[MESSAGE] From peer 1: 256 bytes
[MESSAGE] From peer 1: 256 bytes
[MESSAGE] From peer 1: 256 bytes
[MESSAGE] From peer 1: 256 bytes
[MESSAGE] From peer 1: 256 bytes
[ECHO] 7500 messages echoed
[MESSAGE] From peer 1: 256 bytes
[MESSAGE] From peer 1: 256 bytes
[MESSAGE] From peer 1: 256 bytes
[MESSAGE] From peer 1: 256 bytes
[MESSAGE] From peer 1: 256 bytes
[MESSAGE] From peer 1: 256 bytes
[MESSAGE] From peer 1: 256 bytes
[MESSAGE] From peer 1: 256 bytes
[MESSAGE] From peer 1: 256 bytes
[MESSAGE] From peer 1: 256 bytes
[MESSAGE] From peer 1: 256 bytes
[MESSAGE] From peer 1: 256 bytes
[MESSAGE] From peer 1: 256 bytes
[MESSAGE] From peer 1: 256 bytes
[MESSAGE] From peer 1: 256 bytes
[MESSAGE] From peer 1: 256 bytes
[MESSAGE] From peer 1: 256 bytes
[MESSAGE] From peer 1: 256 bytes
[MESSAGE] From peer 1: 256 bytes
[MESSAGE] From peer 1: 256 bytes
[MESSAGE] From peer 1: 256 bytes
[MESSAGE] From peer 1: 256 bytes
[MESSAGE] From peer 1: 256 bytes
[MESSAGE] From peer 1: 256 bytes
[MESSAGE] From peer 1: 256 bytes
[MESSAGE] From peer 1: 256 bytes
[MESSAGE] From peer 1: 256 bytes
[MESSAGE] From peer 1: 256 bytes
[MESSAGE] From peer 1: 256 bytes
[MESSAGE] From peer 1: 256 bytes
[MESSAGE] From peer 1: 256 bytes
[MESSAGE] From peer 1: 256 bytes
[MESSAGE] From peer 1: 256 bytes
[MESSAGE] From peer 1: 256 bytes
[MESSAGE] From peer 1: 256 bytes
[MESSAGE] From peer 1: 256 bytes
[MESSAGE] From peer 1: 256 bytes
[MESSAGE] From peer 1: 256 bytes
[MESSAGE] From peer 1: 256 bytes
[MESSAGE] From peer 1: 256 bytes
[MESSAGE] From peer 1: 256 bytes
[MESSAGE] From peer 1: 256 bytes
[MESSAGE] From peer 1: 256 bytes
[MESSAGE] From peer 1: 256 bytes
[MESSAGE] From peer 1: 256 bytes
[MESSAGE] From peer 1: 256 bytes
[MESSAGE] From peer 1: 256 bytes
[MESSAGE] From peer 1: 256 bytes
[MESSAGE] From peer 1: 256 bytes
[MESSAGE] From peer 1: 256 bytes
[MESSAGE] From peer 1: 256 bytes
[MESSAGE] From peer 1: 256 bytes
[MESSAGE] From peer 1: 256 bytes
[MESSAGE] From peer 1: 256 bytes
[MESSAGE] From peer 1: 256 bytes
[MESSAGE] From peer 1: 256 bytes
[MESSAGE] From peer 1: 256 bytes
[MESSAGE] From peer 1: 256 bytes
[MESSAGE] From peer 1: 256 bytes
[MESSAGE] From peer 1: 256 bytes
[MESSAGE] From peer 1: 256 bytes
[MESSAGE] From peer 1: 256 bytes
[MESSAGE] From peer 1: 256 bytes
[MESSAGE] From peer 1: 256 bytes
[MESSAGE] From peer 1: 256 bytes
[MESSAGE] From peer 1: 256 bytes
[MESSAGE] From peer 1: 256 bytes
[MESSAGE] From peer 1: 256 bytes
[MESSAGE] From peer 1: 256 bytes
[MESSAGE] From peer 1: 256 bytes
[MESSAGE] From peer 1: 256 bytes
[MESSAGE] From peer 1: 256 bytes
[MESSAGE] From peer 1: 256 bytes
[MESSAGE] From peer 1: 256 bytes
[MESSAGE] From peer 1: 256 bytes
[MESSAGE] From peer 1: 256 bytes
[MESSAGE] From peer 1: 256 bytes
[MESSAGE] From peer 1: 256 bytes
[MESSAGE] From peer 1: 256 bytes
[MESSAGE] From peer 1: 256 bytes
[MESSAGE] From peer 1: 256 bytes
[MESSAGE] From peer 1: 256 bytes
[MESSAGE] From peer 1: 256 bytes
[MESSAGE] From peer 1: 256 bytes
[MESSAGE] From peer 1: 256 bytes
[MESSAGE] From peer 1: 256 bytes
[MESSAGE] From peer 1: 256 bytes
[MESSAGE] From peer 1: 256 bytes
[MESSAGE] From peer 1: 256 bytes
[MESSAGE] From peer 1: 256 bytes
[MESSAGE] From peer 1: 256 bytes
[MESSAGE] From peer 1: 256 bytes
[MESSAGE] From peer 1: 256 bytes
[MESSAGE] From peer 1: 256 bytes
[MESSAGE] From peer 1: 256 bytes
[MESSAGE] From peer 1: 256 bytes
[MESSAGE] From peer 1: 256 bytes
[MESSAGE] From peer 1: 256 bytes
[MESSAGE] From peer 1: 256 bytes
[MESSAGE] From peer 1: 256 bytes
[ECHO] 7600 messages echoed
[MESSAGE] From peer 1: 256 bytes
[MESSAGE] From peer 1: 256 bytes
[MESSAGE] From peer 1: 256 bytes
[MESSAGE] From peer 1: 256 bytes
[MESSAGE] From peer 1: 256 bytes
[MESSAGE] From peer 1: 256 bytes
[MESSAGE] From peer 1: 256 bytes
[MESSAGE] From peer 1: 256 bytes
[MESSAGE] From peer 1: 256 bytes
[MESSAGE] From peer 1: 256 bytes
[MESSAGE] From peer 1: 256 bytes
[MESSAGE] From peer 1: 256 bytes
[MESSAGE] From peer 1: 256 bytes
[MESSAGE] From peer 1: 256 bytes
[MESSAGE] From peer 1: 256 bytes
[MESSAGE] From peer 1: 256 bytes
[MESSAGE] From peer 1: 256 bytes
[MESSAGE] From peer 1: 256 bytes
[MESSAGE] From peer 1: 256 bytes
[MESSAGE] From peer 1: 256 bytes
[MESSAGE] From peer 1: 256 bytes
[MESSAGE] From peer 1: 256 bytes
[MESSAGE] From peer 1: 256 bytes
[MESSAGE] From peer 1: 256 bytes
[MESSAGE] From peer 1: 256 bytes
[MESSAGE] From peer 1: 256 bytes
[MESSAGE] From peer 1: 256 bytes
[MESSAGE] From peer 1: 256 bytes
[MESSAGE] From peer 1: 256 bytes
[MESSAGE] From peer 1: 256 bytes
[MESSAGE] From peer 1: 256 bytes
[MESSAGE] From peer 1: 256 bytes
[MESSAGE] From peer 1: 256 bytes
[MESSAGE] From peer 1: 256 bytes
[MESSAGE] From peer 1: 256 bytes
[MESSAGE] From peer 1: 256 bytes
[MESSAGE] From peer 1: 256 bytes
[MESSAGE] From peer 1: 256 bytes
[MESSAGE] From peer 1: 256 bytes
[MESSAGE] From peer 1: 256 bytes
[MESSAGE] From peer 1: 256 bytes
[MESSAGE] From peer 1: 256 bytes
[MESSAGE] From peer 1: 256 bytes
[MESSAGE] From peer 1: 256 bytes
[MESSAGE] From peer 1: 256 bytes
[MESSAGE] From peer 1: 256 bytes
[MESSAGE] From peer 1: 256 bytes
[MESSAGE] From peer 1: 256 bytes
[MESSAGE] From peer 1: 256 bytes
[MESSAGE] From peer 1: 256 bytes
[MESSAGE] From peer 1: 256 bytes
[MESSAGE] From peer 1: 256 bytes
[MESSAGE] From peer 1: 256 bytes
[MESSAGE] From peer 1: 256 bytes
[MESSAGE] From peer 1: 256 bytes
[MESSAGE] From peer 1: 256 bytes
[MESSAGE] From peer 1: 256 bytes
[MESSAGE] From peer 1: 256 bytes
[MESSAGE] From peer 1: 256 bytes
[MESSAGE] From peer 1: 256 bytes
[MESSAGE] From peer 1: 256 bytes
[MESSAGE] From peer 1: 256 bytes
[MESSAGE] From peer 1: 256 bytes
[MESSAGE] From peer 1: 256 bytes
[MESSAGE] From peer 1: 256 bytes
[MESSAGE] From peer 1: 256 bytes
[MESSAGE] From peer 1: 256 bytes
[MESSAGE] From peer 1: 256 bytes
[MESSAGE] From peer 1: 256 bytes
[MESSAGE] From peer 1: 256 bytes
[MESSAGE] From peer 1: 256 bytes
[MESSAGE] From peer 1: 256 bytes
[MESSAGE] From peer 1: 256 bytes
[MESSAGE] From peer 1: 256 bytes
[MESSAGE] From peer 1: 256 bytes
[MESSAGE] From peer 1: 256 bytes
[MESSAGE] From peer 1: 256 bytes
[MESSAGE] From peer 1: 256 bytes
[MESSAGE] From peer 1: 256 bytes
[MESSAGE] From peer 1: 256 bytes
[MESSAGE] From peer 1: 256 bytes
[MESSAGE] From peer 1: 256 bytes
[MESSAGE] From peer 1: 256 bytes
[MESSAGE] From peer 1: 256 bytes
[MESSAGE] From peer 1: 256 bytes
[MESSAGE] From peer 1: 256 bytes
[MESSAGE] From peer 1: 256 bytes
[MESSAGE] From peer 1: 256 bytes
[MESSAGE] From peer 1: 256 bytes
[MESSAGE] From peer 1: 256 bytes
[MESSAGE] From peer 1: 256 bytes
[MESSAGE] From peer 1: 256 bytes
[MESSAGE] From peer 1: 256 bytes
[MESSAGE] From peer 1: 256 bytes
[MESSAGE] From peer 1: 256 bytes
[MESSAGE] From peer 1: 256 bytes
[MESSAGE] From peer 1: 256 bytes
[MESSAGE] From peer 1: 256 bytes
[MESSAGE] From peer 1: 256 bytes
[MESSAGE] From peer 1: 256 bytes
[ECHO] 7700 messages echoed
[MESSAGE] From peer 1: 256 bytes
[MESSAGE] From peer 1: 256 bytes
[MESSAGE] From peer 1: 256 bytes
[MESSAGE] From peer 1: 256 bytes
[MESSAGE] From peer 1: 256 bytes
[MESSAGE] From peer 1: 256 bytes
[MESSAGE] From peer 1: 256 bytes
[MESSAGE] From peer 1: 256 bytes
[MESSAGE] From peer 1: 256 bytes
[MESSAGE] From peer 1: 256 bytes
[MESSAGE] From peer 1: 256 bytes
[MESSAGE] From peer 1: 256 bytes
[MESSAGE] From peer 1: 256 bytes
[MESSAGE] From peer 1: 256 bytes
[MESSAGE] From peer 1: 256 bytes
[MESSAGE] From peer 1: 256 bytes
[MESSAGE] From peer 1: 256 bytes
[MESSAGE] From peer 1: 256 bytes
[MESSAGE] From peer 1: 256 bytes
[MESSAGE] From peer 1: 256 bytes
[MESSAGE] From peer 1: 256 bytes
[MESSAGE] From peer 1: 256 bytes
[MESSAGE] From peer 1: 256 bytes
[MESSAGE] From peer 1: 256 bytes
[MESSAGE] From peer 1: 256 bytes
[MESSAGE] From peer 1: 256 bytes
[MESSAGE] From peer 1: 256 bytes
[MESSAGE] From peer 1: 256 bytes
[MESSAGE] From peer 1: 256 bytes
[MESSAGE] From peer 1: 256 bytes
[MESSAGE] From peer 1: 256 bytes
[MESSAGE] From peer 1: 256 bytes
[MESSAGE] From peer 1: 256 bytes
[MESSAGE] From peer 1: 256 bytes
[MESSAGE] From peer 1: 256 bytes
[MESSAGE] From peer 1: 256 bytes
[MESSAGE] From peer 1: 256 bytes
[MESSAGE] From peer 1: 256 bytes
[MESSAGE] From peer 1: 256 bytes
[MESSAGE] From peer 1: 256 bytes
[MESSAGE] From peer 1: 256 bytes
[MESSAGE] From peer 1: 256 bytes
[MESSAGE] From peer 1: 256 bytes
[MESSAGE] From peer 1: 256 bytes
[MESSAGE] From peer 1: 256 bytes
[MESSAGE] From peer 1: 256 bytes
[MESSAGE] From peer 1: 256 bytes
[MESSAGE] From peer 1: 256 bytes
[MESSAGE] From peer 1: 256 bytes
[MESSAGE] From peer 1: 256 bytes
[MESSAGE] From peer 1: 256 bytes
[MESSAGE] From peer 1: 256 bytes
[MESSAGE] From peer 1: 256 bytes
[MESSAGE] From peer 1: 256 bytes
[MESSAGE] From peer 1: 256 bytes
[MESSAGE] From peer 1: 256 bytes
[MESSAGE] From peer 1: 256 bytes
[MESSAGE] From peer 1: 256 bytes
[MESSAGE] From peer 1: 256 bytes
[MESSAGE] From peer 1: 256 bytes
[MESSAGE] From peer 1: 256 bytes
[MESSAGE] From peer 1: 256 bytes
[MESSAGE] From peer 1: 256 bytes
[MESSAGE] From peer 1: 256 bytes
[MESSAGE] From peer 1: 256 bytes
[MESSAGE] From peer 1: 256 bytes
[MESSAGE] From peer 1: 256 bytes
[MESSAGE] From peer 1: 256 bytes
[MESSAGE] From peer 1: 256 bytes
[MESSAGE] From peer 1: 256 bytes
[MESSAGE] From peer 1: 256 bytes
[MESSAGE] From peer 1: 256 bytes
[MESSAGE] From peer 1: 256 bytes
[MESSAGE] From peer 1: 256 bytes
[MESSAGE] From peer 1: 256 bytes
[MESSAGE] From peer 1: 256 bytes
[MESSAGE] From peer 1: 256 bytes
[MESSAGE] From peer 1: 256 bytes
[MESSAGE] From peer 1: 256 bytes
[MESSAGE] From peer 1: 256 bytes
[MESSAGE] From peer 1: 256 bytes
[MESSAGE] From peer 1: 256 bytes
[MESSAGE] From peer 1: 256 bytes
[MESSAGE] From peer 1: 256 bytes
[MESSAGE] From peer 1: 256 bytes
[MESSAGE] From peer 1: 256 bytes
[MESSAGE] From peer 1: 256 bytes
[MESSAGE] From peer 1: 256 bytes
[MESSAGE] From peer 1: 256 bytes
[MESSAGE] From peer 1: 256 bytes
[MESSAGE] From peer 1: 256 bytes
[MESSAGE] From peer 1: 256 bytes
[MESSAGE] From peer 1: 256 bytes
[MESSAGE] From peer 1: 256 bytes
[MESSAGE] From peer 1: 256 bytes
[MESSAGE] From peer 1: 256 bytes
[MESSAGE] From peer 1: 256 bytes
[MESSAGE] From peer 1: 256 bytes
[MESSAGE] From peer 1: 256 bytes
[MESSAGE] From peer 1: 256 bytes
[ECHO] 7800 messages echoed
[MESSAGE] From peer 1: 256 bytes
[MESSAGE] From peer 1: 256 bytes
[MESSAGE] From peer 1: 256 bytes
[MESSAGE] From peer 1: 256 bytes
[MESSAGE] From peer 1: 256 bytes
[MESSAGE] From peer 1: 256 bytes
[MESSAGE] From peer 1: 256 bytes
[MESSAGE] From peer 1: 256 bytes
[MESSAGE] From peer 1: 256 bytes
[MESSAGE] From peer 1: 256 bytes
[MESSAGE] From peer 1: 256 bytes
[MESSAGE] From peer 1: 256 bytes
[MESSAGE] From peer 1: 256 bytes
[MESSAGE] From peer 1: 256 bytes
[MESSAGE] From peer 1: 256 bytes
[MESSAGE] From peer 1: 256 bytes
[MESSAGE] From peer 1: 256 bytes
[MESSAGE] From peer 1: 256 bytes
[MESSAGE] From peer 1: 256 bytes
[MESSAGE] From peer 1: 256 bytes
[MESSAGE] From peer 1: 256 bytes
[MESSAGE] From peer 1: 256 bytes
[MESSAGE] From peer 1: 256 bytes
[MESSAGE] From peer 1: 256 bytes
[MESSAGE] From peer 1: 256 bytes
[MESSAGE] From peer 1: 256 bytes
[MESSAGE] From peer 1: 256 bytes
[MESSAGE] From peer 1: 256 bytes
[MESSAGE] From peer 1: 256 bytes
[MESSAGE] From peer 1: 256 bytes
[STATUS] 3110 sec: peers=10, msgs=7835, connected=yes
[MESSAGE] From peer 1: 256 bytes
[MESSAGE] From peer 1: 256 bytes
[MESSAGE] From peer 1: 256 bytes
[MESSAGE] From peer 1: 256 bytes
[MESSAGE] From peer 1: 256 bytes
[MESSAGE] From peer 1: 256 bytes
[MESSAGE] From peer 1: 256 bytes
[MESSAGE] From peer 1: 256 bytes
[MESSAGE] From peer 1: 256 bytes
[MESSAGE] From peer 1: 256 bytes
[MESSAGE] From peer 1: 256 bytes
[MESSAGE] From peer 1: 256 bytes
[MESSAGE] From peer 1: 256 bytes
[MESSAGE] From peer 1: 256 bytes
[MESSAGE] From peer 1: 256 bytes
[MESSAGE] From peer 1: 256 bytes
[MESSAGE] From peer 1: 256 bytes
[MESSAGE] From peer 1: 256 bytes
[MESSAGE] From peer 1: 256 bytes
[MESSAGE] From peer 1: 256 bytes
[MESSAGE] From peer 1: 256 bytes
[MESSAGE] From peer 1: 256 bytes
[MESSAGE] From peer 1: 256 bytes
[MESSAGE] From peer 1: 256 bytes
[MESSAGE] From peer 1: 256 bytes
[MESSAGE] From peer 1: 256 bytes
[MESSAGE] From peer 1: 256 bytes
[MESSAGE] From peer 1: 256 bytes
[MESSAGE] From peer 1: 256 bytes
[MESSAGE] From peer 1: 256 bytes
[MESSAGE] From peer 1: 256 bytes
[MESSAGE] From peer 1: 256 bytes
[MESSAGE] From peer 1: 256 bytes
[MESSAGE] From peer 1: 256 bytes
[MESSAGE] From peer 1: 256 bytes
[MESSAGE] From peer 1: 256 bytes
[MESSAGE] From peer 1: 256 bytes
[MESSAGE] From peer 1: 256 bytes
[MESSAGE] From peer 1: 256 bytes
[MESSAGE] From peer 1: 256 bytes
[MESSAGE] From peer 1: 256 bytes
[MESSAGE] From peer 1: 256 bytes
[MESSAGE] From peer 1: 256 bytes
[MESSAGE] From peer 1: 256 bytes
[MESSAGE] From peer 1: 256 bytes
[MESSAGE] From peer 1: 256 bytes
[MESSAGE] From peer 1: 256 bytes
[MESSAGE] From peer 1: 256 bytes
[MESSAGE] From peer 1: 256 bytes
[MESSAGE] From peer 1: 256 bytes
[MESSAGE] From peer 1: 256 bytes
[MESSAGE] From peer 1: 256 bytes
[MESSAGE] From peer 1: 256 bytes
[MESSAGE] From peer 1: 256 bytes
[MESSAGE] From peer 1: 256 bytes
[MESSAGE] From peer 1: 256 bytes
[MESSAGE] From peer 1: 256 bytes
[MESSAGE] From peer 1: 256 bytes
[MESSAGE] From peer 1: 256 bytes
[MESSAGE] From peer 1: 256 bytes
[MESSAGE] From peer 1: 256 bytes
[MESSAGE] From peer 1: 256 bytes
[MESSAGE] From peer 1: 256 bytes
[MESSAGE] From peer 1: 256 bytes
[MESSAGE] From peer 1: 256 bytes
[MESSAGE] From peer 1: 256 bytes
[MESSAGE] From peer 1: 256 bytes
[MESSAGE] From peer 1: 256 bytes
[MESSAGE] From peer 1: 256 bytes
[MESSAGE] From peer 1: 256 bytes
[ECHO] 7900 messages echoed
[MESSAGE] From peer 1: 256 bytes
[MESSAGE] From peer 1: 256 bytes
[MESSAGE] From peer 1: 256 bytes
[MESSAGE] From peer 1: 256 bytes
[MESSAGE] From peer 1: 256 bytes
[MESSAGE] From peer 1: 256 bytes
[MESSAGE] From peer 1: 256 bytes
[MESSAGE] From peer 1: 256 bytes
[MESSAGE] From peer 1: 256 bytes
[MESSAGE] From peer 1: 256 bytes
[MESSAGE] From peer 1: 256 bytes
[MESSAGE] From peer 1: 256 bytes
[MESSAGE] From peer 1: 256 bytes
[MESSAGE] From peer 1: 256 bytes
[MESSAGE] From peer 1: 256 bytes
[MESSAGE] From peer 1: 256 bytes
[MESSAGE] From peer 1: 256 bytes
[MESSAGE] From peer 1: 256 bytes
[MESSAGE] From peer 1: 256 bytes
[MESSAGE] From peer 1: 256 bytes
[MESSAGE] From peer 1: 256 bytes
[MESSAGE] From peer 1: 256 bytes
[MESSAGE] From peer 1: 256 bytes
[MESSAGE] From peer 1: 256 bytes
[MESSAGE] From peer 1: 256 bytes
[MESSAGE] From peer 1: 256 bytes
[MESSAGE] From peer 1: 256 bytes
[MESSAGE] From peer 1: 256 bytes
[MESSAGE] From peer 1: 256 bytes
[MESSAGE] From peer 1: 256 bytes
[MESSAGE] From peer 1: 256 bytes
[MESSAGE] From peer 1: 256 bytes
[MESSAGE] From peer 1: 256 bytes
[MESSAGE] From peer 1: 256 bytes
[MESSAGE] From peer 1: 256 bytes
[MESSAGE] From peer 1: 256 bytes
[MESSAGE] From peer 1: 256 bytes
[MESSAGE] From peer 1: 256 bytes
[MESSAGE] From peer 1: 256 bytes
[MESSAGE] From peer 1: 256 bytes
[MESSAGE] From peer 1: 256 bytes
[MESSAGE] From peer 1: 256 bytes
[MESSAGE] From peer 1: 256 bytes
[MESSAGE] From peer 1: 256 bytes
[MESSAGE] From peer 1: 256 bytes
[MESSAGE] From peer 1: 256 bytes
[MESSAGE] From peer 1: 256 bytes
[MESSAGE] From peer 1: 256 bytes
[MESSAGE] From peer 1: 256 bytes
[MESSAGE] From peer 1: 256 bytes
[MESSAGE] From peer 1: 256 bytes
[MESSAGE] From peer 1: 256 bytes
[MESSAGE] From peer 1: 256 bytes
[MESSAGE] From peer 1: 256 bytes
[MESSAGE] From peer 1: 256 bytes
[MESSAGE] From peer 1: 256 bytes
[MESSAGE] From peer 1: 256 bytes
[MESSAGE] From peer 1: 256 bytes
[MESSAGE] From peer 1: 256 bytes
[MESSAGE] From peer 1: 256 bytes
[MESSAGE] From peer 1: 256 bytes
[MESSAGE] From peer 1: 256 bytes
[MESSAGE] From peer 1: 256 bytes
[MESSAGE] From peer 1: 256 bytes
[MESSAGE] From peer 1: 256 bytes
[MESSAGE] From peer 1: 256 bytes
[MESSAGE] From peer 1: 256 bytes
[MESSAGE] From peer 1: 256 bytes
[MESSAGE] From peer 1: 256 bytes
[MESSAGE] From peer 1: 256 bytes
[MESSAGE] From peer 1: 256 bytes
[MESSAGE] From peer 1: 256 bytes
[MESSAGE] From peer 1: 256 bytes
[MESSAGE] From peer 1: 256 bytes
[MESSAGE] From peer 1: 256 bytes
[MESSAGE] From peer 1: 256 bytes
[MESSAGE] From peer 1: 256 bytes
[MESSAGE] From peer 1: 256 bytes
[MESSAGE] From peer 1: 256 bytes
[MESSAGE] From peer 1: 256 bytes
[MESSAGE] From peer 1: 256 bytes
[MESSAGE] From peer 1: 256 bytes
[MESSAGE] From peer 1: 256 bytes
[MESSAGE] From peer 1: 256 bytes
[MESSAGE] From peer 1: 256 bytes
[MESSAGE] From peer 1: 256 bytes
[MESSAGE] From peer 1: 256 bytes
[MESSAGE] From peer 1: 256 bytes
[MESSAGE] From peer 1: 256 bytes
[MESSAGE] From peer 1: 256 bytes
[MESSAGE] From peer 1: 256 bytes
[MESSAGE] From peer 1: 256 bytes
[MESSAGE] From peer 1: 256 bytes
[MESSAGE] From peer 1: 256 bytes
[MESSAGE] From peer 1: 256 bytes
[MESSAGE] From peer 1: 256 bytes
[MESSAGE] From peer 1: 256 bytes
[MESSAGE] From peer 1: 256 bytes
[MESSAGE] From peer 1: 256 bytes
[MESSAGE] From peer 1: 256 bytes
[ECHO] 8000 messages echoed
[MESSAGE] From peer 1: 256 bytes
[MESSAGE] From peer 1: 256 bytes
[MESSAGE] From peer 1: 256 bytes
[MESSAGE] From peer 1: 256 bytes
[MESSAGE] From peer 1: 256 bytes
[MESSAGE] From peer 1: 256 bytes
[MESSAGE] From peer 1: 256 bytes
[MESSAGE] From peer 1: 256 bytes
[MESSAGE] From peer 1: 256 bytes
[MESSAGE] From peer 1: 256 bytes
[MESSAGE] From peer 1: 256 bytes
[DISCOVERED] Peer 2: "MacThroughput" at 10.188.1.213:7354
[MESSAGE] From peer 1: 256 bytes
[MESSAGE] From peer 1: 256 bytes
[MESSAGE] From peer 1: 256 bytes
[MESSAGE] From peer 1: 256 bytes
[MESSAGE] From peer 1: 256 bytes
[MESSAGE] From peer 1: 256 bytes
[MESSAGE] From peer 1: 256 bytes
[MESSAGE] From peer 1: 256 bytes
[MESSAGE] From peer 1: 256 bytes
[MESSAGE] From peer 1: 256 bytes
[MESSAGE] From peer 1: 256 bytes
[MESSAGE] From peer 1: 256 bytes
[MESSAGE] From peer 1: 256 bytes
[MESSAGE] From peer 1: 256 bytes
[MESSAGE] From peer 1: 256 bytes
[MESSAGE] From peer 1: 256 bytes
[MESSAGE] From peer 1: 256 bytes
[MESSAGE] From peer 1: 256 bytes
[MESSAGE] From peer 1: 256 bytes
[MESSAGE] From peer 1: 256 bytes
[MESSAGE] From peer 1: 256 bytes
[MESSAGE] From peer 1: 256 bytes
[MESSAGE] From peer 1: 256 bytes
[MESSAGE] From peer 1: 256 bytes
[MESSAGE] From peer 1: 256 bytes
[MESSAGE] From peer 1: 256 bytes
[MESSAGE] From peer 1: 256 bytes
[MESSAGE] From peer 1: 256 bytes
[MESSAGE] From peer 1: 256 bytes
[MESSAGE] From peer 1: 256 bytes
[MESSAGE] From peer 1: 256 bytes
[MESSAGE] From peer 1: 256 bytes
[MESSAGE] From peer 1: 256 bytes
[MESSAGE] From peer 1: 256 bytes
[MESSAGE] From peer 1: 256 bytes
[MESSAGE] From peer 1: 256 bytes
[MESSAGE] From peer 1: 256 bytes
[MESSAGE] From peer 1: 256 bytes
[MESSAGE] From peer 1: 256 bytes
[MESSAGE] From peer 1: 256 bytes
[MESSAGE] From peer 1: 256 bytes
[MESSAGE] From peer 1: 256 bytes
[MESSAGE] From peer 1: 256 bytes
[MESSAGE] From peer 1: 256 bytes
[MESSAGE] From peer 1: 256 bytes
[MESSAGE] From peer 1: 256 bytes
[MESSAGE] From peer 1: 256 bytes
[MESSAGE] From peer 1: 256 bytes
[MESSAGE] From peer 1: 256 bytes
[MESSAGE] From peer 1: 256 bytes
[MESSAGE] From peer 1: 256 bytes
[MESSAGE] From peer 1: 256 bytes
[MESSAGE] From peer 1: 256 bytes
[MESSAGE] From peer 1: 256 bytes
[MESSAGE] From peer 1: 256 bytes
[MESSAGE] From peer 1: 256 bytes
[MESSAGE] From peer 1: 256 bytes
[MESSAGE] From peer 1: 256 bytes
[MESSAGE] From peer 1: 256 bytes
[MESSAGE] From peer 1: 256 bytes
[MESSAGE] From peer 1: 256 bytes
[MESSAGE] From peer 1: 256 bytes
[MESSAGE] From peer 1: 256 bytes
[MESSAGE] From peer 1: 256 bytes
[MESSAGE] From peer 1: 256 bytes
[MESSAGE] From peer 1: 256 bytes
[MESSAGE] From peer 1: 256 bytes
[MESSAGE] From peer 1: 256 bytes
[MESSAGE] From peer 1: 256 bytes
[MESSAGE] From peer 1: 256 bytes
[MESSAGE] From peer 1: 256 bytes
[MESSAGE] From peer 1: 256 bytes
[MESSAGE] From peer 1: 256 bytes
[MESSAGE] From peer 1: 256 bytes
[MESSAGE] From peer 1: 256 bytes
[MESSAGE] From peer 1: 256 bytes
[MESSAGE] From peer 1: 256 bytes
[MESSAGE] From peer 1: 256 bytes
[MESSAGE] From peer 1: 256 bytes
[MESSAGE] From peer 1: 256 bytes
[MESSAGE] From peer 1: 256 bytes
[MESSAGE] From peer 1: 256 bytes
[MESSAGE] From peer 1: 256 bytes
[MESSAGE] From peer 1: 256 bytes
[MESSAGE] From peer 1: 256 bytes
[MESSAGE] From peer 1: 256 bytes
[MESSAGE] From peer 1: 256 bytes
[MESSAGE] From peer 1: 256 bytes
[MESSAGE] From peer 1: 256 bytes
[ECHO] 8100 messages echoed
[MESSAGE] From peer 1: 256 bytes
[MESSAGE] From peer 1: 256 bytes
[MESSAGE] From peer 1: 256 bytes
[MESSAGE] From peer 1: 256 bytes
[MESSAGE] From peer 1: 256 bytes
[MESSAGE] From peer 1: 256 bytes
[MESSAGE] From peer 1: 256 bytes
[MESSAGE] From peer 1: 256 bytes
[MESSAGE] From peer 1: 256 bytes
[MESSAGE] From peer 1: 256 bytes
[MESSAGE] From peer 1: 256 bytes
[MESSAGE] From peer 1: 256 bytes
[MESSAGE] From peer 1: 256 bytes
[MESSAGE] From peer 1: 256 bytes
[MESSAGE] From peer 1: 256 bytes
[MESSAGE] From peer 1: 256 bytes
[MESSAGE] From peer 1: 256 bytes
[MESSAGE] From peer 1: 256 bytes
[MESSAGE] From peer 1: 256 bytes
[MESSAGE] From peer 1: 256 bytes
[MESSAGE] From peer 1: 256 bytes
[MESSAGE] From peer 1: 256 bytes
[MESSAGE] From peer 1: 256 bytes
[MESSAGE] From peer 1: 256 bytes
[MESSAGE] From peer 1: 256 bytes
[MESSAGE] From peer 1: 256 bytes
[MESSAGE] From peer 1: 256 bytes
[MESSAGE] From peer 1: 256 bytes
[MESSAGE] From peer 1: 256 bytes
[MESSAGE] From peer 1: 256 bytes
[MESSAGE] From peer 1: 256 bytes
[MESSAGE] From peer 1: 256 bytes
[MESSAGE] From peer 1: 256 bytes
[MESSAGE] From peer 1: 256 bytes
[MESSAGE] From peer 1: 256 bytes
[MESSAGE] From peer 1: 256 bytes
[MESSAGE] From peer 1: 256 bytes
[MESSAGE] From peer 1: 256 bytes
[MESSAGE] From peer 1: 256 bytes
[MESSAGE] From peer 1: 256 bytes
[MESSAGE] From peer 1: 256 bytes
[MESSAGE] From peer 1: 256 bytes
[MESSAGE] From peer 1: 256 bytes
[MESSAGE] From peer 1: 256 bytes
[MESSAGE] From peer 1: 256 bytes
[MESSAGE] From peer 1: 256 bytes
[MESSAGE] From peer 1: 256 bytes
[MESSAGE] From peer 1: 256 bytes
[MESSAGE] From peer 1: 256 bytes
[MESSAGE] From peer 1: 256 bytes
[MESSAGE] From peer 1: 256 bytes
[MESSAGE] From peer 1: 256 bytes
[MESSAGE] From peer 1: 256 bytes
[MESSAGE] From peer 1: 256 bytes
[MESSAGE] From peer 1: 256 bytes
[MESSAGE] From peer 1: 256 bytes
[MESSAGE] From peer 1: 256 bytes
[MESSAGE] From peer 1: 256 bytes
[MESSAGE] From peer 1: 256 bytes
[MESSAGE] From peer 1: 256 bytes
[MESSAGE] From peer 1: 256 bytes
[MESSAGE] From peer 1: 256 bytes
[MESSAGE] From peer 1: 256 bytes
[MESSAGE] From peer 1: 256 bytes
[MESSAGE] From peer 1: 256 bytes
[MESSAGE] From peer 1: 256 bytes
[MESSAGE] From peer 1: 256 bytes
[MESSAGE] From peer 1: 256 bytes
[MESSAGE] From peer 1: 256 bytes
[MESSAGE] From peer 1: 256 bytes
[MESSAGE] From peer 1: 256 bytes
[MESSAGE] From peer 1: 256 bytes
[MESSAGE] From peer 1: 256 bytes
[MESSAGE] From peer 1: 256 bytes
[MESSAGE] From peer 1: 256 bytes
[MESSAGE] From peer 1: 256 bytes
[MESSAGE] From peer 1: 256 bytes
[MESSAGE] From peer 1: 256 bytes
[MESSAGE] From peer 1: 256 bytes
[MESSAGE] From peer 1: 256 bytes
[MESSAGE] From peer 1: 256 bytes
[MESSAGE] From peer 1: 256 bytes
[MESSAGE] From peer 1: 256 bytes
[MESSAGE] From peer 1: 256 bytes
[MESSAGE] From peer 1: 256 bytes
[MESSAGE] From peer 1: 256 bytes
[MESSAGE] From peer 1: 256 bytes
[MESSAGE] From peer 1: 256 bytes
[MESSAGE] From peer 1: 256 bytes
[MESSAGE] From peer 1: 256 bytes
[MESSAGE] From peer 1: 256 bytes
[MESSAGE] From peer 1: 256 bytes
[MESSAGE] From peer 1: 256 bytes
[MESSAGE] From peer 1: 256 bytes
[MESSAGE] From peer 1: 256 bytes
[MESSAGE] From peer 1: 256 bytes
[MESSAGE] From peer 1: 256 bytes
[MESSAGE] From peer 1: 256 bytes
[MESSAGE] From peer 1: 256 bytes
[MESSAGE] From peer 1: 256 bytes
[ECHO] 8200 messages echoed
[MESSAGE] From peer 1: 256 bytes
[MESSAGE] From peer 1: 256 bytes
[MESSAGE] From peer 1: 256 bytes
[MESSAGE] From peer 1: 256 bytes
[MESSAGE] From peer 1: 256 bytes
[MESSAGE] From peer 1: 256 bytes
[MESSAGE] From peer 1: 256 bytes
[MESSAGE] From peer 1: 256 bytes
[MESSAGE] From peer 1: 256 bytes
[MESSAGE] From peer 1: 256 bytes
[MESSAGE] From peer 1: 256 bytes
[MESSAGE] From peer 1: 256 bytes
[MESSAGE] From peer 1: 256 bytes
[MESSAGE] From peer 1: 256 bytes
[MESSAGE] From peer 1: 256 bytes
[MESSAGE] From peer 1: 256 bytes
[MESSAGE] From peer 1: 256 bytes
[MESSAGE] From peer 1: 256 bytes
[MESSAGE] From peer 1: 256 bytes
[MESSAGE] From peer 1: 256 bytes
[MESSAGE] From peer 1: 256 bytes
[MESSAGE] From peer 1: 256 bytes
[MESSAGE] From peer 1: 256 bytes
[MESSAGE] From peer 1: 256 bytes
[MESSAGE] From peer 1: 256 bytes
[MESSAGE] From peer 1: 256 bytes
[MESSAGE] From peer 1: 256 bytes
[MESSAGE] From peer 1: 256 bytes
[MESSAGE] From peer 1: 256 bytes
[MESSAGE] From peer 1: 256 bytes
[MESSAGE] From peer 1: 256 bytes
[MESSAGE] From peer 1: 256 bytes
[MESSAGE] From peer 1: 256 bytes
[MESSAGE] From peer 1: 256 bytes
[MESSAGE] From peer 1: 256 bytes
[MESSAGE] From peer 1: 256 bytes
[MESSAGE] From peer 1: 256 bytes
[MESSAGE] From peer 1: 256 bytes
[MESSAGE] From peer 1: 256 bytes
[MESSAGE] From peer 1: 256 bytes
[MESSAGE] From peer 1: 256 bytes
[MESSAGE] From peer 1: 256 bytes
[MESSAGE] From peer 1: 256 bytes
[MESSAGE] From peer 1: 256 bytes
[MESSAGE] From peer 1: 256 bytes
[MESSAGE] From peer 1: 256 bytes
[MESSAGE] From peer 1: 256 bytes
[MESSAGE] From peer 1: 256 bytes
[MESSAGE] From peer 1: 256 bytes
[MESSAGE] From peer 1: 256 bytes
[MESSAGE] From peer 1: 256 bytes
[MESSAGE] From peer 1: 256 bytes
[MESSAGE] From peer 1: 256 bytes
[MESSAGE] From peer 1: 256 bytes
[MESSAGE] From peer 1: 256 bytes
[MESSAGE] From peer 1: 256 bytes
[MESSAGE] From peer 1: 256 bytes
[MESSAGE] From peer 1: 256 bytes
[MESSAGE] From peer 1: 256 bytes
[MESSAGE] From peer 1: 256 bytes
[MESSAGE] From peer 1: 256 bytes
[MESSAGE] From peer 1: 256 bytes
[MESSAGE] From peer 1: 256 bytes
[MESSAGE] From peer 1: 256 bytes
[MESSAGE] From peer 1: 256 bytes
[MESSAGE] From peer 1: 256 bytes
[MESSAGE] From peer 1: 256 bytes
[MESSAGE] From peer 1: 256 bytes
[MESSAGE] From peer 1: 256 bytes
[MESSAGE] From peer 1: 256 bytes
[MESSAGE] From peer 1: 256 bytes
[MESSAGE] From peer 1: 256 bytes
[MESSAGE] From peer 1: 256 bytes
[MESSAGE] From peer 1: 256 bytes
[MESSAGE] From peer 1: 256 bytes
[MESSAGE] From peer 1: 256 bytes
[MESSAGE] From peer 1: 256 bytes
[MESSAGE] From peer 1: 256 bytes
[MESSAGE] From peer 1: 256 bytes
[MESSAGE] From peer 1: 256 bytes
[MESSAGE] From peer 1: 256 bytes
[MESSAGE] From peer 1: 256 bytes
[MESSAGE] From peer 1: 256 bytes
[MESSAGE] From peer 1: 256 bytes
[MESSAGE] From peer 1: 256 bytes
[MESSAGE] From peer 1: 256 bytes
[MESSAGE] From peer 1: 256 bytes
[MESSAGE] From peer 1: 256 bytes
[MESSAGE] From peer 1: 256 bytes
[MESSAGE] From peer 1: 256 bytes
[MESSAGE] From peer 1: 256 bytes
[MESSAGE] From peer 1: 256 bytes
[MESSAGE] From peer 1: 256 bytes
[MESSAGE] From peer 1: 256 bytes
[MESSAGE] From peer 1: 256 bytes
[MESSAGE] From peer 1: 256 bytes
[MESSAGE] From peer 1: 256 bytes
[MESSAGE] From peer 1: 256 bytes
[MESSAGE] From peer 1: 256 bytes
[MESSAGE] From peer 1: 256 bytes
[ECHO] 8300 messages echoed
[MESSAGE] From peer 1: 256 bytes
[MESSAGE] From peer 1: 256 bytes
[MESSAGE] From peer 1: 256 bytes
[MESSAGE] From peer 1: 256 bytes
[MESSAGE] From peer 1: 256 bytes
[MESSAGE] From peer 1: 256 bytes
[MESSAGE] From peer 1: 256 bytes
[MESSAGE] From peer 1: 256 bytes
[MESSAGE] From peer 1: 256 bytes
[MESSAGE] From peer 1: 256 bytes
[MESSAGE] From peer 1: 256 bytes
[MESSAGE] From peer 1: 256 bytes
[MESSAGE] From peer 1: 256 bytes
[MESSAGE] From peer 1: 256 bytes
[MESSAGE] From peer 1: 256 bytes
[MESSAGE] From peer 1: 256 bytes
[MESSAGE] From peer 1: 256 bytes
[MESSAGE] From peer 1: 256 bytes
[MESSAGE] From peer 1: 256 bytes
[MESSAGE] From peer 1: 256 bytes
[MESSAGE] From peer 1: 256 bytes
[MESSAGE] From peer 1: 256 bytes
[MESSAGE] From peer 1: 256 bytes
[MESSAGE] From peer 1: 256 bytes
[MESSAGE] From peer 1: 256 bytes
[MESSAGE] From peer 1: 256 bytes
[MESSAGE] From peer 1: 256 bytes
[MESSAGE] From peer 1: 256 bytes
[MESSAGE] From peer 1: 256 bytes
[MESSAGE] From peer 1: 256 bytes
[MESSAGE] From peer 1: 256 bytes
[MESSAGE] From peer 1: 256 bytes
[MESSAGE] From peer 1: 256 bytes
[MESSAGE] From peer 1: 256 bytes
[MESSAGE] From peer 1: 256 bytes
[MESSAGE] From peer 1: 256 bytes
[MESSAGE] From peer 1: 256 bytes
[MESSAGE] From peer 1: 256 bytes
[MESSAGE] From peer 1: 256 bytes
[MESSAGE] From peer 1: 256 bytes
[MESSAGE] From peer 1: 256 bytes
[MESSAGE] From peer 1: 256 bytes
[MESSAGE] From peer 1: 256 bytes
[MESSAGE] From peer 1: 256 bytes
[MESSAGE] From peer 1: 256 bytes
[MESSAGE] From peer 1: 256 bytes
[MESSAGE] From peer 1: 256 bytes
[MESSAGE] From peer 1: 256 bytes
[MESSAGE] From peer 1: 256 bytes
[MESSAGE] From peer 1: 256 bytes
[MESSAGE] From peer 1: 256 bytes
[MESSAGE] From peer 1: 256 bytes
[MESSAGE] From peer 1: 256 bytes
[MESSAGE] From peer 1: 256 bytes
[MESSAGE] From peer 1: 256 bytes
[MESSAGE] From peer 1: 256 bytes
[MESSAGE] From peer 1: 256 bytes
[MESSAGE] From peer 1: 256 bytes
[MESSAGE] From peer 1: 256 bytes
[MESSAGE] From peer 1: 256 bytes
[MESSAGE] From peer 1: 256 bytes
[MESSAGE] From peer 1: 256 bytes
[MESSAGE] From peer 1: 256 bytes
[MESSAGE] From peer 1: 256 bytes
[MESSAGE] From peer 1: 256 bytes
[MESSAGE] From peer 1: 256 bytes
[MESSAGE] From peer 1: 256 bytes
[MESSAGE] From peer 1: 256 bytes
[MESSAGE] From peer 1: 256 bytes
[MESSAGE] From peer 1: 256 bytes
[MESSAGE] From peer 1: 256 bytes
[MESSAGE] From peer 1: 256 bytes
[MESSAGE] From peer 1: 256 bytes
[MESSAGE] From peer 1: 256 bytes
[MESSAGE] From peer 1: 256 bytes
[MESSAGE] From peer 1: 256 bytes
[MESSAGE] From peer 1: 256 bytes
[MESSAGE] From peer 1: 256 bytes
[MESSAGE] From peer 1: 256 bytes
[MESSAGE] From peer 1: 256 bytes
[MESSAGE] From peer 1: 256 bytes
[MESSAGE] From peer 1: 256 bytes
[MESSAGE] From peer 1: 256 bytes
[MESSAGE] From peer 1: 256 bytes
[MESSAGE] From peer 1: 256 bytes
[MESSAGE] From peer 1: 256 bytes
[MESSAGE] From peer 1: 256 bytes
[MESSAGE] From peer 1: 256 bytes
[MESSAGE] From peer 1: 256 bytes
[MESSAGE] From peer 1: 256 bytes
[MESSAGE] From peer 1: 256 bytes
[MESSAGE] From peer 1: 256 bytes
[MESSAGE] From peer 1: 256 bytes
[MESSAGE] From peer 1: 256 bytes
[MESSAGE] From peer 1: 256 bytes
[MESSAGE] From peer 1: 256 bytes
[MESSAGE] From peer 1: 256 bytes
[MESSAGE] From peer 1: 256 bytes
[MESSAGE] From peer 1: 256 bytes
[MESSAGE] From peer 1: 256 bytes
[ECHO] 8400 messages echoed
[MESSAGE] From peer 1: 256 bytes
[MESSAGE] From peer 1: 256 bytes
[MESSAGE] From peer 1: 256 bytes
[MESSAGE] From peer 1: 256 bytes
[MESSAGE] From peer 1: 256 bytes
[MESSAGE] From peer 1: 256 bytes
[MESSAGE] From peer 1: 256 bytes
[MESSAGE] From peer 1: 256 bytes
[MESSAGE] From peer 1: 256 bytes
[MESSAGE] From peer 1: 256 bytes
[MESSAGE] From peer 1: 256 bytes
[MESSAGE] From peer 1: 256 bytes
[MESSAGE] From peer 1: 256 bytes
[MESSAGE] From peer 1: 256 bytes
[MESSAGE] From peer 1: 256 bytes
[MESSAGE] From peer 1: 256 bytes
[MESSAGE] From peer 1: 256 bytes
[MESSAGE] From peer 1: 256 bytes
[MESSAGE] From peer 1: 256 bytes
[MESSAGE] From peer 1: 256 bytes
[MESSAGE] From peer 1: 256 bytes
[MESSAGE] From peer 1: 256 bytes
[MESSAGE] From peer 1: 256 bytes
[MESSAGE] From peer 1: 256 bytes
[MESSAGE] From peer 1: 256 bytes
[MESSAGE] From peer 1: 256 bytes
[MESSAGE] From peer 1: 256 bytes
[MESSAGE] From peer 1: 256 bytes
[MESSAGE] From peer 1: 256 bytes
[MESSAGE] From peer 1: 256 bytes
[MESSAGE] From peer 1: 256 bytes
[MESSAGE] From peer 1: 256 bytes
[MESSAGE] From peer 1: 256 bytes
[MESSAGE] From peer 1: 256 bytes
[MESSAGE] From peer 1: 256 bytes
[MESSAGE] From peer 1: 256 bytes
[MESSAGE] From peer 1: 256 bytes
[MESSAGE] From peer 1: 256 bytes
[MESSAGE] From peer 1: 256 bytes
[MESSAGE] From peer 1: 256 bytes
[MESSAGE] From peer 1: 256 bytes
[MESSAGE] From peer 1: 256 bytes
[MESSAGE] From peer 1: 256 bytes
[MESSAGE] From peer 1: 256 bytes
[MESSAGE] From peer 1: 256 bytes
[MESSAGE] From peer 1: 256 bytes
[MESSAGE] From peer 1: 256 bytes
[MESSAGE] From peer 1: 256 bytes
[MESSAGE] From peer 1: 256 bytes
[MESSAGE] From peer 1: 256 bytes
[MESSAGE] From peer 1: 256 bytes
[MESSAGE] From peer 1: 256 bytes
[MESSAGE] From peer 1: 256 bytes
[MESSAGE] From peer 1: 256 bytes
[MESSAGE] From peer 1: 256 bytes
[MESSAGE] From peer 1: 256 bytes
[MESSAGE] From peer 1: 256 bytes
[MESSAGE] From peer 1: 256 bytes
[MESSAGE] From peer 1: 256 bytes
[MESSAGE] From peer 1: 256 bytes
[MESSAGE] From peer 1: 256 bytes
[MESSAGE] From peer 1: 256 bytes
[MESSAGE] From peer 1: 256 bytes
[MESSAGE] From peer 1: 256 bytes
[MESSAGE] From peer 1: 256 bytes
[MESSAGE] From peer 1: 256 bytes
[MESSAGE] From peer 1: 256 bytes
[MESSAGE] From peer 1: 256 bytes
[MESSAGE] From peer 1: 256 bytes
[MESSAGE] From peer 1: 256 bytes
[MESSAGE] From peer 1: 256 bytes
[MESSAGE] From peer 1: 256 bytes
[MESSAGE] From peer 1: 256 bytes
[MESSAGE] From peer 1: 256 bytes
[MESSAGE] From peer 1: 256 bytes
[MESSAGE] From peer 1: 256 bytes
[MESSAGE] From peer 1: 256 bytes
[MESSAGE] From peer 1: 256 bytes
[MESSAGE] From peer 1: 256 bytes
[MESSAGE] From peer 1: 256 bytes
[MESSAGE] From peer 1: 256 bytes
[MESSAGE] From peer 1: 256 bytes
[MESSAGE] From peer 1: 256 bytes
[MESSAGE] From peer 1: 256 bytes
[MESSAGE] From peer 1: 256 bytes
[MESSAGE] From peer 1: 256 bytes
[MESSAGE] From peer 1: 256 bytes
[MESSAGE] From peer 1: 256 bytes
[MESSAGE] From peer 1: 256 bytes
[MESSAGE] From peer 1: 256 bytes
[MESSAGE] From peer 1: 256 bytes
[STATUS] 3120 sec: peers=11, msgs=8496, connected=yes
[MESSAGE] From peer 1: 256 bytes
[MESSAGE] From peer 1: 256 bytes
[MESSAGE] From peer 1: 256 bytes
[MESSAGE] From peer 1: 256 bytes
[MESSAGE] From peer 1: 256 bytes
[MESSAGE] From peer 1: 256 bytes
[MESSAGE] From peer 1: 256 bytes
[MESSAGE] From peer 1: 256 bytes
[MESSAGE] From peer 1: 256 bytes
[ECHO] 8500 messages echoed
[MESSAGE] From peer 1: 256 bytes
[MESSAGE] From peer 1: 256 bytes
[MESSAGE] From peer 1: 256 bytes
[MESSAGE] From peer 1: 256 bytes
[MESSAGE] From peer 1: 256 bytes
[MESSAGE] From peer 1: 256 bytes
[MESSAGE] From peer 1: 256 bytes
[MESSAGE] From peer 1: 256 bytes
[MESSAGE] From peer 1: 256 bytes
[MESSAGE] From peer 1: 256 bytes
[MESSAGE] From peer 1: 256 bytes
[MESSAGE] From peer 1: 256 bytes
[MESSAGE] From peer 1: 256 bytes
[MESSAGE] From peer 1: 256 bytes
[MESSAGE] From peer 1: 256 bytes
[MESSAGE] From peer 1: 256 bytes
[MESSAGE] From peer 1: 256 bytes
[MESSAGE] From peer 1: 256 bytes
[MESSAGE] From peer 1: 256 bytes
[MESSAGE] From peer 1: 256 bytes
[MESSAGE] From peer 1: 256 bytes
[MESSAGE] From peer 1: 256 bytes
[MESSAGE] From peer 1: 256 bytes
[MESSAGE] From peer 1: 256 bytes
[MESSAGE] From peer 1: 256 bytes
[MESSAGE] From peer 1: 256 bytes
[MESSAGE] From peer 1: 256 bytes
[MESSAGE] From peer 1: 256 bytes
[MESSAGE] From peer 1: 256 bytes
[MESSAGE] From peer 1: 256 bytes
[MESSAGE] From peer 1: 256 bytes
[MESSAGE] From peer 1: 256 bytes
[MESSAGE] From peer 1: 256 bytes
[MESSAGE] From peer 1: 256 bytes
[MESSAGE] From peer 1: 256 bytes
[MESSAGE] From peer 1: 256 bytes
[MESSAGE] From peer 1: 256 bytes
[MESSAGE] From peer 1: 256 bytes
[MESSAGE] From peer 1: 256 bytes
[MESSAGE] From peer 1: 256 bytes
[MESSAGE] From peer 1: 256 bytes
[MESSAGE] From peer 1: 256 bytes
[MESSAGE] From peer 1: 256 bytes
[MESSAGE] From peer 1: 256 bytes
[MESSAGE] From peer 1: 256 bytes
[MESSAGE] From peer 1: 256 bytes
[MESSAGE] From peer 1: 256 bytes
[MESSAGE] From peer 1: 256 bytes
[MESSAGE] From peer 1: 256 bytes
[MESSAGE] From peer 1: 256 bytes
[MESSAGE] From peer 1: 256 bytes
[MESSAGE] From peer 1: 256 bytes
[MESSAGE] From peer 1: 256 bytes
[MESSAGE] From peer 1: 256 bytes
[MESSAGE] From peer 1: 256 bytes
[MESSAGE] From peer 1: 256 bytes
[MESSAGE] From peer 1: 256 bytes
[MESSAGE] From peer 1: 256 bytes
[MESSAGE] From peer 1: 256 bytes
[MESSAGE] From peer 1: 256 bytes
[MESSAGE] From peer 1: 256 bytes
[MESSAGE] From peer 1: 256 bytes
[MESSAGE] From peer 1: 256 bytes
[MESSAGE] From peer 1: 256 bytes
[MESSAGE] From peer 1: 256 bytes
[MESSAGE] From peer 1: 256 bytes
[MESSAGE] From peer 1: 256 bytes
[MESSAGE] From peer 1: 256 bytes
[MESSAGE] From peer 1: 256 bytes
[MESSAGE] From peer 1: 256 bytes
[MESSAGE] From peer 1: 256 bytes
[MESSAGE] From peer 1: 256 bytes
[MESSAGE] From peer 1: 256 bytes
[MESSAGE] From peer 1: 256 bytes
[MESSAGE] From peer 1: 256 bytes
[MESSAGE] From peer 1: 256 bytes
[MESSAGE] From peer 1: 256 bytes
[MESSAGE] From peer 1: 256 bytes
[MESSAGE] From peer 1: 256 bytes
[MESSAGE] From peer 1: 256 bytes
[MESSAGE] From peer 1: 256 bytes
[MESSAGE] From peer 1: 256 bytes
[MESSAGE] From peer 1: 256 bytes
[MESSAGE] From peer 1: 256 bytes
[MESSAGE] From peer 1: 256 bytes
[MESSAGE] From peer 1: 256 bytes
[MESSAGE] From peer 1: 256 bytes
[MESSAGE] From peer 1: 256 bytes
[MESSAGE] From peer 1: 256 bytes
[MESSAGE] From peer 1: 256 bytes
[MESSAGE] From peer 1: 256 bytes
[MESSAGE] From peer 1: 256 bytes
[MESSAGE] From peer 1: 256 bytes
[MESSAGE] From peer 1: 256 bytes
[MESSAGE] From peer 1: 256 bytes
[MESSAGE] From peer 1: 256 bytes
[MESSAGE] From peer 1: 256 bytes
[MESSAGE] From peer 1: 256 bytes
[MESSAGE] From peer 1: 256 bytes
[MESSAGE] From peer 1: 256 bytes
[ECHO] 8600 messages echoed
[MESSAGE] From peer 1: 256 bytes
[MESSAGE] From peer 1: 256 bytes
[MESSAGE] From peer 1: 256 bytes
[MESSAGE] From peer 1: 256 bytes
[MESSAGE] From peer 1: 256 bytes
[MESSAGE] From peer 1: 256 bytes
[MESSAGE] From peer 1: 256 bytes
[MESSAGE] From peer 1: 256 bytes
[MESSAGE] From peer 1: 256 bytes
[MESSAGE] From peer 1: 256 bytes
[MESSAGE] From peer 1: 256 bytes
[MESSAGE] From peer 1: 256 bytes
[MESSAGE] From peer 1: 256 bytes
[MESSAGE] From peer 1: 256 bytes
[MESSAGE] From peer 1: 256 bytes
[MESSAGE] From peer 1: 256 bytes
[MESSAGE] From peer 1: 256 bytes
[MESSAGE] From peer 1: 256 bytes
[MESSAGE] From peer 1: 256 bytes
[MESSAGE] From peer 1: 256 bytes
[MESSAGE] From peer 1: 256 bytes
[MESSAGE] From peer 1: 256 bytes
[MESSAGE] From peer 1: 256 bytes
[MESSAGE] From peer 1: 256 bytes
[MESSAGE] From peer 1: 256 bytes
[MESSAGE] From peer 1: 256 bytes
[MESSAGE] From peer 1: 256 bytes
[MESSAGE] From peer 1: 256 bytes
[MESSAGE] From peer 1: 256 bytes
[MESSAGE] From peer 1: 256 bytes
[MESSAGE] From peer 1: 256 bytes
[MESSAGE] From peer 1: 256 bytes
[MESSAGE] From peer 1: 256 bytes
[MESSAGE] From peer 1: 256 bytes
[MESSAGE] From peer 1: 256 bytes
[MESSAGE] From peer 1: 256 bytes
[MESSAGE] From peer 1: 256 bytes
[MESSAGE] From peer 1: 256 bytes
[MESSAGE] From peer 1: 256 bytes
[MESSAGE] From peer 1: 256 bytes
[MESSAGE] From peer 1: 256 bytes
[MESSAGE] From peer 1: 256 bytes
[MESSAGE] From peer 1: 256 bytes
[MESSAGE] From peer 1: 256 bytes
[MESSAGE] From peer 1: 256 bytes
[MESSAGE] From peer 1: 256 bytes
[MESSAGE] From peer 1: 256 bytes
[MESSAGE] From peer 1: 256 bytes
[MESSAGE] From peer 1: 256 bytes
[MESSAGE] From peer 1: 256 bytes
[MESSAGE] From peer 1: 256 bytes
[MESSAGE] From peer 1: 256 bytes
[MESSAGE] From peer 1: 256 bytes
[MESSAGE] From peer 1: 256 bytes
[MESSAGE] From peer 1: 256 bytes
[MESSAGE] From peer 1: 256 bytes
[MESSAGE] From peer 1: 256 bytes
[MESSAGE] From peer 1: 256 bytes
[MESSAGE] From peer 1: 256 bytes
[MESSAGE] From peer 1: 256 bytes
[MESSAGE] From peer 1: 256 bytes
[MESSAGE] From peer 1: 256 bytes
[MESSAGE] From peer 1: 256 bytes
[MESSAGE] From peer 1: 256 bytes
[MESSAGE] From peer 1: 256 bytes
[MESSAGE] From peer 1: 256 bytes
[MESSAGE] From peer 1: 256 bytes
[MESSAGE] From peer 1: 256 bytes
[MESSAGE] From peer 1: 256 bytes
[MESSAGE] From peer 1: 256 bytes
[MESSAGE] From peer 1: 256 bytes
[MESSAGE] From peer 1: 256 bytes
[MESSAGE] From peer 1: 256 bytes
[MESSAGE] From peer 1: 256 bytes
[MESSAGE] From peer 1: 256 bytes
[MESSAGE] From peer 1: 256 bytes
[MESSAGE] From peer 1: 256 bytes
[MESSAGE] From peer 1: 256 bytes
[MESSAGE] From peer 1: 256 bytes
[MESSAGE] From peer 1: 256 bytes
[MESSAGE] From peer 1: 256 bytes
[MESSAGE] From peer 1: 256 bytes
[MESSAGE] From peer 1: 256 bytes
[MESSAGE] From peer 1: 256 bytes
[MESSAGE] From peer 1: 256 bytes
[MESSAGE] From peer 1: 256 bytes
[MESSAGE] From peer 1: 256 bytes
[MESSAGE] From peer 1: 256 bytes
[MESSAGE] From peer 1: 256 bytes
[MESSAGE] From peer 1: 256 bytes
[MESSAGE] From peer 1: 256 bytes
[MESSAGE] From peer 1: 256 bytes
[MESSAGE] From peer 1: 256 bytes
[MESSAGE] From peer 1: 256 bytes
[MESSAGE] From peer 1: 256 bytes
[MESSAGE] From peer 1: 256 bytes
[MESSAGE] From peer 1: 256 bytes
[MESSAGE] From peer 1: 256 bytes
[MESSAGE] From peer 1: 256 bytes
[MESSAGE] From peer 1: 256 bytes
[ECHO] 8700 messages echoed
[MESSAGE] From peer 1: 256 bytes
[MESSAGE] From peer 1: 256 bytes
[MESSAGE] From peer 1: 256 bytes
[MESSAGE] From peer 1: 256 bytes
[MESSAGE] From peer 1: 256 bytes
[MESSAGE] From peer 1: 256 bytes
[MESSAGE] From peer 1: 256 bytes
[MESSAGE] From peer 1: 256 bytes
[MESSAGE] From peer 1: 256 bytes
[MESSAGE] From peer 1: 256 bytes
[MESSAGE] From peer 1: 256 bytes
[MESSAGE] From peer 1: 256 bytes
[MESSAGE] From peer 1: 256 bytes
[MESSAGE] From peer 1: 256 bytes
[MESSAGE] From peer 1: 256 bytes
[MESSAGE] From peer 1: 256 bytes
[MESSAGE] From peer 1: 256 bytes
[MESSAGE] From peer 1: 256 bytes
[MESSAGE] From peer 1: 256 bytes
[MESSAGE] From peer 1: 256 bytes
[MESSAGE] From peer 1: 256 bytes
[MESSAGE] From peer 1: 256 bytes
[MESSAGE] From peer 1: 256 bytes
[MESSAGE] From peer 1: 256 bytes
[MESSAGE] From peer 1: 256 bytes
[MESSAGE] From peer 1: 256 bytes
[MESSAGE] From peer 1: 256 bytes
[MESSAGE] From peer 1: 256 bytes
[MESSAGE] From peer 1: 256 bytes
[MESSAGE] From peer 1: 256 bytes
[MESSAGE] From peer 1: 256 bytes
[MESSAGE] From peer 1: 256 bytes
[MESSAGE] From peer 1: 256 bytes
[MESSAGE] From peer 1: 256 bytes
[MESSAGE] From peer 1: 256 bytes
[MESSAGE] From peer 1: 256 bytes
[MESSAGE] From peer 1: 256 bytes
[MESSAGE] From peer 1: 256 bytes
[MESSAGE] From peer 1: 256 bytes
[MESSAGE] From peer 1: 256 bytes
[MESSAGE] From peer 1: 256 bytes
[MESSAGE] From peer 1: 256 bytes
[MESSAGE] From peer 1: 256 bytes
[MESSAGE] From peer 1: 256 bytes
[MESSAGE] From peer 1: 256 bytes
[MESSAGE] From peer 1: 256 bytes
[MESSAGE] From peer 1: 256 bytes
[MESSAGE] From peer 1: 256 bytes
[MESSAGE] From peer 1: 256 bytes
[MESSAGE] From peer 1: 256 bytes
[MESSAGE] From peer 1: 256 bytes
[MESSAGE] From peer 1: 256 bytes
[MESSAGE] From peer 1: 256 bytes
[MESSAGE] From peer 1: 256 bytes
[MESSAGE] From peer 1: 256 bytes
[MESSAGE] From peer 1: 256 bytes
[MESSAGE] From peer 1: 256 bytes
[MESSAGE] From peer 1: 256 bytes
[MESSAGE] From peer 1: 256 bytes
[MESSAGE] From peer 1: 256 bytes
[MESSAGE] From peer 1: 256 bytes
[MESSAGE] From peer 1: 256 bytes
[MESSAGE] From peer 1: 256 bytes
[MESSAGE] From peer 1: 256 bytes
[MESSAGE] From peer 1: 256 bytes
[MESSAGE] From peer 1: 256 bytes
[MESSAGE] From peer 1: 256 bytes
[MESSAGE] From peer 1: 256 bytes
[MESSAGE] From peer 1: 256 bytes
[MESSAGE] From peer 1: 256 bytes
[MESSAGE] From peer 1: 256 bytes
[MESSAGE] From peer 1: 256 bytes
[MESSAGE] From peer 1: 256 bytes
[MESSAGE] From peer 1: 256 bytes
[MESSAGE] From peer 1: 256 bytes
[MESSAGE] From peer 1: 256 bytes
[MESSAGE] From peer 1: 256 bytes
[MESSAGE] From peer 1: 256 bytes
[MESSAGE] From peer 1: 256 bytes
[MESSAGE] From peer 1: 256 bytes
[MESSAGE] From peer 1: 256 bytes
[MESSAGE] From peer 1: 256 bytes
[MESSAGE] From peer 1: 256 bytes
[MESSAGE] From peer 1: 256 bytes
[MESSAGE] From peer 1: 256 bytes
[MESSAGE] From peer 1: 256 bytes
[MESSAGE] From peer 1: 256 bytes
[MESSAGE] From peer 1: 256 bytes
[MESSAGE] From peer 1: 256 bytes
[MESSAGE] From peer 1: 256 bytes
[MESSAGE] From peer 1: 256 bytes
[MESSAGE] From peer 1: 256 bytes
[MESSAGE] From peer 1: 256 bytes
[MESSAGE] From peer 1: 256 bytes
[MESSAGE] From peer 1: 256 bytes
[MESSAGE] From peer 1: 256 bytes
[MESSAGE] From peer 1: 256 bytes
[MESSAGE] From peer 1: 256 bytes
[MESSAGE] From peer 1: 256 bytes
[MESSAGE] From peer 1: 256 bytes
[ECHO] 8800 messages echoed
[MESSAGE] From peer 1: 256 bytes
[MESSAGE] From peer 1: 256 bytes
[MESSAGE] From peer 1: 256 bytes
[MESSAGE] From peer 1: 256 bytes
[MESSAGE] From peer 1: 256 bytes
[MESSAGE] From peer 1: 256 bytes
[MESSAGE] From peer 1: 256 bytes
[MESSAGE] From peer 1: 256 bytes
[MESSAGE] From peer 1: 256 bytes
[MESSAGE] From peer 1: 256 bytes
[MESSAGE] From peer 1: 256 bytes
[MESSAGE] From peer 1: 256 bytes
[MESSAGE] From peer 1: 256 bytes
[MESSAGE] From peer 1: 256 bytes
[MESSAGE] From peer 1: 256 bytes
[MESSAGE] From peer 1: 256 bytes
[MESSAGE] From peer 1: 256 bytes
[MESSAGE] From peer 1: 256 bytes
[MESSAGE] From peer 1: 256 bytes
[MESSAGE] From peer 1: 256 bytes
[MESSAGE] From peer 1: 256 bytes
[MESSAGE] From peer 1: 256 bytes
[MESSAGE] From peer 1: 256 bytes
[MESSAGE] From peer 1: 256 bytes
[MESSAGE] From peer 1: 256 bytes
[MESSAGE] From peer 1: 256 bytes
[MESSAGE] From peer 1: 256 bytes
[MESSAGE] From peer 1: 256 bytes
[MESSAGE] From peer 1: 256 bytes
[MESSAGE] From peer 1: 256 bytes
[MESSAGE] From peer 1: 256 bytes
[MESSAGE] From peer 1: 256 bytes
[MESSAGE] From peer 1: 256 bytes
[MESSAGE] From peer 1: 256 bytes
[MESSAGE] From peer 1: 256 bytes
[MESSAGE] From peer 1: 256 bytes
[MESSAGE] From peer 1: 256 bytes
[MESSAGE] From peer 1: 256 bytes
[MESSAGE] From peer 1: 256 bytes
[MESSAGE] From peer 1: 256 bytes
[MESSAGE] From peer 1: 256 bytes
[MESSAGE] From peer 1: 256 bytes
[MESSAGE] From peer 1: 256 bytes
[MESSAGE] From peer 1: 256 bytes
[MESSAGE] From peer 1: 256 bytes
[MESSAGE] From peer 1: 256 bytes
[MESSAGE] From peer 1: 256 bytes
[MESSAGE] From peer 1: 256 bytes
[MESSAGE] From peer 1: 256 bytes
[MESSAGE] From peer 1: 256 bytes
[MESSAGE] From peer 1: 256 bytes
[MESSAGE] From peer 1: 256 bytes
[MESSAGE] From peer 1: 256 bytes
[MESSAGE] From peer 1: 256 bytes
[MESSAGE] From peer 1: 256 bytes
[MESSAGE] From peer 1: 256 bytes
[MESSAGE] From peer 1: 256 bytes
[MESSAGE] From peer 1: 256 bytes
[MESSAGE] From peer 1: 256 bytes
[MESSAGE] From peer 1: 256 bytes
[MESSAGE] From peer 1: 256 bytes
[MESSAGE] From peer 1: 256 bytes
[MESSAGE] From peer 1: 256 bytes
[MESSAGE] From peer 1: 256 bytes
[MESSAGE] From peer 1: 256 bytes
[MESSAGE] From peer 1: 256 bytes
[MESSAGE] From peer 1: 256 bytes
[MESSAGE] From peer 1: 256 bytes
[MESSAGE] From peer 1: 256 bytes
[MESSAGE] From peer 1: 256 bytes
[MESSAGE] From peer 1: 256 bytes
[MESSAGE] From peer 1: 256 bytes
[MESSAGE] From peer 1: 256 bytes
[MESSAGE] From peer 1: 256 bytes
[MESSAGE] From peer 1: 256 bytes
[MESSAGE] From peer 1: 256 bytes
[MESSAGE] From peer 1: 256 bytes
[MESSAGE] From peer 1: 256 bytes
[MESSAGE] From peer 1: 256 bytes
[MESSAGE] From peer 1: 256 bytes
[MESSAGE] From peer 1: 256 bytes
[MESSAGE] From peer 1: 256 bytes
[MESSAGE] From peer 1: 256 bytes
[MESSAGE] From peer 1: 256 bytes
[MESSAGE] From peer 1: 256 bytes
[MESSAGE] From peer 1: 256 bytes
[MESSAGE] From peer 1: 256 bytes
[MESSAGE] From peer 1: 256 bytes
[MESSAGE] From peer 1: 256 bytes
[MESSAGE] From peer 1: 256 bytes
[MESSAGE] From peer 1: 256 bytes
[MESSAGE] From peer 1: 256 bytes
[MESSAGE] From peer 1: 256 bytes
[MESSAGE] From peer 1: 256 bytes
[MESSAGE] From peer 1: 256 bytes
[MESSAGE] From peer 1: 256 bytes
[MESSAGE] From peer 1: 256 bytes
[MESSAGE] From peer 1: 256 bytes
[MESSAGE] From peer 1: 256 bytes
[MESSAGE] From peer 1: 256 bytes
[ECHO] 8900 messages echoed
[MESSAGE] From peer 1: 256 bytes
[MESSAGE] From peer 1: 256 bytes
[MESSAGE] From peer 1: 256 bytes
[MESSAGE] From peer 1: 256 bytes
[MESSAGE] From peer 1: 256 bytes
[MESSAGE] From peer 1: 256 bytes
[MESSAGE] From peer 1: 256 bytes
[MESSAGE] From peer 1: 256 bytes
[MESSAGE] From peer 1: 256 bytes
[MESSAGE] From peer 1: 256 bytes
[MESSAGE] From peer 1: 256 bytes
[MESSAGE] From peer 1: 256 bytes
[MESSAGE] From peer 1: 256 bytes
[MESSAGE] From peer 1: 256 bytes
[MESSAGE] From peer 1: 256 bytes
[MESSAGE] From peer 1: 256 bytes
[MESSAGE] From peer 1: 256 bytes
[MESSAGE] From peer 1: 256 bytes
[MESSAGE] From peer 1: 256 bytes
[MESSAGE] From peer 1: 256 bytes
[MESSAGE] From peer 1: 256 bytes
[MESSAGE] From peer 1: 256 bytes
[MESSAGE] From peer 1: 256 bytes
[MESSAGE] From peer 1: 256 bytes
[MESSAGE] From peer 1: 256 bytes
[MESSAGE] From peer 1: 256 bytes
[MESSAGE] From peer 1: 256 bytes
[MESSAGE] From peer 1: 256 bytes
[MESSAGE] From peer 1: 256 bytes
[MESSAGE] From peer 1: 256 bytes
[MESSAGE] From peer 1: 256 bytes
[MESSAGE] From peer 1: 256 bytes
[MESSAGE] From peer 1: 256 bytes
[MESSAGE] From peer 1: 256 bytes
[MESSAGE] From peer 1: 256 bytes
[MESSAGE] From peer 1: 256 bytes
[MESSAGE] From peer 1: 256 bytes
[MESSAGE] From peer 1: 256 bytes
[MESSAGE] From peer 1: 256 bytes
[MESSAGE] From peer 1: 256 bytes
[MESSAGE] From peer 1: 256 bytes
[MESSAGE] From peer 1: 256 bytes
[MESSAGE] From peer 1: 256 bytes
[MESSAGE] From peer 1: 256 bytes
[MESSAGE] From peer 1: 256 bytes
[MESSAGE] From peer 1: 256 bytes
[MESSAGE] From peer 1: 256 bytes
[MESSAGE] From peer 1: 256 bytes
[MESSAGE] From peer 1: 256 bytes
[MESSAGE] From peer 1: 256 bytes
[MESSAGE] From peer 1: 256 bytes
[MESSAGE] From peer 1: 256 bytes
[MESSAGE] From peer 1: 256 bytes
[MESSAGE] From peer 1: 256 bytes
[MESSAGE] From peer 1: 256 bytes
[MESSAGE] From peer 1: 256 bytes
[MESSAGE] From peer 1: 256 bytes
[MESSAGE] From peer 1: 256 bytes
[MESSAGE] From peer 1: 256 bytes
[MESSAGE] From peer 1: 256 bytes
[MESSAGE] From peer 1: 256 bytes
[MESSAGE] From peer 1: 256 bytes
[MESSAGE] From peer 1: 256 bytes
[MESSAGE] From peer 1: 256 bytes
[MESSAGE] From peer 1: 256 bytes
[MESSAGE] From peer 1: 256 bytes
[MESSAGE] From peer 1: 256 bytes
[MESSAGE] From peer 1: 256 bytes
[MESSAGE] From peer 1: 256 bytes
[MESSAGE] From peer 1: 256 bytes
[MESSAGE] From peer 1: 256 bytes
[MESSAGE] From peer 1: 256 bytes
[MESSAGE] From peer 1: 256 bytes
[MESSAGE] From peer 1: 256 bytes
[MESSAGE] From peer 1: 256 bytes
[MESSAGE] From peer 1: 256 bytes
[MESSAGE] From peer 1: 256 bytes
[MESSAGE] From peer 1: 256 bytes
[MESSAGE] From peer 1: 256 bytes
[MESSAGE] From peer 1: 256 bytes
[MESSAGE] From peer 1: 256 bytes
[MESSAGE] From peer 1: 256 bytes
[MESSAGE] From peer 1: 256 bytes
[MESSAGE] From peer 1: 256 bytes
[MESSAGE] From peer 1: 256 bytes
[MESSAGE] From peer 1: 256 bytes
[MESSAGE] From peer 1: 256 bytes
[MESSAGE] From peer 1: 256 bytes
[MESSAGE] From peer 1: 256 bytes
[MESSAGE] From peer 1: 256 bytes
[MESSAGE] From peer 1: 256 bytes
[MESSAGE] From peer 1: 256 bytes
[MESSAGE] From peer 1: 256 bytes
[MESSAGE] From peer 1: 256 bytes
[MESSAGE] From peer 1: 256 bytes
[MESSAGE] From peer 1: 256 bytes
[MESSAGE] From peer 1: 256 bytes
[MESSAGE] From peer 1: 256 bytes
[MESSAGE] From peer 1: 256 bytes
[MESSAGE] From peer 1: 256 bytes
[ECHO] 9000 messages echoed
[MESSAGE] From peer 1: 256 bytes
[MESSAGE] From peer 1: 256 bytes
[MESSAGE] From peer 1: 256 bytes
[MESSAGE] From peer 1: 256 bytes
[MESSAGE] From peer 1: 256 bytes
[MESSAGE] From peer 1: 256 bytes
[MESSAGE] From peer 1: 256 bytes
[MESSAGE] From peer 1: 256 bytes
[MESSAGE] From peer 1: 256 bytes
[MESSAGE] From peer 1: 256 bytes
[MESSAGE] From peer 1: 256 bytes
[MESSAGE] From peer 1: 256 bytes
[MESSAGE] From peer 1: 256 bytes
[MESSAGE] From peer 1: 256 bytes
[MESSAGE] From peer 1: 256 bytes
[MESSAGE] From peer 1: 256 bytes
[MESSAGE] From peer 1: 256 bytes
[DISCOVERED] Peer 2: "MacThroughput" at 10.188.1.213:7354
[MESSAGE] From peer 1: 256 bytes
[MESSAGE] From peer 1: 256 bytes
[MESSAGE] From peer 1: 256 bytes
[MESSAGE] From peer 1: 256 bytes
[MESSAGE] From peer 1: 256 bytes
[MESSAGE] From peer 1: 256 bytes
[MESSAGE] From peer 1: 256 bytes
[MESSAGE] From peer 1: 256 bytes
[MESSAGE] From peer 1: 256 bytes
[MESSAGE] From peer 1: 256 bytes
[MESSAGE] From peer 1: 256 bytes
[MESSAGE] From peer 1: 256 bytes
[MESSAGE] From peer 1: 256 bytes
[MESSAGE] From peer 1: 256 bytes
[MESSAGE] From peer 1: 256 bytes
[MESSAGE] From peer 1: 256 bytes
[MESSAGE] From peer 1: 256 bytes
[MESSAGE] From peer 1: 256 bytes
[MESSAGE] From peer 1: 256 bytes
[MESSAGE] From peer 1: 256 bytes
[MESSAGE] From peer 1: 256 bytes
[MESSAGE] From peer 1: 256 bytes
[MESSAGE] From peer 1: 256 bytes
[MESSAGE] From peer 1: 256 bytes
[MESSAGE] From peer 1: 256 bytes
[MESSAGE] From peer 1: 256 bytes
[MESSAGE] From peer 1: 256 bytes
[MESSAGE] From peer 1: 256 bytes
[MESSAGE] From peer 1: 256 bytes
[MESSAGE] From peer 1: 256 bytes
[MESSAGE] From peer 1: 256 bytes
[MESSAGE] From peer 1: 256 bytes
[MESSAGE] From peer 1: 256 bytes
[MESSAGE] From peer 1: 256 bytes
[MESSAGE] From peer 1: 256 bytes
[MESSAGE] From peer 1: 256 bytes
[MESSAGE] From peer 1: 256 bytes
[MESSAGE] From peer 1: 256 bytes
[MESSAGE] From peer 1: 256 bytes
[MESSAGE] From peer 1: 256 bytes
[MESSAGE] From peer 1: 256 bytes
[MESSAGE] From peer 1: 256 bytes
[MESSAGE] From peer 1: 256 bytes
[MESSAGE] From peer 1: 256 bytes
[MESSAGE] From peer 1: 256 bytes
[MESSAGE] From peer 1: 256 bytes
[MESSAGE] From peer 1: 256 bytes
[MESSAGE] From peer 1: 256 bytes
[MESSAGE] From peer 1: 256 bytes
[MESSAGE] From peer 1: 256 bytes
[MESSAGE] From peer 1: 256 bytes
[MESSAGE] From peer 1: 256 bytes
[MESSAGE] From peer 1: 256 bytes
[MESSAGE] From peer 1: 256 bytes
[MESSAGE] From peer 1: 256 bytes
[MESSAGE] From peer 1: 256 bytes
[MESSAGE] From peer 1: 256 bytes
[MESSAGE] From peer 1: 256 bytes
[MESSAGE] From peer 1: 256 bytes
[MESSAGE] From peer 1: 256 bytes
[MESSAGE] From peer 1: 256 bytes
[MESSAGE] From peer 1: 256 bytes
[MESSAGE] From peer 1: 256 bytes
[MESSAGE] From peer 1: 256 bytes
[MESSAGE] From peer 1: 256 bytes
[MESSAGE] From peer 1: 256 bytes
[MESSAGE] From peer 1: 256 bytes
[MESSAGE] From peer 1: 256 bytes
[MESSAGE] From peer 1: 256 bytes
[MESSAGE] From peer 1: 256 bytes
[MESSAGE] From peer 1: 256 bytes
[MESSAGE] From peer 1: 256 bytes
[MESSAGE] From peer 1: 256 bytes
[MESSAGE] From peer 1: 256 bytes
[MESSAGE] From peer 1: 256 bytes
[MESSAGE] From peer 1: 256 bytes
[MESSAGE] From peer 1: 256 bytes
[MESSAGE] From peer 1: 256 bytes
[MESSAGE] From peer 1: 256 bytes
[MESSAGE] From peer 1: 256 bytes
[MESSAGE] From peer 1: 256 bytes
[MESSAGE] From peer 1: 256 bytes
[MESSAGE] From peer 1: 256 bytes
[ECHO] 9100 messages echoed
[MESSAGE] From peer 1: 256 bytes
[MESSAGE] From peer 1: 256 bytes
[MESSAGE] From peer 1: 256 bytes
[MESSAGE] From peer 1: 256 bytes
[MESSAGE] From peer 1: 256 bytes
[MESSAGE] From peer 1: 256 bytes
[MESSAGE] From peer 1: 256 bytes
[MESSAGE] From peer 1: 256 bytes
[MESSAGE] From peer 1: 256 bytes
[MESSAGE] From peer 1: 256 bytes
[MESSAGE] From peer 1: 256 bytes
[MESSAGE] From peer 1: 256 bytes
[MESSAGE] From peer 1: 256 bytes
[MESSAGE] From peer 1: 256 bytes
[MESSAGE] From peer 1: 256 bytes
[MESSAGE] From peer 1: 256 bytes
[MESSAGE] From peer 1: 256 bytes
[MESSAGE] From peer 1: 256 bytes
[MESSAGE] From peer 1: 256 bytes
[MESSAGE] From peer 1: 256 bytes
[MESSAGE] From peer 1: 256 bytes
[MESSAGE] From peer 1: 256 bytes
[MESSAGE] From peer 1: 256 bytes
[MESSAGE] From peer 1: 256 bytes
[MESSAGE] From peer 1: 256 bytes
[MESSAGE] From peer 1: 256 bytes
[MESSAGE] From peer 1: 256 bytes
[MESSAGE] From peer 1: 256 bytes
[MESSAGE] From peer 1: 256 bytes
[MESSAGE] From peer 1: 256 bytes
[MESSAGE] From peer 1: 256 bytes
[MESSAGE] From peer 1: 256 bytes
[MESSAGE] From peer 1: 256 bytes
[MESSAGE] From peer 1: 256 bytes
[MESSAGE] From peer 1: 256 bytes
[MESSAGE] From peer 1: 256 bytes
[MESSAGE] From peer 1: 256 bytes
[MESSAGE] From peer 1: 256 bytes
[MESSAGE] From peer 1: 256 bytes
[MESSAGE] From peer 1: 256 bytes
[MESSAGE] From peer 1: 256 bytes
[MESSAGE] From peer 1: 256 bytes
[MESSAGE] From peer 1: 256 bytes
[MESSAGE] From peer 1: 256 bytes
[MESSAGE] From peer 1: 256 bytes
[MESSAGE] From peer 1: 256 bytes
[MESSAGE] From peer 1: 256 bytes
[MESSAGE] From peer 1: 256 bytes
[MESSAGE] From peer 1: 256 bytes
[MESSAGE] From peer 1: 256 bytes
[MESSAGE] From peer 1: 256 bytes
[MESSAGE] From peer 1: 256 bytes
[MESSAGE] From peer 1: 256 bytes
[MESSAGE] From peer 1: 256 bytes
[MESSAGE] From peer 1: 256 bytes
[MESSAGE] From peer 1: 256 bytes
[MESSAGE] From peer 1: 256 bytes
[MESSAGE] From peer 1: 256 bytes
[MESSAGE] From peer 1: 256 bytes
[MESSAGE] From peer 1: 256 bytes
[MESSAGE] From peer 1: 256 bytes
[MESSAGE] From peer 1: 256 bytes
[MESSAGE] From peer 1: 256 bytes
[MESSAGE] From peer 1: 256 bytes
[MESSAGE] From peer 1: 256 bytes
[MESSAGE] From peer 1: 256 bytes
[MESSAGE] From peer 1: 256 bytes
[MESSAGE] From peer 1: 256 bytes
[MESSAGE] From peer 1: 256 bytes
[MESSAGE] From peer 1: 256 bytes
[MESSAGE] From peer 1: 256 bytes
[MESSAGE] From peer 1: 256 bytes
[MESSAGE] From peer 1: 256 bytes
[MESSAGE] From peer 1: 256 bytes
[MESSAGE] From peer 1: 256 bytes
[MESSAGE] From peer 1: 256 bytes
[MESSAGE] From peer 1: 256 bytes
[MESSAGE] From peer 1: 256 bytes
[MESSAGE] From peer 1: 256 bytes
[MESSAGE] From peer 1: 256 bytes
[MESSAGE] From peer 1: 256 bytes
[MESSAGE] From peer 1: 256 bytes
[MESSAGE] From peer 1: 256 bytes
[STATUS] 3130 sec: peers=12, msgs=9188, connected=yes
[MESSAGE] From peer 1: 256 bytes
[MESSAGE] From peer 1: 256 bytes
[MESSAGE] From peer 1: 256 bytes
[MESSAGE] From peer 1: 256 bytes
[MESSAGE] From peer 1: 256 bytes
[MESSAGE] From peer 1: 256 bytes
[MESSAGE] From peer 1: 256 bytes
[MESSAGE] From peer 1: 256 bytes
[MESSAGE] From peer 1: 256 bytes
[MESSAGE] From peer 1: 256 bytes
[MESSAGE] From peer 1: 256 bytes
[MESSAGE] From peer 1: 256 bytes
[MESSAGE] From peer 1: 256 bytes
[MESSAGE] From peer 1: 256 bytes
[MESSAGE] From peer 1: 256 bytes
[MESSAGE] From peer 1: 256 bytes
[MESSAGE] From peer 1: 256 bytes
[ECHO] 9200 messages echoed
[MESSAGE] From peer 1: 256 bytes
[MESSAGE] From peer 1: 256 bytes
[MESSAGE] From peer 1: 256 bytes
[MESSAGE] From peer 1: 256 bytes
[MESSAGE] From peer 1: 256 bytes
[MESSAGE] From peer 1: 256 bytes
[MESSAGE] From peer 1: 256 bytes
[MESSAGE] From peer 1: 256 bytes
[MESSAGE] From peer 1: 256 bytes
[MESSAGE] From peer 1: 256 bytes
[MESSAGE] From peer 1: 256 bytes
[MESSAGE] From peer 1: 256 bytes
[MESSAGE] From peer 1: 256 bytes
[MESSAGE] From peer 1: 256 bytes
[MESSAGE] From peer 1: 256 bytes
[MESSAGE] From peer 1: 256 bytes
[MESSAGE] From peer 1: 256 bytes
[MESSAGE] From peer 1: 256 bytes
[MESSAGE] From peer 1: 256 bytes
[MESSAGE] From peer 1: 256 bytes
[MESSAGE] From peer 1: 256 bytes
[MESSAGE] From peer 1: 256 bytes
[MESSAGE] From peer 1: 256 bytes
[MESSAGE] From peer 1: 256 bytes
[MESSAGE] From peer 1: 256 bytes
[MESSAGE] From peer 1: 256 bytes
[MESSAGE] From peer 1: 256 bytes
[MESSAGE] From peer 1: 256 bytes
[MESSAGE] From peer 1: 256 bytes
[MESSAGE] From peer 1: 256 bytes
[MESSAGE] From peer 1: 256 bytes
[MESSAGE] From peer 1: 256 bytes
[MESSAGE] From peer 1: 256 bytes
[MESSAGE] From peer 1: 256 bytes
[MESSAGE] From peer 1: 256 bytes
[MESSAGE] From peer 1: 256 bytes
[MESSAGE] From peer 1: 256 bytes
[MESSAGE] From peer 1: 256 bytes
[MESSAGE] From peer 1: 256 bytes
[MESSAGE] From peer 1: 256 bytes
[MESSAGE] From peer 1: 256 bytes
[MESSAGE] From peer 1: 256 bytes
[MESSAGE] From peer 1: 256 bytes
[MESSAGE] From peer 1: 256 bytes
[MESSAGE] From peer 1: 256 bytes
[MESSAGE] From peer 1: 256 bytes
[MESSAGE] From peer 1: 256 bytes
[MESSAGE] From peer 1: 256 bytes
[MESSAGE] From peer 1: 256 bytes
[MESSAGE] From peer 1: 256 bytes
[MESSAGE] From peer 1: 256 bytes
[MESSAGE] From peer 1: 256 bytes
[MESSAGE] From peer 1: 256 bytes
[MESSAGE] From peer 1: 256 bytes
[MESSAGE] From peer 1: 256 bytes
[MESSAGE] From peer 1: 256 bytes
[MESSAGE] From peer 1: 256 bytes
[MESSAGE] From peer 1: 256 bytes
[MESSAGE] From peer 1: 256 bytes
[MESSAGE] From peer 1: 256 bytes
[MESSAGE] From peer 1: 256 bytes
[MESSAGE] From peer 1: 256 bytes
[MESSAGE] From peer 1: 256 bytes
[MESSAGE] From peer 1: 256 bytes
[MESSAGE] From peer 1: 256 bytes
[MESSAGE] From peer 1: 256 bytes
[MESSAGE] From peer 1: 256 bytes
[MESSAGE] From peer 1: 256 bytes
[MESSAGE] From peer 1: 256 bytes
[MESSAGE] From peer 1: 256 bytes
[MESSAGE] From peer 1: 256 bytes
[MESSAGE] From peer 1: 256 bytes
[MESSAGE] From peer 1: 256 bytes
[MESSAGE] From peer 1: 256 bytes
[MESSAGE] From peer 1: 256 bytes
[MESSAGE] From peer 1: 256 bytes
[MESSAGE] From peer 1: 256 bytes
[MESSAGE] From peer 1: 256 bytes
[MESSAGE] From peer 1: 256 bytes
[MESSAGE] From peer 1: 256 bytes
[MESSAGE] From peer 1: 256 bytes
[MESSAGE] From peer 1: 256 bytes
[MESSAGE] From peer 1: 256 bytes
[MESSAGE] From peer 1: 256 bytes
[MESSAGE] From peer 1: 256 bytes
[MESSAGE] From peer 1: 256 bytes
[MESSAGE] From peer 1: 256 bytes
[MESSAGE] From peer 1: 256 bytes
[MESSAGE] From peer 1: 256 bytes
[MESSAGE] From peer 1: 256 bytes
[MESSAGE] From peer 1: 256 bytes
[MESSAGE] From peer 1: 256 bytes
[MESSAGE] From peer 1: 256 bytes
[MESSAGE] From peer 1: 256 bytes
[MESSAGE] From peer 1: 256 bytes
[MESSAGE] From peer 1: 256 bytes
[MESSAGE] From peer 1: 256 bytes
[MESSAGE] From peer 1: 256 bytes
[MESSAGE] From peer 1: 256 bytes
[MESSAGE] From peer 1: 256 bytes
[ECHO] 9300 messages echoed
[MESSAGE] From peer 1: 256 bytes
[MESSAGE] From peer 1: 256 bytes
[MESSAGE] From peer 1: 256 bytes
[MESSAGE] From peer 1: 256 bytes
[MESSAGE] From peer 1: 256 bytes
[MESSAGE] From peer 1: 256 bytes
[MESSAGE] From peer 1: 256 bytes
[MESSAGE] From peer 1: 256 bytes
[MESSAGE] From peer 1: 256 bytes
[MESSAGE] From peer 1: 256 bytes
[MESSAGE] From peer 1: 256 bytes
[MESSAGE] From peer 1: 256 bytes
[MESSAGE] From peer 1: 256 bytes
[MESSAGE] From peer 1: 256 bytes
[MESSAGE] From peer 1: 256 bytes
[MESSAGE] From peer 1: 256 bytes
[MESSAGE] From peer 1: 256 bytes
[MESSAGE] From peer 1: 256 bytes
[MESSAGE] From peer 1: 256 bytes
[MESSAGE] From peer 1: 256 bytes
[MESSAGE] From peer 1: 256 bytes
[MESSAGE] From peer 1: 256 bytes
[MESSAGE] From peer 1: 256 bytes
[MESSAGE] From peer 1: 256 bytes
[MESSAGE] From peer 1: 256 bytes
[MESSAGE] From peer 1: 256 bytes
[MESSAGE] From peer 1: 256 bytes
[MESSAGE] From peer 1: 256 bytes
[MESSAGE] From peer 1: 256 bytes
[MESSAGE] From peer 1: 256 bytes
[MESSAGE] From peer 1: 256 bytes
[MESSAGE] From peer 1: 256 bytes
[MESSAGE] From peer 1: 256 bytes
[MESSAGE] From peer 1: 256 bytes
[MESSAGE] From peer 1: 256 bytes
[MESSAGE] From peer 1: 256 bytes
[MESSAGE] From peer 1: 256 bytes
[MESSAGE] From peer 1: 256 bytes
[MESSAGE] From peer 1: 256 bytes
[MESSAGE] From peer 1: 256 bytes
[MESSAGE] From peer 1: 256 bytes
[MESSAGE] From peer 1: 256 bytes
[MESSAGE] From peer 1: 256 bytes
[MESSAGE] From peer 1: 256 bytes
[MESSAGE] From peer 1: 256 bytes
[MESSAGE] From peer 1: 256 bytes
[MESSAGE] From peer 1: 256 bytes
[MESSAGE] From peer 1: 256 bytes
[MESSAGE] From peer 1: 256 bytes
[MESSAGE] From peer 1: 256 bytes
[MESSAGE] From peer 1: 256 bytes
[MESSAGE] From peer 1: 256 bytes
[MESSAGE] From peer 1: 256 bytes
[MESSAGE] From peer 1: 256 bytes
[MESSAGE] From peer 1: 256 bytes
[MESSAGE] From peer 1: 256 bytes
[MESSAGE] From peer 1: 256 bytes
[MESSAGE] From peer 1: 256 bytes
[MESSAGE] From peer 1: 256 bytes
[MESSAGE] From peer 1: 256 bytes
[MESSAGE] From peer 1: 256 bytes
[MESSAGE] From peer 1: 256 bytes
[MESSAGE] From peer 1: 256 bytes
[MESSAGE] From peer 1: 256 bytes
[MESSAGE] From peer 1: 256 bytes
[MESSAGE] From peer 1: 256 bytes
[MESSAGE] From peer 1: 256 bytes
[MESSAGE] From peer 1: 256 bytes
[MESSAGE] From peer 1: 256 bytes
[MESSAGE] From peer 1: 256 bytes
[MESSAGE] From peer 1: 256 bytes
[MESSAGE] From peer 1: 256 bytes
[MESSAGE] From peer 1: 256 bytes
[MESSAGE] From peer 1: 256 bytes
[MESSAGE] From peer 1: 256 bytes
[MESSAGE] From peer 1: 256 bytes
[MESSAGE] From peer 1: 256 bytes
[MESSAGE] From peer 1: 256 bytes
[MESSAGE] From peer 1: 256 bytes
[MESSAGE] From peer 1: 256 bytes
[MESSAGE] From peer 1: 512 bytes
[MESSAGE] From peer 1: 512 bytes
[MESSAGE] From peer 1: 512 bytes
[MESSAGE] From peer 1: 512 bytes
[MESSAGE] From peer 1: 512 bytes
[MESSAGE] From peer 1: 512 bytes
[MESSAGE] From peer 1: 512 bytes
[MESSAGE] From peer 1: 512 bytes
[MESSAGE] From peer 1: 512 bytes
[MESSAGE] From peer 1: 512 bytes
[MESSAGE] From peer 1: 512 bytes
[MESSAGE] From peer 1: 512 bytes
[MESSAGE] From peer 1: 512 bytes
[MESSAGE] From peer 1: 512 bytes
[MESSAGE] From peer 1: 512 bytes
[MESSAGE] From peer 1: 512 bytes
[MESSAGE] From peer 1: 512 bytes
[MESSAGE] From peer 1: 512 bytes
[MESSAGE] From peer 1: 512 bytes
[MESSAGE] From peer 1: 512 bytes
[ECHO] 9400 messages echoed
[MESSAGE] From peer 1: 512 bytes
[MESSAGE] From peer 1: 512 bytes
[MESSAGE] From peer 1: 512 bytes
[MESSAGE] From peer 1: 512 bytes
[MESSAGE] From peer 1: 512 bytes
[MESSAGE] From peer 1: 512 bytes
[MESSAGE] From peer 1: 512 bytes
[MESSAGE] From peer 1: 512 bytes
[MESSAGE] From peer 1: 512 bytes
[MESSAGE] From peer 1: 512 bytes
[MESSAGE] From peer 1: 512 bytes
[MESSAGE] From peer 1: 512 bytes
[MESSAGE] From peer 1: 512 bytes
[MESSAGE] From peer 1: 512 bytes
[MESSAGE] From peer 1: 512 bytes
[MESSAGE] From peer 1: 512 bytes
[MESSAGE] From peer 1: 512 bytes
[MESSAGE] From peer 1: 512 bytes
[MESSAGE] From peer 1: 512 bytes
[MESSAGE] From peer 1: 512 bytes
[MESSAGE] From peer 1: 512 bytes
[MESSAGE] From peer 1: 512 bytes
[MESSAGE] From peer 1: 512 bytes
[MESSAGE] From peer 1: 512 bytes
[MESSAGE] From peer 1: 512 bytes
[MESSAGE] From peer 1: 512 bytes
[MESSAGE] From peer 1: 512 bytes
[MESSAGE] From peer 1: 512 bytes
[MESSAGE] From peer 1: 512 bytes
[MESSAGE] From peer 1: 512 bytes
[MESSAGE] From peer 1: 512 bytes
[MESSAGE] From peer 1: 512 bytes
[MESSAGE] From peer 1: 512 bytes
[MESSAGE] From peer 1: 512 bytes
[MESSAGE] From peer 1: 512 bytes
[MESSAGE] From peer 1: 512 bytes
[MESSAGE] From peer 1: 512 bytes
[MESSAGE] From peer 1: 512 bytes
[MESSAGE] From peer 1: 512 bytes
[MESSAGE] From peer 1: 512 bytes
[MESSAGE] From peer 1: 512 bytes
[MESSAGE] From peer 1: 512 bytes
[MESSAGE] From peer 1: 512 bytes
[MESSAGE] From peer 1: 512 bytes
[MESSAGE] From peer 1: 512 bytes
[MESSAGE] From peer 1: 512 bytes
[MESSAGE] From peer 1: 512 bytes
[MESSAGE] From peer 1: 512 bytes
[MESSAGE] From peer 1: 512 bytes
[MESSAGE] From peer 1: 512 bytes
[MESSAGE] From peer 1: 512 bytes
[MESSAGE] From peer 1: 512 bytes
[MESSAGE] From peer 1: 512 bytes
[MESSAGE] From peer 1: 512 bytes
[MESSAGE] From peer 1: 512 bytes
[MESSAGE] From peer 1: 512 bytes
[MESSAGE] From peer 1: 512 bytes
[MESSAGE] From peer 1: 512 bytes
[MESSAGE] From peer 1: 512 bytes
[MESSAGE] From peer 1: 512 bytes
[MESSAGE] From peer 1: 512 bytes
[MESSAGE] From peer 1: 512 bytes
[MESSAGE] From peer 1: 512 bytes
[MESSAGE] From peer 1: 512 bytes
[MESSAGE] From peer 1: 512 bytes
[MESSAGE] From peer 1: 512 bytes
[MESSAGE] From peer 1: 512 bytes
[MESSAGE] From peer 1: 512 bytes
[MESSAGE] From peer 1: 512 bytes
[MESSAGE] From peer 1: 512 bytes
[MESSAGE] From peer 1: 512 bytes
[MESSAGE] From peer 1: 512 bytes
[MESSAGE] From peer 1: 512 bytes
[MESSAGE] From peer 1: 512 bytes
[MESSAGE] From peer 1: 512 bytes
[MESSAGE] From peer 1: 512 bytes
[MESSAGE] From peer 1: 512 bytes
[MESSAGE] From peer 1: 512 bytes
[MESSAGE] From peer 1: 512 bytes
[MESSAGE] From peer 1: 512 bytes
[MESSAGE] From peer 1: 512 bytes
[MESSAGE] From peer 1: 512 bytes
[MESSAGE] From peer 1: 512 bytes
[MESSAGE] From peer 1: 512 bytes
[MESSAGE] From peer 1: 512 bytes
[MESSAGE] From peer 1: 512 bytes
[MESSAGE] From peer 1: 512 bytes
[MESSAGE] From peer 1: 512 bytes
[MESSAGE] From peer 1: 512 bytes
[MESSAGE] From peer 1: 512 bytes
[MESSAGE] From peer 1: 512 bytes
[MESSAGE] From peer 1: 512 bytes
[MESSAGE] From peer 1: 512 bytes
[MESSAGE] From peer 1: 512 bytes
[MESSAGE] From peer 1: 512 bytes
[MESSAGE] From peer 1: 512 bytes
[MESSAGE] From peer 1: 512 bytes
[MESSAGE] From peer 1: 512 bytes
[MESSAGE] From peer 1: 512 bytes
[MESSAGE] From peer 1: 512 bytes
[ECHO] 9500 messages echoed
[MESSAGE] From peer 1: 512 bytes
[MESSAGE] From peer 1: 512 bytes
[MESSAGE] From peer 1: 512 bytes
[MESSAGE] From peer 1: 512 bytes
[MESSAGE] From peer 1: 512 bytes
[MESSAGE] From peer 1: 512 bytes
[MESSAGE] From peer 1: 512 bytes
[MESSAGE] From peer 1: 512 bytes
[MESSAGE] From peer 1: 512 bytes
[MESSAGE] From peer 1: 512 bytes
[MESSAGE] From peer 1: 512 bytes
[MESSAGE] From peer 1: 512 bytes
[MESSAGE] From peer 1: 512 bytes
[MESSAGE] From peer 1: 512 bytes
[MESSAGE] From peer 1: 512 bytes
[MESSAGE] From peer 1: 512 bytes
[MESSAGE] From peer 1: 512 bytes
[MESSAGE] From peer 1: 512 bytes
[MESSAGE] From peer 1: 512 bytes
[MESSAGE] From peer 1: 512 bytes
[MESSAGE] From peer 1: 512 bytes
[MESSAGE] From peer 1: 512 bytes
[MESSAGE] From peer 1: 512 bytes
[MESSAGE] From peer 1: 512 bytes
[MESSAGE] From peer 1: 512 bytes
[MESSAGE] From peer 1: 512 bytes
[MESSAGE] From peer 1: 512 bytes
[MESSAGE] From peer 1: 512 bytes
[MESSAGE] From peer 1: 512 bytes
[MESSAGE] From peer 1: 512 bytes
[MESSAGE] From peer 1: 512 bytes
[MESSAGE] From peer 1: 512 bytes
[MESSAGE] From peer 1: 512 bytes
[MESSAGE] From peer 1: 512 bytes
[MESSAGE] From peer 1: 512 bytes
[MESSAGE] From peer 1: 512 bytes
[MESSAGE] From peer 1: 512 bytes
[MESSAGE] From peer 1: 512 bytes
[MESSAGE] From peer 1: 512 bytes
[MESSAGE] From peer 1: 512 bytes
[MESSAGE] From peer 1: 512 bytes
[MESSAGE] From peer 1: 512 bytes
[MESSAGE] From peer 1: 512 bytes
[MESSAGE] From peer 1: 512 bytes
[MESSAGE] From peer 1: 512 bytes
[MESSAGE] From peer 1: 512 bytes
[MESSAGE] From peer 1: 512 bytes
[MESSAGE] From peer 1: 512 bytes
[MESSAGE] From peer 1: 512 bytes
[MESSAGE] From peer 1: 512 bytes
[MESSAGE] From peer 1: 512 bytes
[MESSAGE] From peer 1: 512 bytes
[MESSAGE] From peer 1: 512 bytes
[MESSAGE] From peer 1: 512 bytes
[MESSAGE] From peer 1: 512 bytes
[MESSAGE] From peer 1: 512 bytes
[MESSAGE] From peer 1: 512 bytes
[MESSAGE] From peer 1: 512 bytes
[MESSAGE] From peer 1: 512 bytes
[MESSAGE] From peer 1: 512 bytes
[MESSAGE] From peer 1: 512 bytes
[MESSAGE] From peer 1: 512 bytes
[MESSAGE] From peer 1: 512 bytes
[MESSAGE] From peer 1: 512 bytes
[MESSAGE] From peer 1: 512 bytes
[MESSAGE] From peer 1: 512 bytes
[MESSAGE] From peer 1: 512 bytes
[MESSAGE] From peer 1: 512 bytes
[MESSAGE] From peer 1: 512 bytes
[MESSAGE] From peer 1: 512 bytes
[MESSAGE] From peer 1: 512 bytes
[MESSAGE] From peer 1: 512 bytes
[MESSAGE] From peer 1: 512 bytes
[MESSAGE] From peer 1: 512 bytes
[MESSAGE] From peer 1: 512 bytes
[MESSAGE] From peer 1: 512 bytes
[MESSAGE] From peer 1: 512 bytes
[MESSAGE] From peer 1: 512 bytes
[MESSAGE] From peer 1: 512 bytes
[MESSAGE] From peer 1: 512 bytes
[MESSAGE] From peer 1: 512 bytes
[MESSAGE] From peer 1: 512 bytes
[MESSAGE] From peer 1: 512 bytes
[MESSAGE] From peer 1: 512 bytes
[MESSAGE] From peer 1: 512 bytes
[MESSAGE] From peer 1: 512 bytes
[MESSAGE] From peer 1: 512 bytes
[MESSAGE] From peer 1: 512 bytes
[MESSAGE] From peer 1: 512 bytes
[MESSAGE] From peer 1: 512 bytes
[MESSAGE] From peer 1: 512 bytes
[MESSAGE] From peer 1: 512 bytes
[MESSAGE] From peer 1: 512 bytes
[MESSAGE] From peer 1: 512 bytes
[MESSAGE] From peer 1: 512 bytes
[MESSAGE] From peer 1: 512 bytes
[MESSAGE] From peer 1: 512 bytes
[MESSAGE] From peer 1: 512 bytes
[MESSAGE] From peer 1: 512 bytes
[MESSAGE] From peer 1: 512 bytes
[ECHO] 9600 messages echoed
[MESSAGE] From peer 1: 512 bytes
[MESSAGE] From peer 1: 512 bytes
[MESSAGE] From peer 1: 512 bytes
[MESSAGE] From peer 1: 512 bytes
[MESSAGE] From peer 1: 512 bytes
[MESSAGE] From peer 1: 512 bytes
[MESSAGE] From peer 1: 512 bytes
[MESSAGE] From peer 1: 512 bytes
[MESSAGE] From peer 1: 512 bytes
[MESSAGE] From peer 1: 512 bytes
[MESSAGE] From peer 1: 512 bytes
[MESSAGE] From peer 1: 512 bytes
[MESSAGE] From peer 1: 512 bytes
[MESSAGE] From peer 1: 512 bytes
[MESSAGE] From peer 1: 512 bytes
[MESSAGE] From peer 1: 512 bytes
[MESSAGE] From peer 1: 512 bytes
[MESSAGE] From peer 1: 512 bytes
[MESSAGE] From peer 1: 512 bytes
[MESSAGE] From peer 1: 512 bytes
[MESSAGE] From peer 1: 512 bytes
[MESSAGE] From peer 1: 512 bytes
[MESSAGE] From peer 1: 512 bytes
[MESSAGE] From peer 1: 512 bytes
[MESSAGE] From peer 1: 512 bytes
[MESSAGE] From peer 1: 512 bytes
[MESSAGE] From peer 1: 512 bytes
[MESSAGE] From peer 1: 512 bytes
[MESSAGE] From peer 1: 512 bytes
[MESSAGE] From peer 1: 512 bytes
[MESSAGE] From peer 1: 512 bytes
[MESSAGE] From peer 1: 512 bytes
[MESSAGE] From peer 1: 512 bytes
[MESSAGE] From peer 1: 512 bytes
[MESSAGE] From peer 1: 512 bytes
[MESSAGE] From peer 1: 512 bytes
[MESSAGE] From peer 1: 512 bytes
[MESSAGE] From peer 1: 512 bytes
[MESSAGE] From peer 1: 512 bytes
[MESSAGE] From peer 1: 512 bytes
[MESSAGE] From peer 1: 512 bytes
[MESSAGE] From peer 1: 512 bytes
[MESSAGE] From peer 1: 512 bytes
[MESSAGE] From peer 1: 512 bytes
[MESSAGE] From peer 1: 512 bytes
[MESSAGE] From peer 1: 512 bytes
[MESSAGE] From peer 1: 512 bytes
[MESSAGE] From peer 1: 512 bytes
[MESSAGE] From peer 1: 512 bytes
[MESSAGE] From peer 1: 512 bytes
[MESSAGE] From peer 1: 512 bytes
[MESSAGE] From peer 1: 512 bytes
[MESSAGE] From peer 1: 512 bytes
[MESSAGE] From peer 1: 512 bytes
[MESSAGE] From peer 1: 512 bytes
[MESSAGE] From peer 1: 512 bytes
[MESSAGE] From peer 1: 512 bytes
[MESSAGE] From peer 1: 512 bytes
[MESSAGE] From peer 1: 512 bytes
[MESSAGE] From peer 1: 512 bytes
[MESSAGE] From peer 1: 512 bytes
[MESSAGE] From peer 1: 512 bytes
[MESSAGE] From peer 1: 512 bytes
[MESSAGE] From peer 1: 512 bytes
[MESSAGE] From peer 1: 512 bytes
[MESSAGE] From peer 1: 512 bytes
[MESSAGE] From peer 1: 512 bytes
[MESSAGE] From peer 1: 512 bytes
[MESSAGE] From peer 1: 512 bytes
[MESSAGE] From peer 1: 512 bytes
[MESSAGE] From peer 1: 512 bytes
[MESSAGE] From peer 1: 512 bytes
[MESSAGE] From peer 1: 512 bytes
[MESSAGE] From peer 1: 512 bytes
[MESSAGE] From peer 1: 512 bytes
[MESSAGE] From peer 1: 512 bytes
[MESSAGE] From peer 1: 512 bytes
[MESSAGE] From peer 1: 512 bytes
[MESSAGE] From peer 1: 512 bytes
[MESSAGE] From peer 1: 512 bytes
[MESSAGE] From peer 1: 512 bytes
[MESSAGE] From peer 1: 512 bytes
[MESSAGE] From peer 1: 512 bytes
[MESSAGE] From peer 1: 512 bytes
[MESSAGE] From peer 1: 512 bytes
[MESSAGE] From peer 1: 512 bytes
[MESSAGE] From peer 1: 512 bytes
[MESSAGE] From peer 1: 512 bytes
[MESSAGE] From peer 1: 512 bytes
[MESSAGE] From peer 1: 512 bytes
[MESSAGE] From peer 1: 512 bytes
[MESSAGE] From peer 1: 512 bytes
[MESSAGE] From peer 1: 512 bytes
[MESSAGE] From peer 1: 512 bytes
[MESSAGE] From peer 1: 512 bytes
[MESSAGE] From peer 1: 512 bytes
[MESSAGE] From peer 1: 512 bytes
[MESSAGE] From peer 1: 512 bytes
[MESSAGE] From peer 1: 512 bytes
[MESSAGE] From peer 1: 512 bytes
[ECHO] 9700 messages echoed
[MESSAGE] From peer 1: 512 bytes
[MESSAGE] From peer 1: 512 bytes
[MESSAGE] From peer 1: 512 bytes
[MESSAGE] From peer 1: 512 bytes
[MESSAGE] From peer 1: 512 bytes
[MESSAGE] From peer 1: 512 bytes
[MESSAGE] From peer 1: 512 bytes
[MESSAGE] From peer 1: 512 bytes
[MESSAGE] From peer 1: 512 bytes
[MESSAGE] From peer 1: 512 bytes
[MESSAGE] From peer 1: 512 bytes
[MESSAGE] From peer 1: 512 bytes
[MESSAGE] From peer 1: 512 bytes
[MESSAGE] From peer 1: 512 bytes
[MESSAGE] From peer 1: 512 bytes
[MESSAGE] From peer 1: 512 bytes
[MESSAGE] From peer 1: 512 bytes
[MESSAGE] From peer 1: 512 bytes
[MESSAGE] From peer 1: 512 bytes
[MESSAGE] From peer 1: 512 bytes
[MESSAGE] From peer 1: 512 bytes
[MESSAGE] From peer 1: 512 bytes
[MESSAGE] From peer 1: 512 bytes
[MESSAGE] From peer 1: 512 bytes
[MESSAGE] From peer 1: 512 bytes
[MESSAGE] From peer 1: 512 bytes
[MESSAGE] From peer 1: 512 bytes
[MESSAGE] From peer 1: 512 bytes
[MESSAGE] From peer 1: 512 bytes
[MESSAGE] From peer 1: 512 bytes
[MESSAGE] From peer 1: 512 bytes
[MESSAGE] From peer 1: 512 bytes
[MESSAGE] From peer 1: 512 bytes
[MESSAGE] From peer 1: 512 bytes
[MESSAGE] From peer 1: 512 bytes
[MESSAGE] From peer 1: 512 bytes
[MESSAGE] From peer 1: 512 bytes
[MESSAGE] From peer 1: 512 bytes
[MESSAGE] From peer 1: 512 bytes
[MESSAGE] From peer 1: 512 bytes
[MESSAGE] From peer 1: 512 bytes
[MESSAGE] From peer 1: 512 bytes
[MESSAGE] From peer 1: 512 bytes
[MESSAGE] From peer 1: 512 bytes
[MESSAGE] From peer 1: 512 bytes
[MESSAGE] From peer 1: 512 bytes
[MESSAGE] From peer 1: 512 bytes
[MESSAGE] From peer 1: 512 bytes
[MESSAGE] From peer 1: 512 bytes
[MESSAGE] From peer 1: 512 bytes
[MESSAGE] From peer 1: 512 bytes
[MESSAGE] From peer 1: 512 bytes
[MESSAGE] From peer 1: 512 bytes
[MESSAGE] From peer 1: 512 bytes
[MESSAGE] From peer 1: 512 bytes
[MESSAGE] From peer 1: 512 bytes
[MESSAGE] From peer 1: 512 bytes
[MESSAGE] From peer 1: 512 bytes
[MESSAGE] From peer 1: 512 bytes
[MESSAGE] From peer 1: 512 bytes
[MESSAGE] From peer 1: 512 bytes
[MESSAGE] From peer 1: 512 bytes
[MESSAGE] From peer 1: 512 bytes
[MESSAGE] From peer 1: 512 bytes
[MESSAGE] From peer 1: 512 bytes
[MESSAGE] From peer 1: 512 bytes
[MESSAGE] From peer 1: 512 bytes
[MESSAGE] From peer 1: 512 bytes
[MESSAGE] From peer 1: 512 bytes
[MESSAGE] From peer 1: 512 bytes
[MESSAGE] From peer 1: 512 bytes
[MESSAGE] From peer 1: 512 bytes
[MESSAGE] From peer 1: 512 bytes
[MESSAGE] From peer 1: 512 bytes
[MESSAGE] From peer 1: 512 bytes
[MESSAGE] From peer 1: 512 bytes
[MESSAGE] From peer 1: 512 bytes
[MESSAGE] From peer 1: 512 bytes
[MESSAGE] From peer 1: 512 bytes
[MESSAGE] From peer 1: 512 bytes
[MESSAGE] From peer 1: 512 bytes
[MESSAGE] From peer 1: 512 bytes
[MESSAGE] From peer 1: 512 bytes
[MESSAGE] From peer 1: 512 bytes
[MESSAGE] From peer 1: 512 bytes
[MESSAGE] From peer 1: 512 bytes
[MESSAGE] From peer 1: 512 bytes
[MESSAGE] From peer 1: 512 bytes
[MESSAGE] From peer 1: 512 bytes
[MESSAGE] From peer 1: 512 bytes
[MESSAGE] From peer 1: 512 bytes
[MESSAGE] From peer 1: 512 bytes
[MESSAGE] From peer 1: 512 bytes
[MESSAGE] From peer 1: 512 bytes
[MESSAGE] From peer 1: 512 bytes
[MESSAGE] From peer 1: 512 bytes
[MESSAGE] From peer 1: 512 bytes
[MESSAGE] From peer 1: 512 bytes
[MESSAGE] From peer 1: 512 bytes
[MESSAGE] From peer 1: 512 bytes
[ECHO] 9800 messages echoed
[MESSAGE] From peer 1: 512 bytes
[MESSAGE] From peer 1: 512 bytes
[MESSAGE] From peer 1: 512 bytes
[MESSAGE] From peer 1: 512 bytes
[MESSAGE] From peer 1: 512 bytes
[MESSAGE] From peer 1: 512 bytes
[MESSAGE] From peer 1: 512 bytes
[MESSAGE] From peer 1: 512 bytes
[MESSAGE] From peer 1: 512 bytes
[MESSAGE] From peer 1: 512 bytes
[MESSAGE] From peer 1: 512 bytes
[MESSAGE] From peer 1: 512 bytes
[MESSAGE] From peer 1: 512 bytes
[MESSAGE] From peer 1: 512 bytes
[MESSAGE] From peer 1: 512 bytes
[MESSAGE] From peer 1: 512 bytes
[MESSAGE] From peer 1: 512 bytes
[MESSAGE] From peer 1: 512 bytes
[MESSAGE] From peer 1: 512 bytes
[MESSAGE] From peer 1: 512 bytes
[MESSAGE] From peer 1: 512 bytes
[MESSAGE] From peer 1: 512 bytes
[MESSAGE] From peer 1: 512 bytes
[MESSAGE] From peer 1: 512 bytes
[MESSAGE] From peer 1: 512 bytes
[MESSAGE] From peer 1: 512 bytes
[MESSAGE] From peer 1: 512 bytes
[MESSAGE] From peer 1: 512 bytes
[MESSAGE] From peer 1: 512 bytes
[MESSAGE] From peer 1: 512 bytes
[MESSAGE] From peer 1: 512 bytes
[MESSAGE] From peer 1: 512 bytes
[MESSAGE] From peer 1: 512 bytes
[MESSAGE] From peer 1: 512 bytes
[MESSAGE] From peer 1: 512 bytes
[MESSAGE] From peer 1: 512 bytes
[MESSAGE] From peer 1: 512 bytes
[MESSAGE] From peer 1: 512 bytes
[MESSAGE] From peer 1: 512 bytes
[MESSAGE] From peer 1: 512 bytes
[MESSAGE] From peer 1: 512 bytes
[MESSAGE] From peer 1: 512 bytes
[MESSAGE] From peer 1: 512 bytes
[MESSAGE] From peer 1: 512 bytes
[MESSAGE] From peer 1: 512 bytes
[MESSAGE] From peer 1: 512 bytes
[MESSAGE] From peer 1: 512 bytes
[MESSAGE] From peer 1: 512 bytes
[MESSAGE] From peer 1: 512 bytes
[MESSAGE] From peer 1: 512 bytes
[MESSAGE] From peer 1: 512 bytes
[MESSAGE] From peer 1: 512 bytes
[MESSAGE] From peer 1: 512 bytes
[MESSAGE] From peer 1: 512 bytes
[MESSAGE] From peer 1: 512 bytes
[MESSAGE] From peer 1: 512 bytes
[MESSAGE] From peer 1: 512 bytes
[STATUS] 3140 sec: peers=12, msgs=9862, connected=yes
[MESSAGE] From peer 1: 512 bytes
[MESSAGE] From peer 1: 512 bytes
[MESSAGE] From peer 1: 512 bytes
[MESSAGE] From peer 1: 512 bytes
[MESSAGE] From peer 1: 512 bytes
[MESSAGE] From peer 1: 512 bytes
[MESSAGE] From peer 1: 512 bytes
[MESSAGE] From peer 1: 512 bytes
[MESSAGE] From peer 1: 512 bytes
[MESSAGE] From peer 1: 512 bytes
[MESSAGE] From peer 1: 512 bytes
[MESSAGE] From peer 1: 512 bytes
[MESSAGE] From peer 1: 512 bytes
[MESSAGE] From peer 1: 512 bytes
[MESSAGE] From peer 1: 512 bytes
[MESSAGE] From peer 1: 512 bytes
[MESSAGE] From peer 1: 512 bytes
[MESSAGE] From peer 1: 512 bytes
[MESSAGE] From peer 1: 512 bytes
[MESSAGE] From peer 1: 512 bytes
[MESSAGE] From peer 1: 512 bytes
[MESSAGE] From peer 1: 512 bytes
[MESSAGE] From peer 1: 512 bytes
[MESSAGE] From peer 1: 512 bytes
[MESSAGE] From peer 1: 512 bytes
[MESSAGE] From peer 1: 512 bytes
[MESSAGE] From peer 1: 512 bytes
[MESSAGE] From peer 1: 512 bytes
[MESSAGE] From peer 1: 512 bytes
[MESSAGE] From peer 1: 512 bytes
[MESSAGE] From peer 1: 512 bytes
[MESSAGE] From peer 1: 512 bytes
[MESSAGE] From peer 1: 512 bytes
[MESSAGE] From peer 1: 512 bytes
[MESSAGE] From peer 1: 512 bytes
[MESSAGE] From peer 1: 512 bytes
[MESSAGE] From peer 1: 512 bytes
[MESSAGE] From peer 1: 512 bytes
[MESSAGE] From peer 1: 512 bytes
[MESSAGE] From peer 1: 512 bytes
[MESSAGE] From peer 1: 512 bytes
[MESSAGE] From peer 1: 512 bytes
[MESSAGE] From peer 1: 512 bytes
[ECHO] 9900 messages echoed
[MESSAGE] From peer 1: 512 bytes
[MESSAGE] From peer 1: 512 bytes
[MESSAGE] From peer 1: 512 bytes
[MESSAGE] From peer 1: 512 bytes
[MESSAGE] From peer 1: 512 bytes
[MESSAGE] From peer 1: 512 bytes
[MESSAGE] From peer 1: 512 bytes
[MESSAGE] From peer 1: 512 bytes
[MESSAGE] From peer 1: 512 bytes
[MESSAGE] From peer 1: 512 bytes
[MESSAGE] From peer 1: 512 bytes
[MESSAGE] From peer 1: 512 bytes
[MESSAGE] From peer 1: 512 bytes
[MESSAGE] From peer 1: 512 bytes
[MESSAGE] From peer 1: 512 bytes
[MESSAGE] From peer 1: 512 bytes
[MESSAGE] From peer 1: 512 bytes
[MESSAGE] From peer 1: 512 bytes
[MESSAGE] From peer 1: 512 bytes
[MESSAGE] From peer 1: 512 bytes
[MESSAGE] From peer 1: 512 bytes
[MESSAGE] From peer 1: 512 bytes
[MESSAGE] From peer 1: 512 bytes
[MESSAGE] From peer 1: 512 bytes
[MESSAGE] From peer 1: 512 bytes
[MESSAGE] From peer 1: 512 bytes
[MESSAGE] From peer 1: 512 bytes
[MESSAGE] From peer 1: 512 bytes
[MESSAGE] From peer 1: 512 bytes
[MESSAGE] From peer 1: 512 bytes
[MESSAGE] From peer 1: 512 bytes
[MESSAGE] From peer 1: 512 bytes
[MESSAGE] From peer 1: 512 bytes
[MESSAGE] From peer 1: 512 bytes
[MESSAGE] From peer 1: 512 bytes
[MESSAGE] From peer 1: 512 bytes
[MESSAGE] From peer 1: 512 bytes
[MESSAGE] From peer 1: 512 bytes
[MESSAGE] From peer 1: 512 bytes
[MESSAGE] From peer 1: 512 bytes
[MESSAGE] From peer 1: 512 bytes
[MESSAGE] From peer 1: 512 bytes
[MESSAGE] From peer 1: 512 bytes
[MESSAGE] From peer 1: 512 bytes
[MESSAGE] From peer 1: 512 bytes
[MESSAGE] From peer 1: 512 bytes
[MESSAGE] From peer 1: 512 bytes
[MESSAGE] From peer 1: 512 bytes
[MESSAGE] From peer 1: 512 bytes
[MESSAGE] From peer 1: 512 bytes
[MESSAGE] From peer 1: 512 bytes
[MESSAGE] From peer 1: 512 bytes
[MESSAGE] From peer 1: 512 bytes
[MESSAGE] From peer 1: 512 bytes
[MESSAGE] From peer 1: 512 bytes
[MESSAGE] From peer 1: 512 bytes
[MESSAGE] From peer 1: 512 bytes
[MESSAGE] From peer 1: 512 bytes
[MESSAGE] From peer 1: 512 bytes
[MESSAGE] From peer 1: 512 bytes
[MESSAGE] From peer 1: 512 bytes
[MESSAGE] From peer 1: 512 bytes
[MESSAGE] From peer 1: 512 bytes
[MESSAGE] From peer 1: 512 bytes
[MESSAGE] From peer 1: 512 bytes
[MESSAGE] From peer 1: 512 bytes
[MESSAGE] From peer 1: 512 bytes
[MESSAGE] From peer 1: 512 bytes
[MESSAGE] From peer 1: 512 bytes
[MESSAGE] From peer 1: 512 bytes
[MESSAGE] From peer 1: 512 bytes
[MESSAGE] From peer 1: 512 bytes
[MESSAGE] From peer 1: 512 bytes
[MESSAGE] From peer 1: 512 bytes
[MESSAGE] From peer 1: 512 bytes
[MESSAGE] From peer 1: 512 bytes
[MESSAGE] From peer 1: 512 bytes
[MESSAGE] From peer 1: 512 bytes
[MESSAGE] From peer 1: 512 bytes
[MESSAGE] From peer 1: 512 bytes
[MESSAGE] From peer 1: 512 bytes
[MESSAGE] From peer 1: 512 bytes
[MESSAGE] From peer 1: 512 bytes
[MESSAGE] From peer 1: 512 bytes
[MESSAGE] From peer 1: 512 bytes
[MESSAGE] From peer 1: 512 bytes
[MESSAGE] From peer 1: 512 bytes
[MESSAGE] From peer 1: 512 bytes
[MESSAGE] From peer 1: 512 bytes
[MESSAGE] From peer 1: 512 bytes
[MESSAGE] From peer 1: 512 bytes
[MESSAGE] From peer 1: 512 bytes
[MESSAGE] From peer 1: 512 bytes
[MESSAGE] From peer 1: 512 bytes
[MESSAGE] From peer 1: 512 bytes
[MESSAGE] From peer 1: 512 bytes
[MESSAGE] From peer 1: 512 bytes
[MESSAGE] From peer 1: 512 bytes
[MESSAGE] From peer 1: 512 bytes
[MESSAGE] From peer 1: 512 bytes
[ECHO] 10000 messages echoed
[MESSAGE] From peer 1: 512 bytes
[MESSAGE] From peer 1: 512 bytes
[MESSAGE] From peer 1: 512 bytes
[MESSAGE] From peer 1: 512 bytes
[MESSAGE] From peer 1: 512 bytes
[MESSAGE] From peer 1: 512 bytes
[MESSAGE] From peer 1: 512 bytes
[MESSAGE] From peer 1: 512 bytes
[MESSAGE] From peer 1: 512 bytes
[MESSAGE] From peer 1: 512 bytes
[MESSAGE] From peer 1: 512 bytes
[MESSAGE] From peer 1: 512 bytes
[MESSAGE] From peer 1: 512 bytes
[MESSAGE] From peer 1: 512 bytes
[MESSAGE] From peer 1: 512 bytes
[MESSAGE] From peer 1: 512 bytes
[MESSAGE] From peer 1: 512 bytes
[MESSAGE] From peer 1: 512 bytes
[MESSAGE] From peer 1: 512 bytes
[MESSAGE] From peer 1: 512 bytes
[MESSAGE] From peer 1: 512 bytes
[MESSAGE] From peer 1: 512 bytes
[MESSAGE] From peer 1: 512 bytes
[MESSAGE] From peer 1: 512 bytes
[MESSAGE] From peer 1: 512 bytes
[MESSAGE] From peer 1: 512 bytes
[MESSAGE] From peer 1: 512 bytes
[MESSAGE] From peer 1: 512 bytes
[MESSAGE] From peer 1: 512 bytes
[MESSAGE] From peer 1: 512 bytes
[MESSAGE] From peer 1: 512 bytes
[DISCOVERED] Peer 2: "MacThroughput" at 10.188.1.213:7354
[MESSAGE] From peer 1: 512 bytes
[MESSAGE] From peer 1: 512 bytes
[MESSAGE] From peer 1: 512 bytes
[MESSAGE] From peer 1: 512 bytes
[MESSAGE] From peer 1: 512 bytes
[MESSAGE] From peer 1: 512 bytes
[MESSAGE] From peer 1: 512 bytes
[MESSAGE] From peer 1: 512 bytes
[MESSAGE] From peer 1: 512 bytes
[MESSAGE] From peer 1: 512 bytes
[MESSAGE] From peer 1: 512 bytes
[MESSAGE] From peer 1: 512 bytes
[MESSAGE] From peer 1: 512 bytes
[MESSAGE] From peer 1: 512 bytes
[MESSAGE] From peer 1: 512 bytes
[MESSAGE] From peer 1: 512 bytes
[MESSAGE] From peer 1: 512 bytes
[MESSAGE] From peer 1: 512 bytes
[MESSAGE] From peer 1: 512 bytes
[MESSAGE] From peer 1: 512 bytes
[MESSAGE] From peer 1: 512 bytes
[MESSAGE] From peer 1: 512 bytes
[MESSAGE] From peer 1: 512 bytes
[MESSAGE] From peer 1: 512 bytes
[MESSAGE] From peer 1: 512 bytes
[MESSAGE] From peer 1: 512 bytes
[MESSAGE] From peer 1: 512 bytes
[MESSAGE] From peer 1: 512 bytes
[MESSAGE] From peer 1: 512 bytes
[MESSAGE] From peer 1: 512 bytes
[MESSAGE] From peer 1: 512 bytes
[MESSAGE] From peer 1: 512 bytes
[MESSAGE] From peer 1: 512 bytes
[MESSAGE] From peer 1: 512 bytes
[MESSAGE] From peer 1: 512 bytes
[MESSAGE] From peer 1: 512 bytes
[MESSAGE] From peer 1: 512 bytes
[MESSAGE] From peer 1: 512 bytes
[MESSAGE] From peer 1: 512 bytes
[MESSAGE] From peer 1: 512 bytes
[MESSAGE] From peer 1: 512 bytes
[MESSAGE] From peer 1: 512 bytes
[MESSAGE] From peer 1: 512 bytes
[MESSAGE] From peer 1: 512 bytes
[MESSAGE] From peer 1: 512 bytes
[MESSAGE] From peer 1: 512 bytes
[MESSAGE] From peer 1: 512 bytes
[MESSAGE] From peer 1: 512 bytes
[MESSAGE] From peer 1: 512 bytes
[MESSAGE] From peer 1: 512 bytes
[MESSAGE] From peer 1: 512 bytes
[MESSAGE] From peer 1: 512 bytes
[MESSAGE] From peer 1: 512 bytes
[MESSAGE] From peer 1: 512 bytes
[MESSAGE] From peer 1: 512 bytes
[MESSAGE] From peer 1: 512 bytes
[MESSAGE] From peer 1: 512 bytes
[MESSAGE] From peer 1: 512 bytes
[MESSAGE] From peer 1: 512 bytes
[MESSAGE] From peer 1: 512 bytes
[MESSAGE] From peer 1: 512 bytes
[MESSAGE] From peer 1: 512 bytes
[MESSAGE] From peer 1: 512 bytes
[MESSAGE] From peer 1: 512 bytes
[MESSAGE] From peer 1: 512 bytes
[MESSAGE] From peer 1: 512 bytes
[MESSAGE] From peer 1: 512 bytes
[MESSAGE] From peer 1: 512 bytes
[MESSAGE] From peer 1: 512 bytes
[ECHO] 10100 messages echoed
[MESSAGE] From peer 1: 512 bytes
[MESSAGE] From peer 1: 512 bytes
[MESSAGE] From peer 1: 512 bytes
[MESSAGE] From peer 1: 512 bytes
[MESSAGE] From peer 1: 512 bytes
[MESSAGE] From peer 1: 512 bytes
[MESSAGE] From peer 1: 512 bytes
[MESSAGE] From peer 1: 512 bytes
[MESSAGE] From peer 1: 512 bytes
[MESSAGE] From peer 1: 512 bytes
[MESSAGE] From peer 1: 512 bytes
[MESSAGE] From peer 1: 512 bytes
[MESSAGE] From peer 1: 512 bytes
[MESSAGE] From peer 1: 512 bytes
[MESSAGE] From peer 1: 512 bytes
[MESSAGE] From peer 1: 512 bytes
[MESSAGE] From peer 1: 512 bytes
[MESSAGE] From peer 1: 512 bytes
[MESSAGE] From peer 1: 512 bytes
[MESSAGE] From peer 1: 512 bytes
[MESSAGE] From peer 1: 512 bytes
[MESSAGE] From peer 1: 512 bytes
[MESSAGE] From peer 1: 512 bytes
[MESSAGE] From peer 1: 512 bytes
[MESSAGE] From peer 1: 512 bytes
[MESSAGE] From peer 1: 512 bytes
[MESSAGE] From peer 1: 512 bytes
[MESSAGE] From peer 1: 512 bytes
[MESSAGE] From peer 1: 512 bytes
[MESSAGE] From peer 1: 512 bytes
[MESSAGE] From peer 1: 512 bytes
[MESSAGE] From peer 1: 512 bytes
[MESSAGE] From peer 1: 512 bytes
[MESSAGE] From peer 1: 512 bytes
[MESSAGE] From peer 1: 512 bytes
[MESSAGE] From peer 1: 512 bytes
[MESSAGE] From peer 1: 512 bytes
[MESSAGE] From peer 1: 512 bytes
[MESSAGE] From peer 1: 512 bytes
[MESSAGE] From peer 1: 512 bytes
[MESSAGE] From peer 1: 512 bytes
[MESSAGE] From peer 1: 512 bytes
[MESSAGE] From peer 1: 512 bytes
[MESSAGE] From peer 1: 512 bytes
[MESSAGE] From peer 1: 512 bytes
[MESSAGE] From peer 1: 512 bytes
[MESSAGE] From peer 1: 512 bytes
[MESSAGE] From peer 1: 512 bytes
[MESSAGE] From peer 1: 512 bytes
[MESSAGE] From peer 1: 512 bytes
[MESSAGE] From peer 1: 512 bytes
[MESSAGE] From peer 1: 512 bytes
[MESSAGE] From peer 1: 512 bytes
[MESSAGE] From peer 1: 512 bytes
[MESSAGE] From peer 1: 512 bytes
[MESSAGE] From peer 1: 512 bytes
[MESSAGE] From peer 1: 512 bytes
[MESSAGE] From peer 1: 512 bytes
[MESSAGE] From peer 1: 512 bytes
[MESSAGE] From peer 1: 512 bytes
[MESSAGE] From peer 1: 512 bytes
[MESSAGE] From peer 1: 512 bytes
[MESSAGE] From peer 1: 512 bytes
[MESSAGE] From peer 1: 512 bytes
[MESSAGE] From peer 1: 512 bytes
[MESSAGE] From peer 1: 512 bytes
[MESSAGE] From peer 1: 512 bytes
[MESSAGE] From peer 1: 512 bytes
[MESSAGE] From peer 1: 512 bytes
[MESSAGE] From peer 1: 512 bytes
[MESSAGE] From peer 1: 512 bytes
[MESSAGE] From peer 1: 512 bytes
[MESSAGE] From peer 1: 512 bytes
[MESSAGE] From peer 1: 512 bytes
[MESSAGE] From peer 1: 512 bytes
[MESSAGE] From peer 1: 512 bytes
[MESSAGE] From peer 1: 512 bytes
[MESSAGE] From peer 1: 512 bytes
[MESSAGE] From peer 1: 512 bytes
[MESSAGE] From peer 1: 512 bytes
[MESSAGE] From peer 1: 512 bytes
[MESSAGE] From peer 1: 512 bytes
[MESSAGE] From peer 1: 512 bytes
[MESSAGE] From peer 1: 512 bytes
[MESSAGE] From peer 1: 512 bytes
[MESSAGE] From peer 1: 512 bytes
[MESSAGE] From peer 1: 512 bytes
[MESSAGE] From peer 1: 512 bytes
[MESSAGE] From peer 1: 512 bytes
[MESSAGE] From peer 1: 512 bytes
[MESSAGE] From peer 1: 512 bytes
[MESSAGE] From peer 1: 512 bytes
[MESSAGE] From peer 1: 512 bytes
[MESSAGE] From peer 1: 512 bytes
[MESSAGE] From peer 1: 512 bytes
[MESSAGE] From peer 1: 512 bytes
[MESSAGE] From peer 1: 512 bytes
[MESSAGE] From peer 1: 512 bytes
[MESSAGE] From peer 1: 512 bytes
[MESSAGE] From peer 1: 512 bytes
[ECHO] 10200 messages echoed
[MESSAGE] From peer 1: 512 bytes
[MESSAGE] From peer 1: 512 bytes
[MESSAGE] From peer 1: 512 bytes
[MESSAGE] From peer 1: 512 bytes
[MESSAGE] From peer 1: 512 bytes
[MESSAGE] From peer 1: 512 bytes
[MESSAGE] From peer 1: 512 bytes
[MESSAGE] From peer 1: 512 bytes
[MESSAGE] From peer 1: 512 bytes
[MESSAGE] From peer 1: 512 bytes
[MESSAGE] From peer 1: 512 bytes
[MESSAGE] From peer 1: 512 bytes
[MESSAGE] From peer 1: 512 bytes
[MESSAGE] From peer 1: 512 bytes
[MESSAGE] From peer 1: 512 bytes
[MESSAGE] From peer 1: 512 bytes
[MESSAGE] From peer 1: 512 bytes
[MESSAGE] From peer 1: 512 bytes
[MESSAGE] From peer 1: 512 bytes
[MESSAGE] From peer 1: 512 bytes
[MESSAGE] From peer 1: 512 bytes
[MESSAGE] From peer 1: 512 bytes
[MESSAGE] From peer 1: 512 bytes
[MESSAGE] From peer 1: 512 bytes
[MESSAGE] From peer 1: 512 bytes
[MESSAGE] From peer 1: 512 bytes
[MESSAGE] From peer 1: 512 bytes
[MESSAGE] From peer 1: 512 bytes
[MESSAGE] From peer 1: 512 bytes
[MESSAGE] From peer 1: 512 bytes
[MESSAGE] From peer 1: 512 bytes
[MESSAGE] From peer 1: 512 bytes
[MESSAGE] From peer 1: 512 bytes
[MESSAGE] From peer 1: 512 bytes
[MESSAGE] From peer 1: 512 bytes
[MESSAGE] From peer 1: 512 bytes
[MESSAGE] From peer 1: 512 bytes
[MESSAGE] From peer 1: 512 bytes
[MESSAGE] From peer 1: 512 bytes
[MESSAGE] From peer 1: 512 bytes
[MESSAGE] From peer 1: 512 bytes
[MESSAGE] From peer 1: 512 bytes
[MESSAGE] From peer 1: 512 bytes
[MESSAGE] From peer 1: 512 bytes
[MESSAGE] From peer 1: 512 bytes
[MESSAGE] From peer 1: 512 bytes
[MESSAGE] From peer 1: 512 bytes
[MESSAGE] From peer 1: 512 bytes
[MESSAGE] From peer 1: 512 bytes
[MESSAGE] From peer 1: 512 bytes
[MESSAGE] From peer 1: 512 bytes
[MESSAGE] From peer 1: 512 bytes
[MESSAGE] From peer 1: 512 bytes
[MESSAGE] From peer 1: 512 bytes
[MESSAGE] From peer 1: 512 bytes
[MESSAGE] From peer 1: 512 bytes
[MESSAGE] From peer 1: 512 bytes
[MESSAGE] From peer 1: 512 bytes
[MESSAGE] From peer 1: 512 bytes
[MESSAGE] From peer 1: 512 bytes
[MESSAGE] From peer 1: 512 bytes
[MESSAGE] From peer 1: 512 bytes
[MESSAGE] From peer 1: 512 bytes
[MESSAGE] From peer 1: 512 bytes
[MESSAGE] From peer 1: 512 bytes
[MESSAGE] From peer 1: 512 bytes
[MESSAGE] From peer 1: 512 bytes
[MESSAGE] From peer 1: 512 bytes
[MESSAGE] From peer 1: 512 bytes
[MESSAGE] From peer 1: 512 bytes
[MESSAGE] From peer 1: 512 bytes
[MESSAGE] From peer 1: 512 bytes
[MESSAGE] From peer 1: 512 bytes
[MESSAGE] From peer 1: 512 bytes
[MESSAGE] From peer 1: 512 bytes
[MESSAGE] From peer 1: 512 bytes
[MESSAGE] From peer 1: 512 bytes
[MESSAGE] From peer 1: 512 bytes
[MESSAGE] From peer 1: 512 bytes
[MESSAGE] From peer 1: 512 bytes
[MESSAGE] From peer 1: 512 bytes
[MESSAGE] From peer 1: 512 bytes
[MESSAGE] From peer 1: 512 bytes
[MESSAGE] From peer 1: 512 bytes
[MESSAGE] From peer 1: 512 bytes
[MESSAGE] From peer 1: 512 bytes
[MESSAGE] From peer 1: 512 bytes
[MESSAGE] From peer 1: 512 bytes
[MESSAGE] From peer 1: 512 bytes
[MESSAGE] From peer 1: 512 bytes
[MESSAGE] From peer 1: 512 bytes
[MESSAGE] From peer 1: 512 bytes
[MESSAGE] From peer 1: 512 bytes
[MESSAGE] From peer 1: 512 bytes
[MESSAGE] From peer 1: 512 bytes
[MESSAGE] From peer 1: 512 bytes
[MESSAGE] From peer 1: 512 bytes
[MESSAGE] From peer 1: 512 bytes
[MESSAGE] From peer 1: 512 bytes
[MESSAGE] From peer 1: 512 bytes
[ECHO] 10300 messages echoed
[MESSAGE] From peer 1: 512 bytes
[MESSAGE] From peer 1: 512 bytes
[MESSAGE] From peer 1: 512 bytes
[MESSAGE] From peer 1: 512 bytes
[MESSAGE] From peer 1: 512 bytes
[MESSAGE] From peer 1: 512 bytes
[MESSAGE] From peer 1: 512 bytes
[MESSAGE] From peer 1: 512 bytes
[MESSAGE] From peer 1: 512 bytes
[MESSAGE] From peer 1: 512 bytes
[MESSAGE] From peer 1: 512 bytes
[MESSAGE] From peer 1: 512 bytes
[MESSAGE] From peer 1: 512 bytes
[MESSAGE] From peer 1: 512 bytes
[MESSAGE] From peer 1: 512 bytes
[MESSAGE] From peer 1: 512 bytes
[MESSAGE] From peer 1: 512 bytes
[MESSAGE] From peer 1: 512 bytes
[MESSAGE] From peer 1: 512 bytes
[MESSAGE] From peer 1: 512 bytes
[MESSAGE] From peer 1: 512 bytes
[MESSAGE] From peer 1: 512 bytes
[MESSAGE] From peer 1: 512 bytes
[MESSAGE] From peer 1: 512 bytes
[MESSAGE] From peer 1: 512 bytes
[MESSAGE] From peer 1: 512 bytes
[MESSAGE] From peer 1: 512 bytes
[MESSAGE] From peer 1: 512 bytes
[MESSAGE] From peer 1: 512 bytes
[MESSAGE] From peer 1: 512 bytes
[MESSAGE] From peer 1: 512 bytes
[MESSAGE] From peer 1: 512 bytes
[MESSAGE] From peer 1: 512 bytes
[MESSAGE] From peer 1: 512 bytes
[MESSAGE] From peer 1: 512 bytes
[MESSAGE] From peer 1: 512 bytes
[MESSAGE] From peer 1: 512 bytes
[MESSAGE] From peer 1: 512 bytes
[MESSAGE] From peer 1: 512 bytes
[MESSAGE] From peer 1: 512 bytes
[MESSAGE] From peer 1: 512 bytes
[MESSAGE] From peer 1: 512 bytes
[MESSAGE] From peer 1: 512 bytes
[MESSAGE] From peer 1: 512 bytes
[MESSAGE] From peer 1: 512 bytes
[MESSAGE] From peer 1: 512 bytes
[MESSAGE] From peer 1: 512 bytes
[MESSAGE] From peer 1: 512 bytes
[MESSAGE] From peer 1: 512 bytes
[MESSAGE] From peer 1: 512 bytes
[MESSAGE] From peer 1: 512 bytes
[MESSAGE] From peer 1: 512 bytes
[MESSAGE] From peer 1: 512 bytes
[MESSAGE] From peer 1: 512 bytes
[MESSAGE] From peer 1: 512 bytes
[MESSAGE] From peer 1: 512 bytes
[MESSAGE] From peer 1: 512 bytes
[MESSAGE] From peer 1: 512 bytes
[MESSAGE] From peer 1: 512 bytes
[MESSAGE] From peer 1: 512 bytes
[MESSAGE] From peer 1: 512 bytes
[MESSAGE] From peer 1: 512 bytes
[MESSAGE] From peer 1: 512 bytes
[MESSAGE] From peer 1: 512 bytes
[MESSAGE] From peer 1: 512 bytes
[MESSAGE] From peer 1: 512 bytes
[MESSAGE] From peer 1: 512 bytes
[MESSAGE] From peer 1: 512 bytes
[MESSAGE] From peer 1: 512 bytes
[MESSAGE] From peer 1: 512 bytes
[MESSAGE] From peer 1: 512 bytes
[MESSAGE] From peer 1: 512 bytes
[MESSAGE] From peer 1: 512 bytes
[MESSAGE] From peer 1: 512 bytes
[MESSAGE] From peer 1: 512 bytes
[MESSAGE] From peer 1: 512 bytes
[MESSAGE] From peer 1: 512 bytes
[MESSAGE] From peer 1: 512 bytes
[MESSAGE] From peer 1: 512 bytes
[MESSAGE] From peer 1: 512 bytes
[MESSAGE] From peer 1: 512 bytes
[MESSAGE] From peer 1: 512 bytes
[MESSAGE] From peer 1: 512 bytes
[MESSAGE] From peer 1: 512 bytes
[MESSAGE] From peer 1: 512 bytes
[MESSAGE] From peer 1: 512 bytes
[MESSAGE] From peer 1: 512 bytes
[MESSAGE] From peer 1: 512 bytes
[MESSAGE] From peer 1: 512 bytes
[MESSAGE] From peer 1: 512 bytes
[MESSAGE] From peer 1: 512 bytes
[MESSAGE] From peer 1: 512 bytes
[MESSAGE] From peer 1: 512 bytes
[MESSAGE] From peer 1: 512 bytes
[MESSAGE] From peer 1: 512 bytes
[MESSAGE] From peer 1: 512 bytes
[MESSAGE] From peer 1: 512 bytes
[MESSAGE] From peer 1: 512 bytes
[MESSAGE] From peer 1: 512 bytes
[MESSAGE] From peer 1: 512 bytes
[ECHO] 10400 messages echoed
[MESSAGE] From peer 1: 512 bytes
[MESSAGE] From peer 1: 512 bytes
[MESSAGE] From peer 1: 512 bytes
[MESSAGE] From peer 1: 512 bytes
[MESSAGE] From peer 1: 512 bytes
[MESSAGE] From peer 1: 512 bytes
[MESSAGE] From peer 1: 512 bytes
[MESSAGE] From peer 1: 512 bytes
[MESSAGE] From peer 1: 512 bytes
[MESSAGE] From peer 1: 512 bytes
[MESSAGE] From peer 1: 512 bytes
[MESSAGE] From peer 1: 512 bytes
[MESSAGE] From peer 1: 512 bytes
[MESSAGE] From peer 1: 512 bytes
[MESSAGE] From peer 1: 512 bytes
[MESSAGE] From peer 1: 512 bytes
[MESSAGE] From peer 1: 512 bytes
[MESSAGE] From peer 1: 512 bytes
[MESSAGE] From peer 1: 512 bytes
[MESSAGE] From peer 1: 512 bytes
[MESSAGE] From peer 1: 512 bytes
[MESSAGE] From peer 1: 512 bytes
[MESSAGE] From peer 1: 512 bytes
[MESSAGE] From peer 1: 512 bytes
[MESSAGE] From peer 1: 512 bytes
[MESSAGE] From peer 1: 512 bytes
[MESSAGE] From peer 1: 512 bytes
[MESSAGE] From peer 1: 512 bytes
[MESSAGE] From peer 1: 512 bytes
[MESSAGE] From peer 1: 512 bytes
[MESSAGE] From peer 1: 512 bytes
[MESSAGE] From peer 1: 512 bytes
[MESSAGE] From peer 1: 512 bytes
[MESSAGE] From peer 1: 512 bytes
[MESSAGE] From peer 1: 512 bytes
[MESSAGE] From peer 1: 512 bytes
[MESSAGE] From peer 1: 512 bytes
[MESSAGE] From peer 1: 512 bytes
[MESSAGE] From peer 1: 512 bytes
[MESSAGE] From peer 1: 512 bytes
[MESSAGE] From peer 1: 512 bytes
[MESSAGE] From peer 1: 512 bytes
[MESSAGE] From peer 1: 512 bytes
[MESSAGE] From peer 1: 512 bytes
[STATUS] 3150 sec: peers=13, msgs=10449, connected=yes
[MESSAGE] From peer 1: 512 bytes
[MESSAGE] From peer 1: 512 bytes
[MESSAGE] From peer 1: 512 bytes
[MESSAGE] From peer 1: 512 bytes
[MESSAGE] From peer 1: 512 bytes
[MESSAGE] From peer 1: 512 bytes
[MESSAGE] From peer 1: 512 bytes
[MESSAGE] From peer 1: 512 bytes
[MESSAGE] From peer 1: 512 bytes
[MESSAGE] From peer 1: 512 bytes
[MESSAGE] From peer 1: 512 bytes
[MESSAGE] From peer 1: 512 bytes
[MESSAGE] From peer 1: 512 bytes
[MESSAGE] From peer 1: 512 bytes
[MESSAGE] From peer 1: 512 bytes
[MESSAGE] From peer 1: 512 bytes
[MESSAGE] From peer 1: 512 bytes
[MESSAGE] From peer 1: 512 bytes
[MESSAGE] From peer 1: 512 bytes
[MESSAGE] From peer 1: 512 bytes
[MESSAGE] From peer 1: 512 bytes
[MESSAGE] From peer 1: 512 bytes
[MESSAGE] From peer 1: 512 bytes
[MESSAGE] From peer 1: 512 bytes
[MESSAGE] From peer 1: 512 bytes
[MESSAGE] From peer 1: 512 bytes
[MESSAGE] From peer 1: 512 bytes
[MESSAGE] From peer 1: 512 bytes
[MESSAGE] From peer 1: 512 bytes
[MESSAGE] From peer 1: 512 bytes
[MESSAGE] From peer 1: 512 bytes
[MESSAGE] From peer 1: 512 bytes
[MESSAGE] From peer 1: 512 bytes
[MESSAGE] From peer 1: 512 bytes
[MESSAGE] From peer 1: 512 bytes
[MESSAGE] From peer 1: 512 bytes
[MESSAGE] From peer 1: 512 bytes
[MESSAGE] From peer 1: 512 bytes
[MESSAGE] From peer 1: 512 bytes
[MESSAGE] From peer 1: 512 bytes
[MESSAGE] From peer 1: 512 bytes
[MESSAGE] From peer 1: 512 bytes
[MESSAGE] From peer 1: 512 bytes
[MESSAGE] From peer 1: 512 bytes
[MESSAGE] From peer 1: 512 bytes
[MESSAGE] From peer 1: 512 bytes
[MESSAGE] From peer 1: 512 bytes
[MESSAGE] From peer 1: 512 bytes
[MESSAGE] From peer 1: 512 bytes
[MESSAGE] From peer 1: 512 bytes
[MESSAGE] From peer 1: 512 bytes
[MESSAGE] From peer 1: 512 bytes
[MESSAGE] From peer 1: 512 bytes
[MESSAGE] From peer 1: 512 bytes
[MESSAGE] From peer 1: 512 bytes
[MESSAGE] From peer 1: 512 bytes
[ECHO] 10500 messages echoed
[MESSAGE] From peer 1: 512 bytes
[MESSAGE] From peer 1: 512 bytes
[MESSAGE] From peer 1: 512 bytes
[MESSAGE] From peer 1: 512 bytes
[MESSAGE] From peer 1: 512 bytes
[MESSAGE] From peer 1: 512 bytes
[MESSAGE] From peer 1: 512 bytes
[MESSAGE] From peer 1: 512 bytes
[MESSAGE] From peer 1: 512 bytes
[MESSAGE] From peer 1: 512 bytes
[MESSAGE] From peer 1: 512 bytes
[MESSAGE] From peer 1: 512 bytes
[MESSAGE] From peer 1: 512 bytes
[MESSAGE] From peer 1: 512 bytes
[MESSAGE] From peer 1: 512 bytes
[MESSAGE] From peer 1: 512 bytes
[MESSAGE] From peer 1: 512 bytes
[MESSAGE] From peer 1: 512 bytes
[MESSAGE] From peer 1: 512 bytes
[MESSAGE] From peer 1: 512 bytes
[MESSAGE] From peer 1: 512 bytes
[MESSAGE] From peer 1: 512 bytes
[MESSAGE] From peer 1: 512 bytes
[MESSAGE] From peer 1: 512 bytes
[MESSAGE] From peer 1: 512 bytes
[MESSAGE] From peer 1: 512 bytes
[MESSAGE] From peer 1: 512 bytes
[MESSAGE] From peer 1: 512 bytes
[MESSAGE] From peer 1: 512 bytes
[MESSAGE] From peer 1: 512 bytes
[MESSAGE] From peer 1: 512 bytes
[MESSAGE] From peer 1: 512 bytes
[MESSAGE] From peer 1: 512 bytes
[MESSAGE] From peer 1: 512 bytes
[MESSAGE] From peer 1: 512 bytes
[MESSAGE] From peer 1: 512 bytes
[MESSAGE] From peer 1: 512 bytes
[MESSAGE] From peer 1: 512 bytes
[MESSAGE] From peer 1: 512 bytes
[MESSAGE] From peer 1: 512 bytes
[MESSAGE] From peer 1: 512 bytes
[MESSAGE] From peer 1: 512 bytes
[MESSAGE] From peer 1: 512 bytes
[MESSAGE] From peer 1: 512 bytes
[MESSAGE] From peer 1: 512 bytes
[MESSAGE] From peer 1: 512 bytes
[MESSAGE] From peer 1: 512 bytes
[MESSAGE] From peer 1: 512 bytes
[MESSAGE] From peer 1: 512 bytes
[MESSAGE] From peer 1: 512 bytes
[MESSAGE] From peer 1: 512 bytes
[MESSAGE] From peer 1: 512 bytes
[MESSAGE] From peer 1: 512 bytes
[MESSAGE] From peer 1: 512 bytes
[MESSAGE] From peer 1: 512 bytes
[MESSAGE] From peer 1: 512 bytes
[MESSAGE] From peer 1: 512 bytes
[MESSAGE] From peer 1: 512 bytes
[MESSAGE] From peer 1: 512 bytes
[MESSAGE] From peer 1: 512 bytes
[MESSAGE] From peer 1: 512 bytes
[MESSAGE] From peer 1: 512 bytes
[MESSAGE] From peer 1: 512 bytes
[MESSAGE] From peer 1: 512 bytes
[MESSAGE] From peer 1: 512 bytes
[MESSAGE] From peer 1: 512 bytes
[MESSAGE] From peer 1: 512 bytes
[MESSAGE] From peer 1: 512 bytes
[MESSAGE] From peer 1: 512 bytes
[MESSAGE] From peer 1: 512 bytes
[MESSAGE] From peer 1: 512 bytes
[MESSAGE] From peer 1: 512 bytes
[MESSAGE] From peer 1: 512 bytes
[MESSAGE] From peer 1: 512 bytes
[MESSAGE] From peer 1: 512 bytes
[MESSAGE] From peer 1: 512 bytes
[MESSAGE] From peer 1: 512 bytes
[MESSAGE] From peer 1: 512 bytes
[MESSAGE] From peer 1: 512 bytes
[MESSAGE] From peer 1: 512 bytes
[MESSAGE] From peer 1: 512 bytes
[MESSAGE] From peer 1: 512 bytes
[MESSAGE] From peer 1: 512 bytes
[MESSAGE] From peer 1: 512 bytes
[MESSAGE] From peer 1: 512 bytes
[MESSAGE] From peer 1: 512 bytes
[MESSAGE] From peer 1: 512 bytes
[MESSAGE] From peer 1: 512 bytes
[MESSAGE] From peer 1: 512 bytes
[MESSAGE] From peer 1: 512 bytes
[MESSAGE] From peer 1: 512 bytes
[MESSAGE] From peer 1: 512 bytes
[MESSAGE] From peer 1: 512 bytes
[MESSAGE] From peer 1: 512 bytes
[MESSAGE] From peer 1: 512 bytes
[MESSAGE] From peer 1: 512 bytes
[MESSAGE] From peer 1: 512 bytes
[MESSAGE] From peer 1: 512 bytes
[MESSAGE] From peer 1: 512 bytes
[MESSAGE] From peer 1: 512 bytes
[ECHO] 10600 messages echoed
[MESSAGE] From peer 1: 512 bytes
[MESSAGE] From peer 1: 512 bytes
[MESSAGE] From peer 1: 512 bytes
[MESSAGE] From peer 1: 512 bytes
[MESSAGE] From peer 1: 512 bytes
[MESSAGE] From peer 1: 512 bytes
[MESSAGE] From peer 1: 512 bytes
[MESSAGE] From peer 1: 512 bytes
[MESSAGE] From peer 1: 512 bytes
[MESSAGE] From peer 1: 512 bytes
[MESSAGE] From peer 1: 512 bytes
[MESSAGE] From peer 1: 512 bytes
[MESSAGE] From peer 1: 512 bytes
[MESSAGE] From peer 1: 512 bytes
[MESSAGE] From peer 1: 512 bytes
[MESSAGE] From peer 1: 512 bytes
[MESSAGE] From peer 1: 512 bytes
[MESSAGE] From peer 1: 512 bytes
[MESSAGE] From peer 1: 512 bytes
[MESSAGE] From peer 1: 512 bytes
[MESSAGE] From peer 1: 512 bytes
[MESSAGE] From peer 1: 512 bytes
[MESSAGE] From peer 1: 512 bytes
[MESSAGE] From peer 1: 512 bytes
[MESSAGE] From peer 1: 512 bytes
[MESSAGE] From peer 1: 512 bytes
[MESSAGE] From peer 1: 512 bytes
[MESSAGE] From peer 1: 512 bytes
[MESSAGE] From peer 1: 512 bytes
[MESSAGE] From peer 1: 512 bytes
[MESSAGE] From peer 1: 512 bytes
[MESSAGE] From peer 1: 512 bytes
[MESSAGE] From peer 1: 512 bytes
[MESSAGE] From peer 1: 512 bytes
[MESSAGE] From peer 1: 512 bytes
[MESSAGE] From peer 1: 512 bytes
[MESSAGE] From peer 1: 512 bytes
[MESSAGE] From peer 1: 512 bytes
[MESSAGE] From peer 1: 512 bytes
[MESSAGE] From peer 1: 512 bytes
[MESSAGE] From peer 1: 512 bytes
[MESSAGE] From peer 1: 512 bytes
[MESSAGE] From peer 1: 512 bytes
[MESSAGE] From peer 1: 512 bytes
[MESSAGE] From peer 1: 512 bytes
[MESSAGE] From peer 1: 512 bytes
[MESSAGE] From peer 1: 512 bytes
[MESSAGE] From peer 1: 512 bytes
[MESSAGE] From peer 1: 512 bytes
[MESSAGE] From peer 1: 512 bytes
[MESSAGE] From peer 1: 512 bytes
[MESSAGE] From peer 1: 512 bytes
[MESSAGE] From peer 1: 512 bytes
[MESSAGE] From peer 1: 512 bytes
[MESSAGE] From peer 1: 512 bytes
[MESSAGE] From peer 1: 512 bytes
[MESSAGE] From peer 1: 512 bytes
[MESSAGE] From peer 1: 512 bytes
[MESSAGE] From peer 1: 512 bytes
[MESSAGE] From peer 1: 512 bytes
[MESSAGE] From peer 1: 512 bytes
[MESSAGE] From peer 1: 512 bytes
[MESSAGE] From peer 1: 512 bytes
[MESSAGE] From peer 1: 512 bytes
[MESSAGE] From peer 1: 512 bytes
[MESSAGE] From peer 1: 512 bytes
[MESSAGE] From peer 1: 512 bytes
[MESSAGE] From peer 1: 512 bytes
[MESSAGE] From peer 1: 512 bytes
[MESSAGE] From peer 1: 512 bytes
[MESSAGE] From peer 1: 512 bytes
[MESSAGE] From peer 1: 512 bytes
[MESSAGE] From peer 1: 512 bytes
[MESSAGE] From peer 1: 512 bytes
[MESSAGE] From peer 1: 512 bytes
[MESSAGE] From peer 1: 512 bytes
[MESSAGE] From peer 1: 512 bytes
[MESSAGE] From peer 1: 512 bytes
[MESSAGE] From peer 1: 512 bytes
[MESSAGE] From peer 1: 512 bytes
[MESSAGE] From peer 1: 512 bytes
[MESSAGE] From peer 1: 512 bytes
[MESSAGE] From peer 1: 512 bytes
[MESSAGE] From peer 1: 512 bytes
[MESSAGE] From peer 1: 512 bytes
[MESSAGE] From peer 1: 512 bytes
[MESSAGE] From peer 1: 512 bytes
[MESSAGE] From peer 1: 512 bytes
[MESSAGE] From peer 1: 512 bytes
[MESSAGE] From peer 1: 512 bytes
[MESSAGE] From peer 1: 512 bytes
[MESSAGE] From peer 1: 512 bytes
[MESSAGE] From peer 1: 512 bytes
[MESSAGE] From peer 1: 512 bytes
[MESSAGE] From peer 1: 512 bytes
[MESSAGE] From peer 1: 512 bytes
[MESSAGE] From peer 1: 512 bytes
[MESSAGE] From peer 1: 512 bytes
[MESSAGE] From peer 1: 512 bytes
[MESSAGE] From peer 1: 512 bytes
[ECHO] 10700 messages echoed
[MESSAGE] From peer 1: 512 bytes
[MESSAGE] From peer 1: 512 bytes
[MESSAGE] From peer 1: 512 bytes
[MESSAGE] From peer 1: 512 bytes
[MESSAGE] From peer 1: 512 bytes
[MESSAGE] From peer 1: 512 bytes
[MESSAGE] From peer 1: 512 bytes
[MESSAGE] From peer 1: 512 bytes
[MESSAGE] From peer 1: 512 bytes
[MESSAGE] From peer 1: 512 bytes
[MESSAGE] From peer 1: 512 bytes
[MESSAGE] From peer 1: 512 bytes
[MESSAGE] From peer 1: 512 bytes
[MESSAGE] From peer 1: 512 bytes
[MESSAGE] From peer 1: 512 bytes
[MESSAGE] From peer 1: 512 bytes
[MESSAGE] From peer 1: 512 bytes
[MESSAGE] From peer 1: 512 bytes
[MESSAGE] From peer 1: 512 bytes
[MESSAGE] From peer 1: 512 bytes
[MESSAGE] From peer 1: 512 bytes
[MESSAGE] From peer 1: 512 bytes
[MESSAGE] From peer 1: 512 bytes
[MESSAGE] From peer 1: 512 bytes
[MESSAGE] From peer 1: 512 bytes
[MESSAGE] From peer 1: 512 bytes
[MESSAGE] From peer 1: 512 bytes
[MESSAGE] From peer 1: 512 bytes
[MESSAGE] From peer 1: 512 bytes
[MESSAGE] From peer 1: 512 bytes
[MESSAGE] From peer 1: 512 bytes
[MESSAGE] From peer 1: 512 bytes
[MESSAGE] From peer 1: 512 bytes
[MESSAGE] From peer 1: 512 bytes
[MESSAGE] From peer 1: 512 bytes
[MESSAGE] From peer 1: 512 bytes
[MESSAGE] From peer 1: 512 bytes
[MESSAGE] From peer 1: 512 bytes
[MESSAGE] From peer 1: 512 bytes
[MESSAGE] From peer 1: 512 bytes
[MESSAGE] From peer 1: 512 bytes
[MESSAGE] From peer 1: 512 bytes
[MESSAGE] From peer 1: 512 bytes
[MESSAGE] From peer 1: 512 bytes
[MESSAGE] From peer 1: 512 bytes
[MESSAGE] From peer 1: 512 bytes
[MESSAGE] From peer 1: 512 bytes
[MESSAGE] From peer 1: 512 bytes
[MESSAGE] From peer 1: 512 bytes
[MESSAGE] From peer 1: 512 bytes
[MESSAGE] From peer 1: 512 bytes
[MESSAGE] From peer 1: 512 bytes
[MESSAGE] From peer 1: 512 bytes
[MESSAGE] From peer 1: 512 bytes
[MESSAGE] From peer 1: 512 bytes
[MESSAGE] From peer 1: 512 bytes
[MESSAGE] From peer 1: 512 bytes
[MESSAGE] From peer 1: 512 bytes
[MESSAGE] From peer 1: 512 bytes
[MESSAGE] From peer 1: 512 bytes
[MESSAGE] From peer 1: 512 bytes
[MESSAGE] From peer 1: 512 bytes
[MESSAGE] From peer 1: 512 bytes
[MESSAGE] From peer 1: 512 bytes
[MESSAGE] From peer 1: 512 bytes
[MESSAGE] From peer 1: 512 bytes
[MESSAGE] From peer 1: 512 bytes
[MESSAGE] From peer 1: 512 bytes
[MESSAGE] From peer 1: 512 bytes
[MESSAGE] From peer 1: 512 bytes
[MESSAGE] From peer 1: 512 bytes
[MESSAGE] From peer 1: 512 bytes
[MESSAGE] From peer 1: 512 bytes
[MESSAGE] From peer 1: 512 bytes
[MESSAGE] From peer 1: 512 bytes
[MESSAGE] From peer 1: 512 bytes
[MESSAGE] From peer 1: 512 bytes
[MESSAGE] From peer 1: 512 bytes
[MESSAGE] From peer 1: 512 bytes
[MESSAGE] From peer 1: 512 bytes
[MESSAGE] From peer 1: 512 bytes
[MESSAGE] From peer 1: 512 bytes
[MESSAGE] From peer 1: 512 bytes
[MESSAGE] From peer 1: 512 bytes
[MESSAGE] From peer 1: 512 bytes
[MESSAGE] From peer 1: 512 bytes
[MESSAGE] From peer 1: 512 bytes
[MESSAGE] From peer 1: 512 bytes
[MESSAGE] From peer 1: 512 bytes
[MESSAGE] From peer 1: 512 bytes
[MESSAGE] From peer 1: 512 bytes
[MESSAGE] From peer 1: 512 bytes
[MESSAGE] From peer 1: 512 bytes
[MESSAGE] From peer 1: 512 bytes
[MESSAGE] From peer 1: 512 bytes
[MESSAGE] From peer 1: 512 bytes
[MESSAGE] From peer 1: 512 bytes
[MESSAGE] From peer 1: 512 bytes
[MESSAGE] From peer 1: 512 bytes
[MESSAGE] From peer 1: 512 bytes
[ECHO] 10800 messages echoed
[MESSAGE] From peer 1: 512 bytes
[MESSAGE] From peer 1: 512 bytes
[MESSAGE] From peer 1: 512 bytes
[MESSAGE] From peer 1: 512 bytes
[MESSAGE] From peer 1: 512 bytes
[MESSAGE] From peer 1: 512 bytes
[MESSAGE] From peer 1: 512 bytes
[MESSAGE] From peer 1: 512 bytes
[MESSAGE] From peer 1: 512 bytes
[MESSAGE] From peer 1: 512 bytes
[MESSAGE] From peer 1: 512 bytes
[MESSAGE] From peer 1: 512 bytes
[MESSAGE] From peer 1: 512 bytes
[MESSAGE] From peer 1: 512 bytes
[MESSAGE] From peer 1: 512 bytes
[MESSAGE] From peer 1: 512 bytes
[MESSAGE] From peer 1: 512 bytes
[MESSAGE] From peer 1: 512 bytes
[MESSAGE] From peer 1: 512 bytes
[MESSAGE] From peer 1: 512 bytes
[MESSAGE] From peer 1: 512 bytes
[MESSAGE] From peer 1: 512 bytes
[MESSAGE] From peer 1: 512 bytes
[MESSAGE] From peer 1: 512 bytes
[MESSAGE] From peer 1: 512 bytes
[MESSAGE] From peer 1: 512 bytes
[MESSAGE] From peer 1: 512 bytes
[MESSAGE] From peer 1: 512 bytes
[MESSAGE] From peer 1: 512 bytes
[MESSAGE] From peer 1: 512 bytes
[MESSAGE] From peer 1: 512 bytes
[MESSAGE] From peer 1: 512 bytes
[MESSAGE] From peer 1: 512 bytes
[MESSAGE] From peer 1: 512 bytes
[MESSAGE] From peer 1: 512 bytes
[MESSAGE] From peer 1: 512 bytes
[MESSAGE] From peer 1: 512 bytes
[MESSAGE] From peer 1: 512 bytes
[MESSAGE] From peer 1: 512 bytes
[MESSAGE] From peer 1: 512 bytes
[MESSAGE] From peer 1: 512 bytes
[MESSAGE] From peer 1: 512 bytes
[MESSAGE] From peer 1: 512 bytes
[MESSAGE] From peer 1: 512 bytes
[MESSAGE] From peer 1: 512 bytes
[MESSAGE] From peer 1: 512 bytes
[MESSAGE] From peer 1: 512 bytes
[MESSAGE] From peer 1: 512 bytes
[MESSAGE] From peer 1: 512 bytes
[MESSAGE] From peer 1: 512 bytes
[MESSAGE] From peer 1: 512 bytes
[MESSAGE] From peer 1: 512 bytes
[MESSAGE] From peer 1: 512 bytes
[MESSAGE] From peer 1: 512 bytes
[MESSAGE] From peer 1: 512 bytes
[MESSAGE] From peer 1: 512 bytes
[MESSAGE] From peer 1: 512 bytes
[MESSAGE] From peer 1: 512 bytes
[MESSAGE] From peer 1: 512 bytes
[MESSAGE] From peer 1: 512 bytes
[MESSAGE] From peer 1: 512 bytes
[MESSAGE] From peer 1: 512 bytes
[MESSAGE] From peer 1: 512 bytes
[MESSAGE] From peer 1: 512 bytes
[MESSAGE] From peer 1: 512 bytes
[MESSAGE] From peer 1: 512 bytes
[MESSAGE] From peer 1: 512 bytes
[MESSAGE] From peer 1: 512 bytes
[MESSAGE] From peer 1: 512 bytes
[MESSAGE] From peer 1: 512 bytes
[MESSAGE] From peer 1: 512 bytes
[MESSAGE] From peer 1: 512 bytes
[MESSAGE] From peer 1: 512 bytes
[MESSAGE] From peer 1: 512 bytes
[MESSAGE] From peer 1: 512 bytes
[MESSAGE] From peer 1: 512 bytes
[MESSAGE] From peer 1: 512 bytes
[MESSAGE] From peer 1: 512 bytes
[MESSAGE] From peer 1: 512 bytes
[MESSAGE] From peer 1: 512 bytes
[MESSAGE] From peer 1: 512 bytes
[MESSAGE] From peer 1: 512 bytes
[MESSAGE] From peer 1: 512 bytes
[MESSAGE] From peer 1: 512 bytes
[MESSAGE] From peer 1: 512 bytes
[MESSAGE] From peer 1: 512 bytes
[MESSAGE] From peer 1: 512 bytes
[MESSAGE] From peer 1: 512 bytes
[MESSAGE] From peer 1: 512 bytes
[MESSAGE] From peer 1: 512 bytes
[MESSAGE] From peer 1: 512 bytes
[MESSAGE] From peer 1: 512 bytes
[MESSAGE] From peer 1: 512 bytes
[MESSAGE] From peer 1: 512 bytes
[MESSAGE] From peer 1: 512 bytes
[MESSAGE] From peer 1: 512 bytes
[MESSAGE] From peer 1: 512 bytes
[MESSAGE] From peer 1: 512 bytes
[MESSAGE] From peer 1: 512 bytes
[MESSAGE] From peer 1: 512 bytes
[ECHO] 10900 messages echoed
[MESSAGE] From peer 1: 512 bytes
[MESSAGE] From peer 1: 512 bytes
[MESSAGE] From peer 1: 512 bytes
[MESSAGE] From peer 1: 512 bytes
[MESSAGE] From peer 1: 512 bytes
[MESSAGE] From peer 1: 512 bytes
[MESSAGE] From peer 1: 512 bytes
[MESSAGE] From peer 1: 512 bytes
[MESSAGE] From peer 1: 512 bytes
[MESSAGE] From peer 1: 512 bytes
[MESSAGE] From peer 1: 512 bytes
[MESSAGE] From peer 1: 512 bytes
[MESSAGE] From peer 1: 512 bytes
[MESSAGE] From peer 1: 512 bytes
[MESSAGE] From peer 1: 512 bytes
[MESSAGE] From peer 1: 512 bytes
[MESSAGE] From peer 1: 512 bytes
[MESSAGE] From peer 1: 512 bytes
[MESSAGE] From peer 1: 512 bytes
[MESSAGE] From peer 1: 512 bytes
[MESSAGE] From peer 1: 512 bytes
[MESSAGE] From peer 1: 512 bytes
[MESSAGE] From peer 1: 512 bytes
[MESSAGE] From peer 1: 512 bytes
[MESSAGE] From peer 1: 512 bytes
[MESSAGE] From peer 1: 512 bytes
[MESSAGE] From peer 1: 512 bytes
[MESSAGE] From peer 1: 512 bytes
[MESSAGE] From peer 1: 512 bytes
[MESSAGE] From peer 1: 512 bytes
[MESSAGE] From peer 1: 512 bytes
[MESSAGE] From peer 1: 512 bytes
[MESSAGE] From peer 1: 512 bytes
[MESSAGE] From peer 1: 512 bytes
[MESSAGE] From peer 1: 512 bytes
[MESSAGE] From peer 1: 512 bytes
[MESSAGE] From peer 1: 512 bytes
[MESSAGE] From peer 1: 512 bytes
[MESSAGE] From peer 1: 512 bytes
[MESSAGE] From peer 1: 512 bytes
[MESSAGE] From peer 1: 512 bytes
[MESSAGE] From peer 1: 512 bytes
[MESSAGE] From peer 1: 512 bytes
[MESSAGE] From peer 1: 512 bytes
[MESSAGE] From peer 1: 512 bytes
[MESSAGE] From peer 1: 512 bytes
[MESSAGE] From peer 1: 512 bytes
[MESSAGE] From peer 1: 512 bytes
[MESSAGE] From peer 1: 512 bytes
[MESSAGE] From peer 1: 512 bytes
[MESSAGE] From peer 1: 512 bytes
[MESSAGE] From peer 1: 512 bytes
[MESSAGE] From peer 1: 512 bytes
[MESSAGE] From peer 1: 512 bytes
[MESSAGE] From peer 1: 512 bytes
[MESSAGE] From peer 1: 512 bytes
[MESSAGE] From peer 1: 512 bytes
[MESSAGE] From peer 1: 512 bytes
[MESSAGE] From peer 1: 512 bytes
[MESSAGE] From peer 1: 512 bytes
[MESSAGE] From peer 1: 512 bytes
[DISCOVERED] Peer 2: "MacThroughput" at 10.188.1.213:7354
[MESSAGE] From peer 1: 512 bytes
[MESSAGE] From peer 1: 512 bytes
[MESSAGE] From peer 1: 512 bytes
[MESSAGE] From peer 1: 512 bytes
[MESSAGE] From peer 1: 512 bytes
[MESSAGE] From peer 1: 512 bytes
[MESSAGE] From peer 1: 512 bytes
[MESSAGE] From peer 1: 512 bytes
[MESSAGE] From peer 1: 512 bytes
[MESSAGE] From peer 1: 512 bytes
[MESSAGE] From peer 1: 512 bytes
[MESSAGE] From peer 1: 512 bytes
[MESSAGE] From peer 1: 512 bytes
[MESSAGE] From peer 1: 512 bytes
[MESSAGE] From peer 1: 512 bytes
[MESSAGE] From peer 1: 512 bytes
[MESSAGE] From peer 1: 512 bytes
[MESSAGE] From peer 1: 512 bytes
[MESSAGE] From peer 1: 512 bytes
[MESSAGE] From peer 1: 512 bytes
[MESSAGE] From peer 1: 512 bytes
[MESSAGE] From peer 1: 512 bytes
[MESSAGE] From peer 1: 512 bytes
[MESSAGE] From peer 1: 512 bytes
[MESSAGE] From peer 1: 512 bytes
[MESSAGE] From peer 1: 512 bytes
[MESSAGE] From peer 1: 512 bytes
[MESSAGE] From peer 1: 512 bytes
[MESSAGE] From peer 1: 512 bytes
[MESSAGE] From peer 1: 512 bytes
[MESSAGE] From peer 1: 512 bytes
[MESSAGE] From peer 1: 512 bytes
[MESSAGE] From peer 1: 512 bytes
[MESSAGE] From peer 1: 512 bytes
[MESSAGE] From peer 1: 512 bytes
[MESSAGE] From peer 1: 512 bytes
[MESSAGE] From peer 1: 512 bytes
[MESSAGE] From peer 1: 512 bytes
[MESSAGE] From peer 1: 512 bytes
[ECHO] 11000 messages echoed
[MESSAGE] From peer 1: 512 bytes
[MESSAGE] From peer 1: 512 bytes
[MESSAGE] From peer 1: 512 bytes
[MESSAGE] From peer 1: 512 bytes
[MESSAGE] From peer 1: 512 bytes
[MESSAGE] From peer 1: 512 bytes
[MESSAGE] From peer 1: 512 bytes
[MESSAGE] From peer 1: 512 bytes
[MESSAGE] From peer 1: 512 bytes
[MESSAGE] From peer 1: 512 bytes
[MESSAGE] From peer 1: 512 bytes
[MESSAGE] From peer 1: 512 bytes
[MESSAGE] From peer 1: 512 bytes
[MESSAGE] From peer 1: 512 bytes
[MESSAGE] From peer 1: 512 bytes
[MESSAGE] From peer 1: 512 bytes
[MESSAGE] From peer 1: 512 bytes
[MESSAGE] From peer 1: 512 bytes
[MESSAGE] From peer 1: 512 bytes
[MESSAGE] From peer 1: 512 bytes
[MESSAGE] From peer 1: 512 bytes
[MESSAGE] From peer 1: 512 bytes
[MESSAGE] From peer 1: 512 bytes
[MESSAGE] From peer 1: 512 bytes
[MESSAGE] From peer 1: 512 bytes
[MESSAGE] From peer 1: 512 bytes
[MESSAGE] From peer 1: 512 bytes
[MESSAGE] From peer 1: 512 bytes
[MESSAGE] From peer 1: 512 bytes
[MESSAGE] From peer 1: 512 bytes
[MESSAGE] From peer 1: 512 bytes
[MESSAGE] From peer 1: 512 bytes
[MESSAGE] From peer 1: 512 bytes
[MESSAGE] From peer 1: 512 bytes
[MESSAGE] From peer 1: 512 bytes
[MESSAGE] From peer 1: 512 bytes
[MESSAGE] From peer 1: 512 bytes
[MESSAGE] From peer 1: 512 bytes
[MESSAGE] From peer 1: 512 bytes
[MESSAGE] From peer 1: 512 bytes
[MESSAGE] From peer 1: 512 bytes
[MESSAGE] From peer 1: 512 bytes
[MESSAGE] From peer 1: 512 bytes
[MESSAGE] From peer 1: 512 bytes
[MESSAGE] From peer 1: 512 bytes
[MESSAGE] From peer 1: 512 bytes
[MESSAGE] From peer 1: 512 bytes
[MESSAGE] From peer 1: 512 bytes
[MESSAGE] From peer 1: 512 bytes
[MESSAGE] From peer 1: 512 bytes
[MESSAGE] From peer 1: 512 bytes
[MESSAGE] From peer 1: 512 bytes
[MESSAGE] From peer 1: 512 bytes
[MESSAGE] From peer 1: 512 bytes
[MESSAGE] From peer 1: 512 bytes
[MESSAGE] From peer 1: 512 bytes
[MESSAGE] From peer 1: 512 bytes
[MESSAGE] From peer 1: 512 bytes
[MESSAGE] From peer 1: 512 bytes
[MESSAGE] From peer 1: 512 bytes
[MESSAGE] From peer 1: 512 bytes
[MESSAGE] From peer 1: 512 bytes
[MESSAGE] From peer 1: 512 bytes
[MESSAGE] From peer 1: 512 bytes
[MESSAGE] From peer 1: 512 bytes
[MESSAGE] From peer 1: 512 bytes
[MESSAGE] From peer 1: 512 bytes
[MESSAGE] From peer 1: 512 bytes
[MESSAGE] From peer 1: 512 bytes
[MESSAGE] From peer 1: 512 bytes
[MESSAGE] From peer 1: 512 bytes
[MESSAGE] From peer 1: 512 bytes
[MESSAGE] From peer 1: 512 bytes
[MESSAGE] From peer 1: 512 bytes
[MESSAGE] From peer 1: 512 bytes
[MESSAGE] From peer 1: 512 bytes
[MESSAGE] From peer 1: 512 bytes
[MESSAGE] From peer 1: 512 bytes
[MESSAGE] From peer 1: 512 bytes
[MESSAGE] From peer 1: 512 bytes
[MESSAGE] From peer 1: 512 bytes
[MESSAGE] From peer 1: 512 bytes
[MESSAGE] From peer 1: 512 bytes
[MESSAGE] From peer 1: 512 bytes
[MESSAGE] From peer 1: 512 bytes
[MESSAGE] From peer 1: 512 bytes
[MESSAGE] From peer 1: 512 bytes
[MESSAGE] From peer 1: 512 bytes
[MESSAGE] From peer 1: 512 bytes
[MESSAGE] From peer 1: 512 bytes
[MESSAGE] From peer 1: 512 bytes
[MESSAGE] From peer 1: 512 bytes
[MESSAGE] From peer 1: 512 bytes
[MESSAGE] From peer 1: 512 bytes
[MESSAGE] From peer 1: 512 bytes
[MESSAGE] From peer 1: 512 bytes
[MESSAGE] From peer 1: 512 bytes
[MESSAGE] From peer 1: 512 bytes
[MESSAGE] From peer 1: 512 bytes
[MESSAGE] From peer 1: 512 bytes
[ECHO] 11100 messages echoed
[MESSAGE] From peer 1: 512 bytes
[MESSAGE] From peer 1: 512 bytes
[MESSAGE] From peer 1: 512 bytes
[MESSAGE] From peer 1: 512 bytes
[MESSAGE] From peer 1: 512 bytes
[MESSAGE] From peer 1: 512 bytes
[MESSAGE] From peer 1: 512 bytes
[MESSAGE] From peer 1: 512 bytes
[MESSAGE] From peer 1: 512 bytes
[MESSAGE] From peer 1: 512 bytes
[MESSAGE] From peer 1: 512 bytes
[MESSAGE] From peer 1: 512 bytes
[MESSAGE] From peer 1: 512 bytes
[MESSAGE] From peer 1: 512 bytes
[MESSAGE] From peer 1: 512 bytes
[MESSAGE] From peer 1: 512 bytes
[MESSAGE] From peer 1: 512 bytes
[MESSAGE] From peer 1: 512 bytes
[MESSAGE] From peer 1: 512 bytes
[MESSAGE] From peer 1: 512 bytes
[MESSAGE] From peer 1: 512 bytes
[MESSAGE] From peer 1: 512 bytes
[MESSAGE] From peer 1: 512 bytes
[MESSAGE] From peer 1: 512 bytes
[MESSAGE] From peer 1: 512 bytes
[MESSAGE] From peer 1: 512 bytes
[MESSAGE] From peer 1: 512 bytes
[MESSAGE] From peer 1: 512 bytes
[MESSAGE] From peer 1: 512 bytes
[STATUS] 3160 sec: peers=14, msgs=11134, connected=yes
[MESSAGE] From peer 1: 512 bytes
[MESSAGE] From peer 1: 512 bytes
[MESSAGE] From peer 1: 512 bytes
[MESSAGE] From peer 1: 512 bytes
[MESSAGE] From peer 1: 512 bytes
[MESSAGE] From peer 1: 512 bytes
[MESSAGE] From peer 1: 512 bytes
[MESSAGE] From peer 1: 512 bytes
[MESSAGE] From peer 1: 512 bytes
[MESSAGE] From peer 1: 512 bytes
[MESSAGE] From peer 1: 512 bytes
[MESSAGE] From peer 1: 512 bytes
[MESSAGE] From peer 1: 512 bytes
[MESSAGE] From peer 1: 512 bytes
[MESSAGE] From peer 1: 512 bytes
[MESSAGE] From peer 1: 512 bytes
[MESSAGE] From peer 1: 512 bytes
[MESSAGE] From peer 1: 512 bytes
[MESSAGE] From peer 1: 512 bytes
[MESSAGE] From peer 1: 512 bytes
[MESSAGE] From peer 1: 512 bytes
[MESSAGE] From peer 1: 512 bytes
[MESSAGE] From peer 1: 512 bytes
[MESSAGE] From peer 1: 512 bytes
[MESSAGE] From peer 1: 512 bytes
[MESSAGE] From peer 1: 512 bytes
[MESSAGE] From peer 1: 512 bytes
[MESSAGE] From peer 1: 512 bytes
[MESSAGE] From peer 1: 512 bytes
[MESSAGE] From peer 1: 512 bytes
[MESSAGE] From peer 1: 512 bytes
[MESSAGE] From peer 1: 512 bytes
[MESSAGE] From peer 1: 512 bytes
[MESSAGE] From peer 1: 512 bytes
[MESSAGE] From peer 1: 512 bytes
[MESSAGE] From peer 1: 512 bytes
[MESSAGE] From peer 1: 512 bytes
[MESSAGE] From peer 1: 512 bytes
[MESSAGE] From peer 1: 512 bytes
[MESSAGE] From peer 1: 512 bytes
[MESSAGE] From peer 1: 512 bytes
[MESSAGE] From peer 1: 512 bytes
[MESSAGE] From peer 1: 512 bytes
[MESSAGE] From peer 1: 512 bytes
[MESSAGE] From peer 1: 512 bytes
[MESSAGE] From peer 1: 512 bytes
[MESSAGE] From peer 1: 512 bytes
[MESSAGE] From peer 1: 512 bytes
[MESSAGE] From peer 1: 512 bytes
[MESSAGE] From peer 1: 512 bytes
[MESSAGE] From peer 1: 512 bytes
[MESSAGE] From peer 1: 512 bytes
[MESSAGE] From peer 1: 512 bytes
[MESSAGE] From peer 1: 512 bytes
[MESSAGE] From peer 1: 512 bytes
[MESSAGE] From peer 1: 512 bytes
[MESSAGE] From peer 1: 512 bytes
[MESSAGE] From peer 1: 512 bytes
[MESSAGE] From peer 1: 512 bytes
[MESSAGE] From peer 1: 512 bytes
[MESSAGE] From peer 1: 512 bytes
[MESSAGE] From peer 1: 512 bytes
[MESSAGE] From peer 1: 512 bytes
[MESSAGE] From peer 1: 512 bytes
[MESSAGE] From peer 1: 512 bytes
[MESSAGE] From peer 1: 512 bytes
[MESSAGE] From peer 1: 512 bytes
[MESSAGE] From peer 1: 512 bytes
[MESSAGE] From peer 1: 512 bytes
[MESSAGE] From peer 1: 512 bytes
[MESSAGE] From peer 1: 512 bytes
[ECHO] 11200 messages echoed
[MESSAGE] From peer 1: 512 bytes
[MESSAGE] From peer 1: 512 bytes
[MESSAGE] From peer 1: 512 bytes
[MESSAGE] From peer 1: 512 bytes
[MESSAGE] From peer 1: 512 bytes
[MESSAGE] From peer 1: 512 bytes
[MESSAGE] From peer 1: 512 bytes
[MESSAGE] From peer 1: 512 bytes
[MESSAGE] From peer 1: 512 bytes
[MESSAGE] From peer 1: 512 bytes
[MESSAGE] From peer 1: 512 bytes
[MESSAGE] From peer 1: 512 bytes
[MESSAGE] From peer 1: 512 bytes
[MESSAGE] From peer 1: 512 bytes
[MESSAGE] From peer 1: 512 bytes
[MESSAGE] From peer 1: 512 bytes
[MESSAGE] From peer 1: 512 bytes
[MESSAGE] From peer 1: 512 bytes
[MESSAGE] From peer 1: 512 bytes
[MESSAGE] From peer 1: 512 bytes
[MESSAGE] From peer 1: 512 bytes
[MESSAGE] From peer 1: 512 bytes
[MESSAGE] From peer 1: 512 bytes
[MESSAGE] From peer 1: 512 bytes
[MESSAGE] From peer 1: 512 bytes
[MESSAGE] From peer 1: 512 bytes
[MESSAGE] From peer 1: 512 bytes
[MESSAGE] From peer 1: 512 bytes
[MESSAGE] From peer 1: 512 bytes
[MESSAGE] From peer 1: 512 bytes
[MESSAGE] From peer 1: 512 bytes
[MESSAGE] From peer 1: 512 bytes
[MESSAGE] From peer 1: 512 bytes
[MESSAGE] From peer 1: 512 bytes
[MESSAGE] From peer 1: 512 bytes
[MESSAGE] From peer 1: 512 bytes
[MESSAGE] From peer 1: 512 bytes
[MESSAGE] From peer 1: 512 bytes
[MESSAGE] From peer 1: 512 bytes
[MESSAGE] From peer 1: 512 bytes
[MESSAGE] From peer 1: 512 bytes
[MESSAGE] From peer 1: 512 bytes
[MESSAGE] From peer 1: 512 bytes
[MESSAGE] From peer 1: 512 bytes
[MESSAGE] From peer 1: 512 bytes
[MESSAGE] From peer 1: 512 bytes
[MESSAGE] From peer 1: 512 bytes
[MESSAGE] From peer 1: 512 bytes
[MESSAGE] From peer 1: 512 bytes
[MESSAGE] From peer 1: 512 bytes
[MESSAGE] From peer 1: 512 bytes
[MESSAGE] From peer 1: 512 bytes
[MESSAGE] From peer 1: 512 bytes
[MESSAGE] From peer 1: 512 bytes
[MESSAGE] From peer 1: 512 bytes
[MESSAGE] From peer 1: 512 bytes
[MESSAGE] From peer 1: 512 bytes
[MESSAGE] From peer 1: 512 bytes
[MESSAGE] From peer 1: 512 bytes
[MESSAGE] From peer 1: 512 bytes
[MESSAGE] From peer 1: 512 bytes
[MESSAGE] From peer 1: 512 bytes
[MESSAGE] From peer 1: 512 bytes
[MESSAGE] From peer 1: 512 bytes
[MESSAGE] From peer 1: 512 bytes
[MESSAGE] From peer 1: 512 bytes
[MESSAGE] From peer 1: 512 bytes
[MESSAGE] From peer 1: 512 bytes
[MESSAGE] From peer 1: 512 bytes
[MESSAGE] From peer 1: 512 bytes
[MESSAGE] From peer 1: 512 bytes
[MESSAGE] From peer 1: 512 bytes
[MESSAGE] From peer 1: 512 bytes
[MESSAGE] From peer 1: 512 bytes
[MESSAGE] From peer 1: 512 bytes
[MESSAGE] From peer 1: 512 bytes
[MESSAGE] From peer 1: 512 bytes
[MESSAGE] From peer 1: 512 bytes
[MESSAGE] From peer 1: 512 bytes
[MESSAGE] From peer 1: 512 bytes
[MESSAGE] From peer 1: 512 bytes
[MESSAGE] From peer 1: 512 bytes
[MESSAGE] From peer 1: 512 bytes
[MESSAGE] From peer 1: 512 bytes
[MESSAGE] From peer 1: 512 bytes
[MESSAGE] From peer 1: 512 bytes
[MESSAGE] From peer 1: 512 bytes
[MESSAGE] From peer 1: 512 bytes
[MESSAGE] From peer 1: 512 bytes
[MESSAGE] From peer 1: 512 bytes
[MESSAGE] From peer 1: 512 bytes
[MESSAGE] From peer 1: 512 bytes
[MESSAGE] From peer 1: 512 bytes
[MESSAGE] From peer 1: 512 bytes
[MESSAGE] From peer 1: 512 bytes
[MESSAGE] From peer 1: 512 bytes
[MESSAGE] From peer 1: 512 bytes
[MESSAGE] From peer 1: 512 bytes
[MESSAGE] From peer 1: 512 bytes
[MESSAGE] From peer 1: 512 bytes
[ECHO] 11300 messages echoed
[MESSAGE] From peer 1: 512 bytes
[MESSAGE] From peer 1: 512 bytes
[MESSAGE] From peer 1: 512 bytes
[MESSAGE] From peer 1: 512 bytes
[MESSAGE] From peer 1: 512 bytes
[MESSAGE] From peer 1: 512 bytes
[MESSAGE] From peer 1: 512 bytes
[MESSAGE] From peer 1: 512 bytes
[MESSAGE] From peer 1: 512 bytes
[MESSAGE] From peer 1: 512 bytes
[MESSAGE] From peer 1: 512 bytes
[MESSAGE] From peer 1: 512 bytes
[MESSAGE] From peer 1: 512 bytes
[MESSAGE] From peer 1: 512 bytes
[MESSAGE] From peer 1: 512 bytes
[MESSAGE] From peer 1: 512 bytes
[MESSAGE] From peer 1: 512 bytes
[MESSAGE] From peer 1: 512 bytes
[MESSAGE] From peer 1: 512 bytes
[MESSAGE] From peer 1: 512 bytes
[MESSAGE] From peer 1: 512 bytes
[MESSAGE] From peer 1: 512 bytes
[MESSAGE] From peer 1: 512 bytes
[MESSAGE] From peer 1: 512 bytes
[MESSAGE] From peer 1: 512 bytes
[MESSAGE] From peer 1: 512 bytes
[MESSAGE] From peer 1: 1024 bytes
[MESSAGE] From peer 1: 1024 bytes
[MESSAGE] From peer 1: 1024 bytes
[MESSAGE] From peer 1: 1024 bytes
[MESSAGE] From peer 1: 1024 bytes
[MESSAGE] From peer 1: 1024 bytes
[MESSAGE] From peer 1: 1024 bytes
[MESSAGE] From peer 1: 1024 bytes
[MESSAGE] From peer 1: 1024 bytes
[MESSAGE] From peer 1: 1024 bytes
[MESSAGE] From peer 1: 1024 bytes
[MESSAGE] From peer 1: 1024 bytes
[MESSAGE] From peer 1: 1024 bytes
[MESSAGE] From peer 1: 1024 bytes
[MESSAGE] From peer 1: 1024 bytes
[MESSAGE] From peer 1: 1024 bytes
[MESSAGE] From peer 1: 1024 bytes
[MESSAGE] From peer 1: 1024 bytes
[MESSAGE] From peer 1: 1024 bytes
[MESSAGE] From peer 1: 1024 bytes
[MESSAGE] From peer 1: 1024 bytes
[MESSAGE] From peer 1: 1024 bytes
[MESSAGE] From peer 1: 1024 bytes
[MESSAGE] From peer 1: 1024 bytes
[MESSAGE] From peer 1: 1024 bytes
[MESSAGE] From peer 1: 1024 bytes
[MESSAGE] From peer 1: 1024 bytes
[MESSAGE] From peer 1: 1024 bytes
[MESSAGE] From peer 1: 1024 bytes
[MESSAGE] From peer 1: 1024 bytes
[MESSAGE] From peer 1: 1024 bytes
[MESSAGE] From peer 1: 1024 bytes
[MESSAGE] From peer 1: 1024 bytes
[MESSAGE] From peer 1: 1024 bytes
[MESSAGE] From peer 1: 1024 bytes
[MESSAGE] From peer 1: 1024 bytes
[MESSAGE] From peer 1: 1024 bytes
[MESSAGE] From peer 1: 1024 bytes
[MESSAGE] From peer 1: 1024 bytes
[MESSAGE] From peer 1: 1024 bytes
[MESSAGE] From peer 1: 1024 bytes
[MESSAGE] From peer 1: 1024 bytes
[MESSAGE] From peer 1: 1024 bytes
[MESSAGE] From peer 1: 1024 bytes
[MESSAGE] From peer 1: 1024 bytes
[MESSAGE] From peer 1: 1024 bytes
[MESSAGE] From peer 1: 1024 bytes
[MESSAGE] From peer 1: 1024 bytes
[MESSAGE] From peer 1: 1024 bytes
[MESSAGE] From peer 1: 1024 bytes
[MESSAGE] From peer 1: 1024 bytes
[MESSAGE] From peer 1: 1024 bytes
[MESSAGE] From peer 1: 1024 bytes
[MESSAGE] From peer 1: 1024 bytes
[MESSAGE] From peer 1: 1024 bytes
[MESSAGE] From peer 1: 1024 bytes
[MESSAGE] From peer 1: 1024 bytes
[MESSAGE] From peer 1: 1024 bytes
[MESSAGE] From peer 1: 1024 bytes
[MESSAGE] From peer 1: 1024 bytes
[MESSAGE] From peer 1: 1024 bytes
[MESSAGE] From peer 1: 1024 bytes
[MESSAGE] From peer 1: 1024 bytes
[MESSAGE] From peer 1: 1024 bytes
[MESSAGE] From peer 1: 1024 bytes
[MESSAGE] From peer 1: 1024 bytes
[MESSAGE] From peer 1: 1024 bytes
[MESSAGE] From peer 1: 1024 bytes
[MESSAGE] From peer 1: 1024 bytes
[MESSAGE] From peer 1: 1024 bytes
[MESSAGE] From peer 1: 1024 bytes
[MESSAGE] From peer 1: 1024 bytes
[MESSAGE] From peer 1: 1024 bytes
[MESSAGE] From peer 1: 1024 bytes
[ECHO] 11400 messages echoed
[MESSAGE] From peer 1: 1024 bytes
[MESSAGE] From peer 1: 1024 bytes
[MESSAGE] From peer 1: 1024 bytes
[MESSAGE] From peer 1: 1024 bytes
[MESSAGE] From peer 1: 1024 bytes
[MESSAGE] From peer 1: 1024 bytes
[MESSAGE] From peer 1: 1024 bytes
[MESSAGE] From peer 1: 1024 bytes
[MESSAGE] From peer 1: 1024 bytes
[MESSAGE] From peer 1: 1024 bytes
[MESSAGE] From peer 1: 1024 bytes
[MESSAGE] From peer 1: 1024 bytes
[MESSAGE] From peer 1: 1024 bytes
[MESSAGE] From peer 1: 1024 bytes
[MESSAGE] From peer 1: 1024 bytes
[MESSAGE] From peer 1: 1024 bytes
[MESSAGE] From peer 1: 1024 bytes
[MESSAGE] From peer 1: 1024 bytes
[MESSAGE] From peer 1: 1024 bytes
[MESSAGE] From peer 1: 1024 bytes
[MESSAGE] From peer 1: 1024 bytes
[MESSAGE] From peer 1: 1024 bytes
[MESSAGE] From peer 1: 1024 bytes
[MESSAGE] From peer 1: 1024 bytes
[MESSAGE] From peer 1: 1024 bytes
[MESSAGE] From peer 1: 1024 bytes
[MESSAGE] From peer 1: 1024 bytes
[MESSAGE] From peer 1: 1024 bytes
[MESSAGE] From peer 1: 1024 bytes
[MESSAGE] From peer 1: 1024 bytes
[MESSAGE] From peer 1: 1024 bytes
[MESSAGE] From peer 1: 1024 bytes
[MESSAGE] From peer 1: 1024 bytes
[MESSAGE] From peer 1: 1024 bytes
[MESSAGE] From peer 1: 1024 bytes
[MESSAGE] From peer 1: 1024 bytes
[MESSAGE] From peer 1: 1024 bytes
[MESSAGE] From peer 1: 1024 bytes
[MESSAGE] From peer 1: 1024 bytes
[MESSAGE] From peer 1: 1024 bytes
[MESSAGE] From peer 1: 1024 bytes
[MESSAGE] From peer 1: 1024 bytes
[MESSAGE] From peer 1: 1024 bytes
[MESSAGE] From peer 1: 1024 bytes
[MESSAGE] From peer 1: 1024 bytes
[MESSAGE] From peer 1: 1024 bytes
[MESSAGE] From peer 1: 1024 bytes
[MESSAGE] From peer 1: 1024 bytes
[MESSAGE] From peer 1: 1024 bytes
[MESSAGE] From peer 1: 1024 bytes
[MESSAGE] From peer 1: 1024 bytes
[MESSAGE] From peer 1: 1024 bytes
[MESSAGE] From peer 1: 1024 bytes
[MESSAGE] From peer 1: 1024 bytes
[MESSAGE] From peer 1: 1024 bytes
[MESSAGE] From peer 1: 1024 bytes
[MESSAGE] From peer 1: 1024 bytes
[MESSAGE] From peer 1: 1024 bytes
[MESSAGE] From peer 1: 1024 bytes
[MESSAGE] From peer 1: 1024 bytes
[MESSAGE] From peer 1: 1024 bytes
[MESSAGE] From peer 1: 1024 bytes
[MESSAGE] From peer 1: 1024 bytes
[MESSAGE] From peer 1: 1024 bytes
[MESSAGE] From peer 1: 1024 bytes
[MESSAGE] From peer 1: 1024 bytes
[MESSAGE] From peer 1: 1024 bytes
[MESSAGE] From peer 1: 1024 bytes
[MESSAGE] From peer 1: 1024 bytes
[MESSAGE] From peer 1: 1024 bytes
[MESSAGE] From peer 1: 1024 bytes
[MESSAGE] From peer 1: 1024 bytes
[MESSAGE] From peer 1: 1024 bytes
[MESSAGE] From peer 1: 1024 bytes
[MESSAGE] From peer 1: 1024 bytes
[MESSAGE] From peer 1: 1024 bytes
[MESSAGE] From peer 1: 1024 bytes
[MESSAGE] From peer 1: 1024 bytes
[MESSAGE] From peer 1: 1024 bytes
[MESSAGE] From peer 1: 1024 bytes
[MESSAGE] From peer 1: 1024 bytes
[MESSAGE] From peer 1: 1024 bytes
[MESSAGE] From peer 1: 1024 bytes
[MESSAGE] From peer 1: 1024 bytes
[MESSAGE] From peer 1: 1024 bytes
[MESSAGE] From peer 1: 1024 bytes
[MESSAGE] From peer 1: 1024 bytes
[MESSAGE] From peer 1: 1024 bytes
[MESSAGE] From peer 1: 1024 bytes
[MESSAGE] From peer 1: 1024 bytes
[MESSAGE] From peer 1: 1024 bytes
[MESSAGE] From peer 1: 1024 bytes
[MESSAGE] From peer 1: 1024 bytes
[MESSAGE] From peer 1: 1024 bytes
[MESSAGE] From peer 1: 1024 bytes
[MESSAGE] From peer 1: 1024 bytes
[MESSAGE] From peer 1: 1024 bytes
[MESSAGE] From peer 1: 1024 bytes
[MESSAGE] From peer 1: 1024 bytes
[MESSAGE] From peer 1: 1024 bytes
[ECHO] 11500 messages echoed
[MESSAGE] From peer 1: 1024 bytes
[MESSAGE] From peer 1: 1024 bytes
[MESSAGE] From peer 1: 1024 bytes
[MESSAGE] From peer 1: 1024 bytes
[MESSAGE] From peer 1: 1024 bytes
[MESSAGE] From peer 1: 1024 bytes
[MESSAGE] From peer 1: 1024 bytes
[MESSAGE] From peer 1: 1024 bytes
[MESSAGE] From peer 1: 1024 bytes
[MESSAGE] From peer 1: 1024 bytes
[MESSAGE] From peer 1: 1024 bytes
[MESSAGE] From peer 1: 1024 bytes
[MESSAGE] From peer 1: 1024 bytes
[MESSAGE] From peer 1: 1024 bytes
[MESSAGE] From peer 1: 1024 bytes
[MESSAGE] From peer 1: 1024 bytes
[MESSAGE] From peer 1: 1024 bytes
[MESSAGE] From peer 1: 1024 bytes
[MESSAGE] From peer 1: 1024 bytes
[MESSAGE] From peer 1: 1024 bytes
[MESSAGE] From peer 1: 1024 bytes
[MESSAGE] From peer 1: 1024 bytes
[MESSAGE] From peer 1: 1024 bytes
[MESSAGE] From peer 1: 1024 bytes
[MESSAGE] From peer 1: 1024 bytes
[MESSAGE] From peer 1: 1024 bytes
[MESSAGE] From peer 1: 1024 bytes
[MESSAGE] From peer 1: 1024 bytes
[MESSAGE] From peer 1: 1024 bytes
[MESSAGE] From peer 1: 1024 bytes
[MESSAGE] From peer 1: 1024 bytes
[MESSAGE] From peer 1: 1024 bytes
[MESSAGE] From peer 1: 1024 bytes
[MESSAGE] From peer 1: 1024 bytes
[MESSAGE] From peer 1: 1024 bytes
[MESSAGE] From peer 1: 1024 bytes
[MESSAGE] From peer 1: 1024 bytes
[MESSAGE] From peer 1: 1024 bytes
[MESSAGE] From peer 1: 1024 bytes
[MESSAGE] From peer 1: 1024 bytes
[MESSAGE] From peer 1: 1024 bytes
[MESSAGE] From peer 1: 1024 bytes
[MESSAGE] From peer 1: 1024 bytes
[MESSAGE] From peer 1: 1024 bytes
[MESSAGE] From peer 1: 1024 bytes
[MESSAGE] From peer 1: 1024 bytes
[MESSAGE] From peer 1: 1024 bytes
[MESSAGE] From peer 1: 1024 bytes
[MESSAGE] From peer 1: 1024 bytes
[MESSAGE] From peer 1: 1024 bytes
[MESSAGE] From peer 1: 1024 bytes
[MESSAGE] From peer 1: 1024 bytes
[MESSAGE] From peer 1: 1024 bytes
[MESSAGE] From peer 1: 1024 bytes
[MESSAGE] From peer 1: 1024 bytes
[MESSAGE] From peer 1: 1024 bytes
[MESSAGE] From peer 1: 1024 bytes
[MESSAGE] From peer 1: 1024 bytes
[MESSAGE] From peer 1: 1024 bytes
[MESSAGE] From peer 1: 1024 bytes
[MESSAGE] From peer 1: 1024 bytes
[MESSAGE] From peer 1: 1024 bytes
[MESSAGE] From peer 1: 1024 bytes
[MESSAGE] From peer 1: 1024 bytes
[MESSAGE] From peer 1: 1024 bytes
[MESSAGE] From peer 1: 1024 bytes
[MESSAGE] From peer 1: 1024 bytes
[MESSAGE] From peer 1: 1024 bytes
[MESSAGE] From peer 1: 1024 bytes
[MESSAGE] From peer 1: 1024 bytes
[MESSAGE] From peer 1: 1024 bytes
[MESSAGE] From peer 1: 1024 bytes
[MESSAGE] From peer 1: 1024 bytes
[MESSAGE] From peer 1: 1024 bytes
[MESSAGE] From peer 1: 1024 bytes
[MESSAGE] From peer 1: 1024 bytes
[MESSAGE] From peer 1: 1024 bytes
[MESSAGE] From peer 1: 1024 bytes
[MESSAGE] From peer 1: 1024 bytes
[MESSAGE] From peer 1: 1024 bytes
[MESSAGE] From peer 1: 1024 bytes
[MESSAGE] From peer 1: 1024 bytes
[MESSAGE] From peer 1: 1024 bytes
[MESSAGE] From peer 1: 1024 bytes
[MESSAGE] From peer 1: 1024 bytes
[MESSAGE] From peer 1: 1024 bytes
[MESSAGE] From peer 1: 1024 bytes
[MESSAGE] From peer 1: 1024 bytes
[MESSAGE] From peer 1: 1024 bytes
[MESSAGE] From peer 1: 1024 bytes
[MESSAGE] From peer 1: 1024 bytes
[MESSAGE] From peer 1: 1024 bytes
[MESSAGE] From peer 1: 1024 bytes
[MESSAGE] From peer 1: 1024 bytes
[MESSAGE] From peer 1: 1024 bytes
[MESSAGE] From peer 1: 1024 bytes
[MESSAGE] From peer 1: 1024 bytes
[MESSAGE] From peer 1: 1024 bytes
[MESSAGE] From peer 1: 1024 bytes
[MESSAGE] From peer 1: 1024 bytes
[ECHO] 11600 messages echoed
[MESSAGE] From peer 1: 1024 bytes
[MESSAGE] From peer 1: 1024 bytes
[MESSAGE] From peer 1: 1024 bytes
[MESSAGE] From peer 1: 1024 bytes
[MESSAGE] From peer 1: 1024 bytes
[MESSAGE] From peer 1: 1024 bytes
[MESSAGE] From peer 1: 1024 bytes
[MESSAGE] From peer 1: 1024 bytes
[MESSAGE] From peer 1: 1024 bytes
[MESSAGE] From peer 1: 1024 bytes
[MESSAGE] From peer 1: 1024 bytes
[MESSAGE] From peer 1: 1024 bytes
[MESSAGE] From peer 1: 1024 bytes
[MESSAGE] From peer 1: 1024 bytes
[MESSAGE] From peer 1: 1024 bytes
[MESSAGE] From peer 1: 1024 bytes
[MESSAGE] From peer 1: 1024 bytes
[MESSAGE] From peer 1: 1024 bytes
[MESSAGE] From peer 1: 1024 bytes
[MESSAGE] From peer 1: 1024 bytes
[MESSAGE] From peer 1: 1024 bytes
[MESSAGE] From peer 1: 1024 bytes
[MESSAGE] From peer 1: 1024 bytes
[MESSAGE] From peer 1: 1024 bytes
[MESSAGE] From peer 1: 1024 bytes
[MESSAGE] From peer 1: 1024 bytes
[MESSAGE] From peer 1: 1024 bytes
[MESSAGE] From peer 1: 1024 bytes
[MESSAGE] From peer 1: 1024 bytes
[MESSAGE] From peer 1: 1024 bytes
[MESSAGE] From peer 1: 1024 bytes
[MESSAGE] From peer 1: 1024 bytes
[MESSAGE] From peer 1: 1024 bytes
[MESSAGE] From peer 1: 1024 bytes
[MESSAGE] From peer 1: 1024 bytes
[MESSAGE] From peer 1: 1024 bytes
[MESSAGE] From peer 1: 1024 bytes
[MESSAGE] From peer 1: 1024 bytes
[MESSAGE] From peer 1: 1024 bytes
[MESSAGE] From peer 1: 1024 bytes
[MESSAGE] From peer 1: 1024 bytes
[MESSAGE] From peer 1: 1024 bytes
[MESSAGE] From peer 1: 1024 bytes
[MESSAGE] From peer 1: 1024 bytes
[MESSAGE] From peer 1: 1024 bytes
[MESSAGE] From peer 1: 1024 bytes
[MESSAGE] From peer 1: 1024 bytes
[MESSAGE] From peer 1: 1024 bytes
[MESSAGE] From peer 1: 1024 bytes
[MESSAGE] From peer 1: 1024 bytes
[MESSAGE] From peer 1: 1024 bytes
[MESSAGE] From peer 1: 1024 bytes
[MESSAGE] From peer 1: 1024 bytes
[MESSAGE] From peer 1: 1024 bytes
[MESSAGE] From peer 1: 1024 bytes
[MESSAGE] From peer 1: 1024 bytes
[MESSAGE] From peer 1: 1024 bytes
[MESSAGE] From peer 1: 1024 bytes
[MESSAGE] From peer 1: 1024 bytes
[MESSAGE] From peer 1: 1024 bytes
[MESSAGE] From peer 1: 1024 bytes
[MESSAGE] From peer 1: 1024 bytes
[MESSAGE] From peer 1: 1024 bytes
[MESSAGE] From peer 1: 1024 bytes
[MESSAGE] From peer 1: 1024 bytes
[MESSAGE] From peer 1: 1024 bytes
[MESSAGE] From peer 1: 1024 bytes
[MESSAGE] From peer 1: 1024 bytes
[MESSAGE] From peer 1: 1024 bytes
[MESSAGE] From peer 1: 1024 bytes
[MESSAGE] From peer 1: 1024 bytes
[MESSAGE] From peer 1: 1024 bytes
[MESSAGE] From peer 1: 1024 bytes
[MESSAGE] From peer 1: 1024 bytes
[MESSAGE] From peer 1: 1024 bytes
[MESSAGE] From peer 1: 1024 bytes
[MESSAGE] From peer 1: 1024 bytes
[MESSAGE] From peer 1: 1024 bytes
[MESSAGE] From peer 1: 1024 bytes
[MESSAGE] From peer 1: 1024 bytes
[MESSAGE] From peer 1: 1024 bytes
[MESSAGE] From peer 1: 1024 bytes
[MESSAGE] From peer 1: 1024 bytes
[MESSAGE] From peer 1: 1024 bytes
[MESSAGE] From peer 1: 1024 bytes
[MESSAGE] From peer 1: 1024 bytes
[MESSAGE] From peer 1: 1024 bytes
[MESSAGE] From peer 1: 1024 bytes
[MESSAGE] From peer 1: 1024 bytes
[MESSAGE] From peer 1: 1024 bytes
[MESSAGE] From peer 1: 1024 bytes
[MESSAGE] From peer 1: 1024 bytes
[MESSAGE] From peer 1: 1024 bytes
[MESSAGE] From peer 1: 1024 bytes
[MESSAGE] From peer 1: 1024 bytes
[MESSAGE] From peer 1: 1024 bytes
[MESSAGE] From peer 1: 1024 bytes
[MESSAGE] From peer 1: 1024 bytes
[MESSAGE] From peer 1: 1024 bytes
[MESSAGE] From peer 1: 1024 bytes
[ECHO] 11700 messages echoed
[MESSAGE] From peer 1: 1024 bytes
[MESSAGE] From peer 1: 1024 bytes
[MESSAGE] From peer 1: 1024 bytes
[MESSAGE] From peer 1: 1024 bytes
[MESSAGE] From peer 1: 1024 bytes
[MESSAGE] From peer 1: 1024 bytes
[MESSAGE] From peer 1: 1024 bytes
[MESSAGE] From peer 1: 1024 bytes
[MESSAGE] From peer 1: 1024 bytes
[MESSAGE] From peer 1: 1024 bytes
[MESSAGE] From peer 1: 1024 bytes
[MESSAGE] From peer 1: 1024 bytes
[MESSAGE] From peer 1: 1024 bytes
[MESSAGE] From peer 1: 1024 bytes
[MESSAGE] From peer 1: 1024 bytes
[MESSAGE] From peer 1: 1024 bytes
[MESSAGE] From peer 1: 1024 bytes
[MESSAGE] From peer 1: 1024 bytes
[MESSAGE] From peer 1: 1024 bytes
[MESSAGE] From peer 1: 1024 bytes
[MESSAGE] From peer 1: 1024 bytes
[MESSAGE] From peer 1: 1024 bytes
[MESSAGE] From peer 1: 1024 bytes
[MESSAGE] From peer 1: 1024 bytes
[MESSAGE] From peer 1: 1024 bytes
[MESSAGE] From peer 1: 1024 bytes
[MESSAGE] From peer 1: 1024 bytes
[MESSAGE] From peer 1: 1024 bytes
[MESSAGE] From peer 1: 1024 bytes
[MESSAGE] From peer 1: 1024 bytes
[MESSAGE] From peer 1: 1024 bytes
[MESSAGE] From peer 1: 1024 bytes
[MESSAGE] From peer 1: 1024 bytes
[MESSAGE] From peer 1: 1024 bytes
[MESSAGE] From peer 1: 1024 bytes
[MESSAGE] From peer 1: 1024 bytes
[MESSAGE] From peer 1: 1024 bytes
[MESSAGE] From peer 1: 1024 bytes
[MESSAGE] From peer 1: 1024 bytes
[MESSAGE] From peer 1: 1024 bytes
[MESSAGE] From peer 1: 1024 bytes
[MESSAGE] From peer 1: 1024 bytes
[MESSAGE] From peer 1: 1024 bytes
[MESSAGE] From peer 1: 1024 bytes
[MESSAGE] From peer 1: 1024 bytes
[MESSAGE] From peer 1: 1024 bytes
[MESSAGE] From peer 1: 1024 bytes
[MESSAGE] From peer 1: 1024 bytes
[MESSAGE] From peer 1: 1024 bytes
[MESSAGE] From peer 1: 1024 bytes
[MESSAGE] From peer 1: 1024 bytes
[MESSAGE] From peer 1: 1024 bytes
[MESSAGE] From peer 1: 1024 bytes
[MESSAGE] From peer 1: 1024 bytes
[MESSAGE] From peer 1: 1024 bytes
[MESSAGE] From peer 1: 1024 bytes
[MESSAGE] From peer 1: 1024 bytes
[MESSAGE] From peer 1: 1024 bytes
[MESSAGE] From peer 1: 1024 bytes
[MESSAGE] From peer 1: 1024 bytes
[MESSAGE] From peer 1: 1024 bytes
[MESSAGE] From peer 1: 1024 bytes
[MESSAGE] From peer 1: 1024 bytes
[STATUS] 3170 sec: peers=14, msgs=11768, connected=yes
[MESSAGE] From peer 1: 1024 bytes
[MESSAGE] From peer 1: 1024 bytes
[MESSAGE] From peer 1: 1024 bytes
[MESSAGE] From peer 1: 1024 bytes
[MESSAGE] From peer 1: 1024 bytes
[MESSAGE] From peer 1: 1024 bytes
[MESSAGE] From peer 1: 1024 bytes
[MESSAGE] From peer 1: 1024 bytes
[MESSAGE] From peer 1: 1024 bytes
[MESSAGE] From peer 1: 1024 bytes
[MESSAGE] From peer 1: 1024 bytes
[MESSAGE] From peer 1: 1024 bytes
[MESSAGE] From peer 1: 1024 bytes
[MESSAGE] From peer 1: 1024 bytes
[MESSAGE] From peer 1: 1024 bytes
[MESSAGE] From peer 1: 1024 bytes
[MESSAGE] From peer 1: 1024 bytes
[MESSAGE] From peer 1: 1024 bytes
[MESSAGE] From peer 1: 1024 bytes
[MESSAGE] From peer 1: 1024 bytes
[MESSAGE] From peer 1: 1024 bytes
[MESSAGE] From peer 1: 1024 bytes
[MESSAGE] From peer 1: 1024 bytes
[MESSAGE] From peer 1: 1024 bytes
[MESSAGE] From peer 1: 1024 bytes
[MESSAGE] From peer 1: 1024 bytes
[MESSAGE] From peer 1: 1024 bytes
[MESSAGE] From peer 1: 1024 bytes
[MESSAGE] From peer 1: 1024 bytes
[MESSAGE] From peer 1: 1024 bytes
[MESSAGE] From peer 1: 1024 bytes
[MESSAGE] From peer 1: 1024 bytes
[MESSAGE] From peer 1: 1024 bytes
[MESSAGE] From peer 1: 1024 bytes
[MESSAGE] From peer 1: 1024 bytes
[MESSAGE] From peer 1: 1024 bytes
[MESSAGE] From peer 1: 1024 bytes
[ECHO] 11800 messages echoed
[MESSAGE] From peer 1: 1024 bytes
[MESSAGE] From peer 1: 1024 bytes
[MESSAGE] From peer 1: 1024 bytes
[MESSAGE] From peer 1: 1024 bytes
[MESSAGE] From peer 1: 1024 bytes
[MESSAGE] From peer 1: 1024 bytes
[MESSAGE] From peer 1: 1024 bytes
[MESSAGE] From peer 1: 1024 bytes
[MESSAGE] From peer 1: 1024 bytes
[MESSAGE] From peer 1: 1024 bytes
[MESSAGE] From peer 1: 1024 bytes
[MESSAGE] From peer 1: 1024 bytes
[MESSAGE] From peer 1: 1024 bytes
[MESSAGE] From peer 1: 1024 bytes
[MESSAGE] From peer 1: 1024 bytes
[MESSAGE] From peer 1: 1024 bytes
[MESSAGE] From peer 1: 1024 bytes
[MESSAGE] From peer 1: 1024 bytes
[MESSAGE] From peer 1: 1024 bytes
[MESSAGE] From peer 1: 1024 bytes
[MESSAGE] From peer 1: 1024 bytes
[MESSAGE] From peer 1: 1024 bytes
[MESSAGE] From peer 1: 1024 bytes
[MESSAGE] From peer 1: 1024 bytes
[MESSAGE] From peer 1: 1024 bytes
[MESSAGE] From peer 1: 1024 bytes
[MESSAGE] From peer 1: 1024 bytes
[MESSAGE] From peer 1: 1024 bytes
[MESSAGE] From peer 1: 1024 bytes
[MESSAGE] From peer 1: 1024 bytes
[MESSAGE] From peer 1: 1024 bytes
[MESSAGE] From peer 1: 1024 bytes
[MESSAGE] From peer 1: 1024 bytes
[MESSAGE] From peer 1: 1024 bytes
[MESSAGE] From peer 1: 1024 bytes
[MESSAGE] From peer 1: 1024 bytes
[MESSAGE] From peer 1: 1024 bytes
[MESSAGE] From peer 1: 1024 bytes
[MESSAGE] From peer 1: 1024 bytes
[MESSAGE] From peer 1: 1024 bytes
[MESSAGE] From peer 1: 1024 bytes
[MESSAGE] From peer 1: 1024 bytes
[MESSAGE] From peer 1: 1024 bytes
[MESSAGE] From peer 1: 1024 bytes
[MESSAGE] From peer 1: 1024 bytes
[MESSAGE] From peer 1: 1024 bytes
[MESSAGE] From peer 1: 1024 bytes
[MESSAGE] From peer 1: 1024 bytes
[MESSAGE] From peer 1: 1024 bytes
[MESSAGE] From peer 1: 1024 bytes
[MESSAGE] From peer 1: 1024 bytes
[MESSAGE] From peer 1: 1024 bytes
[MESSAGE] From peer 1: 1024 bytes
[MESSAGE] From peer 1: 1024 bytes
[MESSAGE] From peer 1: 1024 bytes
[MESSAGE] From peer 1: 1024 bytes
[MESSAGE] From peer 1: 1024 bytes
[MESSAGE] From peer 1: 1024 bytes
[MESSAGE] From peer 1: 1024 bytes
[MESSAGE] From peer 1: 1024 bytes
[MESSAGE] From peer 1: 1024 bytes
[MESSAGE] From peer 1: 1024 bytes
[MESSAGE] From peer 1: 1024 bytes
[MESSAGE] From peer 1: 1024 bytes
[MESSAGE] From peer 1: 1024 bytes
[MESSAGE] From peer 1: 1024 bytes
[MESSAGE] From peer 1: 1024 bytes
[MESSAGE] From peer 1: 1024 bytes
[MESSAGE] From peer 1: 1024 bytes
[MESSAGE] From peer 1: 1024 bytes
[MESSAGE] From peer 1: 1024 bytes
[MESSAGE] From peer 1: 1024 bytes
[MESSAGE] From peer 1: 1024 bytes
[MESSAGE] From peer 1: 1024 bytes
[MESSAGE] From peer 1: 1024 bytes
[MESSAGE] From peer 1: 1024 bytes
[MESSAGE] From peer 1: 1024 bytes
[MESSAGE] From peer 1: 1024 bytes
[MESSAGE] From peer 1: 1024 bytes
[MESSAGE] From peer 1: 1024 bytes
[MESSAGE] From peer 1: 1024 bytes
[MESSAGE] From peer 1: 1024 bytes
[MESSAGE] From peer 1: 1024 bytes
[MESSAGE] From peer 1: 1024 bytes
[MESSAGE] From peer 1: 1024 bytes
[MESSAGE] From peer 1: 1024 bytes
[MESSAGE] From peer 1: 1024 bytes
[MESSAGE] From peer 1: 1024 bytes
[MESSAGE] From peer 1: 1024 bytes
[MESSAGE] From peer 1: 1024 bytes
[MESSAGE] From peer 1: 1024 bytes
[MESSAGE] From peer 1: 1024 bytes
[MESSAGE] From peer 1: 1024 bytes
[MESSAGE] From peer 1: 1024 bytes
[MESSAGE] From peer 1: 1024 bytes
[MESSAGE] From peer 1: 1024 bytes
[MESSAGE] From peer 1: 1024 bytes
[MESSAGE] From peer 1: 1024 bytes
[MESSAGE] From peer 1: 1024 bytes
[MESSAGE] From peer 1: 1024 bytes
[ECHO] 11900 messages echoed
[MESSAGE] From peer 1: 1024 bytes
[MESSAGE] From peer 1: 1024 bytes
[MESSAGE] From peer 1: 1024 bytes
[MESSAGE] From peer 1: 1024 bytes
[MESSAGE] From peer 1: 1024 bytes
[MESSAGE] From peer 1: 1024 bytes
[MESSAGE] From peer 1: 1024 bytes
[MESSAGE] From peer 1: 1024 bytes
[MESSAGE] From peer 1: 1024 bytes
[MESSAGE] From peer 1: 1024 bytes
[MESSAGE] From peer 1: 1024 bytes
[MESSAGE] From peer 1: 1024 bytes
[MESSAGE] From peer 1: 1024 bytes
[MESSAGE] From peer 1: 1024 bytes
[MESSAGE] From peer 1: 1024 bytes
[MESSAGE] From peer 1: 1024 bytes
[MESSAGE] From peer 1: 1024 bytes
[MESSAGE] From peer 1: 1024 bytes
[MESSAGE] From peer 1: 1024 bytes
[MESSAGE] From peer 1: 1024 bytes
[MESSAGE] From peer 1: 1024 bytes
[MESSAGE] From peer 1: 1024 bytes
[MESSAGE] From peer 1: 1024 bytes
[MESSAGE] From peer 1: 1024 bytes
[MESSAGE] From peer 1: 1024 bytes
[MESSAGE] From peer 1: 1024 bytes
[DISCOVERED] Peer 2: "MacThroughput" at 10.188.1.213:7354
[MESSAGE] From peer 1: 1024 bytes
[MESSAGE] From peer 1: 1024 bytes
[MESSAGE] From peer 1: 1024 bytes
[MESSAGE] From peer 1: 1024 bytes
[MESSAGE] From peer 1: 1024 bytes
[MESSAGE] From peer 1: 1024 bytes
[MESSAGE] From peer 1: 1024 bytes
[MESSAGE] From peer 1: 1024 bytes
[MESSAGE] From peer 1: 1024 bytes
[MESSAGE] From peer 1: 1024 bytes
[MESSAGE] From peer 1: 1024 bytes
[MESSAGE] From peer 1: 1024 bytes
[MESSAGE] From peer 1: 1024 bytes
[MESSAGE] From peer 1: 1024 bytes
[MESSAGE] From peer 1: 1024 bytes
[MESSAGE] From peer 1: 1024 bytes
[MESSAGE] From peer 1: 1024 bytes
[MESSAGE] From peer 1: 1024 bytes
[MESSAGE] From peer 1: 1024 bytes
[MESSAGE] From peer 1: 1024 bytes
[MESSAGE] From peer 1: 1024 bytes
[MESSAGE] From peer 1: 1024 bytes
[MESSAGE] From peer 1: 1024 bytes
[MESSAGE] From peer 1: 1024 bytes
[MESSAGE] From peer 1: 1024 bytes
[MESSAGE] From peer 1: 1024 bytes
[MESSAGE] From peer 1: 1024 bytes
[MESSAGE] From peer 1: 1024 bytes
[MESSAGE] From peer 1: 1024 bytes
[MESSAGE] From peer 1: 1024 bytes
[MESSAGE] From peer 1: 1024 bytes
[MESSAGE] From peer 1: 1024 bytes
[MESSAGE] From peer 1: 1024 bytes
[MESSAGE] From peer 1: 1024 bytes
[MESSAGE] From peer 1: 1024 bytes
[MESSAGE] From peer 1: 1024 bytes
[MESSAGE] From peer 1: 1024 bytes
[MESSAGE] From peer 1: 1024 bytes
[MESSAGE] From peer 1: 1024 bytes
[MESSAGE] From peer 1: 1024 bytes
[MESSAGE] From peer 1: 1024 bytes
[MESSAGE] From peer 1: 1024 bytes
[MESSAGE] From peer 1: 1024 bytes
[MESSAGE] From peer 1: 1024 bytes
[MESSAGE] From peer 1: 1024 bytes
[MESSAGE] From peer 1: 1024 bytes
[MESSAGE] From peer 1: 1024 bytes
[MESSAGE] From peer 1: 1024 bytes
[MESSAGE] From peer 1: 1024 bytes
[MESSAGE] From peer 1: 1024 bytes
[MESSAGE] From peer 1: 1024 bytes
[MESSAGE] From peer 1: 1024 bytes
[MESSAGE] From peer 1: 1024 bytes
[MESSAGE] From peer 1: 1024 bytes
[MESSAGE] From peer 1: 1024 bytes
[MESSAGE] From peer 1: 1024 bytes
[MESSAGE] From peer 1: 1024 bytes
[MESSAGE] From peer 1: 1024 bytes
[MESSAGE] From peer 1: 1024 bytes
[MESSAGE] From peer 1: 1024 bytes
[MESSAGE] From peer 1: 1024 bytes
[MESSAGE] From peer 1: 1024 bytes
[MESSAGE] From peer 1: 1024 bytes
[MESSAGE] From peer 1: 1024 bytes
[MESSAGE] From peer 1: 1024 bytes
[MESSAGE] From peer 1: 1024 bytes
[MESSAGE] From peer 1: 1024 bytes
[MESSAGE] From peer 1: 1024 bytes
[MESSAGE] From peer 1: 1024 bytes
[MESSAGE] From peer 1: 1024 bytes
[MESSAGE] From peer 1: 1024 bytes
[MESSAGE] From peer 1: 1024 bytes
[MESSAGE] From peer 1: 1024 bytes
[MESSAGE] From peer 1: 1024 bytes
[ECHO] 12000 messages echoed
[MESSAGE] From peer 1: 1024 bytes
[MESSAGE] From peer 1: 1024 bytes
[MESSAGE] From peer 1: 1024 bytes
[MESSAGE] From peer 1: 1024 bytes
[MESSAGE] From peer 1: 1024 bytes
[MESSAGE] From peer 1: 1024 bytes
[MESSAGE] From peer 1: 1024 bytes
[MESSAGE] From peer 1: 1024 bytes
[MESSAGE] From peer 1: 1024 bytes
[MESSAGE] From peer 1: 1024 bytes
[MESSAGE] From peer 1: 1024 bytes
[MESSAGE] From peer 1: 1024 bytes
[MESSAGE] From peer 1: 1024 bytes
[MESSAGE] From peer 1: 1024 bytes
[MESSAGE] From peer 1: 1024 bytes
[MESSAGE] From peer 1: 1024 bytes
[MESSAGE] From peer 1: 1024 bytes
[MESSAGE] From peer 1: 1024 bytes
[MESSAGE] From peer 1: 1024 bytes
[MESSAGE] From peer 1: 1024 bytes
[MESSAGE] From peer 1: 1024 bytes
[MESSAGE] From peer 1: 1024 bytes
[MESSAGE] From peer 1: 1024 bytes
[MESSAGE] From peer 1: 1024 bytes
[MESSAGE] From peer 1: 1024 bytes
[MESSAGE] From peer 1: 1024 bytes
[MESSAGE] From peer 1: 1024 bytes
[MESSAGE] From peer 1: 1024 bytes
[MESSAGE] From peer 1: 1024 bytes
[MESSAGE] From peer 1: 1024 bytes
[MESSAGE] From peer 1: 1024 bytes
[MESSAGE] From peer 1: 1024 bytes
[MESSAGE] From peer 1: 1024 bytes
[MESSAGE] From peer 1: 1024 bytes
[MESSAGE] From peer 1: 1024 bytes
[MESSAGE] From peer 1: 1024 bytes
[MESSAGE] From peer 1: 1024 bytes
[MESSAGE] From peer 1: 1024 bytes
[MESSAGE] From peer 1: 1024 bytes
[MESSAGE] From peer 1: 1024 bytes
[MESSAGE] From peer 1: 1024 bytes
[MESSAGE] From peer 1: 1024 bytes
[MESSAGE] From peer 1: 1024 bytes
[MESSAGE] From peer 1: 1024 bytes
[MESSAGE] From peer 1: 1024 bytes
[MESSAGE] From peer 1: 1024 bytes
[MESSAGE] From peer 1: 1024 bytes
[MESSAGE] From peer 1: 1024 bytes
[MESSAGE] From peer 1: 1024 bytes
[MESSAGE] From peer 1: 1024 bytes
[MESSAGE] From peer 1: 1024 bytes
[MESSAGE] From peer 1: 1024 bytes
[MESSAGE] From peer 1: 1024 bytes
[MESSAGE] From peer 1: 1024 bytes
[MESSAGE] From peer 1: 1024 bytes
[MESSAGE] From peer 1: 1024 bytes
[MESSAGE] From peer 1: 1024 bytes
[MESSAGE] From peer 1: 1024 bytes
[MESSAGE] From peer 1: 1024 bytes
[MESSAGE] From peer 1: 1024 bytes
[MESSAGE] From peer 1: 1024 bytes
[MESSAGE] From peer 1: 1024 bytes
[MESSAGE] From peer 1: 1024 bytes
[MESSAGE] From peer 1: 1024 bytes
[MESSAGE] From peer 1: 1024 bytes
[MESSAGE] From peer 1: 1024 bytes
[MESSAGE] From peer 1: 1024 bytes
[MESSAGE] From peer 1: 1024 bytes
[MESSAGE] From peer 1: 1024 bytes
[MESSAGE] From peer 1: 1024 bytes
[MESSAGE] From peer 1: 1024 bytes
[MESSAGE] From peer 1: 1024 bytes
[MESSAGE] From peer 1: 1024 bytes
[MESSAGE] From peer 1: 1024 bytes
[MESSAGE] From peer 1: 1024 bytes
[MESSAGE] From peer 1: 1024 bytes
[MESSAGE] From peer 1: 1024 bytes
[MESSAGE] From peer 1: 1024 bytes
[MESSAGE] From peer 1: 1024 bytes
[MESSAGE] From peer 1: 1024 bytes
[MESSAGE] From peer 1: 1024 bytes
[MESSAGE] From peer 1: 1024 bytes
[MESSAGE] From peer 1: 1024 bytes
[MESSAGE] From peer 1: 1024 bytes
[MESSAGE] From peer 1: 1024 bytes
[MESSAGE] From peer 1: 1024 bytes
[MESSAGE] From peer 1: 1024 bytes
[MESSAGE] From peer 1: 1024 bytes
[MESSAGE] From peer 1: 1024 bytes
[MESSAGE] From peer 1: 1024 bytes
[MESSAGE] From peer 1: 1024 bytes
[MESSAGE] From peer 1: 1024 bytes
[MESSAGE] From peer 1: 1024 bytes
[MESSAGE] From peer 1: 1024 bytes
[MESSAGE] From peer 1: 1024 bytes
[MESSAGE] From peer 1: 1024 bytes
[MESSAGE] From peer 1: 1024 bytes
[MESSAGE] From peer 1: 1024 bytes
[MESSAGE] From peer 1: 1024 bytes
[MESSAGE] From peer 1: 1024 bytes
[ECHO] 12100 messages echoed
[MESSAGE] From peer 1: 1024 bytes
[MESSAGE] From peer 1: 1024 bytes
[MESSAGE] From peer 1: 1024 bytes
[MESSAGE] From peer 1: 1024 bytes
[MESSAGE] From peer 1: 1024 bytes
[MESSAGE] From peer 1: 1024 bytes
[MESSAGE] From peer 1: 1024 bytes
[MESSAGE] From peer 1: 1024 bytes
[MESSAGE] From peer 1: 1024 bytes
[MESSAGE] From peer 1: 1024 bytes
[MESSAGE] From peer 1: 1024 bytes
[MESSAGE] From peer 1: 1024 bytes
[MESSAGE] From peer 1: 1024 bytes
[MESSAGE] From peer 1: 1024 bytes
[MESSAGE] From peer 1: 1024 bytes
[MESSAGE] From peer 1: 1024 bytes
[MESSAGE] From peer 1: 1024 bytes
[MESSAGE] From peer 1: 1024 bytes
[MESSAGE] From peer 1: 1024 bytes
[MESSAGE] From peer 1: 1024 bytes
[MESSAGE] From peer 1: 1024 bytes
[MESSAGE] From peer 1: 1024 bytes
[MESSAGE] From peer 1: 1024 bytes
[MESSAGE] From peer 1: 1024 bytes
[MESSAGE] From peer 1: 1024 bytes
[MESSAGE] From peer 1: 1024 bytes
[MESSAGE] From peer 1: 1024 bytes
[MESSAGE] From peer 1: 1024 bytes
[MESSAGE] From peer 1: 1024 bytes
[MESSAGE] From peer 1: 1024 bytes
[MESSAGE] From peer 1: 1024 bytes
[MESSAGE] From peer 1: 1024 bytes
[MESSAGE] From peer 1: 1024 bytes
[MESSAGE] From peer 1: 1024 bytes
[MESSAGE] From peer 1: 1024 bytes
[MESSAGE] From peer 1: 1024 bytes
[MESSAGE] From peer 1: 1024 bytes
[MESSAGE] From peer 1: 1024 bytes
[MESSAGE] From peer 1: 1024 bytes
[MESSAGE] From peer 1: 1024 bytes
[MESSAGE] From peer 1: 1024 bytes
[MESSAGE] From peer 1: 1024 bytes
[MESSAGE] From peer 1: 1024 bytes
[MESSAGE] From peer 1: 1024 bytes
[MESSAGE] From peer 1: 1024 bytes
[MESSAGE] From peer 1: 1024 bytes
[MESSAGE] From peer 1: 1024 bytes
[MESSAGE] From peer 1: 1024 bytes
[MESSAGE] From peer 1: 1024 bytes
[MESSAGE] From peer 1: 1024 bytes
[MESSAGE] From peer 1: 1024 bytes
[MESSAGE] From peer 1: 1024 bytes
[MESSAGE] From peer 1: 1024 bytes
[MESSAGE] From peer 1: 1024 bytes
[MESSAGE] From peer 1: 1024 bytes
[MESSAGE] From peer 1: 1024 bytes
[MESSAGE] From peer 1: 1024 bytes
[MESSAGE] From peer 1: 1024 bytes
[MESSAGE] From peer 1: 1024 bytes
[MESSAGE] From peer 1: 1024 bytes
[MESSAGE] From peer 1: 1024 bytes
[MESSAGE] From peer 1: 1024 bytes
[MESSAGE] From peer 1: 1024 bytes
[MESSAGE] From peer 1: 1024 bytes
[MESSAGE] From peer 1: 1024 bytes
[MESSAGE] From peer 1: 1024 bytes
[MESSAGE] From peer 1: 1024 bytes
[MESSAGE] From peer 1: 1024 bytes
[MESSAGE] From peer 1: 1024 bytes
[MESSAGE] From peer 1: 1024 bytes
[MESSAGE] From peer 1: 1024 bytes
[MESSAGE] From peer 1: 1024 bytes
[MESSAGE] From peer 1: 1024 bytes
[MESSAGE] From peer 1: 1024 bytes
[MESSAGE] From peer 1: 1024 bytes
[MESSAGE] From peer 1: 1024 bytes
[MESSAGE] From peer 1: 1024 bytes
[MESSAGE] From peer 1: 1024 bytes
[MESSAGE] From peer 1: 1024 bytes
[MESSAGE] From peer 1: 1024 bytes
[MESSAGE] From peer 1: 1024 bytes
[MESSAGE] From peer 1: 1024 bytes
[MESSAGE] From peer 1: 1024 bytes
[MESSAGE] From peer 1: 1024 bytes
[MESSAGE] From peer 1: 1024 bytes
[MESSAGE] From peer 1: 1024 bytes
[MESSAGE] From peer 1: 1024 bytes
[MESSAGE] From peer 1: 1024 bytes
[MESSAGE] From peer 1: 1024 bytes
[MESSAGE] From peer 1: 1024 bytes
[MESSAGE] From peer 1: 1024 bytes
[MESSAGE] From peer 1: 1024 bytes
[MESSAGE] From peer 1: 1024 bytes
[MESSAGE] From peer 1: 1024 bytes
[MESSAGE] From peer 1: 1024 bytes
[MESSAGE] From peer 1: 1024 bytes
[MESSAGE] From peer 1: 1024 bytes
[MESSAGE] From peer 1: 1024 bytes
[MESSAGE] From peer 1: 1024 bytes
[MESSAGE] From peer 1: 1024 bytes
[ECHO] 12200 messages echoed
[MESSAGE] From peer 1: 1024 bytes
[MESSAGE] From peer 1: 1024 bytes
[MESSAGE] From peer 1: 1024 bytes
[MESSAGE] From peer 1: 1024 bytes
[MESSAGE] From peer 1: 1024 bytes
[MESSAGE] From peer 1: 1024 bytes
[MESSAGE] From peer 1: 1024 bytes
[MESSAGE] From peer 1: 1024 bytes
[MESSAGE] From peer 1: 1024 bytes
[MESSAGE] From peer 1: 1024 bytes
[MESSAGE] From peer 1: 1024 bytes
[MESSAGE] From peer 1: 1024 bytes
[MESSAGE] From peer 1: 1024 bytes
[MESSAGE] From peer 1: 1024 bytes
[MESSAGE] From peer 1: 1024 bytes
[MESSAGE] From peer 1: 1024 bytes
[MESSAGE] From peer 1: 1024 bytes
[MESSAGE] From peer 1: 1024 bytes
[MESSAGE] From peer 1: 1024 bytes
[MESSAGE] From peer 1: 1024 bytes
[MESSAGE] From peer 1: 1024 bytes
[MESSAGE] From peer 1: 1024 bytes
[MESSAGE] From peer 1: 1024 bytes
[MESSAGE] From peer 1: 1024 bytes
[MESSAGE] From peer 1: 1024 bytes
[MESSAGE] From peer 1: 1024 bytes
[MESSAGE] From peer 1: 1024 bytes
[MESSAGE] From peer 1: 1024 bytes
[MESSAGE] From peer 1: 1024 bytes
[MESSAGE] From peer 1: 1024 bytes
[MESSAGE] From peer 1: 1024 bytes
[MESSAGE] From peer 1: 1024 bytes
[MESSAGE] From peer 1: 1024 bytes
[MESSAGE] From peer 1: 1024 bytes
[MESSAGE] From peer 1: 1024 bytes
[MESSAGE] From peer 1: 1024 bytes
[MESSAGE] From peer 1: 1024 bytes
[MESSAGE] From peer 1: 1024 bytes
[MESSAGE] From peer 1: 1024 bytes
[MESSAGE] From peer 1: 1024 bytes
[MESSAGE] From peer 1: 1024 bytes
[MESSAGE] From peer 1: 1024 bytes
[MESSAGE] From peer 1: 1024 bytes
[MESSAGE] From peer 1: 1024 bytes
[MESSAGE] From peer 1: 1024 bytes
[MESSAGE] From peer 1: 1024 bytes
[MESSAGE] From peer 1: 1024 bytes
[MESSAGE] From peer 1: 1024 bytes
[MESSAGE] From peer 1: 1024 bytes
[MESSAGE] From peer 1: 1024 bytes
[MESSAGE] From peer 1: 1024 bytes
[MESSAGE] From peer 1: 1024 bytes
[MESSAGE] From peer 1: 1024 bytes
[MESSAGE] From peer 1: 1024 bytes
[MESSAGE] From peer 1: 1024 bytes
[MESSAGE] From peer 1: 1024 bytes
[MESSAGE] From peer 1: 1024 bytes
[MESSAGE] From peer 1: 1024 bytes
[MESSAGE] From peer 1: 1024 bytes
[MESSAGE] From peer 1: 1024 bytes
[MESSAGE] From peer 1: 1024 bytes
[MESSAGE] From peer 1: 1024 bytes
[MESSAGE] From peer 1: 1024 bytes
[MESSAGE] From peer 1: 1024 bytes
[MESSAGE] From peer 1: 1024 bytes
[MESSAGE] From peer 1: 1024 bytes
[MESSAGE] From peer 1: 1024 bytes
[MESSAGE] From peer 1: 1024 bytes
[MESSAGE] From peer 1: 1024 bytes
[MESSAGE] From peer 1: 1024 bytes
[MESSAGE] From peer 1: 1024 bytes
[MESSAGE] From peer 1: 1024 bytes
[MESSAGE] From peer 1: 1024 bytes
[MESSAGE] From peer 1: 1024 bytes
[MESSAGE] From peer 1: 1024 bytes
[MESSAGE] From peer 1: 1024 bytes
[MESSAGE] From peer 1: 1024 bytes
[MESSAGE] From peer 1: 1024 bytes
[MESSAGE] From peer 1: 1024 bytes
[MESSAGE] From peer 1: 1024 bytes
[MESSAGE] From peer 1: 1024 bytes
[MESSAGE] From peer 1: 1024 bytes
[MESSAGE] From peer 1: 1024 bytes
[MESSAGE] From peer 1: 1024 bytes
[MESSAGE] From peer 1: 1024 bytes
[MESSAGE] From peer 1: 1024 bytes
[MESSAGE] From peer 1: 1024 bytes
[MESSAGE] From peer 1: 1024 bytes
[MESSAGE] From peer 1: 1024 bytes
[MESSAGE] From peer 1: 1024 bytes
[MESSAGE] From peer 1: 1024 bytes
[MESSAGE] From peer 1: 1024 bytes
[MESSAGE] From peer 1: 1024 bytes
[MESSAGE] From peer 1: 1024 bytes
[MESSAGE] From peer 1: 1024 bytes
[MESSAGE] From peer 1: 1024 bytes
[MESSAGE] From peer 1: 1024 bytes
[MESSAGE] From peer 1: 1024 bytes
[MESSAGE] From peer 1: 1024 bytes
[MESSAGE] From peer 1: 1024 bytes
[ECHO] 12300 messages echoed
[MESSAGE] From peer 1: 1024 bytes
[MESSAGE] From peer 1: 1024 bytes
[MESSAGE] From peer 1: 1024 bytes
[MESSAGE] From peer 1: 1024 bytes
[MESSAGE] From peer 1: 1024 bytes
[MESSAGE] From peer 1: 1024 bytes
[MESSAGE] From peer 1: 1024 bytes
[MESSAGE] From peer 1: 1024 bytes
[MESSAGE] From peer 1: 1024 bytes
[MESSAGE] From peer 1: 1024 bytes
[MESSAGE] From peer 1: 1024 bytes
[MESSAGE] From peer 1: 1024 bytes
[MESSAGE] From peer 1: 1024 bytes
[MESSAGE] From peer 1: 1024 bytes
[MESSAGE] From peer 1: 1024 bytes
[MESSAGE] From peer 1: 1024 bytes
[MESSAGE] From peer 1: 1024 bytes
[MESSAGE] From peer 1: 1024 bytes
[MESSAGE] From peer 1: 1024 bytes
[MESSAGE] From peer 1: 1024 bytes
[MESSAGE] From peer 1: 1024 bytes
[MESSAGE] From peer 1: 1024 bytes
[MESSAGE] From peer 1: 1024 bytes
[MESSAGE] From peer 1: 1024 bytes
[MESSAGE] From peer 1: 1024 bytes
[MESSAGE] From peer 1: 1024 bytes
[MESSAGE] From peer 1: 1024 bytes
[MESSAGE] From peer 1: 1024 bytes
[MESSAGE] From peer 1: 1024 bytes
[MESSAGE] From peer 1: 1024 bytes
[MESSAGE] From peer 1: 1024 bytes
[MESSAGE] From peer 1: 1024 bytes
[MESSAGE] From peer 1: 1024 bytes
[MESSAGE] From peer 1: 1024 bytes
[MESSAGE] From peer 1: 1024 bytes
[MESSAGE] From peer 1: 1024 bytes
[MESSAGE] From peer 1: 1024 bytes
[MESSAGE] From peer 1: 1024 bytes
[MESSAGE] From peer 1: 1024 bytes
[MESSAGE] From peer 1: 1024 bytes
[MESSAGE] From peer 1: 1024 bytes
[MESSAGE] From peer 1: 1024 bytes
[MESSAGE] From peer 1: 1024 bytes
[MESSAGE] From peer 1: 1024 bytes
[MESSAGE] From peer 1: 1024 bytes
[MESSAGE] From peer 1: 1024 bytes
[MESSAGE] From peer 1: 1024 bytes
[MESSAGE] From peer 1: 1024 bytes
[MESSAGE] From peer 1: 1024 bytes
[MESSAGE] From peer 1: 1024 bytes
[MESSAGE] From peer 1: 1024 bytes
[MESSAGE] From peer 1: 1024 bytes
[MESSAGE] From peer 1: 1024 bytes
[MESSAGE] From peer 1: 1024 bytes
[MESSAGE] From peer 1: 1024 bytes
[MESSAGE] From peer 1: 1024 bytes
[MESSAGE] From peer 1: 1024 bytes
[MESSAGE] From peer 1: 1024 bytes
[MESSAGE] From peer 1: 1024 bytes
[STATUS] 3180 sec: peers=15, msgs=12364, connected=yes
[MESSAGE] From peer 1: 1024 bytes
[MESSAGE] From peer 1: 1024 bytes
[MESSAGE] From peer 1: 1024 bytes
[MESSAGE] From peer 1: 1024 bytes
[MESSAGE] From peer 1: 1024 bytes
[MESSAGE] From peer 1: 1024 bytes
[MESSAGE] From peer 1: 1024 bytes
[MESSAGE] From peer 1: 1024 bytes
[MESSAGE] From peer 1: 1024 bytes
[MESSAGE] From peer 1: 1024 bytes
[MESSAGE] From peer 1: 1024 bytes
[MESSAGE] From peer 1: 1024 bytes
[MESSAGE] From peer 1: 1024 bytes
[MESSAGE] From peer 1: 1024 bytes
[MESSAGE] From peer 1: 1024 bytes
[MESSAGE] From peer 1: 1024 bytes
[MESSAGE] From peer 1: 1024 bytes
[MESSAGE] From peer 1: 1024 bytes
[MESSAGE] From peer 1: 1024 bytes
[MESSAGE] From peer 1: 1024 bytes
[MESSAGE] From peer 1: 1024 bytes
[MESSAGE] From peer 1: 1024 bytes
[MESSAGE] From peer 1: 1024 bytes
[MESSAGE] From peer 1: 1024 bytes
[MESSAGE] From peer 1: 1024 bytes
[MESSAGE] From peer 1: 1024 bytes
[MESSAGE] From peer 1: 1024 bytes
[MESSAGE] From peer 1: 1024 bytes
[MESSAGE] From peer 1: 1024 bytes
[MESSAGE] From peer 1: 1024 bytes
[MESSAGE] From peer 1: 1024 bytes
[MESSAGE] From peer 1: 1024 bytes
[MESSAGE] From peer 1: 1024 bytes
[MESSAGE] From peer 1: 1024 bytes
[MESSAGE] From peer 1: 1024 bytes
[MESSAGE] From peer 1: 1024 bytes
[MESSAGE] From peer 1: 1024 bytes
[MESSAGE] From peer 1: 1024 bytes
[MESSAGE] From peer 1: 1024 bytes
[MESSAGE] From peer 1: 1024 bytes
[MESSAGE] From peer 1: 1024 bytes
[ECHO] 12400 messages echoed
[MESSAGE] From peer 1: 1024 bytes
[MESSAGE] From peer 1: 1024 bytes
[MESSAGE] From peer 1: 1024 bytes
[MESSAGE] From peer 1: 1024 bytes
[MESSAGE] From peer 1: 1024 bytes
[MESSAGE] From peer 1: 1024 bytes
[MESSAGE] From peer 1: 1024 bytes
[MESSAGE] From peer 1: 1024 bytes
[MESSAGE] From peer 1: 1024 bytes
[MESSAGE] From peer 1: 1024 bytes
[MESSAGE] From peer 1: 1024 bytes
[MESSAGE] From peer 1: 1024 bytes
[MESSAGE] From peer 1: 1024 bytes
[MESSAGE] From peer 1: 1024 bytes
[MESSAGE] From peer 1: 1024 bytes
[MESSAGE] From peer 1: 1024 bytes
[MESSAGE] From peer 1: 1024 bytes
[MESSAGE] From peer 1: 1024 bytes
[MESSAGE] From peer 1: 1024 bytes
[MESSAGE] From peer 1: 1024 bytes
[MESSAGE] From peer 1: 1024 bytes
[MESSAGE] From peer 1: 1024 bytes
[MESSAGE] From peer 1: 1024 bytes
[MESSAGE] From peer 1: 1024 bytes
[MESSAGE] From peer 1: 1024 bytes
[MESSAGE] From peer 1: 1024 bytes
[MESSAGE] From peer 1: 1024 bytes
[MESSAGE] From peer 1: 1024 bytes
[MESSAGE] From peer 1: 1024 bytes
[MESSAGE] From peer 1: 1024 bytes
[MESSAGE] From peer 1: 1024 bytes
[MESSAGE] From peer 1: 1024 bytes
[MESSAGE] From peer 1: 1024 bytes
[MESSAGE] From peer 1: 1024 bytes
[MESSAGE] From peer 1: 1024 bytes
[MESSAGE] From peer 1: 1024 bytes
[MESSAGE] From peer 1: 1024 bytes
[MESSAGE] From peer 1: 1024 bytes
[MESSAGE] From peer 1: 1024 bytes
[MESSAGE] From peer 1: 1024 bytes
[MESSAGE] From peer 1: 1024 bytes
[MESSAGE] From peer 1: 1024 bytes
[MESSAGE] From peer 1: 1024 bytes
[MESSAGE] From peer 1: 1024 bytes
[MESSAGE] From peer 1: 1024 bytes
[MESSAGE] From peer 1: 1024 bytes
[MESSAGE] From peer 1: 1024 bytes
[MESSAGE] From peer 1: 1024 bytes
[MESSAGE] From peer 1: 1024 bytes
[MESSAGE] From peer 1: 1024 bytes
[MESSAGE] From peer 1: 1024 bytes
[MESSAGE] From peer 1: 1024 bytes
[MESSAGE] From peer 1: 1024 bytes
[MESSAGE] From peer 1: 1024 bytes
[MESSAGE] From peer 1: 1024 bytes
[MESSAGE] From peer 1: 1024 bytes
[MESSAGE] From peer 1: 1024 bytes
[MESSAGE] From peer 1: 1024 bytes
[MESSAGE] From peer 1: 1024 bytes
[MESSAGE] From peer 1: 1024 bytes
[MESSAGE] From peer 1: 1024 bytes
[MESSAGE] From peer 1: 1024 bytes
[MESSAGE] From peer 1: 1024 bytes
[MESSAGE] From peer 1: 1024 bytes
[MESSAGE] From peer 1: 1024 bytes
[MESSAGE] From peer 1: 1024 bytes
[MESSAGE] From peer 1: 1024 bytes
[MESSAGE] From peer 1: 1024 bytes
[MESSAGE] From peer 1: 1024 bytes
[MESSAGE] From peer 1: 1024 bytes
[MESSAGE] From peer 1: 1024 bytes
[MESSAGE] From peer 1: 1024 bytes
[MESSAGE] From peer 1: 1024 bytes
[MESSAGE] From peer 1: 1024 bytes
[MESSAGE] From peer 1: 1024 bytes
[MESSAGE] From peer 1: 1024 bytes
[MESSAGE] From peer 1: 1024 bytes
[MESSAGE] From peer 1: 1024 bytes
[MESSAGE] From peer 1: 1024 bytes
[MESSAGE] From peer 1: 1024 bytes
[MESSAGE] From peer 1: 1024 bytes
[MESSAGE] From peer 1: 1024 bytes
[MESSAGE] From peer 1: 1024 bytes
[MESSAGE] From peer 1: 1024 bytes
[MESSAGE] From peer 1: 1024 bytes
[MESSAGE] From peer 1: 1024 bytes
[MESSAGE] From peer 1: 1024 bytes
[MESSAGE] From peer 1: 1024 bytes
[MESSAGE] From peer 1: 1024 bytes
[MESSAGE] From peer 1: 1024 bytes
[MESSAGE] From peer 1: 1024 bytes
[MESSAGE] From peer 1: 1024 bytes
[MESSAGE] From peer 1: 1024 bytes
[MESSAGE] From peer 1: 1024 bytes
[MESSAGE] From peer 1: 1024 bytes
[MESSAGE] From peer 1: 1024 bytes
[MESSAGE] From peer 1: 1024 bytes
[MESSAGE] From peer 1: 1024 bytes
[MESSAGE] From peer 1: 1024 bytes
[MESSAGE] From peer 1: 1024 bytes
[ECHO] 12500 messages echoed
[MESSAGE] From peer 1: 1024 bytes
[MESSAGE] From peer 1: 1024 bytes
[MESSAGE] From peer 1: 1024 bytes
[MESSAGE] From peer 1: 1024 bytes
[MESSAGE] From peer 1: 1024 bytes
[MESSAGE] From peer 1: 1024 bytes
[MESSAGE] From peer 1: 1024 bytes
[MESSAGE] From peer 1: 1024 bytes
[MESSAGE] From peer 1: 1024 bytes
[MESSAGE] From peer 1: 1024 bytes
[MESSAGE] From peer 1: 1024 bytes
[MESSAGE] From peer 1: 1024 bytes
[MESSAGE] From peer 1: 1024 bytes
[MESSAGE] From peer 1: 1024 bytes
[MESSAGE] From peer 1: 1024 bytes
[MESSAGE] From peer 1: 1024 bytes
[MESSAGE] From peer 1: 1024 bytes
[MESSAGE] From peer 1: 1024 bytes
[MESSAGE] From peer 1: 1024 bytes
[MESSAGE] From peer 1: 1024 bytes
[MESSAGE] From peer 1: 1024 bytes
[MESSAGE] From peer 1: 1024 bytes
[MESSAGE] From peer 1: 1024 bytes
[MESSAGE] From peer 1: 1024 bytes
[MESSAGE] From peer 1: 1024 bytes
[MESSAGE] From peer 1: 1024 bytes
[MESSAGE] From peer 1: 1024 bytes
[MESSAGE] From peer 1: 1024 bytes
[MESSAGE] From peer 1: 1024 bytes
[MESSAGE] From peer 1: 1024 bytes
[MESSAGE] From peer 1: 1024 bytes
[MESSAGE] From peer 1: 1024 bytes
[MESSAGE] From peer 1: 1024 bytes
[MESSAGE] From peer 1: 1024 bytes
[MESSAGE] From peer 1: 1024 bytes
[MESSAGE] From peer 1: 1024 bytes
[MESSAGE] From peer 1: 1024 bytes
[MESSAGE] From peer 1: 1024 bytes
[MESSAGE] From peer 1: 1024 bytes
[MESSAGE] From peer 1: 1024 bytes
[MESSAGE] From peer 1: 1024 bytes
[MESSAGE] From peer 1: 1024 bytes
[MESSAGE] From peer 1: 1024 bytes
[MESSAGE] From peer 1: 1024 bytes
[MESSAGE] From peer 1: 1024 bytes
[MESSAGE] From peer 1: 1024 bytes
[MESSAGE] From peer 1: 1024 bytes
[MESSAGE] From peer 1: 1024 bytes
[MESSAGE] From peer 1: 1024 bytes
[MESSAGE] From peer 1: 1024 bytes
[MESSAGE] From peer 1: 1024 bytes
[MESSAGE] From peer 1: 1024 bytes
[MESSAGE] From peer 1: 1024 bytes
[MESSAGE] From peer 1: 1024 bytes
[MESSAGE] From peer 1: 1024 bytes
[MESSAGE] From peer 1: 1024 bytes
[MESSAGE] From peer 1: 1024 bytes
[MESSAGE] From peer 1: 1024 bytes
[MESSAGE] From peer 1: 1024 bytes
[MESSAGE] From peer 1: 1024 bytes
[MESSAGE] From peer 1: 1024 bytes
[MESSAGE] From peer 1: 1024 bytes
[MESSAGE] From peer 1: 1024 bytes
[MESSAGE] From peer 1: 1024 bytes
[MESSAGE] From peer 1: 1024 bytes
[MESSAGE] From peer 1: 1024 bytes
[MESSAGE] From peer 1: 1024 bytes
[MESSAGE] From peer 1: 1024 bytes
[MESSAGE] From peer 1: 1024 bytes
[MESSAGE] From peer 1: 1024 bytes
[MESSAGE] From peer 1: 1024 bytes
[MESSAGE] From peer 1: 1024 bytes
[MESSAGE] From peer 1: 1024 bytes
[MESSAGE] From peer 1: 1024 bytes
[MESSAGE] From peer 1: 1024 bytes
[MESSAGE] From peer 1: 1024 bytes
[MESSAGE] From peer 1: 1024 bytes
[MESSAGE] From peer 1: 1024 bytes
[MESSAGE] From peer 1: 1024 bytes
[MESSAGE] From peer 1: 1024 bytes
[MESSAGE] From peer 1: 1024 bytes
[MESSAGE] From peer 1: 1024 bytes
[MESSAGE] From peer 1: 1024 bytes
[MESSAGE] From peer 1: 1024 bytes
[MESSAGE] From peer 1: 1024 bytes
[MESSAGE] From peer 1: 1024 bytes
[MESSAGE] From peer 1: 1024 bytes
[MESSAGE] From peer 1: 1024 bytes
[MESSAGE] From peer 1: 1024 bytes
[MESSAGE] From peer 1: 1024 bytes
[MESSAGE] From peer 1: 1024 bytes
[MESSAGE] From peer 1: 1024 bytes
[MESSAGE] From peer 1: 1024 bytes
[MESSAGE] From peer 1: 1024 bytes
[MESSAGE] From peer 1: 1024 bytes
[MESSAGE] From peer 1: 1024 bytes
[MESSAGE] From peer 1: 1024 bytes
[MESSAGE] From peer 1: 1024 bytes
[MESSAGE] From peer 1: 1024 bytes
[MESSAGE] From peer 1: 1024 bytes
[ECHO] 12600 messages echoed
[MESSAGE] From peer 1: 1024 bytes
[MESSAGE] From peer 1: 1024 bytes
[MESSAGE] From peer 1: 1024 bytes
[MESSAGE] From peer 1: 1024 bytes
[MESSAGE] From peer 1: 1024 bytes
[MESSAGE] From peer 1: 1024 bytes
[MESSAGE] From peer 1: 1024 bytes
[MESSAGE] From peer 1: 1024 bytes
[MESSAGE] From peer 1: 1024 bytes
[MESSAGE] From peer 1: 1024 bytes
[MESSAGE] From peer 1: 1024 bytes
[MESSAGE] From peer 1: 1024 bytes
[MESSAGE] From peer 1: 1024 bytes
[MESSAGE] From peer 1: 1024 bytes
[MESSAGE] From peer 1: 1024 bytes
[MESSAGE] From peer 1: 1024 bytes
[MESSAGE] From peer 1: 1024 bytes
[MESSAGE] From peer 1: 1024 bytes
[MESSAGE] From peer 1: 1024 bytes
[MESSAGE] From peer 1: 1024 bytes
[MESSAGE] From peer 1: 1024 bytes
[MESSAGE] From peer 1: 1024 bytes
[MESSAGE] From peer 1: 1024 bytes
[MESSAGE] From peer 1: 1024 bytes
[MESSAGE] From peer 1: 1024 bytes
[MESSAGE] From peer 1: 1024 bytes
[MESSAGE] From peer 1: 1024 bytes
[MESSAGE] From peer 1: 1024 bytes
[MESSAGE] From peer 1: 1024 bytes
[MESSAGE] From peer 1: 1024 bytes
[MESSAGE] From peer 1: 1024 bytes
[MESSAGE] From peer 1: 1024 bytes
[MESSAGE] From peer 1: 1024 bytes
[MESSAGE] From peer 1: 1024 bytes
[MESSAGE] From peer 1: 1024 bytes
[MESSAGE] From peer 1: 1024 bytes
[MESSAGE] From peer 1: 1024 bytes
[MESSAGE] From peer 1: 1024 bytes
[MESSAGE] From peer 1: 1024 bytes
[MESSAGE] From peer 1: 1024 bytes
[MESSAGE] From peer 1: 1024 bytes
[MESSAGE] From peer 1: 1024 bytes
[MESSAGE] From peer 1: 1024 bytes
[MESSAGE] From peer 1: 1024 bytes
[MESSAGE] From peer 1: 1024 bytes
[MESSAGE] From peer 1: 1024 bytes
[MESSAGE] From peer 1: 1024 bytes
[MESSAGE] From peer 1: 1024 bytes
[MESSAGE] From peer 1: 1024 bytes
[MESSAGE] From peer 1: 1024 bytes
[MESSAGE] From peer 1: 1024 bytes
[MESSAGE] From peer 1: 1024 bytes
[MESSAGE] From peer 1: 1024 bytes
[MESSAGE] From peer 1: 1024 bytes
[MESSAGE] From peer 1: 1024 bytes
[MESSAGE] From peer 1: 1024 bytes
[MESSAGE] From peer 1: 1024 bytes
[MESSAGE] From peer 1: 1024 bytes
[MESSAGE] From peer 1: 1024 bytes
[MESSAGE] From peer 1: 1024 bytes
[MESSAGE] From peer 1: 1024 bytes
[MESSAGE] From peer 1: 1024 bytes
[MESSAGE] From peer 1: 1024 bytes
[MESSAGE] From peer 1: 1024 bytes
[MESSAGE] From peer 1: 1024 bytes
[MESSAGE] From peer 1: 1024 bytes
[MESSAGE] From peer 1: 1024 bytes
[MESSAGE] From peer 1: 1024 bytes
[MESSAGE] From peer 1: 1024 bytes
[MESSAGE] From peer 1: 1024 bytes
[MESSAGE] From peer 1: 1024 bytes
[MESSAGE] From peer 1: 1024 bytes
[MESSAGE] From peer 1: 1024 bytes
[MESSAGE] From peer 1: 1024 bytes
[MESSAGE] From peer 1: 1024 bytes
[MESSAGE] From peer 1: 1024 bytes
[MESSAGE] From peer 1: 1024 bytes
[MESSAGE] From peer 1: 1024 bytes
[MESSAGE] From peer 1: 1024 bytes
[MESSAGE] From peer 1: 1024 bytes
[MESSAGE] From peer 1: 1024 bytes
[MESSAGE] From peer 1: 1024 bytes
[MESSAGE] From peer 1: 1024 bytes
[MESSAGE] From peer 1: 1024 bytes
[MESSAGE] From peer 1: 1024 bytes
[MESSAGE] From peer 1: 1024 bytes
[MESSAGE] From peer 1: 1024 bytes
[MESSAGE] From peer 1: 1024 bytes
[MESSAGE] From peer 1: 1024 bytes
[MESSAGE] From peer 1: 1024 bytes
[MESSAGE] From peer 1: 1024 bytes
[MESSAGE] From peer 1: 1024 bytes
[MESSAGE] From peer 1: 1024 bytes
[MESSAGE] From peer 1: 1024 bytes
[MESSAGE] From peer 1: 1024 bytes
[MESSAGE] From peer 1: 1024 bytes
[MESSAGE] From peer 1: 1024 bytes
[MESSAGE] From peer 1: 1024 bytes
[MESSAGE] From peer 1: 1024 bytes
[MESSAGE] From peer 1: 1024 bytes
[ECHO] 12700 messages echoed
[MESSAGE] From peer 1: 1024 bytes
[MESSAGE] From peer 1: 1024 bytes
[MESSAGE] From peer 1: 1024 bytes
[MESSAGE] From peer 1: 1024 bytes
[MESSAGE] From peer 1: 1024 bytes
[MESSAGE] From peer 1: 1024 bytes
[MESSAGE] From peer 1: 1024 bytes
[MESSAGE] From peer 1: 1024 bytes
[MESSAGE] From peer 1: 1024 bytes
[MESSAGE] From peer 1: 1024 bytes
[MESSAGE] From peer 1: 1024 bytes
[MESSAGE] From peer 1: 1024 bytes
[MESSAGE] From peer 1: 1024 bytes
[MESSAGE] From peer 1: 1024 bytes
[MESSAGE] From peer 1: 1024 bytes
[MESSAGE] From peer 1: 1024 bytes
[MESSAGE] From peer 1: 1024 bytes
[MESSAGE] From peer 1: 1024 bytes
[MESSAGE] From peer 1: 1024 bytes
[MESSAGE] From peer 1: 1024 bytes
[MESSAGE] From peer 1: 1024 bytes
[MESSAGE] From peer 1: 1024 bytes
[MESSAGE] From peer 1: 1024 bytes
[MESSAGE] From peer 1: 1024 bytes
[MESSAGE] From peer 1: 1024 bytes
[MESSAGE] From peer 1: 1024 bytes
[MESSAGE] From peer 1: 1024 bytes
[MESSAGE] From peer 1: 1024 bytes
[MESSAGE] From peer 1: 1024 bytes
[MESSAGE] From peer 1: 1024 bytes
[MESSAGE] From peer 1: 1024 bytes
[MESSAGE] From peer 1: 1024 bytes
[MESSAGE] From peer 1: 1024 bytes
[MESSAGE] From peer 1: 1024 bytes
[MESSAGE] From peer 1: 1024 bytes
[MESSAGE] From peer 1: 1024 bytes
[MESSAGE] From peer 1: 1024 bytes
[MESSAGE] From peer 1: 1024 bytes
[MESSAGE] From peer 1: 1024 bytes
[MESSAGE] From peer 1: 1024 bytes
[MESSAGE] From peer 1: 1024 bytes
[MESSAGE] From peer 1: 1024 bytes
[MESSAGE] From peer 1: 1024 bytes
[MESSAGE] From peer 1: 1024 bytes
[MESSAGE] From peer 1: 1024 bytes
[MESSAGE] From peer 1: 1024 bytes
[MESSAGE] From peer 1: 1024 bytes
[MESSAGE] From peer 1: 1024 bytes
[MESSAGE] From peer 1: 1024 bytes
[MESSAGE] From peer 1: 1024 bytes
[MESSAGE] From peer 1: 1024 bytes
[MESSAGE] From peer 1: 1024 bytes
[MESSAGE] From peer 1: 1024 bytes
[MESSAGE] From peer 1: 1024 bytes
[MESSAGE] From peer 1: 1024 bytes
[MESSAGE] From peer 1: 1024 bytes
[MESSAGE] From peer 1: 1024 bytes
[MESSAGE] From peer 1: 1024 bytes
[MESSAGE] From peer 1: 1024 bytes
[MESSAGE] From peer 1: 1024 bytes
[MESSAGE] From peer 1: 1024 bytes
[DISCOVERED] Peer 2: "MacThroughput" at 10.188.1.213:7354
[MESSAGE] From peer 1: 1024 bytes
[MESSAGE] From peer 1: 1024 bytes
[MESSAGE] From peer 1: 1024 bytes
[MESSAGE] From peer 1: 1024 bytes
[MESSAGE] From peer 1: 1024 bytes
[MESSAGE] From peer 1: 1024 bytes
[MESSAGE] From peer 1: 1024 bytes
[MESSAGE] From peer 1: 1024 bytes
[MESSAGE] From peer 1: 1024 bytes
[MESSAGE] From peer 1: 1024 bytes
[MESSAGE] From peer 1: 1024 bytes
[MESSAGE] From peer 1: 1024 bytes
[MESSAGE] From peer 1: 1024 bytes
[MESSAGE] From peer 1: 1024 bytes
[MESSAGE] From peer 1: 1024 bytes
[MESSAGE] From peer 1: 1024 bytes
[MESSAGE] From peer 1: 1024 bytes
[MESSAGE] From peer 1: 1024 bytes
[MESSAGE] From peer 1: 1024 bytes
[MESSAGE] From peer 1: 1024 bytes
[MESSAGE] From peer 1: 1024 bytes
[MESSAGE] From peer 1: 1024 bytes
[MESSAGE] From peer 1: 1024 bytes
[MESSAGE] From peer 1: 1024 bytes
[MESSAGE] From peer 1: 1024 bytes
[MESSAGE] From peer 1: 1024 bytes
[MESSAGE] From peer 1: 1024 bytes
[MESSAGE] From peer 1: 1024 bytes
[MESSAGE] From peer 1: 1024 bytes
[MESSAGE] From peer 1: 1024 bytes
[MESSAGE] From peer 1: 1024 bytes
[MESSAGE] From peer 1: 1024 bytes
[MESSAGE] From peer 1: 1024 bytes
[MESSAGE] From peer 1: 1024 bytes
[MESSAGE] From peer 1: 1024 bytes
[MESSAGE] From peer 1: 1024 bytes
[MESSAGE] From peer 1: 1024 bytes
[MESSAGE] From peer 1: 1024 bytes
[MESSAGE] From peer 1: 1024 bytes
[ECHO] 12800 messages echoed
[MESSAGE] From peer 1: 1024 bytes
[MESSAGE] From peer 1: 1024 bytes
[MESSAGE] From peer 1: 1024 bytes
[MESSAGE] From peer 1: 1024 bytes
[MESSAGE] From peer 1: 1024 bytes
[MESSAGE] From peer 1: 1024 bytes
[MESSAGE] From peer 1: 1024 bytes
[MESSAGE] From peer 1: 1024 bytes
[MESSAGE] From peer 1: 1024 bytes
[MESSAGE] From peer 1: 1024 bytes
[MESSAGE] From peer 1: 1024 bytes
[MESSAGE] From peer 1: 1024 bytes
[MESSAGE] From peer 1: 1024 bytes
[MESSAGE] From peer 1: 1024 bytes
[MESSAGE] From peer 1: 1024 bytes
[MESSAGE] From peer 1: 1024 bytes
[MESSAGE] From peer 1: 1024 bytes
[MESSAGE] From peer 1: 1024 bytes
[MESSAGE] From peer 1: 1024 bytes
[MESSAGE] From peer 1: 1024 bytes
[MESSAGE] From peer 1: 1024 bytes
[MESSAGE] From peer 1: 1024 bytes
[MESSAGE] From peer 1: 1024 bytes
[MESSAGE] From peer 1: 1024 bytes
[MESSAGE] From peer 1: 1024 bytes
[MESSAGE] From peer 1: 1024 bytes
[MESSAGE] From peer 1: 1024 bytes
[MESSAGE] From peer 1: 1024 bytes
[MESSAGE] From peer 1: 1024 bytes
[MESSAGE] From peer 1: 1024 bytes
[MESSAGE] From peer 1: 1024 bytes
[MESSAGE] From peer 1: 1024 bytes
[MESSAGE] From peer 1: 1024 bytes
[MESSAGE] From peer 1: 1024 bytes
[MESSAGE] From peer 1: 1024 bytes
[MESSAGE] From peer 1: 1024 bytes
[MESSAGE] From peer 1: 1024 bytes
[MESSAGE] From peer 1: 1024 bytes
[MESSAGE] From peer 1: 1024 bytes
[MESSAGE] From peer 1: 1024 bytes
[MESSAGE] From peer 1: 1024 bytes
[MESSAGE] From peer 1: 1024 bytes
[MESSAGE] From peer 1: 1024 bytes
[MESSAGE] From peer 1: 1024 bytes
[MESSAGE] From peer 1: 1024 bytes
[MESSAGE] From peer 1: 1024 bytes
[MESSAGE] From peer 1: 1024 bytes
[MESSAGE] From peer 1: 1024 bytes
[MESSAGE] From peer 1: 1024 bytes
[MESSAGE] From peer 1: 1024 bytes
[MESSAGE] From peer 1: 1024 bytes
[MESSAGE] From peer 1: 1024 bytes
[MESSAGE] From peer 1: 1024 bytes
[MESSAGE] From peer 1: 1024 bytes
[MESSAGE] From peer 1: 1024 bytes
[MESSAGE] From peer 1: 1024 bytes
[MESSAGE] From peer 1: 1024 bytes
[MESSAGE] From peer 1: 1024 bytes
[MESSAGE] From peer 1: 1024 bytes
[MESSAGE] From peer 1: 1024 bytes
[MESSAGE] From peer 1: 1024 bytes
[MESSAGE] From peer 1: 1024 bytes
[MESSAGE] From peer 1: 1024 bytes
[MESSAGE] From peer 1: 1024 bytes
[MESSAGE] From peer 1: 1024 bytes
[MESSAGE] From peer 1: 1024 bytes
[MESSAGE] From peer 1: 1024 bytes
[MESSAGE] From peer 1: 1024 bytes
[MESSAGE] From peer 1: 1024 bytes
[MESSAGE] From peer 1: 1024 bytes
[MESSAGE] From peer 1: 1024 bytes
[MESSAGE] From peer 1: 1024 bytes
[MESSAGE] From peer 1: 1024 bytes
[MESSAGE] From peer 1: 1024 bytes
[MESSAGE] From peer 1: 1024 bytes
[MESSAGE] From peer 1: 1024 bytes
[MESSAGE] From peer 1: 1024 bytes
[MESSAGE] From peer 1: 1024 bytes
[MESSAGE] From peer 1: 1024 bytes
[MESSAGE] From peer 1: 1024 bytes
[MESSAGE] From peer 1: 1024 bytes
[MESSAGE] From peer 1: 1024 bytes
[MESSAGE] From peer 1: 1024 bytes
[MESSAGE] From peer 1: 1024 bytes
[MESSAGE] From peer 1: 1024 bytes
[MESSAGE] From peer 1: 1024 bytes
[MESSAGE] From peer 1: 1024 bytes
[MESSAGE] From peer 1: 1024 bytes
[MESSAGE] From peer 1: 1024 bytes
[MESSAGE] From peer 1: 1024 bytes
[MESSAGE] From peer 1: 1024 bytes
[MESSAGE] From peer 1: 1024 bytes
[MESSAGE] From peer 1: 1024 bytes
[MESSAGE] From peer 1: 1024 bytes
[MESSAGE] From peer 1: 1024 bytes
[MESSAGE] From peer 1: 1024 bytes
[MESSAGE] From peer 1: 1024 bytes
[MESSAGE] From peer 1: 1024 bytes
[MESSAGE] From peer 1: 1024 bytes
[MESSAGE] From peer 1: 1024 bytes
[ECHO] 12900 messages echoed
[MESSAGE] From peer 1: 1024 bytes
[MESSAGE] From peer 1: 1024 bytes
[MESSAGE] From peer 1: 1024 bytes
[MESSAGE] From peer 1: 1024 bytes
[MESSAGE] From peer 1: 1024 bytes
[MESSAGE] From peer 1: 1024 bytes
[MESSAGE] From peer 1: 1024 bytes
[MESSAGE] From peer 1: 1024 bytes
[MESSAGE] From peer 1: 1024 bytes
[MESSAGE] From peer 1: 1024 bytes
[MESSAGE] From peer 1: 1024 bytes
[MESSAGE] From peer 1: 1024 bytes
[MESSAGE] From peer 1: 1024 bytes
[MESSAGE] From peer 1: 1024 bytes
[MESSAGE] From peer 1: 1024 bytes
[MESSAGE] From peer 1: 1024 bytes
[MESSAGE] From peer 1: 1024 bytes
[MESSAGE] From peer 1: 1024 bytes
[STATUS] 3190 sec: peers=16, msgs=12923, connected=yes
[MESSAGE] From peer 1: 1024 bytes
[MESSAGE] From peer 1: 1024 bytes
[MESSAGE] From peer 1: 1024 bytes
[MESSAGE] From peer 1: 1024 bytes
[MESSAGE] From peer 1: 1024 bytes
[MESSAGE] From peer 1: 1024 bytes
[MESSAGE] From peer 1: 1024 bytes
[MESSAGE] From peer 1: 1024 bytes
[MESSAGE] From peer 1: 1024 bytes
[MESSAGE] From peer 1: 1024 bytes
[MESSAGE] From peer 1: 1024 bytes
[MESSAGE] From peer 1: 1024 bytes
[MESSAGE] From peer 1: 1024 bytes
[MESSAGE] From peer 1: 1024 bytes
[MESSAGE] From peer 1: 1024 bytes
[MESSAGE] From peer 1: 1024 bytes
[MESSAGE] From peer 1: 1024 bytes
[MESSAGE] From peer 1: 1024 bytes
[MESSAGE] From peer 1: 1024 bytes
[MESSAGE] From peer 1: 1024 bytes
[MESSAGE] From peer 1: 1024 bytes
[MESSAGE] From peer 1: 1024 bytes
[MESSAGE] From peer 1: 1024 bytes
[MESSAGE] From peer 1: 1024 bytes
[MESSAGE] From peer 1: 1024 bytes
[MESSAGE] From peer 1: 1024 bytes
[MESSAGE] From peer 1: 1024 bytes
[MESSAGE] From peer 1: 1024 bytes
[MESSAGE] From peer 1: 1024 bytes
[MESSAGE] From peer 1: 1024 bytes
[MESSAGE] From peer 1: 1024 bytes
[MESSAGE] From peer 1: 1024 bytes
[MESSAGE] From peer 1: 1024 bytes
[MESSAGE] From peer 1: 1024 bytes
[MESSAGE] From peer 1: 1024 bytes
[MESSAGE] From peer 1: 1024 bytes
[MESSAGE] From peer 1: 1024 bytes
[MESSAGE] From peer 1: 1024 bytes
[MESSAGE] From peer 1: 1024 bytes
[MESSAGE] From peer 1: 1024 bytes
[MESSAGE] From peer 1: 1024 bytes
[MESSAGE] From peer 1: 1024 bytes
[MESSAGE] From peer 1: 1024 bytes
[MESSAGE] From peer 1: 1024 bytes
[MESSAGE] From peer 1: 1024 bytes
[MESSAGE] From peer 1: 1024 bytes
[MESSAGE] From peer 1: 1024 bytes
[MESSAGE] From peer 1: 1024 bytes
[MESSAGE] From peer 1: 1024 bytes
[MESSAGE] From peer 1: 1024 bytes
[MESSAGE] From peer 1: 1024 bytes
[MESSAGE] From peer 1: 1024 bytes
[MESSAGE] From peer 1: 1024 bytes
[MESSAGE] From peer 1: 1024 bytes
[MESSAGE] From peer 1: 1024 bytes
[MESSAGE] From peer 1: 1024 bytes
[MESSAGE] From peer 1: 1024 bytes
[MESSAGE] From peer 1: 1024 bytes
[MESSAGE] From peer 1: 1024 bytes
[MESSAGE] From peer 1: 1024 bytes
[MESSAGE] From peer 1: 1024 bytes
[MESSAGE] From peer 1: 1024 bytes
[MESSAGE] From peer 1: 1024 bytes
[MESSAGE] From peer 1: 1024 bytes
[MESSAGE] From peer 1: 1024 bytes
[MESSAGE] From peer 1: 1024 bytes
[MESSAGE] From peer 1: 1024 bytes
[MESSAGE] From peer 1: 1024 bytes
[MESSAGE] From peer 1: 1024 bytes
[MESSAGE] From peer 1: 1024 bytes
[MESSAGE] From peer 1: 1024 bytes
[MESSAGE] From peer 1: 1024 bytes
[MESSAGE] From peer 1: 1024 bytes
[MESSAGE] From peer 1: 1024 bytes
[MESSAGE] From peer 1: 1024 bytes
[MESSAGE] From peer 1: 1024 bytes
[MESSAGE] From peer 1: 1024 bytes
[MESSAGE] From peer 1: 1024 bytes
[MESSAGE] From peer 1: 1024 bytes
[MESSAGE] From peer 1: 1024 bytes
[MESSAGE] From peer 1: 1024 bytes
[MESSAGE] From peer 1: 1024 bytes
[ECHO] 13000 messages echoed
[MESSAGE] From peer 1: 1024 bytes
[MESSAGE] From peer 1: 1024 bytes
[MESSAGE] From peer 1: 1024 bytes
[MESSAGE] From peer 1: 1024 bytes
[MESSAGE] From peer 1: 1024 bytes
[MESSAGE] From peer 1: 1024 bytes
[MESSAGE] From peer 1: 1024 bytes
[MESSAGE] From peer 1: 1024 bytes
[MESSAGE] From peer 1: 1024 bytes
[MESSAGE] From peer 1: 1024 bytes
[MESSAGE] From peer 1: 1024 bytes
[MESSAGE] From peer 1: 1024 bytes
[MESSAGE] From peer 1: 1024 bytes
[MESSAGE] From peer 1: 1024 bytes
[MESSAGE] From peer 1: 1024 bytes
[MESSAGE] From peer 1: 1024 bytes
[MESSAGE] From peer 1: 1024 bytes
[MESSAGE] From peer 1: 1024 bytes
[MESSAGE] From peer 1: 1024 bytes
[MESSAGE] From peer 1: 1024 bytes
[MESSAGE] From peer 1: 1024 bytes
[MESSAGE] From peer 1: 1024 bytes
[MESSAGE] From peer 1: 1024 bytes
[MESSAGE] From peer 1: 1024 bytes
[MESSAGE] From peer 1: 1024 bytes
[MESSAGE] From peer 1: 1024 bytes
[MESSAGE] From peer 1: 1024 bytes
[MESSAGE] From peer 1: 1024 bytes
[MESSAGE] From peer 1: 1024 bytes
[MESSAGE] From peer 1: 1024 bytes
[MESSAGE] From peer 1: 1024 bytes
[MESSAGE] From peer 1: 1024 bytes
[MESSAGE] From peer 1: 1024 bytes
[MESSAGE] From peer 1: 1024 bytes
[MESSAGE] From peer 1: 1024 bytes
[MESSAGE] From peer 1: 1024 bytes
[MESSAGE] From peer 1: 1024 bytes
[MESSAGE] From peer 1: 1024 bytes
[MESSAGE] From peer 1: 1024 bytes
[MESSAGE] From peer 1: 1024 bytes
[MESSAGE] From peer 1: 1024 bytes
[MESSAGE] From peer 1: 1024 bytes
[MESSAGE] From peer 1: 1024 bytes
[MESSAGE] From peer 1: 1024 bytes
[MESSAGE] From peer 1: 1024 bytes
[MESSAGE] From peer 1: 1024 bytes
[MESSAGE] From peer 1: 1024 bytes
[MESSAGE] From peer 1: 1024 bytes
[MESSAGE] From peer 1: 1024 bytes
[MESSAGE] From peer 1: 1024 bytes
[MESSAGE] From peer 1: 1024 bytes
[MESSAGE] From peer 1: 1024 bytes
[MESSAGE] From peer 1: 1024 bytes
[MESSAGE] From peer 1: 1024 bytes
[MESSAGE] From peer 1: 1024 bytes
[MESSAGE] From peer 1: 1024 bytes
[MESSAGE] From peer 1: 1024 bytes
[MESSAGE] From peer 1: 1024 bytes
[MESSAGE] From peer 1: 1024 bytes
[MESSAGE] From peer 1: 1024 bytes
[MESSAGE] From peer 1: 1024 bytes
[MESSAGE] From peer 1: 1024 bytes
[MESSAGE] From peer 1: 1024 bytes
[MESSAGE] From peer 1: 1024 bytes
[MESSAGE] From peer 1: 1024 bytes
[MESSAGE] From peer 1: 1024 bytes
[MESSAGE] From peer 1: 1024 bytes
[MESSAGE] From peer 1: 1024 bytes
[MESSAGE] From peer 1: 1024 bytes
[MESSAGE] From peer 1: 1024 bytes
[MESSAGE] From peer 1: 1024 bytes
[MESSAGE] From peer 1: 1024 bytes
[MESSAGE] From peer 1: 1024 bytes
[MESSAGE] From peer 1: 1024 bytes
[MESSAGE] From peer 1: 1024 bytes
[MESSAGE] From peer 1: 1024 bytes
[MESSAGE] From peer 1: 1024 bytes
[MESSAGE] From peer 1: 1024 bytes
[MESSAGE] From peer 1: 1024 bytes
[MESSAGE] From peer 1: 1024 bytes
[MESSAGE] From peer 1: 1024 bytes
[MESSAGE] From peer 1: 1024 bytes
[MESSAGE] From peer 1: 1024 bytes
[MESSAGE] From peer 1: 1024 bytes
[MESSAGE] From peer 1: 1024 bytes
[MESSAGE] From peer 1: 1024 bytes
[MESSAGE] From peer 1: 1024 bytes
[MESSAGE] From peer 1: 1024 bytes
[MESSAGE] From peer 1: 1024 bytes
[MESSAGE] From peer 1: 1024 bytes
[MESSAGE] From peer 1: 1024 bytes
[MESSAGE] From peer 1: 1024 bytes
[MESSAGE] From peer 1: 1024 bytes
[MESSAGE] From peer 1: 1024 bytes
[MESSAGE] From peer 1: 1024 bytes
[MESSAGE] From peer 1: 1024 bytes
[MESSAGE] From peer 1: 1024 bytes
[MESSAGE] From peer 1: 1024 bytes
[MESSAGE] From peer 1: 2048 bytes
[MESSAGE] From peer 1: 2048 bytes
[ECHO] 13100 messages echoed
[MESSAGE] From peer 1: 2048 bytes
[MESSAGE] From peer 1: 2048 bytes
[MESSAGE] From peer 1: 2048 bytes
[MESSAGE] From peer 1: 2048 bytes
[MESSAGE] From peer 1: 2048 bytes
[MESSAGE] From peer 1: 2048 bytes
[MESSAGE] From peer 1: 2048 bytes
[MESSAGE] From peer 1: 2048 bytes
[MESSAGE] From peer 1: 2048 bytes
[MESSAGE] From peer 1: 2048 bytes
[MESSAGE] From peer 1: 2048 bytes
[MESSAGE] From peer 1: 2048 bytes
[MESSAGE] From peer 1: 2048 bytes
[MESSAGE] From peer 1: 2048 bytes
[MESSAGE] From peer 1: 2048 bytes
[MESSAGE] From peer 1: 2048 bytes
[MESSAGE] From peer 1: 2048 bytes
[MESSAGE] From peer 1: 2048 bytes
[MESSAGE] From peer 1: 2048 bytes
[MESSAGE] From peer 1: 2048 bytes
[MESSAGE] From peer 1: 2048 bytes
[MESSAGE] From peer 1: 2048 bytes
[MESSAGE] From peer 1: 2048 bytes
[MESSAGE] From peer 1: 2048 bytes
[MESSAGE] From peer 1: 2048 bytes
[MESSAGE] From peer 1: 2048 bytes
[MESSAGE] From peer 1: 2048 bytes
[MESSAGE] From peer 1: 2048 bytes
[MESSAGE] From peer 1: 2048 bytes
[MESSAGE] From peer 1: 2048 bytes
[MESSAGE] From peer 1: 2048 bytes
[MESSAGE] From peer 1: 2048 bytes
[MESSAGE] From peer 1: 2048 bytes
[MESSAGE] From peer 1: 2048 bytes
[MESSAGE] From peer 1: 2048 bytes
[MESSAGE] From peer 1: 2048 bytes
[MESSAGE] From peer 1: 2048 bytes
[MESSAGE] From peer 1: 2048 bytes
[MESSAGE] From peer 1: 2048 bytes
[MESSAGE] From peer 1: 2048 bytes
[MESSAGE] From peer 1: 2048 bytes
[MESSAGE] From peer 1: 2048 bytes
[MESSAGE] From peer 1: 2048 bytes
[MESSAGE] From peer 1: 2048 bytes
[MESSAGE] From peer 1: 2048 bytes
[MESSAGE] From peer 1: 2048 bytes
[MESSAGE] From peer 1: 2048 bytes
[MESSAGE] From peer 1: 2048 bytes
[MESSAGE] From peer 1: 2048 bytes
[MESSAGE] From peer 1: 2048 bytes
[MESSAGE] From peer 1: 2048 bytes
[MESSAGE] From peer 1: 2048 bytes
[MESSAGE] From peer 1: 2048 bytes
[MESSAGE] From peer 1: 2048 bytes
[MESSAGE] From peer 1: 2048 bytes
[MESSAGE] From peer 1: 2048 bytes
[MESSAGE] From peer 1: 2048 bytes
[MESSAGE] From peer 1: 2048 bytes
[MESSAGE] From peer 1: 2048 bytes
[MESSAGE] From peer 1: 2048 bytes
[MESSAGE] From peer 1: 2048 bytes
[MESSAGE] From peer 1: 2048 bytes
[MESSAGE] From peer 1: 2048 bytes
[MESSAGE] From peer 1: 2048 bytes
[MESSAGE] From peer 1: 2048 bytes
[MESSAGE] From peer 1: 2048 bytes
[MESSAGE] From peer 1: 2048 bytes
[MESSAGE] From peer 1: 2048 bytes
[MESSAGE] From peer 1: 2048 bytes
[MESSAGE] From peer 1: 2048 bytes
[MESSAGE] From peer 1: 2048 bytes
[MESSAGE] From peer 1: 2048 bytes
[MESSAGE] From peer 1: 2048 bytes
[MESSAGE] From peer 1: 2048 bytes
[MESSAGE] From peer 1: 2048 bytes
[MESSAGE] From peer 1: 2048 bytes
[MESSAGE] From peer 1: 2048 bytes
[MESSAGE] From peer 1: 2048 bytes
[MESSAGE] From peer 1: 2048 bytes
[MESSAGE] From peer 1: 2048 bytes
[MESSAGE] From peer 1: 2048 bytes
[MESSAGE] From peer 1: 2048 bytes
[MESSAGE] From peer 1: 2048 bytes
[MESSAGE] From peer 1: 2048 bytes
[MESSAGE] From peer 1: 2048 bytes
[MESSAGE] From peer 1: 2048 bytes
[MESSAGE] From peer 1: 2048 bytes
[MESSAGE] From peer 1: 2048 bytes
[MESSAGE] From peer 1: 2048 bytes
[MESSAGE] From peer 1: 2048 bytes
[MESSAGE] From peer 1: 2048 bytes
[MESSAGE] From peer 1: 2048 bytes
[MESSAGE] From peer 1: 2048 bytes
[MESSAGE] From peer 1: 2048 bytes
[MESSAGE] From peer 1: 2048 bytes
[MESSAGE] From peer 1: 2048 bytes
[MESSAGE] From peer 1: 2048 bytes
[MESSAGE] From peer 1: 2048 bytes
[MESSAGE] From peer 1: 2048 bytes
[MESSAGE] From peer 1: 2048 bytes
[ECHO] 13200 messages echoed
[MESSAGE] From peer 1: 2048 bytes
[MESSAGE] From peer 1: 2048 bytes
[MESSAGE] From peer 1: 2048 bytes
[MESSAGE] From peer 1: 2048 bytes
[MESSAGE] From peer 1: 2048 bytes
[MESSAGE] From peer 1: 2048 bytes
[MESSAGE] From peer 1: 2048 bytes
[MESSAGE] From peer 1: 2048 bytes
[MESSAGE] From peer 1: 2048 bytes
[MESSAGE] From peer 1: 2048 bytes
[MESSAGE] From peer 1: 2048 bytes
[MESSAGE] From peer 1: 2048 bytes
[MESSAGE] From peer 1: 2048 bytes
[MESSAGE] From peer 1: 2048 bytes
[MESSAGE] From peer 1: 2048 bytes
[MESSAGE] From peer 1: 2048 bytes
[MESSAGE] From peer 1: 2048 bytes
[MESSAGE] From peer 1: 2048 bytes
[MESSAGE] From peer 1: 2048 bytes
[MESSAGE] From peer 1: 2048 bytes
[MESSAGE] From peer 1: 2048 bytes
[MESSAGE] From peer 1: 2048 bytes
[MESSAGE] From peer 1: 2048 bytes
[MESSAGE] From peer 1: 2048 bytes
[MESSAGE] From peer 1: 2048 bytes
[MESSAGE] From peer 1: 2048 bytes
[MESSAGE] From peer 1: 2048 bytes
[MESSAGE] From peer 1: 2048 bytes
[MESSAGE] From peer 1: 2048 bytes
[MESSAGE] From peer 1: 2048 bytes
[MESSAGE] From peer 1: 2048 bytes
[MESSAGE] From peer 1: 2048 bytes
[MESSAGE] From peer 1: 2048 bytes
[MESSAGE] From peer 1: 2048 bytes
[MESSAGE] From peer 1: 2048 bytes
[MESSAGE] From peer 1: 2048 bytes
[MESSAGE] From peer 1: 2048 bytes
[MESSAGE] From peer 1: 2048 bytes
[MESSAGE] From peer 1: 2048 bytes
[MESSAGE] From peer 1: 2048 bytes
[MESSAGE] From peer 1: 2048 bytes
[MESSAGE] From peer 1: 2048 bytes
[MESSAGE] From peer 1: 2048 bytes
[MESSAGE] From peer 1: 2048 bytes
[MESSAGE] From peer 1: 2048 bytes
[MESSAGE] From peer 1: 2048 bytes
[MESSAGE] From peer 1: 2048 bytes
[MESSAGE] From peer 1: 2048 bytes
[MESSAGE] From peer 1: 2048 bytes
[MESSAGE] From peer 1: 2048 bytes
[MESSAGE] From peer 1: 2048 bytes
[MESSAGE] From peer 1: 2048 bytes
[MESSAGE] From peer 1: 2048 bytes
[MESSAGE] From peer 1: 2048 bytes
[MESSAGE] From peer 1: 2048 bytes
[MESSAGE] From peer 1: 2048 bytes
[MESSAGE] From peer 1: 2048 bytes
[MESSAGE] From peer 1: 2048 bytes
[MESSAGE] From peer 1: 2048 bytes
[MESSAGE] From peer 1: 2048 bytes
[MESSAGE] From peer 1: 2048 bytes
[MESSAGE] From peer 1: 2048 bytes
[MESSAGE] From peer 1: 2048 bytes
[MESSAGE] From peer 1: 2048 bytes
[MESSAGE] From peer 1: 2048 bytes
[MESSAGE] From peer 1: 2048 bytes
[MESSAGE] From peer 1: 2048 bytes
[MESSAGE] From peer 1: 2048 bytes
[MESSAGE] From peer 1: 2048 bytes
[MESSAGE] From peer 1: 2048 bytes
[MESSAGE] From peer 1: 2048 bytes
[MESSAGE] From peer 1: 2048 bytes
[MESSAGE] From peer 1: 2048 bytes
[MESSAGE] From peer 1: 2048 bytes
[MESSAGE] From peer 1: 2048 bytes
[MESSAGE] From peer 1: 2048 bytes
[MESSAGE] From peer 1: 2048 bytes
[MESSAGE] From peer 1: 2048 bytes
[MESSAGE] From peer 1: 2048 bytes
[MESSAGE] From peer 1: 2048 bytes
[MESSAGE] From peer 1: 2048 bytes
[MESSAGE] From peer 1: 2048 bytes
[MESSAGE] From peer 1: 2048 bytes
[MESSAGE] From peer 1: 2048 bytes
[MESSAGE] From peer 1: 2048 bytes
[MESSAGE] From peer 1: 2048 bytes
[MESSAGE] From peer 1: 2048 bytes
[MESSAGE] From peer 1: 2048 bytes
[MESSAGE] From peer 1: 2048 bytes
[MESSAGE] From peer 1: 2048 bytes
[MESSAGE] From peer 1: 2048 bytes
[MESSAGE] From peer 1: 2048 bytes
[MESSAGE] From peer 1: 2048 bytes
[MESSAGE] From peer 1: 2048 bytes
[MESSAGE] From peer 1: 2048 bytes
[MESSAGE] From peer 1: 2048 bytes
[MESSAGE] From peer 1: 2048 bytes
[MESSAGE] From peer 1: 2048 bytes
[MESSAGE] From peer 1: 2048 bytes
[MESSAGE] From peer 1: 2048 bytes
[ECHO] 13300 messages echoed
[MESSAGE] From peer 1: 2048 bytes
[MESSAGE] From peer 1: 2048 bytes
[MESSAGE] From peer 1: 2048 bytes
[MESSAGE] From peer 1: 2048 bytes
[MESSAGE] From peer 1: 2048 bytes
[MESSAGE] From peer 1: 2048 bytes
[MESSAGE] From peer 1: 2048 bytes
[MESSAGE] From peer 1: 2048 bytes
[MESSAGE] From peer 1: 2048 bytes
[MESSAGE] From peer 1: 2048 bytes
[MESSAGE] From peer 1: 2048 bytes
[MESSAGE] From peer 1: 2048 bytes
[MESSAGE] From peer 1: 2048 bytes
[MESSAGE] From peer 1: 2048 bytes
[MESSAGE] From peer 1: 2048 bytes
[MESSAGE] From peer 1: 2048 bytes
[MESSAGE] From peer 1: 2048 bytes
[MESSAGE] From peer 1: 2048 bytes
[MESSAGE] From peer 1: 2048 bytes
[MESSAGE] From peer 1: 2048 bytes
[MESSAGE] From peer 1: 2048 bytes
[MESSAGE] From peer 1: 2048 bytes
[MESSAGE] From peer 1: 2048 bytes
[MESSAGE] From peer 1: 2048 bytes
[MESSAGE] From peer 1: 2048 bytes
[MESSAGE] From peer 1: 2048 bytes
[MESSAGE] From peer 1: 2048 bytes
[MESSAGE] From peer 1: 2048 bytes
[MESSAGE] From peer 1: 2048 bytes
[MESSAGE] From peer 1: 2048 bytes
[MESSAGE] From peer 1: 2048 bytes
[MESSAGE] From peer 1: 2048 bytes
[MESSAGE] From peer 1: 2048 bytes
[MESSAGE] From peer 1: 2048 bytes
[MESSAGE] From peer 1: 2048 bytes
[MESSAGE] From peer 1: 2048 bytes
[MESSAGE] From peer 1: 2048 bytes
[MESSAGE] From peer 1: 2048 bytes
[MESSAGE] From peer 1: 2048 bytes
[MESSAGE] From peer 1: 2048 bytes
[MESSAGE] From peer 1: 2048 bytes
[MESSAGE] From peer 1: 2048 bytes
[MESSAGE] From peer 1: 2048 bytes
[MESSAGE] From peer 1: 2048 bytes
[MESSAGE] From peer 1: 2048 bytes
[MESSAGE] From peer 1: 2048 bytes
[MESSAGE] From peer 1: 2048 bytes
[MESSAGE] From peer 1: 2048 bytes
[MESSAGE] From peer 1: 2048 bytes
[MESSAGE] From peer 1: 2048 bytes
[MESSAGE] From peer 1: 2048 bytes
[MESSAGE] From peer 1: 2048 bytes
[MESSAGE] From peer 1: 2048 bytes
[MESSAGE] From peer 1: 2048 bytes
[MESSAGE] From peer 1: 2048 bytes
[MESSAGE] From peer 1: 2048 bytes
[MESSAGE] From peer 1: 2048 bytes
[MESSAGE] From peer 1: 2048 bytes
[MESSAGE] From peer 1: 2048 bytes
[MESSAGE] From peer 1: 2048 bytes
[MESSAGE] From peer 1: 2048 bytes
[MESSAGE] From peer 1: 2048 bytes
[MESSAGE] From peer 1: 2048 bytes
[MESSAGE] From peer 1: 2048 bytes
[MESSAGE] From peer 1: 2048 bytes
[MESSAGE] From peer 1: 2048 bytes
[MESSAGE] From peer 1: 2048 bytes
[MESSAGE] From peer 1: 2048 bytes
[MESSAGE] From peer 1: 2048 bytes
[MESSAGE] From peer 1: 2048 bytes
[MESSAGE] From peer 1: 2048 bytes
[MESSAGE] From peer 1: 2048 bytes
[MESSAGE] From peer 1: 2048 bytes
[MESSAGE] From peer 1: 2048 bytes
[MESSAGE] From peer 1: 2048 bytes
[MESSAGE] From peer 1: 2048 bytes
[MESSAGE] From peer 1: 2048 bytes
[MESSAGE] From peer 1: 2048 bytes
[MESSAGE] From peer 1: 2048 bytes
[MESSAGE] From peer 1: 2048 bytes
[MESSAGE] From peer 1: 2048 bytes
[MESSAGE] From peer 1: 2048 bytes
[MESSAGE] From peer 1: 2048 bytes
[MESSAGE] From peer 1: 2048 bytes
[MESSAGE] From peer 1: 2048 bytes
[MESSAGE] From peer 1: 2048 bytes
[MESSAGE] From peer 1: 2048 bytes
[MESSAGE] From peer 1: 2048 bytes
[MESSAGE] From peer 1: 2048 bytes
[MESSAGE] From peer 1: 2048 bytes
[MESSAGE] From peer 1: 2048 bytes
[MESSAGE] From peer 1: 2048 bytes
[MESSAGE] From peer 1: 2048 bytes
[MESSAGE] From peer 1: 2048 bytes
[MESSAGE] From peer 1: 2048 bytes
[MESSAGE] From peer 1: 2048 bytes
[MESSAGE] From peer 1: 2048 bytes
[MESSAGE] From peer 1: 2048 bytes
[MESSAGE] From peer 1: 2048 bytes
[MESSAGE] From peer 1: 2048 bytes
[ECHO] 13400 messages echoed
[MESSAGE] From peer 1: 2048 bytes
[MESSAGE] From peer 1: 2048 bytes
[MESSAGE] From peer 1: 2048 bytes
[MESSAGE] From peer 1: 2048 bytes
[MESSAGE] From peer 1: 2048 bytes
[MESSAGE] From peer 1: 2048 bytes
[MESSAGE] From peer 1: 2048 bytes
[MESSAGE] From peer 1: 2048 bytes
[MESSAGE] From peer 1: 2048 bytes
[MESSAGE] From peer 1: 2048 bytes
[MESSAGE] From peer 1: 2048 bytes
[MESSAGE] From peer 1: 2048 bytes
[MESSAGE] From peer 1: 2048 bytes
[MESSAGE] From peer 1: 2048 bytes
[MESSAGE] From peer 1: 2048 bytes
[MESSAGE] From peer 1: 2048 bytes
[MESSAGE] From peer 1: 2048 bytes
[MESSAGE] From peer 1: 2048 bytes
[MESSAGE] From peer 1: 2048 bytes
[MESSAGE] From peer 1: 2048 bytes
[STATUS] 3200 sec: peers=16, msgs=13425, connected=yes
[MESSAGE] From peer 1: 2048 bytes
[MESSAGE] From peer 1: 2048 bytes
[MESSAGE] From peer 1: 2048 bytes
[MESSAGE] From peer 1: 2048 bytes
[MESSAGE] From peer 1: 2048 bytes
[MESSAGE] From peer 1: 2048 bytes
[MESSAGE] From peer 1: 2048 bytes
[MESSAGE] From peer 1: 2048 bytes
[MESSAGE] From peer 1: 2048 bytes
[MESSAGE] From peer 1: 2048 bytes
[MESSAGE] From peer 1: 2048 bytes
[MESSAGE] From peer 1: 2048 bytes
[MESSAGE] From peer 1: 2048 bytes
[MESSAGE] From peer 1: 2048 bytes
[MESSAGE] From peer 1: 2048 bytes
[MESSAGE] From peer 1: 2048 bytes
[MESSAGE] From peer 1: 2048 bytes
[MESSAGE] From peer 1: 2048 bytes
[MESSAGE] From peer 1: 2048 bytes
[MESSAGE] From peer 1: 2048 bytes
[MESSAGE] From peer 1: 2048 bytes
[MESSAGE] From peer 1: 2048 bytes
[MESSAGE] From peer 1: 2048 bytes
[MESSAGE] From peer 1: 2048 bytes
[MESSAGE] From peer 1: 2048 bytes
[MESSAGE] From peer 1: 2048 bytes
[MESSAGE] From peer 1: 2048 bytes
[MESSAGE] From peer 1: 2048 bytes
[MESSAGE] From peer 1: 2048 bytes
[MESSAGE] From peer 1: 2048 bytes
[MESSAGE] From peer 1: 2048 bytes
[MESSAGE] From peer 1: 2048 bytes
[MESSAGE] From peer 1: 2048 bytes
[MESSAGE] From peer 1: 2048 bytes
[MESSAGE] From peer 1: 2048 bytes
[MESSAGE] From peer 1: 2048 bytes
[MESSAGE] From peer 1: 2048 bytes
[MESSAGE] From peer 1: 2048 bytes
[MESSAGE] From peer 1: 2048 bytes
[MESSAGE] From peer 1: 2048 bytes
[MESSAGE] From peer 1: 2048 bytes
[MESSAGE] From peer 1: 2048 bytes
[MESSAGE] From peer 1: 2048 bytes
[MESSAGE] From peer 1: 2048 bytes
[MESSAGE] From peer 1: 2048 bytes
[MESSAGE] From peer 1: 2048 bytes
[MESSAGE] From peer 1: 2048 bytes
[MESSAGE] From peer 1: 2048 bytes
[MESSAGE] From peer 1: 2048 bytes
[MESSAGE] From peer 1: 2048 bytes
[MESSAGE] From peer 1: 2048 bytes
[MESSAGE] From peer 1: 2048 bytes
[MESSAGE] From peer 1: 2048 bytes
[MESSAGE] From peer 1: 2048 bytes
[MESSAGE] From peer 1: 2048 bytes
[MESSAGE] From peer 1: 2048 bytes
[MESSAGE] From peer 1: 2048 bytes
[MESSAGE] From peer 1: 2048 bytes
[MESSAGE] From peer 1: 2048 bytes
[MESSAGE] From peer 1: 2048 bytes
[MESSAGE] From peer 1: 2048 bytes
[MESSAGE] From peer 1: 2048 bytes
[MESSAGE] From peer 1: 2048 bytes
[MESSAGE] From peer 1: 2048 bytes
[MESSAGE] From peer 1: 2048 bytes
[MESSAGE] From peer 1: 2048 bytes
[MESSAGE] From peer 1: 2048 bytes
[MESSAGE] From peer 1: 2048 bytes
[MESSAGE] From peer 1: 2048 bytes
[MESSAGE] From peer 1: 2048 bytes
[MESSAGE] From peer 1: 2048 bytes
[MESSAGE] From peer 1: 2048 bytes
[MESSAGE] From peer 1: 2048 bytes
[MESSAGE] From peer 1: 2048 bytes
[MESSAGE] From peer 1: 2048 bytes
[MESSAGE] From peer 1: 2048 bytes
[MESSAGE] From peer 1: 2048 bytes
[MESSAGE] From peer 1: 2048 bytes
[MESSAGE] From peer 1: 2048 bytes
[MESSAGE] From peer 1: 2048 bytes
[ECHO] 13500 messages echoed
[MESSAGE] From peer 1: 2048 bytes
[MESSAGE] From peer 1: 2048 bytes
[MESSAGE] From peer 1: 2048 bytes
[MESSAGE] From peer 1: 2048 bytes
[MESSAGE] From peer 1: 2048 bytes
[MESSAGE] From peer 1: 2048 bytes
[MESSAGE] From peer 1: 2048 bytes
[MESSAGE] From peer 1: 2048 bytes
[MESSAGE] From peer 1: 2048 bytes
[MESSAGE] From peer 1: 2048 bytes
[MESSAGE] From peer 1: 2048 bytes
[MESSAGE] From peer 1: 2048 bytes
[MESSAGE] From peer 1: 2048 bytes
[MESSAGE] From peer 1: 2048 bytes
[MESSAGE] From peer 1: 2048 bytes
[MESSAGE] From peer 1: 2048 bytes
[MESSAGE] From peer 1: 2048 bytes
[MESSAGE] From peer 1: 2048 bytes
[MESSAGE] From peer 1: 2048 bytes
[MESSAGE] From peer 1: 2048 bytes
[MESSAGE] From peer 1: 2048 bytes
[MESSAGE] From peer 1: 2048 bytes
[MESSAGE] From peer 1: 2048 bytes
[MESSAGE] From peer 1: 2048 bytes
[MESSAGE] From peer 1: 2048 bytes
[MESSAGE] From peer 1: 2048 bytes
[MESSAGE] From peer 1: 2048 bytes
[MESSAGE] From peer 1: 2048 bytes
[MESSAGE] From peer 1: 2048 bytes
[MESSAGE] From peer 1: 2048 bytes
[MESSAGE] From peer 1: 2048 bytes
[MESSAGE] From peer 1: 2048 bytes
[MESSAGE] From peer 1: 2048 bytes
[MESSAGE] From peer 1: 2048 bytes
[MESSAGE] From peer 1: 2048 bytes
[MESSAGE] From peer 1: 2048 bytes
[MESSAGE] From peer 1: 2048 bytes
[MESSAGE] From peer 1: 2048 bytes
[MESSAGE] From peer 1: 2048 bytes
[MESSAGE] From peer 1: 2048 bytes
[MESSAGE] From peer 1: 2048 bytes
[MESSAGE] From peer 1: 2048 bytes
[MESSAGE] From peer 1: 2048 bytes
[MESSAGE] From peer 1: 2048 bytes
[MESSAGE] From peer 1: 2048 bytes
[MESSAGE] From peer 1: 2048 bytes
[MESSAGE] From peer 1: 2048 bytes
[MESSAGE] From peer 1: 2048 bytes
[MESSAGE] From peer 1: 2048 bytes
[DISCOVERED] Peer 2: "MacThroughput" at 10.188.1.213:7354
[MESSAGE] From peer 1: 2048 bytes
[MESSAGE] From peer 1: 2048 bytes
[MESSAGE] From peer 1: 2048 bytes
[MESSAGE] From peer 1: 2048 bytes
[MESSAGE] From peer 1: 2048 bytes
[MESSAGE] From peer 1: 2048 bytes
[MESSAGE] From peer 1: 2048 bytes
[MESSAGE] From peer 1: 2048 bytes
[MESSAGE] From peer 1: 2048 bytes
[MESSAGE] From peer 1: 2048 bytes
[MESSAGE] From peer 1: 2048 bytes
[MESSAGE] From peer 1: 2048 bytes
[MESSAGE] From peer 1: 2048 bytes
[MESSAGE] From peer 1: 2048 bytes
[MESSAGE] From peer 1: 2048 bytes
[MESSAGE] From peer 1: 2048 bytes
[MESSAGE] From peer 1: 2048 bytes
[MESSAGE] From peer 1: 2048 bytes
[MESSAGE] From peer 1: 2048 bytes
[MESSAGE] From peer 1: 2048 bytes
[MESSAGE] From peer 1: 2048 bytes
[MESSAGE] From peer 1: 2048 bytes
[MESSAGE] From peer 1: 2048 bytes
[MESSAGE] From peer 1: 2048 bytes
[MESSAGE] From peer 1: 2048 bytes
[MESSAGE] From peer 1: 2048 bytes
[MESSAGE] From peer 1: 2048 bytes
[MESSAGE] From peer 1: 2048 bytes
[MESSAGE] From peer 1: 2048 bytes
[MESSAGE] From peer 1: 2048 bytes
[MESSAGE] From peer 1: 2048 bytes
[MESSAGE] From peer 1: 2048 bytes
[MESSAGE] From peer 1: 2048 bytes
[MESSAGE] From peer 1: 2048 bytes
[MESSAGE] From peer 1: 2048 bytes
[MESSAGE] From peer 1: 2048 bytes
[MESSAGE] From peer 1: 2048 bytes
[MESSAGE] From peer 1: 2048 bytes
[MESSAGE] From peer 1: 2048 bytes
[MESSAGE] From peer 1: 2048 bytes
[MESSAGE] From peer 1: 2048 bytes
[MESSAGE] From peer 1: 2048 bytes
[MESSAGE] From peer 1: 2048 bytes
[MESSAGE] From peer 1: 2048 bytes
[MESSAGE] From peer 1: 2048 bytes
[MESSAGE] From peer 1: 2048 bytes
[MESSAGE] From peer 1: 2048 bytes
[MESSAGE] From peer 1: 2048 bytes
[MESSAGE] From peer 1: 2048 bytes
[MESSAGE] From peer 1: 2048 bytes
[MESSAGE] From peer 1: 2048 bytes
[ECHO] 13600 messages echoed
[MESSAGE] From peer 1: 2048 bytes
[MESSAGE] From peer 1: 2048 bytes
[MESSAGE] From peer 1: 2048 bytes
[MESSAGE] From peer 1: 2048 bytes
[MESSAGE] From peer 1: 2048 bytes
[MESSAGE] From peer 1: 2048 bytes
[MESSAGE] From peer 1: 2048 bytes
[MESSAGE] From peer 1: 2048 bytes
[MESSAGE] From peer 1: 2048 bytes
[MESSAGE] From peer 1: 2048 bytes
[MESSAGE] From peer 1: 2048 bytes
[MESSAGE] From peer 1: 2048 bytes
[MESSAGE] From peer 1: 2048 bytes
[MESSAGE] From peer 1: 2048 bytes
[MESSAGE] From peer 1: 2048 bytes
[MESSAGE] From peer 1: 2048 bytes
[MESSAGE] From peer 1: 2048 bytes
[MESSAGE] From peer 1: 2048 bytes
[MESSAGE] From peer 1: 2048 bytes
[MESSAGE] From peer 1: 2048 bytes
[MESSAGE] From peer 1: 2048 bytes
[MESSAGE] From peer 1: 2048 bytes
[MESSAGE] From peer 1: 2048 bytes
[MESSAGE] From peer 1: 2048 bytes
[MESSAGE] From peer 1: 2048 bytes
[MESSAGE] From peer 1: 2048 bytes
[MESSAGE] From peer 1: 2048 bytes
[MESSAGE] From peer 1: 2048 bytes
[MESSAGE] From peer 1: 2048 bytes
[MESSAGE] From peer 1: 2048 bytes
[MESSAGE] From peer 1: 2048 bytes
[MESSAGE] From peer 1: 2048 bytes
[MESSAGE] From peer 1: 2048 bytes
[MESSAGE] From peer 1: 2048 bytes
[MESSAGE] From peer 1: 2048 bytes
[MESSAGE] From peer 1: 2048 bytes
[MESSAGE] From peer 1: 2048 bytes
[MESSAGE] From peer 1: 2048 bytes
[MESSAGE] From peer 1: 2048 bytes
[MESSAGE] From peer 1: 2048 bytes
[MESSAGE] From peer 1: 2048 bytes
[MESSAGE] From peer 1: 2048 bytes
[MESSAGE] From peer 1: 2048 bytes
[MESSAGE] From peer 1: 2048 bytes
[MESSAGE] From peer 1: 2048 bytes
[MESSAGE] From peer 1: 2048 bytes
[MESSAGE] From peer 1: 2048 bytes
[MESSAGE] From peer 1: 2048 bytes
[MESSAGE] From peer 1: 2048 bytes
[MESSAGE] From peer 1: 2048 bytes
[MESSAGE] From peer 1: 2048 bytes
[MESSAGE] From peer 1: 2048 bytes
[MESSAGE] From peer 1: 2048 bytes
[MESSAGE] From peer 1: 2048 bytes
[MESSAGE] From peer 1: 2048 bytes
[MESSAGE] From peer 1: 2048 bytes
[MESSAGE] From peer 1: 2048 bytes
[MESSAGE] From peer 1: 2048 bytes
[MESSAGE] From peer 1: 2048 bytes
[MESSAGE] From peer 1: 2048 bytes
[MESSAGE] From peer 1: 2048 bytes
[MESSAGE] From peer 1: 2048 bytes
[MESSAGE] From peer 1: 2048 bytes
[MESSAGE] From peer 1: 2048 bytes
[MESSAGE] From peer 1: 2048 bytes
[MESSAGE] From peer 1: 2048 bytes
[MESSAGE] From peer 1: 2048 bytes
[MESSAGE] From peer 1: 2048 bytes
[MESSAGE] From peer 1: 2048 bytes
[MESSAGE] From peer 1: 2048 bytes
[MESSAGE] From peer 1: 2048 bytes
[MESSAGE] From peer 1: 2048 bytes
[MESSAGE] From peer 1: 2048 bytes
[MESSAGE] From peer 1: 2048 bytes
[MESSAGE] From peer 1: 2048 bytes
[MESSAGE] From peer 1: 2048 bytes
[MESSAGE] From peer 1: 2048 bytes
[MESSAGE] From peer 1: 2048 bytes
[MESSAGE] From peer 1: 2048 bytes
[MESSAGE] From peer 1: 2048 bytes
[MESSAGE] From peer 1: 2048 bytes
[MESSAGE] From peer 1: 2048 bytes
[MESSAGE] From peer 1: 2048 bytes
[MESSAGE] From peer 1: 2048 bytes
[MESSAGE] From peer 1: 2048 bytes
[MESSAGE] From peer 1: 2048 bytes
[MESSAGE] From peer 1: 2048 bytes
[MESSAGE] From peer 1: 2048 bytes
[MESSAGE] From peer 1: 2048 bytes
[MESSAGE] From peer 1: 2048 bytes
[MESSAGE] From peer 1: 2048 bytes
[MESSAGE] From peer 1: 2048 bytes
[MESSAGE] From peer 1: 2048 bytes
[MESSAGE] From peer 1: 2048 bytes
[MESSAGE] From peer 1: 2048 bytes
[MESSAGE] From peer 1: 2048 bytes
[MESSAGE] From peer 1: 2048 bytes
[MESSAGE] From peer 1: 2048 bytes
[MESSAGE] From peer 1: 2048 bytes
[MESSAGE] From peer 1: 2048 bytes
[ECHO] 13700 messages echoed
[MESSAGE] From peer 1: 2048 bytes
[MESSAGE] From peer 1: 2048 bytes
[MESSAGE] From peer 1: 2048 bytes
[MESSAGE] From peer 1: 2048 bytes
[MESSAGE] From peer 1: 2048 bytes
[MESSAGE] From peer 1: 2048 bytes
[MESSAGE] From peer 1: 2048 bytes
[MESSAGE] From peer 1: 2048 bytes
[MESSAGE] From peer 1: 2048 bytes
[MESSAGE] From peer 1: 2048 bytes
[MESSAGE] From peer 1: 2048 bytes
[MESSAGE] From peer 1: 2048 bytes
[MESSAGE] From peer 1: 2048 bytes
[MESSAGE] From peer 1: 2048 bytes
[MESSAGE] From peer 1: 2048 bytes
[MESSAGE] From peer 1: 2048 bytes
[MESSAGE] From peer 1: 2048 bytes
[MESSAGE] From peer 1: 2048 bytes
[MESSAGE] From peer 1: 2048 bytes
[MESSAGE] From peer 1: 2048 bytes
[MESSAGE] From peer 1: 2048 bytes
[MESSAGE] From peer 1: 2048 bytes
[MESSAGE] From peer 1: 2048 bytes
[MESSAGE] From peer 1: 2048 bytes
[MESSAGE] From peer 1: 2048 bytes
[MESSAGE] From peer 1: 2048 bytes
[MESSAGE] From peer 1: 2048 bytes
[MESSAGE] From peer 1: 2048 bytes
[MESSAGE] From peer 1: 2048 bytes
[MESSAGE] From peer 1: 2048 bytes
[MESSAGE] From peer 1: 2048 bytes
[MESSAGE] From peer 1: 2048 bytes
[MESSAGE] From peer 1: 2048 bytes
[MESSAGE] From peer 1: 2048 bytes
[MESSAGE] From peer 1: 2048 bytes
[MESSAGE] From peer 1: 2048 bytes
[MESSAGE] From peer 1: 2048 bytes
[MESSAGE] From peer 1: 2048 bytes
[MESSAGE] From peer 1: 2048 bytes
[MESSAGE] From peer 1: 2048 bytes
[MESSAGE] From peer 1: 2048 bytes
[MESSAGE] From peer 1: 2048 bytes
[MESSAGE] From peer 1: 2048 bytes
[MESSAGE] From peer 1: 2048 bytes
[MESSAGE] From peer 1: 2048 bytes
[MESSAGE] From peer 1: 2048 bytes
[MESSAGE] From peer 1: 2048 bytes
[MESSAGE] From peer 1: 2048 bytes
[MESSAGE] From peer 1: 2048 bytes
[MESSAGE] From peer 1: 2048 bytes
[MESSAGE] From peer 1: 2048 bytes
[MESSAGE] From peer 1: 2048 bytes
[MESSAGE] From peer 1: 2048 bytes
[MESSAGE] From peer 1: 2048 bytes
[MESSAGE] From peer 1: 2048 bytes
[MESSAGE] From peer 1: 2048 bytes
[MESSAGE] From peer 1: 2048 bytes
[MESSAGE] From peer 1: 2048 bytes
[MESSAGE] From peer 1: 2048 bytes
[MESSAGE] From peer 1: 2048 bytes
[MESSAGE] From peer 1: 2048 bytes
[MESSAGE] From peer 1: 2048 bytes
[MESSAGE] From peer 1: 2048 bytes
[MESSAGE] From peer 1: 2048 bytes
[MESSAGE] From peer 1: 2048 bytes
[MESSAGE] From peer 1: 2048 bytes
[MESSAGE] From peer 1: 2048 bytes
[MESSAGE] From peer 1: 2048 bytes
[MESSAGE] From peer 1: 2048 bytes
[MESSAGE] From peer 1: 2048 bytes
[MESSAGE] From peer 1: 2048 bytes
[MESSAGE] From peer 1: 2048 bytes
[MESSAGE] From peer 1: 2048 bytes
[MESSAGE] From peer 1: 2048 bytes
[MESSAGE] From peer 1: 2048 bytes
[MESSAGE] From peer 1: 2048 bytes
[MESSAGE] From peer 1: 2048 bytes
[MESSAGE] From peer 1: 2048 bytes
[MESSAGE] From peer 1: 2048 bytes
[MESSAGE] From peer 1: 2048 bytes
[MESSAGE] From peer 1: 2048 bytes
[MESSAGE] From peer 1: 2048 bytes
[MESSAGE] From peer 1: 2048 bytes
[MESSAGE] From peer 1: 2048 bytes
[MESSAGE] From peer 1: 2048 bytes
[MESSAGE] From peer 1: 2048 bytes
[MESSAGE] From peer 1: 2048 bytes
[MESSAGE] From peer 1: 2048 bytes
[MESSAGE] From peer 1: 2048 bytes
[MESSAGE] From peer 1: 2048 bytes
[MESSAGE] From peer 1: 2048 bytes
[MESSAGE] From peer 1: 2048 bytes
[MESSAGE] From peer 1: 2048 bytes
[MESSAGE] From peer 1: 2048 bytes
[MESSAGE] From peer 1: 2048 bytes
[MESSAGE] From peer 1: 2048 bytes
[MESSAGE] From peer 1: 2048 bytes
[MESSAGE] From peer 1: 2048 bytes
[MESSAGE] From peer 1: 2048 bytes
[MESSAGE] From peer 1: 2048 bytes
[ECHO] 13800 messages echoed
[MESSAGE] From peer 1: 2048 bytes
[MESSAGE] From peer 1: 2048 bytes
[MESSAGE] From peer 1: 2048 bytes
[MESSAGE] From peer 1: 2048 bytes
[MESSAGE] From peer 1: 2048 bytes
[MESSAGE] From peer 1: 2048 bytes
[MESSAGE] From peer 1: 2048 bytes
[MESSAGE] From peer 1: 2048 bytes
[MESSAGE] From peer 1: 2048 bytes
[MESSAGE] From peer 1: 2048 bytes
[MESSAGE] From peer 1: 2048 bytes
[MESSAGE] From peer 1: 2048 bytes
[MESSAGE] From peer 1: 2048 bytes
[MESSAGE] From peer 1: 2048 bytes
[MESSAGE] From peer 1: 2048 bytes
[MESSAGE] From peer 1: 2048 bytes
[MESSAGE] From peer 1: 2048 bytes
[MESSAGE] From peer 1: 2048 bytes
[MESSAGE] From peer 1: 2048 bytes
[MESSAGE] From peer 1: 2048 bytes
[MESSAGE] From peer 1: 2048 bytes
[MESSAGE] From peer 1: 2048 bytes
[MESSAGE] From peer 1: 2048 bytes
[MESSAGE] From peer 1: 2048 bytes
[MESSAGE] From peer 1: 2048 bytes
[MESSAGE] From peer 1: 2048 bytes
[MESSAGE] From peer 1: 2048 bytes
[MESSAGE] From peer 1: 2048 bytes
[MESSAGE] From peer 1: 2048 bytes
[MESSAGE] From peer 1: 2048 bytes
[MESSAGE] From peer 1: 2048 bytes
[MESSAGE] From peer 1: 2048 bytes
[MESSAGE] From peer 1: 2048 bytes
[MESSAGE] From peer 1: 2048 bytes
[MESSAGE] From peer 1: 2048 bytes
[MESSAGE] From peer 1: 2048 bytes
[MESSAGE] From peer 1: 2048 bytes
[MESSAGE] From peer 1: 2048 bytes
[MESSAGE] From peer 1: 2048 bytes
[MESSAGE] From peer 1: 2048 bytes
[MESSAGE] From peer 1: 2048 bytes
[MESSAGE] From peer 1: 2048 bytes
[MESSAGE] From peer 1: 2048 bytes
[MESSAGE] From peer 1: 2048 bytes
[MESSAGE] From peer 1: 2048 bytes
[MESSAGE] From peer 1: 2048 bytes
[MESSAGE] From peer 1: 2048 bytes
[MESSAGE] From peer 1: 2048 bytes
[MESSAGE] From peer 1: 2048 bytes
[MESSAGE] From peer 1: 2048 bytes
[MESSAGE] From peer 1: 2048 bytes
[MESSAGE] From peer 1: 2048 bytes
[MESSAGE] From peer 1: 2048 bytes
[MESSAGE] From peer 1: 2048 bytes
[MESSAGE] From peer 1: 2048 bytes
[MESSAGE] From peer 1: 2048 bytes
[MESSAGE] From peer 1: 2048 bytes
[MESSAGE] From peer 1: 2048 bytes
[MESSAGE] From peer 1: 2048 bytes
[MESSAGE] From peer 1: 2048 bytes
[MESSAGE] From peer 1: 2048 bytes
[MESSAGE] From peer 1: 2048 bytes
[MESSAGE] From peer 1: 2048 bytes
[MESSAGE] From peer 1: 2048 bytes
[MESSAGE] From peer 1: 2048 bytes
[MESSAGE] From peer 1: 2048 bytes
[MESSAGE] From peer 1: 2048 bytes
[MESSAGE] From peer 1: 2048 bytes
[MESSAGE] From peer 1: 2048 bytes
[MESSAGE] From peer 1: 2048 bytes
[MESSAGE] From peer 1: 2048 bytes
[MESSAGE] From peer 1: 2048 bytes
[MESSAGE] From peer 1: 2048 bytes
[MESSAGE] From peer 1: 2048 bytes
[MESSAGE] From peer 1: 2048 bytes
[MESSAGE] From peer 1: 2048 bytes
[MESSAGE] From peer 1: 2048 bytes
[MESSAGE] From peer 1: 2048 bytes
[MESSAGE] From peer 1: 2048 bytes
[MESSAGE] From peer 1: 2048 bytes
[MESSAGE] From peer 1: 2048 bytes
[MESSAGE] From peer 1: 2048 bytes
[MESSAGE] From peer 1: 2048 bytes
[MESSAGE] From peer 1: 2048 bytes
[MESSAGE] From peer 1: 2048 bytes
[MESSAGE] From peer 1: 2048 bytes
[MESSAGE] From peer 1: 2048 bytes
[MESSAGE] From peer 1: 2048 bytes
[MESSAGE] From peer 1: 2048 bytes
[MESSAGE] From peer 1: 2048 bytes
[MESSAGE] From peer 1: 2048 bytes
[MESSAGE] From peer 1: 2048 bytes
[MESSAGE] From peer 1: 2048 bytes
[MESSAGE] From peer 1: 2048 bytes
[MESSAGE] From peer 1: 2048 bytes
[MESSAGE] From peer 1: 2048 bytes
[MESSAGE] From peer 1: 2048 bytes
[MESSAGE] From peer 1: 2048 bytes
[MESSAGE] From peer 1: 2048 bytes
[MESSAGE] From peer 1: 2048 bytes
[ECHO] 13900 messages echoed
[MESSAGE] From peer 1: 2048 bytes
[MESSAGE] From peer 1: 2048 bytes
[MESSAGE] From peer 1: 2048 bytes
[MESSAGE] From peer 1: 2048 bytes
[MESSAGE] From peer 1: 2048 bytes
[MESSAGE] From peer 1: 2048 bytes
[MESSAGE] From peer 1: 2048 bytes
[MESSAGE] From peer 1: 2048 bytes
[MESSAGE] From peer 1: 2048 bytes
[MESSAGE] From peer 1: 2048 bytes
[MESSAGE] From peer 1: 2048 bytes
[MESSAGE] From peer 1: 2048 bytes
[MESSAGE] From peer 1: 2048 bytes
[MESSAGE] From peer 1: 2048 bytes
[MESSAGE] From peer 1: 2048 bytes
[STATUS] 3210 sec: peers=17, msgs=13920, connected=yes
[MESSAGE] From peer 1: 2048 bytes
[MESSAGE] From peer 1: 2048 bytes
[MESSAGE] From peer 1: 2048 bytes
[MESSAGE] From peer 1: 2048 bytes
[MESSAGE] From peer 1: 2048 bytes
[MESSAGE] From peer 1: 2048 bytes
[MESSAGE] From peer 1: 2048 bytes
[MESSAGE] From peer 1: 2048 bytes
[MESSAGE] From peer 1: 2048 bytes
[MESSAGE] From peer 1: 2048 bytes
[MESSAGE] From peer 1: 2048 bytes
[MESSAGE] From peer 1: 2048 bytes
[MESSAGE] From peer 1: 2048 bytes
[MESSAGE] From peer 1: 2048 bytes
[MESSAGE] From peer 1: 2048 bytes
[MESSAGE] From peer 1: 2048 bytes
[MESSAGE] From peer 1: 2048 bytes
[MESSAGE] From peer 1: 2048 bytes
[MESSAGE] From peer 1: 2048 bytes
[MESSAGE] From peer 1: 2048 bytes
[MESSAGE] From peer 1: 2048 bytes
[MESSAGE] From peer 1: 2048 bytes
[MESSAGE] From peer 1: 2048 bytes
[MESSAGE] From peer 1: 2048 bytes
[MESSAGE] From peer 1: 2048 bytes
[MESSAGE] From peer 1: 2048 bytes
[MESSAGE] From peer 1: 2048 bytes
[MESSAGE] From peer 1: 2048 bytes
[MESSAGE] From peer 1: 2048 bytes
[MESSAGE] From peer 1: 2048 bytes
[MESSAGE] From peer 1: 2048 bytes
[MESSAGE] From peer 1: 2048 bytes
[MESSAGE] From peer 1: 2048 bytes
[MESSAGE] From peer 1: 2048 bytes
[MESSAGE] From peer 1: 2048 bytes
[MESSAGE] From peer 1: 2048 bytes
[MESSAGE] From peer 1: 2048 bytes
[MESSAGE] From peer 1: 2048 bytes
[MESSAGE] From peer 1: 2048 bytes
[MESSAGE] From peer 1: 2048 bytes
[MESSAGE] From peer 1: 2048 bytes
[MESSAGE] From peer 1: 2048 bytes
[MESSAGE] From peer 1: 2048 bytes
[MESSAGE] From peer 1: 2048 bytes
[MESSAGE] From peer 1: 2048 bytes
[MESSAGE] From peer 1: 2048 bytes
[MESSAGE] From peer 1: 2048 bytes
[MESSAGE] From peer 1: 2048 bytes
[MESSAGE] From peer 1: 2048 bytes
[MESSAGE] From peer 1: 2048 bytes
[MESSAGE] From peer 1: 2048 bytes
[MESSAGE] From peer 1: 2048 bytes
[MESSAGE] From peer 1: 2048 bytes
[MESSAGE] From peer 1: 2048 bytes
[MESSAGE] From peer 1: 2048 bytes
[MESSAGE] From peer 1: 2048 bytes
[MESSAGE] From peer 1: 2048 bytes
[MESSAGE] From peer 1: 2048 bytes
[MESSAGE] From peer 1: 2048 bytes
[MESSAGE] From peer 1: 2048 bytes
[MESSAGE] From peer 1: 2048 bytes
[MESSAGE] From peer 1: 2048 bytes
[MESSAGE] From peer 1: 2048 bytes
[MESSAGE] From peer 1: 2048 bytes
[MESSAGE] From peer 1: 2048 bytes
[MESSAGE] From peer 1: 2048 bytes
[MESSAGE] From peer 1: 2048 bytes
[MESSAGE] From peer 1: 2048 bytes
[MESSAGE] From peer 1: 2048 bytes
[MESSAGE] From peer 1: 2048 bytes
[MESSAGE] From peer 1: 2048 bytes
[MESSAGE] From peer 1: 2048 bytes
[MESSAGE] From peer 1: 2048 bytes
[MESSAGE] From peer 1: 2048 bytes
[MESSAGE] From peer 1: 2048 bytes
[MESSAGE] From peer 1: 2048 bytes
[MESSAGE] From peer 1: 2048 bytes
[MESSAGE] From peer 1: 2048 bytes
[MESSAGE] From peer 1: 2048 bytes
[MESSAGE] From peer 1: 2048 bytes
[MESSAGE] From peer 1: 2048 bytes
[MESSAGE] From peer 1: 2048 bytes
[MESSAGE] From peer 1: 2048 bytes
[MESSAGE] From peer 1: 2048 bytes
[MESSAGE] From peer 1: 2048 bytes
[ECHO] 14000 messages echoed
[MESSAGE] From peer 1: 2048 bytes
[MESSAGE] From peer 1: 2048 bytes
[MESSAGE] From peer 1: 2048 bytes
[MESSAGE] From peer 1: 2048 bytes
[MESSAGE] From peer 1: 2048 bytes
[MESSAGE] From peer 1: 2048 bytes
[MESSAGE] From peer 1: 2048 bytes
[MESSAGE] From peer 1: 2048 bytes
[MESSAGE] From peer 1: 2048 bytes
[MESSAGE] From peer 1: 2048 bytes
[MESSAGE] From peer 1: 2048 bytes
[MESSAGE] From peer 1: 2048 bytes
[MESSAGE] From peer 1: 2048 bytes
[MESSAGE] From peer 1: 2048 bytes
[MESSAGE] From peer 1: 2048 bytes
[MESSAGE] From peer 1: 2048 bytes
[MESSAGE] From peer 1: 2048 bytes
[MESSAGE] From peer 1: 2048 bytes
[MESSAGE] From peer 1: 2048 bytes
[MESSAGE] From peer 1: 2048 bytes
[MESSAGE] From peer 1: 2048 bytes
[MESSAGE] From peer 1: 2048 bytes
[MESSAGE] From peer 1: 2048 bytes
[MESSAGE] From peer 1: 2048 bytes
[MESSAGE] From peer 1: 2048 bytes
[MESSAGE] From peer 1: 2048 bytes
[MESSAGE] From peer 1: 2048 bytes
[MESSAGE] From peer 1: 2048 bytes
[MESSAGE] From peer 1: 2048 bytes
[MESSAGE] From peer 1: 2048 bytes
[MESSAGE] From peer 1: 2048 bytes
[MESSAGE] From peer 1: 2048 bytes
[MESSAGE] From peer 1: 2048 bytes
[MESSAGE] From peer 1: 2048 bytes
[MESSAGE] From peer 1: 2048 bytes
[MESSAGE] From peer 1: 2048 bytes
[MESSAGE] From peer 1: 2048 bytes
[MESSAGE] From peer 1: 2048 bytes
[MESSAGE] From peer 1: 2048 bytes
[MESSAGE] From peer 1: 2048 bytes
[MESSAGE] From peer 1: 2048 bytes
[MESSAGE] From peer 1: 2048 bytes
[MESSAGE] From peer 1: 2048 bytes
[MESSAGE] From peer 1: 2048 bytes
[MESSAGE] From peer 1: 2048 bytes
[MESSAGE] From peer 1: 2048 bytes
[MESSAGE] From peer 1: 2048 bytes
[MESSAGE] From peer 1: 2048 bytes
[MESSAGE] From peer 1: 2048 bytes
[MESSAGE] From peer 1: 2048 bytes
[MESSAGE] From peer 1: 2048 bytes
[MESSAGE] From peer 1: 2048 bytes
[MESSAGE] From peer 1: 2048 bytes
[MESSAGE] From peer 1: 2048 bytes
[MESSAGE] From peer 1: 2048 bytes
[MESSAGE] From peer 1: 2048 bytes
[MESSAGE] From peer 1: 2048 bytes
[MESSAGE] From peer 1: 2048 bytes
[MESSAGE] From peer 1: 2048 bytes
[MESSAGE] From peer 1: 2048 bytes
[MESSAGE] From peer 1: 2048 bytes
[MESSAGE] From peer 1: 2048 bytes
[MESSAGE] From peer 1: 2048 bytes
[MESSAGE] From peer 1: 2048 bytes
[MESSAGE] From peer 1: 2048 bytes
[MESSAGE] From peer 1: 2048 bytes
[MESSAGE] From peer 1: 2048 bytes
[MESSAGE] From peer 1: 2048 bytes
[MESSAGE] From peer 1: 2048 bytes
[MESSAGE] From peer 1: 2048 bytes
[MESSAGE] From peer 1: 2048 bytes
[MESSAGE] From peer 1: 2048 bytes
[MESSAGE] From peer 1: 2048 bytes
[MESSAGE] From peer 1: 2048 bytes
[MESSAGE] From peer 1: 2048 bytes
[MESSAGE] From peer 1: 2048 bytes
[MESSAGE] From peer 1: 2048 bytes
[MESSAGE] From peer 1: 2048 bytes
[MESSAGE] From peer 1: 2048 bytes
[MESSAGE] From peer 1: 2048 bytes
[MESSAGE] From peer 1: 2048 bytes
[MESSAGE] From peer 1: 2048 bytes
[MESSAGE] From peer 1: 2048 bytes
[MESSAGE] From peer 1: 2048 bytes
[MESSAGE] From peer 1: 2048 bytes
[MESSAGE] From peer 1: 2048 bytes
[MESSAGE] From peer 1: 2048 bytes
[MESSAGE] From peer 1: 2048 bytes
[MESSAGE] From peer 1: 2048 bytes
[MESSAGE] From peer 1: 2048 bytes
[MESSAGE] From peer 1: 2048 bytes
[MESSAGE] From peer 1: 2048 bytes
[MESSAGE] From peer 1: 2048 bytes
[MESSAGE] From peer 1: 2048 bytes
[MESSAGE] From peer 1: 2048 bytes
[MESSAGE] From peer 1: 2048 bytes
[MESSAGE] From peer 1: 2048 bytes
[MESSAGE] From peer 1: 2048 bytes
[MESSAGE] From peer 1: 2048 bytes
[MESSAGE] From peer 1: 2048 bytes
[ECHO] 14100 messages echoed
[MESSAGE] From peer 1: 2048 bytes
[MESSAGE] From peer 1: 2048 bytes
[MESSAGE] From peer 1: 2048 bytes
[MESSAGE] From peer 1: 2048 bytes
[MESSAGE] From peer 1: 2048 bytes
[MESSAGE] From peer 1: 2048 bytes
[MESSAGE] From peer 1: 2048 bytes
[MESSAGE] From peer 1: 2048 bytes
[MESSAGE] From peer 1: 2048 bytes
[MESSAGE] From peer 1: 2048 bytes
[MESSAGE] From peer 1: 2048 bytes
[MESSAGE] From peer 1: 2048 bytes
[MESSAGE] From peer 1: 2048 bytes
[MESSAGE] From peer 1: 2048 bytes
[MESSAGE] From peer 1: 2048 bytes
[MESSAGE] From peer 1: 2048 bytes
[MESSAGE] From peer 1: 2048 bytes
[MESSAGE] From peer 1: 2048 bytes
[MESSAGE] From peer 1: 2048 bytes
[MESSAGE] From peer 1: 2048 bytes
[MESSAGE] From peer 1: 2048 bytes
[MESSAGE] From peer 1: 2048 bytes
[MESSAGE] From peer 1: 2048 bytes
[MESSAGE] From peer 1: 2048 bytes
[MESSAGE] From peer 1: 2048 bytes
[MESSAGE] From peer 1: 2048 bytes
[MESSAGE] From peer 1: 2048 bytes
[MESSAGE] From peer 1: 2048 bytes
[MESSAGE] From peer 1: 2048 bytes
[MESSAGE] From peer 1: 2048 bytes
[MESSAGE] From peer 1: 2048 bytes
[MESSAGE] From peer 1: 2048 bytes
[MESSAGE] From peer 1: 2048 bytes
[MESSAGE] From peer 1: 2048 bytes
[MESSAGE] From peer 1: 2048 bytes
[MESSAGE] From peer 1: 2048 bytes
[MESSAGE] From peer 1: 2048 bytes
[MESSAGE] From peer 1: 2048 bytes
[MESSAGE] From peer 1: 2048 bytes
[MESSAGE] From peer 1: 2048 bytes
[MESSAGE] From peer 1: 2048 bytes
[MESSAGE] From peer 1: 2048 bytes
[MESSAGE] From peer 1: 2048 bytes
[MESSAGE] From peer 1: 2048 bytes
[MESSAGE] From peer 1: 2048 bytes
[MESSAGE] From peer 1: 2048 bytes
[MESSAGE] From peer 1: 2048 bytes
[MESSAGE] From peer 1: 2048 bytes
[MESSAGE] From peer 1: 2048 bytes
[MESSAGE] From peer 1: 2048 bytes
[MESSAGE] From peer 1: 2048 bytes
[MESSAGE] From peer 1: 2048 bytes
[MESSAGE] From peer 1: 2048 bytes
[MESSAGE] From peer 1: 2048 bytes
[MESSAGE] From peer 1: 2048 bytes
[MESSAGE] From peer 1: 2048 bytes
[MESSAGE] From peer 1: 2048 bytes
[MESSAGE] From peer 1: 2048 bytes
[MESSAGE] From peer 1: 2048 bytes
[MESSAGE] From peer 1: 2048 bytes
[MESSAGE] From peer 1: 2048 bytes
[MESSAGE] From peer 1: 2048 bytes
[MESSAGE] From peer 1: 2048 bytes
[MESSAGE] From peer 1: 2048 bytes
[MESSAGE] From peer 1: 2048 bytes
[MESSAGE] From peer 1: 2048 bytes
[MESSAGE] From peer 1: 2048 bytes
[MESSAGE] From peer 1: 2048 bytes
[MESSAGE] From peer 1: 2048 bytes
[MESSAGE] From peer 1: 2048 bytes
[MESSAGE] From peer 1: 2048 bytes
[MESSAGE] From peer 1: 2048 bytes
[MESSAGE] From peer 1: 2048 bytes
[MESSAGE] From peer 1: 2048 bytes
[MESSAGE] From peer 1: 2048 bytes
[MESSAGE] From peer 1: 2048 bytes
[MESSAGE] From peer 1: 2048 bytes
[MESSAGE] From peer 1: 2048 bytes
[MESSAGE] From peer 1: 2048 bytes
[MESSAGE] From peer 1: 2048 bytes
[MESSAGE] From peer 1: 2048 bytes
[MESSAGE] From peer 1: 2048 bytes
[MESSAGE] From peer 1: 2048 bytes
[MESSAGE] From peer 1: 2048 bytes
[MESSAGE] From peer 1: 2048 bytes
[MESSAGE] From peer 1: 2048 bytes
[MESSAGE] From peer 1: 2048 bytes
[MESSAGE] From peer 1: 2048 bytes
[MESSAGE] From peer 1: 2048 bytes
[MESSAGE] From peer 1: 2048 bytes
[MESSAGE] From peer 1: 2048 bytes
[MESSAGE] From peer 1: 2048 bytes
[MESSAGE] From peer 1: 2048 bytes
[MESSAGE] From peer 1: 2048 bytes
[MESSAGE] From peer 1: 2048 bytes
[MESSAGE] From peer 1: 2048 bytes
[MESSAGE] From peer 1: 2048 bytes
[MESSAGE] From peer 1: 2048 bytes
[MESSAGE] From peer 1: 2048 bytes
[MESSAGE] From peer 1: 2048 bytes
[ECHO] 14200 messages echoed
[MESSAGE] From peer 1: 2048 bytes
[MESSAGE] From peer 1: 2048 bytes
[MESSAGE] From peer 1: 2048 bytes
[MESSAGE] From peer 1: 2048 bytes
[MESSAGE] From peer 1: 2048 bytes
[MESSAGE] From peer 1: 2048 bytes
[MESSAGE] From peer 1: 2048 bytes
[MESSAGE] From peer 1: 2048 bytes
[MESSAGE] From peer 1: 2048 bytes
[MESSAGE] From peer 1: 2048 bytes
[MESSAGE] From peer 1: 2048 bytes
[MESSAGE] From peer 1: 2048 bytes
[MESSAGE] From peer 1: 2048 bytes
[MESSAGE] From peer 1: 2048 bytes
[MESSAGE] From peer 1: 2048 bytes
[MESSAGE] From peer 1: 2048 bytes
[MESSAGE] From peer 1: 2048 bytes
[MESSAGE] From peer 1: 2048 bytes
[MESSAGE] From peer 1: 2048 bytes
[MESSAGE] From peer 1: 2048 bytes
[MESSAGE] From peer 1: 2048 bytes
[MESSAGE] From peer 1: 2048 bytes
[MESSAGE] From peer 1: 2048 bytes
[MESSAGE] From peer 1: 2048 bytes
[MESSAGE] From peer 1: 2048 bytes
[MESSAGE] From peer 1: 2048 bytes
[MESSAGE] From peer 1: 2048 bytes
[MESSAGE] From peer 1: 2048 bytes
[MESSAGE] From peer 1: 2048 bytes
[MESSAGE] From peer 1: 2048 bytes
[MESSAGE] From peer 1: 2048 bytes
[MESSAGE] From peer 1: 2048 bytes
[MESSAGE] From peer 1: 2048 bytes
[MESSAGE] From peer 1: 2048 bytes
[MESSAGE] From peer 1: 2048 bytes
[MESSAGE] From peer 1: 2048 bytes
[MESSAGE] From peer 1: 2048 bytes
[MESSAGE] From peer 1: 2048 bytes
[MESSAGE] From peer 1: 2048 bytes
[MESSAGE] From peer 1: 2048 bytes
[MESSAGE] From peer 1: 2048 bytes
[MESSAGE] From peer 1: 2048 bytes
[MESSAGE] From peer 1: 2048 bytes
[MESSAGE] From peer 1: 2048 bytes
[MESSAGE] From peer 1: 2048 bytes
[MESSAGE] From peer 1: 2048 bytes
[MESSAGE] From peer 1: 2048 bytes
[MESSAGE] From peer 1: 2048 bytes
[MESSAGE] From peer 1: 2048 bytes
[MESSAGE] From peer 1: 2048 bytes
[MESSAGE] From peer 1: 2048 bytes
[MESSAGE] From peer 1: 2048 bytes
[MESSAGE] From peer 1: 2048 bytes
[MESSAGE] From peer 1: 2048 bytes
[MESSAGE] From peer 1: 2048 bytes
[MESSAGE] From peer 1: 2048 bytes
[MESSAGE] From peer 1: 2048 bytes
[MESSAGE] From peer 1: 2048 bytes
[MESSAGE] From peer 1: 2048 bytes
[MESSAGE] From peer 1: 2048 bytes
[MESSAGE] From peer 1: 2048 bytes
[MESSAGE] From peer 1: 2048 bytes
[MESSAGE] From peer 1: 2048 bytes
[MESSAGE] From peer 1: 2048 bytes
[MESSAGE] From peer 1: 2048 bytes
[MESSAGE] From peer 1: 2048 bytes
[MESSAGE] From peer 1: 2048 bytes
[MESSAGE] From peer 1: 2048 bytes
[MESSAGE] From peer 1: 2048 bytes
[MESSAGE] From peer 1: 2048 bytes
[MESSAGE] From peer 1: 2048 bytes
[MESSAGE] From peer 1: 2048 bytes
[MESSAGE] From peer 1: 2048 bytes
[MESSAGE] From peer 1: 2048 bytes
[MESSAGE] From peer 1: 2048 bytes
[MESSAGE] From peer 1: 2048 bytes
[MESSAGE] From peer 1: 2048 bytes
[MESSAGE] From peer 1: 2048 bytes
[MESSAGE] From peer 1: 2048 bytes
[MESSAGE] From peer 1: 2048 bytes
[MESSAGE] From peer 1: 2048 bytes
[MESSAGE] From peer 1: 2048 bytes
[MESSAGE] From peer 1: 2048 bytes
[MESSAGE] From peer 1: 2048 bytes
[MESSAGE] From peer 1: 2048 bytes
[MESSAGE] From peer 1: 2048 bytes
[MESSAGE] From peer 1: 2048 bytes
[MESSAGE] From peer 1: 2048 bytes
[MESSAGE] From peer 1: 2048 bytes
[MESSAGE] From peer 1: 2048 bytes
[MESSAGE] From peer 1: 2048 bytes
[MESSAGE] From peer 1: 2048 bytes
[MESSAGE] From peer 1: 2048 bytes
[MESSAGE] From peer 1: 2048 bytes
[MESSAGE] From peer 1: 2048 bytes
[MESSAGE] From peer 1: 2048 bytes
[MESSAGE] From peer 1: 2048 bytes
[MESSAGE] From peer 1: 2048 bytes
[MESSAGE] From peer 1: 2048 bytes
[MESSAGE] From peer 1: 2048 bytes
[ECHO] 14300 messages echoed
[MESSAGE] From peer 1: 2048 bytes
[MESSAGE] From peer 1: 2048 bytes
[MESSAGE] From peer 1: 2048 bytes
[MESSAGE] From peer 1: 2048 bytes
[MESSAGE] From peer 1: 2048 bytes
[MESSAGE] From peer 1: 2048 bytes
[MESSAGE] From peer 1: 2048 bytes
[MESSAGE] From peer 1: 2048 bytes
[MESSAGE] From peer 1: 2048 bytes
[MESSAGE] From peer 1: 2048 bytes
[MESSAGE] From peer 1: 2048 bytes
[MESSAGE] From peer 1: 2048 bytes
[MESSAGE] From peer 1: 2048 bytes
[MESSAGE] From peer 1: 2048 bytes
[MESSAGE] From peer 1: 2048 bytes
[MESSAGE] From peer 1: 2048 bytes
[MESSAGE] From peer 1: 2048 bytes
[MESSAGE] From peer 1: 2048 bytes
[MESSAGE] From peer 1: 2048 bytes
[MESSAGE] From peer 1: 2048 bytes
[MESSAGE] From peer 1: 2048 bytes
[MESSAGE] From peer 1: 2048 bytes
[MESSAGE] From peer 1: 2048 bytes
[MESSAGE] From peer 1: 2048 bytes
[MESSAGE] From peer 1: 2048 bytes
[MESSAGE] From peer 1: 2048 bytes
[MESSAGE] From peer 1: 2048 bytes
[MESSAGE] From peer 1: 2048 bytes
[MESSAGE] From peer 1: 2048 bytes
[MESSAGE] From peer 1: 2048 bytes
[MESSAGE] From peer 1: 2048 bytes
[MESSAGE] From peer 1: 2048 bytes
[MESSAGE] From peer 1: 2048 bytes
[MESSAGE] From peer 1: 2048 bytes
[MESSAGE] From peer 1: 2048 bytes
[MESSAGE] From peer 1: 2048 bytes
[MESSAGE] From peer 1: 2048 bytes
[MESSAGE] From peer 1: 2048 bytes
[MESSAGE] From peer 1: 2048 bytes
[MESSAGE] From peer 1: 2048 bytes
[MESSAGE] From peer 1: 2048 bytes
[MESSAGE] From peer 1: 2048 bytes
[MESSAGE] From peer 1: 2048 bytes
[MESSAGE] From peer 1: 2048 bytes
[MESSAGE] From peer 1: 2048 bytes
[MESSAGE] From peer 1: 2048 bytes
[MESSAGE] From peer 1: 2048 bytes
[MESSAGE] From peer 1: 2048 bytes
[MESSAGE] From peer 1: 2048 bytes
[MESSAGE] From peer 1: 2048 bytes
[MESSAGE] From peer 1: 2048 bytes
[MESSAGE] From peer 1: 2048 bytes
[MESSAGE] From peer 1: 2048 bytes
[MESSAGE] From peer 1: 2048 bytes
[MESSAGE] From peer 1: 2048 bytes
[MESSAGE] From peer 1: 2048 bytes
[MESSAGE] From peer 1: 2048 bytes
[MESSAGE] From peer 1: 2048 bytes
[MESSAGE] From peer 1: 2048 bytes
[MESSAGE] From peer 1: 2048 bytes
[MESSAGE] From peer 1: 2048 bytes
[MESSAGE] From peer 1: 2048 bytes
[MESSAGE] From peer 1: 2048 bytes
[MESSAGE] From peer 1: 2048 bytes
[MESSAGE] From peer 1: 2048 bytes
[MESSAGE] From peer 1: 2048 bytes
[MESSAGE] From peer 1: 2048 bytes
[MESSAGE] From peer 1: 2048 bytes
[MESSAGE] From peer 1: 2048 bytes
[MESSAGE] From peer 1: 2048 bytes
[MESSAGE] From peer 1: 2048 bytes
[MESSAGE] From peer 1: 2048 bytes
[MESSAGE] From peer 1: 2048 bytes
[MESSAGE] From peer 1: 2048 bytes
[MESSAGE] From peer 1: 2048 bytes
[MESSAGE] From peer 1: 2048 bytes
[MESSAGE] From peer 1: 2048 bytes
[MESSAGE] From peer 1: 2048 bytes
[MESSAGE] From peer 1: 2048 bytes
[MESSAGE] From peer 1: 2048 bytes
[MESSAGE] From peer 1: 2048 bytes
[MESSAGE] From peer 1: 2048 bytes
[MESSAGE] From peer 1: 2048 bytes
[MESSAGE] From peer 1: 2048 bytes
[MESSAGE] From peer 1: 2048 bytes
[STATUS] 3220 sec: peers=17, msgs=14390, connected=yes
[MESSAGE] From peer 1: 2048 bytes
[MESSAGE] From peer 1: 2048 bytes
[MESSAGE] From peer 1: 2048 bytes
[MESSAGE] From peer 1: 2048 bytes
[MESSAGE] From peer 1: 2048 bytes
[MESSAGE] From peer 1: 2048 bytes
[MESSAGE] From peer 1: 2048 bytes
[MESSAGE] From peer 1: 2048 bytes
[MESSAGE] From peer 1: 2048 bytes
[MESSAGE] From peer 1: 2048 bytes
[MESSAGE] From peer 1: 2048 bytes
[MESSAGE] From peer 1: 2048 bytes
[MESSAGE] From peer 1: 2048 bytes
[MESSAGE] From peer 1: 2048 bytes
[MESSAGE] From peer 1: 2048 bytes
[ECHO] 14400 messages echoed
[MESSAGE] From peer 1: 2048 bytes
[MESSAGE] From peer 1: 2048 bytes
[MESSAGE] From peer 1: 2048 bytes
[MESSAGE] From peer 1: 2048 bytes
[MESSAGE] From peer 1: 2048 bytes
[MESSAGE] From peer 1: 2048 bytes
[MESSAGE] From peer 1: 2048 bytes
[MESSAGE] From peer 1: 2048 bytes
[MESSAGE] From peer 1: 2048 bytes
[MESSAGE] From peer 1: 2048 bytes
[MESSAGE] From peer 1: 2048 bytes
[MESSAGE] From peer 1: 2048 bytes
[MESSAGE] From peer 1: 2048 bytes
[MESSAGE] From peer 1: 2048 bytes
[MESSAGE] From peer 1: 2048 bytes
[MESSAGE] From peer 1: 2048 bytes
[MESSAGE] From peer 1: 2048 bytes
[MESSAGE] From peer 1: 2048 bytes
[MESSAGE] From peer 1: 2048 bytes
[MESSAGE] From peer 1: 2048 bytes
[MESSAGE] From peer 1: 2048 bytes
[MESSAGE] From peer 1: 2048 bytes
[MESSAGE] From peer 1: 2048 bytes
[MESSAGE] From peer 1: 2048 bytes
[MESSAGE] From peer 1: 2048 bytes
[MESSAGE] From peer 1: 2048 bytes
[MESSAGE] From peer 1: 2048 bytes
[MESSAGE] From peer 1: 2048 bytes
[MESSAGE] From peer 1: 2048 bytes
[MESSAGE] From peer 1: 2048 bytes
[MESSAGE] From peer 1: 2048 bytes
[MESSAGE] From peer 1: 2048 bytes
[MESSAGE] From peer 1: 2048 bytes
[MESSAGE] From peer 1: 2048 bytes
[MESSAGE] From peer 1: 2048 bytes
[MESSAGE] From peer 1: 2048 bytes
[MESSAGE] From peer 1: 2048 bytes
[MESSAGE] From peer 1: 2048 bytes
[MESSAGE] From peer 1: 2048 bytes
[MESSAGE] From peer 1: 2048 bytes
[MESSAGE] From peer 1: 2048 bytes
[MESSAGE] From peer 1: 2048 bytes
[MESSAGE] From peer 1: 2048 bytes
[MESSAGE] From peer 1: 2048 bytes
[MESSAGE] From peer 1: 2048 bytes
[MESSAGE] From peer 1: 2048 bytes
[MESSAGE] From peer 1: 2048 bytes
[MESSAGE] From peer 1: 2048 bytes
[MESSAGE] From peer 1: 2048 bytes
[MESSAGE] From peer 1: 2048 bytes
[MESSAGE] From peer 1: 2048 bytes
[MESSAGE] From peer 1: 2048 bytes
[MESSAGE] From peer 1: 2048 bytes
[MESSAGE] From peer 1: 2048 bytes
[MESSAGE] From peer 1: 2048 bytes
[MESSAGE] From peer 1: 2048 bytes
[MESSAGE] From peer 1: 2048 bytes
[MESSAGE] From peer 1: 2048 bytes
[MESSAGE] From peer 1: 2048 bytes
[MESSAGE] From peer 1: 2048 bytes
[MESSAGE] From peer 1: 2048 bytes
[MESSAGE] From peer 1: 2048 bytes
[MESSAGE] From peer 1: 2048 bytes
[MESSAGE] From peer 1: 2048 bytes
[MESSAGE] From peer 1: 2048 bytes
[MESSAGE] From peer 1: 2048 bytes
[MESSAGE] From peer 1: 2048 bytes
[MESSAGE] From peer 1: 2048 bytes
[MESSAGE] From peer 1: 2048 bytes
[MESSAGE] From peer 1: 2048 bytes
[MESSAGE] From peer 1: 2048 bytes
[MESSAGE] From peer 1: 2048 bytes
[MESSAGE] From peer 1: 2048 bytes
[MESSAGE] From peer 1: 2048 bytes
[MESSAGE] From peer 1: 2048 bytes
[MESSAGE] From peer 1: 2048 bytes
[MESSAGE] From peer 1: 2048 bytes
[MESSAGE] From peer 1: 2048 bytes
[MESSAGE] From peer 1: 2048 bytes
[MESSAGE] From peer 1: 2048 bytes
[MESSAGE] From peer 1: 2048 bytes
[MESSAGE] From peer 1: 2048 bytes
[MESSAGE] From peer 1: 2048 bytes
[MESSAGE] From peer 1: 2048 bytes
[MESSAGE] From peer 1: 2048 bytes
[MESSAGE] From peer 1: 2048 bytes
[MESSAGE] From peer 1: 2048 bytes
[MESSAGE] From peer 1: 2048 bytes
[MESSAGE] From peer 1: 2048 bytes
[MESSAGE] From peer 1: 2048 bytes
[MESSAGE] From peer 1: 2048 bytes
[MESSAGE] From peer 1: 2048 bytes
[MESSAGE] From peer 1: 2048 bytes
[MESSAGE] From peer 1: 2048 bytes
[MESSAGE] From peer 1: 2048 bytes
[MESSAGE] From peer 1: 2048 bytes
[MESSAGE] From peer 1: 2048 bytes
[MESSAGE] From peer 1: 2048 bytes
[MESSAGE] From peer 1: 2048 bytes
[MESSAGE] From peer 1: 2048 bytes
[ECHO] 14500 messages echoed
[MESSAGE] From peer 1: 2048 bytes
[MESSAGE] From peer 1: 2048 bytes
[MESSAGE] From peer 1: 2048 bytes
[MESSAGE] From peer 1: 2048 bytes
[MESSAGE] From peer 1: 2048 bytes
[MESSAGE] From peer 1: 4096 bytes
[MESSAGE] From peer 1: 4096 bytes
[MESSAGE] From peer 1: 4096 bytes
[MESSAGE] From peer 1: 4096 bytes
[MESSAGE] From peer 1: 4096 bytes
[MESSAGE] From peer 1: 4096 bytes
[MESSAGE] From peer 1: 4096 bytes
[MESSAGE] From peer 1: 4096 bytes
[MESSAGE] From peer 1: 4096 bytes
[MESSAGE] From peer 1: 4096 bytes
[MESSAGE] From peer 1: 4096 bytes
[MESSAGE] From peer 1: 4096 bytes
[MESSAGE] From peer 1: 4096 bytes
[MESSAGE] From peer 1: 4096 bytes
[MESSAGE] From peer 1: 4096 bytes
[MESSAGE] From peer 1: 4096 bytes
[MESSAGE] From peer 1: 4096 bytes
[MESSAGE] From peer 1: 4096 bytes
[MESSAGE] From peer 1: 4096 bytes
[MESSAGE] From peer 1: 4096 bytes
[MESSAGE] From peer 1: 4096 bytes
[MESSAGE] From peer 1: 4096 bytes
[MESSAGE] From peer 1: 4096 bytes
[MESSAGE] From peer 1: 4096 bytes
[MESSAGE] From peer 1: 4096 bytes
[MESSAGE] From peer 1: 4096 bytes
[MESSAGE] From peer 1: 4096 bytes
[MESSAGE] From peer 1: 4096 bytes
[MESSAGE] From peer 1: 4096 bytes
[MESSAGE] From peer 1: 4096 bytes
[MESSAGE] From peer 1: 4096 bytes
[MESSAGE] From peer 1: 4096 bytes
[MESSAGE] From peer 1: 4096 bytes
[MESSAGE] From peer 1: 4096 bytes
[MESSAGE] From peer 1: 4096 bytes
[MESSAGE] From peer 1: 4096 bytes
[MESSAGE] From peer 1: 4096 bytes
[MESSAGE] From peer 1: 4096 bytes
[MESSAGE] From peer 1: 4096 bytes
[MESSAGE] From peer 1: 4096 bytes
[MESSAGE] From peer 1: 4096 bytes
[MESSAGE] From peer 1: 4096 bytes
[MESSAGE] From peer 1: 4096 bytes
[MESSAGE] From peer 1: 4096 bytes
[MESSAGE] From peer 1: 4096 bytes
[MESSAGE] From peer 1: 4096 bytes
[MESSAGE] From peer 1: 4096 bytes
[MESSAGE] From peer 1: 4096 bytes
[MESSAGE] From peer 1: 4096 bytes
[MESSAGE] From peer 1: 4096 bytes
[MESSAGE] From peer 1: 4096 bytes
[MESSAGE] From peer 1: 4096 bytes
[MESSAGE] From peer 1: 4096 bytes
[MESSAGE] From peer 1: 4096 bytes
[MESSAGE] From peer 1: 4096 bytes
[MESSAGE] From peer 1: 4096 bytes
[MESSAGE] From peer 1: 4096 bytes
[MESSAGE] From peer 1: 4096 bytes
[MESSAGE] From peer 1: 4096 bytes
[MESSAGE] From peer 1: 4096 bytes
[MESSAGE] From peer 1: 4096 bytes
[MESSAGE] From peer 1: 4096 bytes
[MESSAGE] From peer 1: 4096 bytes
[MESSAGE] From peer 1: 4096 bytes
[MESSAGE] From peer 1: 4096 bytes
[MESSAGE] From peer 1: 4096 bytes
[MESSAGE] From peer 1: 4096 bytes
[MESSAGE] From peer 1: 4096 bytes
[MESSAGE] From peer 1: 4096 bytes
[MESSAGE] From peer 1: 4096 bytes
[MESSAGE] From peer 1: 4096 bytes
[MESSAGE] From peer 1: 4096 bytes
[MESSAGE] From peer 1: 4096 bytes
[MESSAGE] From peer 1: 4096 bytes
[MESSAGE] From peer 1: 4096 bytes
[MESSAGE] From peer 1: 4096 bytes
[MESSAGE] From peer 1: 4096 bytes
[MESSAGE] From peer 1: 4096 bytes
[MESSAGE] From peer 1: 4096 bytes
[MESSAGE] From peer 1: 4096 bytes
[MESSAGE] From peer 1: 4096 bytes
[MESSAGE] From peer 1: 4096 bytes
[MESSAGE] From peer 1: 4096 bytes
[MESSAGE] From peer 1: 4096 bytes
[MESSAGE] From peer 1: 4096 bytes
[MESSAGE] From peer 1: 4096 bytes
[MESSAGE] From peer 1: 4096 bytes
[MESSAGE] From peer 1: 4096 bytes
[MESSAGE] From peer 1: 4096 bytes
[MESSAGE] From peer 1: 4096 bytes
[MESSAGE] From peer 1: 4096 bytes
[MESSAGE] From peer 1: 4096 bytes
[STATUS] 3230 sec: peers=17, msgs=14602, connected=yes, echo_queue=1
[MESSAGE] From peer 1: 4096 bytes
[MESSAGE] From peer 1: 4096 bytes
[MESSAGE] From peer 1: 4096 bytes
[MESSAGE] From peer 1: 4096 bytes
[MESSAGE] From peer 1: 4096 bytes
[MESSAGE] From peer 1: 4096 bytes
[MESSAGE] From peer 1: 4096 bytes
[MESSAGE] From peer 1: 4096 bytes
[MESSAGE] From peer 1: 4096 bytes
[MESSAGE] From peer 1: 4096 bytes
[MESSAGE] From peer 1: 4096 bytes
[MESSAGE] From peer 1: 4096 bytes
[MESSAGE] From peer 1: 4096 bytes
[MESSAGE] From peer 1: 4096 bytes
[MESSAGE] From peer 1: 4096 bytes
[MESSAGE] From peer 1: 4096 bytes
[MESSAGE] From peer 1: 4096 bytes
[MESSAGE] From peer 1: 4096 bytes
[MESSAGE] From peer 1: 4096 bytes
[MESSAGE] From peer 1: 4096 bytes
[MESSAGE] From peer 1: 4096 bytes
[MESSAGE] From peer 1: 4096 bytes
[MESSAGE] From peer 1: 4096 bytes
[MESSAGE] From peer 1: 4096 bytes
[MESSAGE] From peer 1: 4096 bytes
[MESSAGE] From peer 1: 4096 bytes
[MESSAGE] From peer 1: 4096 bytes
[MESSAGE] From peer 1: 4096 bytes
[MESSAGE] From peer 1: 4096 bytes
[MESSAGE] From peer 1: 4096 bytes
[MESSAGE] From peer 1: 4096 bytes
[MESSAGE] From peer 1: 4096 bytes
[MESSAGE] From peer 1: 4096 bytes
[MESSAGE] From peer 1: 4096 bytes
[MESSAGE] From peer 1: 4096 bytes
[MESSAGE] From peer 1: 4096 bytes
[MESSAGE] From peer 1: 4096 bytes
[MESSAGE] From peer 1: 4096 bytes
[MESSAGE] From peer 1: 4096 bytes
[MESSAGE] From peer 1: 4096 bytes
[MESSAGE] From peer 1: 4096 bytes
[MESSAGE] From peer 1: 4096 bytes
[MESSAGE] From peer 1: 4096 bytes
[MESSAGE] From peer 1: 4096 bytes
[MESSAGE] From peer 1: 4096 bytes
[MESSAGE] From peer 1: 4096 bytes
[MESSAGE] From peer 1: 4096 bytes
[MESSAGE] From peer 1: 4096 bytes
[MESSAGE] From peer 1: 4096 bytes
[MESSAGE] From peer 1: 4096 bytes
[MESSAGE] From peer 1: 4096 bytes
[MESSAGE] From peer 1: 4096 bytes
[MESSAGE] From peer 1: 4096 bytes
[MESSAGE] From peer 1: 4096 bytes
[MESSAGE] From peer 1: 4096 bytes
[MESSAGE] From peer 1: 4096 bytes
[MESSAGE] From peer 1: 4096 bytes
[MESSAGE] From peer 1: 4096 bytes
[MESSAGE] From peer 1: 4096 bytes
[MESSAGE] From peer 1: 4096 bytes
[MESSAGE] From peer 1: 4096 bytes
[MESSAGE] From peer 1: 4096 bytes
[MESSAGE] From peer 1: 4096 bytes
[MESSAGE] From peer 1: 4096 bytes
[DISCOVERED] Peer 2: "MacThroughput" at 10.188.1.213:7354
[MESSAGE] From peer 1: 4096 bytes
[MESSAGE] From peer 1: 4096 bytes
[MESSAGE] From peer 1: 4096 bytes
[STATUS] 3240 sec: peers=18, msgs=14669, connected=yes
[DISCOVERED] Peer 2: "MacThroughput" at 10.188.1.213:7354
[STATUS] 3250 sec: peers=19, msgs=14669, connected=yes
[MESSAGE] From peer 1: 1024 bytes
[LOG] Detected log stream marker from peer 1 (IP 0x0ABC01D5)
[LOG] Started receiving logs from  (IP 0x0ABC01D5, 4362 bytes expected)
[MESSAGE] From peer 1: 1024 bytes
[LOG] Received 2048/4362 bytes
[MESSAGE] From peer 1: 1024 bytes
[LOG] Received 3072/4362 bytes
[MESSAGE] From peer 1: 1024 bytes
[LOG] Received 4096/4362 bytes
[MESSAGE] From peer 1: 266 bytes
[LOG] Received 4362/4362 bytes
[LOG] Saved 4354 bytes to plan/performance/mactcp/performa6200/throughput_20260215_115518.log

========== throughput METRICS ==========
=====================================

[DISCONNECTED] Peer 1 (reason=0)
[STATUS] 3260 sec: peers=19, msgs=14674, connected=no
[STATUS] 3270 sec: peers=19, msgs=14674, connected=no
[STATUS] 3280 sec: peers=19, msgs=14674, connected=no
[STATUS] 3290 sec: peers=19, msgs=14674, connected=no
[STATUS] 3300 sec: peers=19, msgs=14674, connected=no
[STATUS] 3310 sec: peers=19, msgs=14674, connected=no
[STATUS] 3320 sec: peers=19, msgs=14674, connected=no
[STATUS] 3330 sec: peers=19, msgs=14674, connected=no
[STATUS] 3340 sec: peers=19, msgs=14674, connected=no
[STATUS] 3350 sec: peers=19, msgs=14674, connected=no
[STATUS] 3360 sec: peers=19, msgs=14674, connected=no
[STATUS] 3370 sec: peers=19, msgs=14674, connected=no
[STATUS] 3380 sec: peers=19, msgs=14674, connected=no
[STATUS] 3390 sec: peers=19, msgs=14674, connected=no
[STATUS] 3400 sec: peers=19, msgs=14674, connected=no
[STATUS] 3410 sec: peers=19, msgs=14674, connected=no
[STATUS] 3420 sec: peers=19, msgs=14674, connected=no
[STATUS] 3430 sec: peers=19, msgs=14674, connected=no
[STATUS] 3440 sec: peers=19, msgs=14674, connected=no
[STATUS] 3450 sec: peers=19, msgs=14674, connected=no
[STATUS] 3460 sec: peers=19, msgs=14674, connected=no
[STATUS] 3470 sec: peers=19, msgs=14674, connected=no
[STATUS] 3480 sec: peers=19, msgs=14674, connected=no
[STATUS] 3490 sec: peers=19, msgs=14674, connected=no
[STATUS] 3500 sec: peers=19, msgs=14674, connected=no
[STATUS] 3510 sec: peers=19, msgs=14674, connected=no
[STATUS] 3520 sec: peers=19, msgs=14674, connected=no
[STATUS] 3530 sec: peers=19, msgs=14674, connected=no
[STATUS] 3540 sec: peers=19, msgs=14674, connected=no
[STATUS] 3550 sec: peers=19, msgs=14674, connected=no
[STATUS] 3560 sec: peers=19, msgs=14674, connected=no
[STATUS] 3570 sec: peers=19, msgs=14674, connected=no
[STATUS] 3580 sec: peers=19, msgs=14674, connected=no
[STATUS] 3590 sec: peers=19, msgs=14674, connected=no
[DISCOVERED] Peer 1: "MacThroughput" at 10.188.1.213:7354
[STATUS] 3600 sec: peers=20, msgs=14674, connected=no
[CONNECTED] Peer 1
[CAPS] Peer 1: max_msg=4096 chunk=1024 pressure=0 [FRAG]
[CAPS] Peer buffer: recv_buf=8192 optimal_chunk=2048
[CAPS] Effective max message: 4096 bytes
[CAPS] Optimal chunk for peer: 1024 bytes
[MESSAGE] From peer 1: 256 bytes
[MESSAGE] From peer 1: 256 bytes
[MESSAGE] From peer 1: 256 bytes
[MESSAGE] From peer 1: 256 bytes
[MESSAGE] From peer 1: 256 bytes
[MESSAGE] From peer 1: 256 bytes
[MESSAGE] From peer 1: 256 bytes
[MESSAGE] From peer 1: 256 bytes
[MESSAGE] From peer 1: 256 bytes
[MESSAGE] From peer 1: 256 bytes
[MESSAGE] From peer 1: 256 bytes
[MESSAGE] From peer 1: 256 bytes
[MESSAGE] From peer 1: 256 bytes
[MESSAGE] From peer 1: 256 bytes
[MESSAGE] From peer 1: 256 bytes
[MESSAGE] From peer 1: 256 bytes
[MESSAGE] From peer 1: 256 bytes
[MESSAGE] From peer 1: 256 bytes
[MESSAGE] From peer 1: 256 bytes
[MESSAGE] From peer 1: 256 bytes
[MESSAGE] From peer 1: 256 bytes
[MESSAGE] From peer 1: 256 bytes
[MESSAGE] From peer 1: 256 bytes
[MESSAGE] From peer 1: 256 bytes
[MESSAGE] From peer 1: 256 bytes
[MESSAGE] From peer 1: 256 bytes
[MESSAGE] From peer 1: 256 bytes
[MESSAGE] From peer 1: 256 bytes
[MESSAGE] From peer 1: 256 bytes
[MESSAGE] From peer 1: 256 bytes
[MESSAGE] From peer 1: 256 bytes
[MESSAGE] From peer 1: 256 bytes
[MESSAGE] From peer 1: 256 bytes
[MESSAGE] From peer 1: 256 bytes
[MESSAGE] From peer 1: 256 bytes
[MESSAGE] From peer 1: 256 bytes
[ECHO] 14700 messages echoed
[MESSAGE] From peer 1: 256 bytes
[MESSAGE] From peer 1: 256 bytes
[MESSAGE] From peer 1: 256 bytes
[MESSAGE] From peer 1: 256 bytes
[MESSAGE] From peer 1: 256 bytes
[MESSAGE] From peer 1: 256 bytes
[MESSAGE] From peer 1: 256 bytes
[MESSAGE] From peer 1: 256 bytes
[MESSAGE] From peer 1: 256 bytes
[MESSAGE] From peer 1: 256 bytes
[MESSAGE] From peer 1: 256 bytes
[MESSAGE] From peer 1: 256 bytes
[MESSAGE] From peer 1: 256 bytes
[MESSAGE] From peer 1: 256 bytes
[MESSAGE] From peer 1: 256 bytes
[MESSAGE] From peer 1: 256 bytes
[MESSAGE] From peer 1: 256 bytes
[MESSAGE] From peer 1: 256 bytes
[MESSAGE] From peer 1: 256 bytes
[MESSAGE] From peer 1: 256 bytes
[MESSAGE] From peer 1: 256 bytes
[MESSAGE] From peer 1: 256 bytes
[MESSAGE] From peer 1: 256 bytes
[MESSAGE] From peer 1: 256 bytes
[MESSAGE] From peer 1: 256 bytes
[MESSAGE] From peer 1: 256 bytes
[MESSAGE] From peer 1: 256 bytes
[MESSAGE] From peer 1: 256 bytes
[MESSAGE] From peer 1: 256 bytes
[MESSAGE] From peer 1: 256 bytes
[MESSAGE] From peer 1: 256 bytes
[MESSAGE] From peer 1: 256 bytes
[MESSAGE] From peer 1: 256 bytes
[MESSAGE] From peer 1: 256 bytes
[MESSAGE] From peer 1: 256 bytes
[MESSAGE] From peer 1: 256 bytes
[MESSAGE] From peer 1: 256 bytes
[MESSAGE] From peer 1: 256 bytes
[MESSAGE] From peer 1: 256 bytes
[MESSAGE] From peer 1: 256 bytes
[MESSAGE] From peer 1: 256 bytes
[MESSAGE] From peer 1: 256 bytes
[MESSAGE] From peer 1: 256 bytes
[MESSAGE] From peer 1: 256 bytes
[MESSAGE] From peer 1: 256 bytes
[MESSAGE] From peer 1: 256 bytes
[MESSAGE] From peer 1: 256 bytes
[MESSAGE] From peer 1: 256 bytes
[MESSAGE] From peer 1: 256 bytes
[MESSAGE] From peer 1: 256 bytes
[MESSAGE] From peer 1: 256 bytes
[MESSAGE] From peer 1: 256 bytes
[MESSAGE] From peer 1: 256 bytes
[MESSAGE] From peer 1: 256 bytes
[MESSAGE] From peer 1: 256 bytes
[MESSAGE] From peer 1: 256 bytes
[MESSAGE] From peer 1: 256 bytes
[MESSAGE] From peer 1: 256 bytes
[MESSAGE] From peer 1: 256 bytes
[MESSAGE] From peer 1: 256 bytes
[MESSAGE] From peer 1: 256 bytes
[MESSAGE] From peer 1: 256 bytes
[MESSAGE] From peer 1: 256 bytes
[MESSAGE] From peer 1: 256 bytes
[MESSAGE] From peer 1: 256 bytes
[MESSAGE] From peer 1: 256 bytes
[MESSAGE] From peer 1: 256 bytes
[MESSAGE] From peer 1: 256 bytes
[MESSAGE] From peer 1: 256 bytes
[MESSAGE] From peer 1: 256 bytes
[MESSAGE] From peer 1: 256 bytes
[MESSAGE] From peer 1: 256 bytes
[MESSAGE] From peer 1: 256 bytes
[MESSAGE] From peer 1: 256 bytes
[MESSAGE] From peer 1: 256 bytes
[MESSAGE] From peer 1: 256 bytes
[MESSAGE] From peer 1: 256 bytes
[MESSAGE] From peer 1: 256 bytes
[MESSAGE] From peer 1: 256 bytes
[MESSAGE] From peer 1: 256 bytes
[MESSAGE] From peer 1: 256 bytes
[MESSAGE] From peer 1: 256 bytes
[MESSAGE] From peer 1: 256 bytes
[MESSAGE] From peer 1: 256 bytes
[MESSAGE] From peer 1: 256 bytes
[MESSAGE] From peer 1: 256 bytes
[MESSAGE] From peer 1: 256 bytes
[MESSAGE] From peer 1: 256 bytes
[MESSAGE] From peer 1: 256 bytes
[MESSAGE] From peer 1: 256 bytes
[MESSAGE] From peer 1: 256 bytes
[MESSAGE] From peer 1: 256 bytes
[MESSAGE] From peer 1: 256 bytes
[MESSAGE] From peer 1: 256 bytes
[MESSAGE] From peer 1: 256 bytes
[MESSAGE] From peer 1: 256 bytes
[MESSAGE] From peer 1: 256 bytes
[MESSAGE] From peer 1: 256 bytes
[MESSAGE] From peer 1: 256 bytes
[MESSAGE] From peer 1: 256 bytes
[ECHO] 14800 messages echoed
[MESSAGE] From peer 1: 256 bytes
[MESSAGE] From peer 1: 256 bytes
[MESSAGE] From peer 1: 256 bytes
[MESSAGE] From peer 1: 256 bytes
[MESSAGE] From peer 1: 256 bytes
[MESSAGE] From peer 1: 256 bytes
[MESSAGE] From peer 1: 256 bytes
[MESSAGE] From peer 1: 256 bytes
[MESSAGE] From peer 1: 256 bytes
[MESSAGE] From peer 1: 256 bytes
[MESSAGE] From peer 1: 256 bytes
[MESSAGE] From peer 1: 256 bytes
[MESSAGE] From peer 1: 256 bytes
[MESSAGE] From peer 1: 256 bytes
[MESSAGE] From peer 1: 256 bytes
[MESSAGE] From peer 1: 256 bytes
[MESSAGE] From peer 1: 256 bytes
[MESSAGE] From peer 1: 256 bytes
[MESSAGE] From peer 1: 256 bytes
[MESSAGE] From peer 1: 256 bytes
[MESSAGE] From peer 1: 256 bytes
[MESSAGE] From peer 1: 256 bytes
[MESSAGE] From peer 1: 256 bytes
[MESSAGE] From peer 1: 256 bytes
[MESSAGE] From peer 1: 256 bytes
[MESSAGE] From peer 1: 256 bytes
[MESSAGE] From peer 1: 256 bytes
[MESSAGE] From peer 1: 256 bytes
[MESSAGE] From peer 1: 256 bytes
[MESSAGE] From peer 1: 256 bytes
[MESSAGE] From peer 1: 256 bytes
[MESSAGE] From peer 1: 256 bytes
[MESSAGE] From peer 1: 256 bytes
[MESSAGE] From peer 1: 256 bytes
[MESSAGE] From peer 1: 256 bytes
[MESSAGE] From peer 1: 256 bytes
[MESSAGE] From peer 1: 256 bytes
[MESSAGE] From peer 1: 256 bytes
[MESSAGE] From peer 1: 256 bytes
[MESSAGE] From peer 1: 256 bytes
[MESSAGE] From peer 1: 256 bytes
[MESSAGE] From peer 1: 256 bytes
[MESSAGE] From peer 1: 256 bytes
[MESSAGE] From peer 1: 256 bytes
[MESSAGE] From peer 1: 256 bytes
[MESSAGE] From peer 1: 256 bytes
[MESSAGE] From peer 1: 256 bytes
[MESSAGE] From peer 1: 256 bytes
[MESSAGE] From peer 1: 256 bytes
[MESSAGE] From peer 1: 256 bytes
[MESSAGE] From peer 1: 256 bytes
[MESSAGE] From peer 1: 256 bytes
[MESSAGE] From peer 1: 256 bytes
[MESSAGE] From peer 1: 256 bytes
[MESSAGE] From peer 1: 256 bytes
[MESSAGE] From peer 1: 256 bytes
[MESSAGE] From peer 1: 256 bytes
[MESSAGE] From peer 1: 256 bytes
[MESSAGE] From peer 1: 256 bytes
[MESSAGE] From peer 1: 256 bytes
[MESSAGE] From peer 1: 256 bytes
[MESSAGE] From peer 1: 256 bytes
[MESSAGE] From peer 1: 256 bytes
[MESSAGE] From peer 1: 256 bytes
[MESSAGE] From peer 1: 256 bytes
[MESSAGE] From peer 1: 256 bytes
[MESSAGE] From peer 1: 256 bytes
[MESSAGE] From peer 1: 256 bytes
[MESSAGE] From peer 1: 256 bytes
[MESSAGE] From peer 1: 256 bytes
[MESSAGE] From peer 1: 256 bytes
[MESSAGE] From peer 1: 256 bytes
[MESSAGE] From peer 1: 256 bytes
[MESSAGE] From peer 1: 256 bytes
[MESSAGE] From peer 1: 256 bytes
[MESSAGE] From peer 1: 256 bytes
[MESSAGE] From peer 1: 256 bytes
[MESSAGE] From peer 1: 256 bytes
[MESSAGE] From peer 1: 256 bytes
[MESSAGE] From peer 1: 256 bytes
[MESSAGE] From peer 1: 256 bytes
[MESSAGE] From peer 1: 256 bytes
[MESSAGE] From peer 1: 256 bytes
[MESSAGE] From peer 1: 256 bytes
[MESSAGE] From peer 1: 256 bytes
[MESSAGE] From peer 1: 256 bytes
[MESSAGE] From peer 1: 256 bytes
[MESSAGE] From peer 1: 256 bytes
[MESSAGE] From peer 1: 256 bytes
[MESSAGE] From peer 1: 256 bytes
[MESSAGE] From peer 1: 256 bytes
[MESSAGE] From peer 1: 256 bytes
[MESSAGE] From peer 1: 256 bytes
[MESSAGE] From peer 1: 256 bytes
[MESSAGE] From peer 1: 256 bytes
[MESSAGE] From peer 1: 256 bytes
[MESSAGE] From peer 1: 256 bytes
[MESSAGE] From peer 1: 256 bytes
[MESSAGE] From peer 1: 256 bytes
[MESSAGE] From peer 1: 256 bytes
[ECHO] 14900 messages echoed
[MESSAGE] From peer 1: 256 bytes
[MESSAGE] From peer 1: 256 bytes
[MESSAGE] From peer 1: 256 bytes
[MESSAGE] From peer 1: 256 bytes
[MESSAGE] From peer 1: 256 bytes
[MESSAGE] From peer 1: 256 bytes
[MESSAGE] From peer 1: 256 bytes
[MESSAGE] From peer 1: 256 bytes
[MESSAGE] From peer 1: 256 bytes
[MESSAGE] From peer 1: 256 bytes
[MESSAGE] From peer 1: 256 bytes
[MESSAGE] From peer 1: 256 bytes
[MESSAGE] From peer 1: 256 bytes
[MESSAGE] From peer 1: 256 bytes
[MESSAGE] From peer 1: 256 bytes
[MESSAGE] From peer 1: 256 bytes
[MESSAGE] From peer 1: 256 bytes
[MESSAGE] From peer 1: 256 bytes
[MESSAGE] From peer 1: 256 bytes
[MESSAGE] From peer 1: 256 bytes
[MESSAGE] From peer 1: 256 bytes
[MESSAGE] From peer 1: 256 bytes
[MESSAGE] From peer 1: 256 bytes
[MESSAGE] From peer 1: 256 bytes
[MESSAGE] From peer 1: 256 bytes
[MESSAGE] From peer 1: 256 bytes
[MESSAGE] From peer 1: 256 bytes
[MESSAGE] From peer 1: 256 bytes
[MESSAGE] From peer 1: 256 bytes
[MESSAGE] From peer 1: 256 bytes
[MESSAGE] From peer 1: 256 bytes
[MESSAGE] From peer 1: 256 bytes
[MESSAGE] From peer 1: 256 bytes
[MESSAGE] From peer 1: 256 bytes
[MESSAGE] From peer 1: 256 bytes
[MESSAGE] From peer 1: 256 bytes
[MESSAGE] From peer 1: 256 bytes
[MESSAGE] From peer 1: 256 bytes
[MESSAGE] From peer 1: 256 bytes
[MESSAGE] From peer 1: 256 bytes
[MESSAGE] From peer 1: 256 bytes
[MESSAGE] From peer 1: 256 bytes
[MESSAGE] From peer 1: 256 bytes
[MESSAGE] From peer 1: 256 bytes
[MESSAGE] From peer 1: 256 bytes
[MESSAGE] From peer 1: 256 bytes
[MESSAGE] From peer 1: 256 bytes
[MESSAGE] From peer 1: 256 bytes
[MESSAGE] From peer 1: 256 bytes
[MESSAGE] From peer 1: 256 bytes
[MESSAGE] From peer 1: 256 bytes
[MESSAGE] From peer 1: 256 bytes
[MESSAGE] From peer 1: 256 bytes
[MESSAGE] From peer 1: 256 bytes
[MESSAGE] From peer 1: 256 bytes
[MESSAGE] From peer 1: 256 bytes
[MESSAGE] From peer 1: 256 bytes
[MESSAGE] From peer 1: 256 bytes
[MESSAGE] From peer 1: 256 bytes
[MESSAGE] From peer 1: 256 bytes
[MESSAGE] From peer 1: 256 bytes
[MESSAGE] From peer 1: 256 bytes
[MESSAGE] From peer 1: 256 bytes
[MESSAGE] From peer 1: 256 bytes
[MESSAGE] From peer 1: 256 bytes
[MESSAGE] From peer 1: 256 bytes
[MESSAGE] From peer 1: 256 bytes
[MESSAGE] From peer 1: 256 bytes
[MESSAGE] From peer 1: 256 bytes
[MESSAGE] From peer 1: 256 bytes
[MESSAGE] From peer 1: 256 bytes
[MESSAGE] From peer 1: 256 bytes
[MESSAGE] From peer 1: 256 bytes
[MESSAGE] From peer 1: 256 bytes
[MESSAGE] From peer 1: 256 bytes
[MESSAGE] From peer 1: 256 bytes
[MESSAGE] From peer 1: 256 bytes
[MESSAGE] From peer 1: 256 bytes
[MESSAGE] From peer 1: 256 bytes
[MESSAGE] From peer 1: 256 bytes
[MESSAGE] From peer 1: 256 bytes
[MESSAGE] From peer 1: 256 bytes
[MESSAGE] From peer 1: 256 bytes
[MESSAGE] From peer 1: 256 bytes
[MESSAGE] From peer 1: 256 bytes
[MESSAGE] From peer 1: 256 bytes
[MESSAGE] From peer 1: 256 bytes
[MESSAGE] From peer 1: 256 bytes
[MESSAGE] From peer 1: 256 bytes
[MESSAGE] From peer 1: 256 bytes
[MESSAGE] From peer 1: 256 bytes
[MESSAGE] From peer 1: 256 bytes
[MESSAGE] From peer 1: 256 bytes
[MESSAGE] From peer 1: 256 bytes
[MESSAGE] From peer 1: 256 bytes
[MESSAGE] From peer 1: 256 bytes
[MESSAGE] From peer 1: 256 bytes
[MESSAGE] From peer 1: 256 bytes
[MESSAGE] From peer 1: 256 bytes
[MESSAGE] From peer 1: 256 bytes
[ECHO] 15000 messages echoed
[MESSAGE] From peer 1: 256 bytes
[MESSAGE] From peer 1: 256 bytes
[MESSAGE] From peer 1: 256 bytes
[MESSAGE] From peer 1: 256 bytes
[MESSAGE] From peer 1: 256 bytes
[MESSAGE] From peer 1: 256 bytes
[MESSAGE] From peer 1: 256 bytes
[MESSAGE] From peer 1: 256 bytes
[MESSAGE] From peer 1: 256 bytes
[MESSAGE] From peer 1: 256 bytes
[MESSAGE] From peer 1: 256 bytes
[MESSAGE] From peer 1: 256 bytes
[MESSAGE] From peer 1: 256 bytes
[MESSAGE] From peer 1: 256 bytes
[MESSAGE] From peer 1: 256 bytes
[MESSAGE] From peer 1: 256 bytes
[MESSAGE] From peer 1: 256 bytes
[MESSAGE] From peer 1: 256 bytes
[MESSAGE] From peer 1: 256 bytes
[MESSAGE] From peer 1: 256 bytes
[MESSAGE] From peer 1: 256 bytes
[MESSAGE] From peer 1: 256 bytes
[MESSAGE] From peer 1: 256 bytes
[MESSAGE] From peer 1: 256 bytes
[MESSAGE] From peer 1: 256 bytes
[MESSAGE] From peer 1: 256 bytes
[MESSAGE] From peer 1: 256 bytes
[MESSAGE] From peer 1: 256 bytes
[MESSAGE] From peer 1: 256 bytes
[MESSAGE] From peer 1: 256 bytes
[MESSAGE] From peer 1: 256 bytes
[MESSAGE] From peer 1: 256 bytes
[MESSAGE] From peer 1: 256 bytes
[MESSAGE] From peer 1: 256 bytes
[MESSAGE] From peer 1: 256 bytes
[MESSAGE] From peer 1: 256 bytes
[MESSAGE] From peer 1: 256 bytes
[MESSAGE] From peer 1: 256 bytes
[MESSAGE] From peer 1: 256 bytes
[MESSAGE] From peer 1: 256 bytes
[MESSAGE] From peer 1: 256 bytes
[MESSAGE] From peer 1: 256 bytes
[MESSAGE] From peer 1: 256 bytes
[MESSAGE] From peer 1: 256 bytes
[MESSAGE] From peer 1: 256 bytes
[MESSAGE] From peer 1: 256 bytes
[MESSAGE] From peer 1: 256 bytes
[MESSAGE] From peer 1: 256 bytes
[MESSAGE] From peer 1: 256 bytes
[MESSAGE] From peer 1: 256 bytes
[MESSAGE] From peer 1: 256 bytes
[MESSAGE] From peer 1: 256 bytes
[MESSAGE] From peer 1: 256 bytes
[MESSAGE] From peer 1: 256 bytes
[MESSAGE] From peer 1: 256 bytes
[MESSAGE] From peer 1: 256 bytes
[MESSAGE] From peer 1: 256 bytes
[MESSAGE] From peer 1: 256 bytes
[MESSAGE] From peer 1: 256 bytes
[MESSAGE] From peer 1: 256 bytes
[MESSAGE] From peer 1: 256 bytes
[MESSAGE] From peer 1: 256 bytes
[MESSAGE] From peer 1: 256 bytes
[MESSAGE] From peer 1: 256 bytes
[MESSAGE] From peer 1: 256 bytes
[MESSAGE] From peer 1: 256 bytes
[MESSAGE] From peer 1: 256 bytes
[MESSAGE] From peer 1: 256 bytes
[MESSAGE] From peer 1: 256 bytes
[MESSAGE] From peer 1: 256 bytes
[MESSAGE] From peer 1: 256 bytes
[MESSAGE] From peer 1: 256 bytes
[MESSAGE] From peer 1: 256 bytes
[MESSAGE] From peer 1: 256 bytes
[MESSAGE] From peer 1: 256 bytes
[MESSAGE] From peer 1: 256 bytes
[MESSAGE] From peer 1: 256 bytes
[MESSAGE] From peer 1: 256 bytes
[MESSAGE] From peer 1: 256 bytes
[MESSAGE] From peer 1: 256 bytes
[MESSAGE] From peer 1: 256 bytes
[MESSAGE] From peer 1: 256 bytes
[MESSAGE] From peer 1: 256 bytes
[MESSAGE] From peer 1: 256 bytes
[MESSAGE] From peer 1: 256 bytes
[MESSAGE] From peer 1: 256 bytes
[MESSAGE] From peer 1: 256 bytes
[MESSAGE] From peer 1: 256 bytes
[MESSAGE] From peer 1: 256 bytes
[MESSAGE] From peer 1: 256 bytes
[MESSAGE] From peer 1: 256 bytes
[MESSAGE] From peer 1: 256 bytes
[MESSAGE] From peer 1: 256 bytes
[MESSAGE] From peer 1: 256 bytes
[MESSAGE] From peer 1: 256 bytes
[MESSAGE] From peer 1: 256 bytes
[MESSAGE] From peer 1: 256 bytes
[MESSAGE] From peer 1: 256 bytes
[MESSAGE] From peer 1: 256 bytes
[MESSAGE] From peer 1: 256 bytes
[ECHO] 15100 messages echoed
[MESSAGE] From peer 1: 256 bytes
[MESSAGE] From peer 1: 256 bytes
[MESSAGE] From peer 1: 256 bytes
[MESSAGE] From peer 1: 256 bytes
[MESSAGE] From peer 1: 256 bytes
[MESSAGE] From peer 1: 256 bytes
[MESSAGE] From peer 1: 256 bytes
[MESSAGE] From peer 1: 256 bytes
[MESSAGE] From peer 1: 256 bytes
[MESSAGE] From peer 1: 256 bytes
[MESSAGE] From peer 1: 256 bytes
[MESSAGE] From peer 1: 256 bytes
[MESSAGE] From peer 1: 256 bytes
[MESSAGE] From peer 1: 256 bytes
[MESSAGE] From peer 1: 256 bytes
[MESSAGE] From peer 1: 256 bytes
[MESSAGE] From peer 1: 256 bytes
[MESSAGE] From peer 1: 256 bytes
[MESSAGE] From peer 1: 256 bytes
[MESSAGE] From peer 1: 256 bytes
[MESSAGE] From peer 1: 256 bytes
[MESSAGE] From peer 1: 256 bytes
[MESSAGE] From peer 1: 256 bytes
[MESSAGE] From peer 1: 256 bytes
[MESSAGE] From peer 1: 256 bytes
[MESSAGE] From peer 1: 256 bytes
[MESSAGE] From peer 1: 256 bytes
[MESSAGE] From peer 1: 256 bytes
[MESSAGE] From peer 1: 256 bytes
[MESSAGE] From peer 1: 256 bytes
[MESSAGE] From peer 1: 256 bytes
[MESSAGE] From peer 1: 256 bytes
[MESSAGE] From peer 1: 256 bytes
[MESSAGE] From peer 1: 256 bytes
[MESSAGE] From peer 1: 256 bytes
[MESSAGE] From peer 1: 256 bytes
[MESSAGE] From peer 1: 256 bytes
[MESSAGE] From peer 1: 256 bytes
[MESSAGE] From peer 1: 256 bytes
[MESSAGE] From peer 1: 256 bytes
[MESSAGE] From peer 1: 256 bytes
[MESSAGE] From peer 1: 256 bytes
[MESSAGE] From peer 1: 256 bytes
[MESSAGE] From peer 1: 256 bytes
[MESSAGE] From peer 1: 256 bytes
[MESSAGE] From peer 1: 256 bytes
[MESSAGE] From peer 1: 256 bytes
[MESSAGE] From peer 1: 256 bytes
[STATUS] 3610 sec: peers=20, msgs=15158, connected=yes
[MESSAGE] From peer 1: 256 bytes
[MESSAGE] From peer 1: 256 bytes
[MESSAGE] From peer 1: 256 bytes
[MESSAGE] From peer 1: 256 bytes
[MESSAGE] From peer 1: 256 bytes
[MESSAGE] From peer 1: 256 bytes
[MESSAGE] From peer 1: 256 bytes
[MESSAGE] From peer 1: 256 bytes
[MESSAGE] From peer 1: 256 bytes
[MESSAGE] From peer 1: 256 bytes
[MESSAGE] From peer 1: 256 bytes
[MESSAGE] From peer 1: 256 bytes
[MESSAGE] From peer 1: 256 bytes
[MESSAGE] From peer 1: 256 bytes
[MESSAGE] From peer 1: 256 bytes
[MESSAGE] From peer 1: 256 bytes
[MESSAGE] From peer 1: 256 bytes
[MESSAGE] From peer 1: 256 bytes
[MESSAGE] From peer 1: 256 bytes
[MESSAGE] From peer 1: 256 bytes
[MESSAGE] From peer 1: 256 bytes
[MESSAGE] From peer 1: 256 bytes
[MESSAGE] From peer 1: 256 bytes
[MESSAGE] From peer 1: 256 bytes
[MESSAGE] From peer 1: 256 bytes
[MESSAGE] From peer 1: 256 bytes
[MESSAGE] From peer 1: 256 bytes
[MESSAGE] From peer 1: 256 bytes
[MESSAGE] From peer 1: 256 bytes
[MESSAGE] From peer 1: 256 bytes
[MESSAGE] From peer 1: 256 bytes
[MESSAGE] From peer 1: 256 bytes
[MESSAGE] From peer 1: 256 bytes
[MESSAGE] From peer 1: 256 bytes
[MESSAGE] From peer 1: 256 bytes
[MESSAGE] From peer 1: 256 bytes
[MESSAGE] From peer 1: 256 bytes
[MESSAGE] From peer 1: 256 bytes
[MESSAGE] From peer 1: 256 bytes
[MESSAGE] From peer 1: 256 bytes
[MESSAGE] From peer 1: 256 bytes
[MESSAGE] From peer 1: 256 bytes
[MESSAGE] From peer 1: 256 bytes
[MESSAGE] From peer 1: 256 bytes
[MESSAGE] From peer 1: 256 bytes
[MESSAGE] From peer 1: 256 bytes
[MESSAGE] From peer 1: 256 bytes
[MESSAGE] From peer 1: 256 bytes
[MESSAGE] From peer 1: 256 bytes
[MESSAGE] From peer 1: 256 bytes
[MESSAGE] From peer 1: 256 bytes
[MESSAGE] From peer 1: 256 bytes
[ECHO] 15200 messages echoed
[MESSAGE] From peer 1: 256 bytes
[MESSAGE] From peer 1: 256 bytes
[MESSAGE] From peer 1: 256 bytes
[MESSAGE] From peer 1: 256 bytes
[MESSAGE] From peer 1: 256 bytes
[MESSAGE] From peer 1: 256 bytes
[MESSAGE] From peer 1: 256 bytes
[MESSAGE] From peer 1: 256 bytes
[MESSAGE] From peer 1: 256 bytes
[MESSAGE] From peer 1: 256 bytes
[MESSAGE] From peer 1: 256 bytes
[MESSAGE] From peer 1: 256 bytes
[MESSAGE] From peer 1: 256 bytes
[MESSAGE] From peer 1: 256 bytes
[MESSAGE] From peer 1: 256 bytes
[MESSAGE] From peer 1: 256 bytes
[MESSAGE] From peer 1: 256 bytes
[MESSAGE] From peer 1: 256 bytes
[MESSAGE] From peer 1: 256 bytes
[MESSAGE] From peer 1: 256 bytes
[MESSAGE] From peer 1: 256 bytes
[MESSAGE] From peer 1: 256 bytes
[MESSAGE] From peer 1: 256 bytes
[MESSAGE] From peer 1: 256 bytes
[MESSAGE] From peer 1: 256 bytes
[MESSAGE] From peer 1: 256 bytes
[MESSAGE] From peer 1: 256 bytes
[MESSAGE] From peer 1: 256 bytes
[MESSAGE] From peer 1: 256 bytes
[MESSAGE] From peer 1: 256 bytes
[MESSAGE] From peer 1: 256 bytes
[MESSAGE] From peer 1: 256 bytes
[MESSAGE] From peer 1: 256 bytes
[MESSAGE] From peer 1: 256 bytes
[MESSAGE] From peer 1: 256 bytes
[MESSAGE] From peer 1: 256 bytes
[MESSAGE] From peer 1: 256 bytes
[MESSAGE] From peer 1: 256 bytes
[DISCOVERED] Peer 2: "MacThroughput" at 10.188.1.213:7354
[MESSAGE] From peer 1: 256 bytes
[MESSAGE] From peer 1: 256 bytes
[MESSAGE] From peer 1: 256 bytes
[MESSAGE] From peer 1: 256 bytes
[MESSAGE] From peer 1: 256 bytes
[MESSAGE] From peer 1: 256 bytes
[MESSAGE] From peer 1: 256 bytes
[MESSAGE] From peer 1: 256 bytes
[MESSAGE] From peer 1: 256 bytes
[MESSAGE] From peer 1: 256 bytes
[MESSAGE] From peer 1: 256 bytes
[MESSAGE] From peer 1: 256 bytes
[MESSAGE] From peer 1: 256 bytes
[MESSAGE] From peer 1: 256 bytes
[MESSAGE] From peer 1: 256 bytes
[MESSAGE] From peer 1: 256 bytes
[MESSAGE] From peer 1: 256 bytes
[MESSAGE] From peer 1: 256 bytes
[MESSAGE] From peer 1: 256 bytes
[MESSAGE] From peer 1: 256 bytes
[MESSAGE] From peer 1: 256 bytes
[MESSAGE] From peer 1: 256 bytes
[MESSAGE] From peer 1: 256 bytes
[MESSAGE] From peer 1: 256 bytes
[MESSAGE] From peer 1: 256 bytes
[MESSAGE] From peer 1: 256 bytes
[MESSAGE] From peer 1: 256 bytes
[MESSAGE] From peer 1: 256 bytes
[MESSAGE] From peer 1: 256 bytes
[MESSAGE] From peer 1: 256 bytes
[MESSAGE] From peer 1: 256 bytes
[MESSAGE] From peer 1: 256 bytes
[MESSAGE] From peer 1: 256 bytes
[MESSAGE] From peer 1: 256 bytes
[MESSAGE] From peer 1: 256 bytes
[MESSAGE] From peer 1: 256 bytes
[MESSAGE] From peer 1: 256 bytes
[MESSAGE] From peer 1: 256 bytes
[MESSAGE] From peer 1: 256 bytes
[MESSAGE] From peer 1: 256 bytes
[MESSAGE] From peer 1: 256 bytes
[MESSAGE] From peer 1: 256 bytes
[MESSAGE] From peer 1: 256 bytes
[MESSAGE] From peer 1: 256 bytes
[MESSAGE] From peer 1: 256 bytes
[MESSAGE] From peer 1: 256 bytes
[MESSAGE] From peer 1: 256 bytes
[MESSAGE] From peer 1: 256 bytes
[MESSAGE] From peer 1: 256 bytes
[MESSAGE] From peer 1: 256 bytes
[MESSAGE] From peer 1: 256 bytes
[MESSAGE] From peer 1: 256 bytes
[MESSAGE] From peer 1: 256 bytes
[MESSAGE] From peer 1: 256 bytes
[MESSAGE] From peer 1: 256 bytes
[MESSAGE] From peer 1: 256 bytes
[MESSAGE] From peer 1: 256 bytes
[MESSAGE] From peer 1: 256 bytes
[MESSAGE] From peer 1: 256 bytes
[MESSAGE] From peer 1: 256 bytes
[MESSAGE] From peer 1: 256 bytes
[MESSAGE] From peer 1: 256 bytes
[ECHO] 15300 messages echoed
[MESSAGE] From peer 1: 256 bytes
[MESSAGE] From peer 1: 256 bytes
[MESSAGE] From peer 1: 256 bytes
[MESSAGE] From peer 1: 256 bytes
[MESSAGE] From peer 1: 256 bytes
[MESSAGE] From peer 1: 256 bytes
[MESSAGE] From peer 1: 256 bytes
[MESSAGE] From peer 1: 256 bytes
[MESSAGE] From peer 1: 256 bytes
[MESSAGE] From peer 1: 256 bytes
[MESSAGE] From peer 1: 256 bytes
[MESSAGE] From peer 1: 256 bytes
[MESSAGE] From peer 1: 256 bytes
[MESSAGE] From peer 1: 256 bytes
[MESSAGE] From peer 1: 256 bytes
[MESSAGE] From peer 1: 256 bytes
[MESSAGE] From peer 1: 256 bytes
[MESSAGE] From peer 1: 256 bytes
[MESSAGE] From peer 1: 256 bytes
[MESSAGE] From peer 1: 256 bytes
[MESSAGE] From peer 1: 256 bytes
[MESSAGE] From peer 1: 256 bytes
[MESSAGE] From peer 1: 256 bytes
[MESSAGE] From peer 1: 256 bytes
[MESSAGE] From peer 1: 256 bytes
[MESSAGE] From peer 1: 256 bytes
[MESSAGE] From peer 1: 256 bytes
[MESSAGE] From peer 1: 256 bytes
[MESSAGE] From peer 1: 256 bytes
[MESSAGE] From peer 1: 256 bytes
[MESSAGE] From peer 1: 256 bytes
[MESSAGE] From peer 1: 256 bytes
[MESSAGE] From peer 1: 256 bytes
[MESSAGE] From peer 1: 256 bytes
[MESSAGE] From peer 1: 256 bytes
[MESSAGE] From peer 1: 256 bytes
[MESSAGE] From peer 1: 256 bytes
[MESSAGE] From peer 1: 256 bytes
[MESSAGE] From peer 1: 256 bytes
[MESSAGE] From peer 1: 256 bytes
[MESSAGE] From peer 1: 256 bytes
[MESSAGE] From peer 1: 256 bytes
[MESSAGE] From peer 1: 256 bytes
[MESSAGE] From peer 1: 256 bytes
[MESSAGE] From peer 1: 256 bytes
[MESSAGE] From peer 1: 256 bytes
[MESSAGE] From peer 1: 256 bytes
[MESSAGE] From peer 1: 256 bytes
[MESSAGE] From peer 1: 256 bytes
[MESSAGE] From peer 1: 256 bytes
[MESSAGE] From peer 1: 256 bytes
[MESSAGE] From peer 1: 256 bytes
[MESSAGE] From peer 1: 256 bytes
[MESSAGE] From peer 1: 256 bytes
[MESSAGE] From peer 1: 256 bytes
[MESSAGE] From peer 1: 256 bytes
[MESSAGE] From peer 1: 256 bytes
[MESSAGE] From peer 1: 256 bytes
[MESSAGE] From peer 1: 256 bytes
[MESSAGE] From peer 1: 256 bytes
[MESSAGE] From peer 1: 256 bytes
[MESSAGE] From peer 1: 256 bytes
[MESSAGE] From peer 1: 256 bytes
[MESSAGE] From peer 1: 256 bytes
[MESSAGE] From peer 1: 256 bytes
[MESSAGE] From peer 1: 256 bytes
[MESSAGE] From peer 1: 256 bytes
[MESSAGE] From peer 1: 256 bytes
[MESSAGE] From peer 1: 256 bytes
[MESSAGE] From peer 1: 256 bytes
[MESSAGE] From peer 1: 256 bytes
[MESSAGE] From peer 1: 256 bytes
[MESSAGE] From peer 1: 256 bytes
[MESSAGE] From peer 1: 256 bytes
[MESSAGE] From peer 1: 256 bytes
[MESSAGE] From peer 1: 256 bytes
[MESSAGE] From peer 1: 256 bytes
[MESSAGE] From peer 1: 256 bytes
[MESSAGE] From peer 1: 256 bytes
[MESSAGE] From peer 1: 256 bytes
[MESSAGE] From peer 1: 256 bytes
[MESSAGE] From peer 1: 256 bytes
[MESSAGE] From peer 1: 256 bytes
[MESSAGE] From peer 1: 256 bytes
[MESSAGE] From peer 1: 256 bytes
[MESSAGE] From peer 1: 256 bytes
[MESSAGE] From peer 1: 256 bytes
[MESSAGE] From peer 1: 256 bytes
[MESSAGE] From peer 1: 256 bytes
[MESSAGE] From peer 1: 256 bytes
[MESSAGE] From peer 1: 256 bytes
[MESSAGE] From peer 1: 256 bytes
[MESSAGE] From peer 1: 256 bytes
[MESSAGE] From peer 1: 256 bytes
[MESSAGE] From peer 1: 256 bytes
[MESSAGE] From peer 1: 256 bytes
[MESSAGE] From peer 1: 256 bytes
[MESSAGE] From peer 1: 256 bytes
[MESSAGE] From peer 1: 256 bytes
[MESSAGE] From peer 1: 256 bytes
[ECHO] 15400 messages echoed
[MESSAGE] From peer 1: 256 bytes
[MESSAGE] From peer 1: 256 bytes
[MESSAGE] From peer 1: 256 bytes
[MESSAGE] From peer 1: 256 bytes
[MESSAGE] From peer 1: 256 bytes
[MESSAGE] From peer 1: 256 bytes
[MESSAGE] From peer 1: 256 bytes
[MESSAGE] From peer 1: 256 bytes
[MESSAGE] From peer 1: 256 bytes
[MESSAGE] From peer 1: 256 bytes
[MESSAGE] From peer 1: 256 bytes
[MESSAGE] From peer 1: 256 bytes
[MESSAGE] From peer 1: 256 bytes
[MESSAGE] From peer 1: 256 bytes
[MESSAGE] From peer 1: 256 bytes
[MESSAGE] From peer 1: 256 bytes
[MESSAGE] From peer 1: 256 bytes
[MESSAGE] From peer 1: 256 bytes
[MESSAGE] From peer 1: 256 bytes
[MESSAGE] From peer 1: 256 bytes
[MESSAGE] From peer 1: 256 bytes
[MESSAGE] From peer 1: 256 bytes
[MESSAGE] From peer 1: 256 bytes
[MESSAGE] From peer 1: 256 bytes
[MESSAGE] From peer 1: 256 bytes
[MESSAGE] From peer 1: 256 bytes
[MESSAGE] From peer 1: 256 bytes
[MESSAGE] From peer 1: 256 bytes
[MESSAGE] From peer 1: 256 bytes
[MESSAGE] From peer 1: 256 bytes
[MESSAGE] From peer 1: 256 bytes
[MESSAGE] From peer 1: 256 bytes
[MESSAGE] From peer 1: 256 bytes
[MESSAGE] From peer 1: 256 bytes
[MESSAGE] From peer 1: 256 bytes
[MESSAGE] From peer 1: 256 bytes
[MESSAGE] From peer 1: 256 bytes
[MESSAGE] From peer 1: 256 bytes
[MESSAGE] From peer 1: 256 bytes
[MESSAGE] From peer 1: 256 bytes
[MESSAGE] From peer 1: 256 bytes
[MESSAGE] From peer 1: 256 bytes
[MESSAGE] From peer 1: 256 bytes
[MESSAGE] From peer 1: 256 bytes
[MESSAGE] From peer 1: 256 bytes
[MESSAGE] From peer 1: 256 bytes
[MESSAGE] From peer 1: 256 bytes
[MESSAGE] From peer 1: 256 bytes
[MESSAGE] From peer 1: 256 bytes
[MESSAGE] From peer 1: 256 bytes
[MESSAGE] From peer 1: 256 bytes
[MESSAGE] From peer 1: 256 bytes
[MESSAGE] From peer 1: 256 bytes
[MESSAGE] From peer 1: 256 bytes
[MESSAGE] From peer 1: 256 bytes
[MESSAGE] From peer 1: 256 bytes
[MESSAGE] From peer 1: 256 bytes
[MESSAGE] From peer 1: 256 bytes
[MESSAGE] From peer 1: 256 bytes
[MESSAGE] From peer 1: 256 bytes
[MESSAGE] From peer 1: 256 bytes
[MESSAGE] From peer 1: 256 bytes
[MESSAGE] From peer 1: 256 bytes
[MESSAGE] From peer 1: 256 bytes
[MESSAGE] From peer 1: 256 bytes
[MESSAGE] From peer 1: 256 bytes
[MESSAGE] From peer 1: 256 bytes
[MESSAGE] From peer 1: 256 bytes
[MESSAGE] From peer 1: 256 bytes
[MESSAGE] From peer 1: 256 bytes
[MESSAGE] From peer 1: 256 bytes
[MESSAGE] From peer 1: 256 bytes
[MESSAGE] From peer 1: 256 bytes
[MESSAGE] From peer 1: 256 bytes
[MESSAGE] From peer 1: 256 bytes
[MESSAGE] From peer 1: 256 bytes
[MESSAGE] From peer 1: 256 bytes
[MESSAGE] From peer 1: 256 bytes
[MESSAGE] From peer 1: 256 bytes
[MESSAGE] From peer 1: 256 bytes
[MESSAGE] From peer 1: 256 bytes
[MESSAGE] From peer 1: 256 bytes
[MESSAGE] From peer 1: 256 bytes
[MESSAGE] From peer 1: 256 bytes
[MESSAGE] From peer 1: 256 bytes
[MESSAGE] From peer 1: 256 bytes
[MESSAGE] From peer 1: 256 bytes
[MESSAGE] From peer 1: 256 bytes
[MESSAGE] From peer 1: 256 bytes
[MESSAGE] From peer 1: 256 bytes
[MESSAGE] From peer 1: 256 bytes
[MESSAGE] From peer 1: 256 bytes
[MESSAGE] From peer 1: 256 bytes
[MESSAGE] From peer 1: 256 bytes
[MESSAGE] From peer 1: 256 bytes
[MESSAGE] From peer 1: 256 bytes
[MESSAGE] From peer 1: 256 bytes
[MESSAGE] From peer 1: 256 bytes
[MESSAGE] From peer 1: 256 bytes
[MESSAGE] From peer 1: 256 bytes
[ECHO] 15500 messages echoed
[MESSAGE] From peer 1: 256 bytes
[MESSAGE] From peer 1: 256 bytes
[MESSAGE] From peer 1: 256 bytes
[MESSAGE] From peer 1: 256 bytes
[MESSAGE] From peer 1: 256 bytes
[MESSAGE] From peer 1: 256 bytes
[MESSAGE] From peer 1: 256 bytes
[MESSAGE] From peer 1: 256 bytes
[MESSAGE] From peer 1: 256 bytes
[MESSAGE] From peer 1: 256 bytes
[MESSAGE] From peer 1: 256 bytes
[MESSAGE] From peer 1: 256 bytes
[MESSAGE] From peer 1: 256 bytes
[MESSAGE] From peer 1: 256 bytes
[MESSAGE] From peer 1: 256 bytes
[MESSAGE] From peer 1: 256 bytes
[MESSAGE] From peer 1: 256 bytes
[MESSAGE] From peer 1: 256 bytes
[MESSAGE] From peer 1: 256 bytes
[MESSAGE] From peer 1: 256 bytes
[MESSAGE] From peer 1: 256 bytes
[MESSAGE] From peer 1: 256 bytes
[MESSAGE] From peer 1: 256 bytes
[MESSAGE] From peer 1: 256 bytes
[MESSAGE] From peer 1: 256 bytes
[MESSAGE] From peer 1: 256 bytes
[MESSAGE] From peer 1: 256 bytes
[MESSAGE] From peer 1: 256 bytes
[MESSAGE] From peer 1: 256 bytes
[MESSAGE] From peer 1: 256 bytes
[MESSAGE] From peer 1: 256 bytes
[MESSAGE] From peer 1: 256 bytes
[MESSAGE] From peer 1: 256 bytes
[MESSAGE] From peer 1: 256 bytes
[MESSAGE] From peer 1: 256 bytes
[MESSAGE] From peer 1: 256 bytes
[MESSAGE] From peer 1: 256 bytes
[MESSAGE] From peer 1: 256 bytes
[MESSAGE] From peer 1: 256 bytes
[MESSAGE] From peer 1: 256 bytes
[MESSAGE] From peer 1: 256 bytes
[MESSAGE] From peer 1: 256 bytes
[MESSAGE] From peer 1: 256 bytes
[MESSAGE] From peer 1: 256 bytes
[MESSAGE] From peer 1: 256 bytes
[MESSAGE] From peer 1: 256 bytes
[MESSAGE] From peer 1: 256 bytes
[MESSAGE] From peer 1: 256 bytes
[MESSAGE] From peer 1: 256 bytes
[MESSAGE] From peer 1: 256 bytes
[MESSAGE] From peer 1: 256 bytes
[MESSAGE] From peer 1: 256 bytes
[MESSAGE] From peer 1: 256 bytes
[MESSAGE] From peer 1: 256 bytes
[MESSAGE] From peer 1: 256 bytes
[MESSAGE] From peer 1: 256 bytes
[MESSAGE] From peer 1: 256 bytes
[MESSAGE] From peer 1: 256 bytes
[MESSAGE] From peer 1: 256 bytes
[MESSAGE] From peer 1: 256 bytes
[MESSAGE] From peer 1: 256 bytes
[MESSAGE] From peer 1: 256 bytes
[MESSAGE] From peer 1: 256 bytes
[MESSAGE] From peer 1: 256 bytes
[MESSAGE] From peer 1: 256 bytes
[MESSAGE] From peer 1: 256 bytes
[MESSAGE] From peer 1: 256 bytes
[MESSAGE] From peer 1: 256 bytes
[MESSAGE] From peer 1: 256 bytes
[MESSAGE] From peer 1: 256 bytes
[MESSAGE] From peer 1: 256 bytes
[MESSAGE] From peer 1: 256 bytes
[MESSAGE] From peer 1: 256 bytes
[MESSAGE] From peer 1: 256 bytes
[MESSAGE] From peer 1: 256 bytes
[MESSAGE] From peer 1: 256 bytes
[MESSAGE] From peer 1: 256 bytes
[MESSAGE] From peer 1: 256 bytes
[MESSAGE] From peer 1: 256 bytes
[MESSAGE] From peer 1: 256 bytes
[MESSAGE] From peer 1: 256 bytes
[MESSAGE] From peer 1: 256 bytes
[MESSAGE] From peer 1: 256 bytes
[MESSAGE] From peer 1: 256 bytes
[MESSAGE] From peer 1: 256 bytes
[MESSAGE] From peer 1: 256 bytes
[MESSAGE] From peer 1: 256 bytes
[MESSAGE] From peer 1: 256 bytes
[MESSAGE] From peer 1: 256 bytes
[MESSAGE] From peer 1: 256 bytes
[MESSAGE] From peer 1: 256 bytes
[MESSAGE] From peer 1: 256 bytes
[MESSAGE] From peer 1: 256 bytes
[MESSAGE] From peer 1: 256 bytes
[MESSAGE] From peer 1: 256 bytes
[MESSAGE] From peer 1: 256 bytes
[MESSAGE] From peer 1: 256 bytes
[MESSAGE] From peer 1: 256 bytes
[MESSAGE] From peer 1: 256 bytes
[MESSAGE] From peer 1: 256 bytes
[ECHO] 15600 messages echoed
[MESSAGE] From peer 1: 256 bytes
[MESSAGE] From peer 1: 256 bytes
[MESSAGE] From peer 1: 256 bytes
[MESSAGE] From peer 1: 256 bytes
[MESSAGE] From peer 1: 256 bytes
[MESSAGE] From peer 1: 256 bytes
[MESSAGE] From peer 1: 256 bytes
[MESSAGE] From peer 1: 256 bytes
[MESSAGE] From peer 1: 256 bytes
[MESSAGE] From peer 1: 256 bytes
[MESSAGE] From peer 1: 256 bytes
[MESSAGE] From peer 1: 256 bytes
[MESSAGE] From peer 1: 256 bytes
[MESSAGE] From peer 1: 256 bytes
[MESSAGE] From peer 1: 256 bytes
[MESSAGE] From peer 1: 256 bytes
[MESSAGE] From peer 1: 256 bytes
[MESSAGE] From peer 1: 256 bytes
[MESSAGE] From peer 1: 256 bytes
[MESSAGE] From peer 1: 256 bytes
[MESSAGE] From peer 1: 256 bytes
[MESSAGE] From peer 1: 256 bytes
[MESSAGE] From peer 1: 256 bytes
[MESSAGE] From peer 1: 256 bytes
[MESSAGE] From peer 1: 256 bytes
[MESSAGE] From peer 1: 256 bytes
[MESSAGE] From peer 1: 256 bytes
[MESSAGE] From peer 1: 256 bytes
[MESSAGE] From peer 1: 256 bytes
[MESSAGE] From peer 1: 256 bytes
[MESSAGE] From peer 1: 256 bytes
[MESSAGE] From peer 1: 256 bytes
[MESSAGE] From peer 1: 256 bytes
[MESSAGE] From peer 1: 256 bytes
[MESSAGE] From peer 1: 256 bytes
[MESSAGE] From peer 1: 256 bytes
[MESSAGE] From peer 1: 256 bytes
[MESSAGE] From peer 1: 256 bytes
[MESSAGE] From peer 1: 256 bytes
[MESSAGE] From peer 1: 256 bytes
[MESSAGE] From peer 1: 256 bytes
[MESSAGE] From peer 1: 256 bytes
[MESSAGE] From peer 1: 256 bytes
[MESSAGE] From peer 1: 256 bytes
[MESSAGE] From peer 1: 256 bytes
[MESSAGE] From peer 1: 256 bytes
[MESSAGE] From peer 1: 256 bytes
[MESSAGE] From peer 1: 256 bytes
[MESSAGE] From peer 1: 256 bytes
[MESSAGE] From peer 1: 256 bytes
[MESSAGE] From peer 1: 256 bytes
[MESSAGE] From peer 1: 256 bytes
[MESSAGE] From peer 1: 256 bytes
[MESSAGE] From peer 1: 256 bytes
[MESSAGE] From peer 1: 256 bytes
[MESSAGE] From peer 1: 256 bytes
[MESSAGE] From peer 1: 256 bytes
[MESSAGE] From peer 1: 256 bytes
[MESSAGE] From peer 1: 256 bytes
[MESSAGE] From peer 1: 256 bytes
[MESSAGE] From peer 1: 256 bytes
[MESSAGE] From peer 1: 256 bytes
[MESSAGE] From peer 1: 256 bytes
[MESSAGE] From peer 1: 256 bytes
[MESSAGE] From peer 1: 256 bytes
[MESSAGE] From peer 1: 256 bytes
[MESSAGE] From peer 1: 256 bytes
[MESSAGE] From peer 1: 256 bytes
[MESSAGE] From peer 1: 256 bytes
[MESSAGE] From peer 1: 256 bytes
[MESSAGE] From peer 1: 256 bytes
[MESSAGE] From peer 1: 256 bytes
[MESSAGE] From peer 1: 256 bytes
[MESSAGE] From peer 1: 256 bytes
[MESSAGE] From peer 1: 256 bytes
[MESSAGE] From peer 1: 256 bytes
[MESSAGE] From peer 1: 256 bytes
[MESSAGE] From peer 1: 256 bytes
[MESSAGE] From peer 1: 256 bytes
[MESSAGE] From peer 1: 256 bytes
[MESSAGE] From peer 1: 256 bytes
[MESSAGE] From peer 1: 256 bytes
[MESSAGE] From peer 1: 256 bytes
[MESSAGE] From peer 1: 256 bytes
[MESSAGE] From peer 1: 256 bytes
[MESSAGE] From peer 1: 256 bytes
[MESSAGE] From peer 1: 256 bytes
[MESSAGE] From peer 1: 256 bytes
[MESSAGE] From peer 1: 256 bytes
[MESSAGE] From peer 1: 256 bytes
[MESSAGE] From peer 1: 256 bytes
[MESSAGE] From peer 1: 256 bytes
[MESSAGE] From peer 1: 256 bytes
[MESSAGE] From peer 1: 256 bytes
[MESSAGE] From peer 1: 256 bytes
[MESSAGE] From peer 1: 256 bytes
[MESSAGE] From peer 1: 256 bytes
[MESSAGE] From peer 1: 256 bytes
[MESSAGE] From peer 1: 256 bytes
[MESSAGE] From peer 1: 256 bytes
[ECHO] 15700 messages echoed
[MESSAGE] From peer 1: 256 bytes
[MESSAGE] From peer 1: 256 bytes
[MESSAGE] From peer 1: 256 bytes
[MESSAGE] From peer 1: 256 bytes
[MESSAGE] From peer 1: 256 bytes
[MESSAGE] From peer 1: 256 bytes
[MESSAGE] From peer 1: 256 bytes
[MESSAGE] From peer 1: 256 bytes
[MESSAGE] From peer 1: 256 bytes
[MESSAGE] From peer 1: 256 bytes
[MESSAGE] From peer 1: 256 bytes
[MESSAGE] From peer 1: 256 bytes
[MESSAGE] From peer 1: 256 bytes
[MESSAGE] From peer 1: 256 bytes
[MESSAGE] From peer 1: 256 bytes
[MESSAGE] From peer 1: 256 bytes
[MESSAGE] From peer 1: 256 bytes
[MESSAGE] From peer 1: 256 bytes
[MESSAGE] From peer 1: 256 bytes
[MESSAGE] From peer 1: 256 bytes
[MESSAGE] From peer 1: 256 bytes
[MESSAGE] From peer 1: 256 bytes
[MESSAGE] From peer 1: 256 bytes
[MESSAGE] From peer 1: 256 bytes
[MESSAGE] From peer 1: 256 bytes
[MESSAGE] From peer 1: 256 bytes
[MESSAGE] From peer 1: 256 bytes
[MESSAGE] From peer 1: 256 bytes
[MESSAGE] From peer 1: 256 bytes
[MESSAGE] From peer 1: 256 bytes
[MESSAGE] From peer 1: 256 bytes
[MESSAGE] From peer 1: 256 bytes
[MESSAGE] From peer 1: 256 bytes
[MESSAGE] From peer 1: 256 bytes
[MESSAGE] From peer 1: 256 bytes
[MESSAGE] From peer 1: 256 bytes
[MESSAGE] From peer 1: 256 bytes
[MESSAGE] From peer 1: 256 bytes
[MESSAGE] From peer 1: 256 bytes
[MESSAGE] From peer 1: 256 bytes
[MESSAGE] From peer 1: 256 bytes
[MESSAGE] From peer 1: 256 bytes
[MESSAGE] From peer 1: 256 bytes
[MESSAGE] From peer 1: 256 bytes
[MESSAGE] From peer 1: 256 bytes
[MESSAGE] From peer 1: 256 bytes
[MESSAGE] From peer 1: 256 bytes
[MESSAGE] From peer 1: 256 bytes
[MESSAGE] From peer 1: 256 bytes
[MESSAGE] From peer 1: 256 bytes
[MESSAGE] From peer 1: 256 bytes
[MESSAGE] From peer 1: 256 bytes
[MESSAGE] From peer 1: 256 bytes
[MESSAGE] From peer 1: 256 bytes
[MESSAGE] From peer 1: 256 bytes
[MESSAGE] From peer 1: 256 bytes
[MESSAGE] From peer 1: 256 bytes
[MESSAGE] From peer 1: 256 bytes
[MESSAGE] From peer 1: 256 bytes
[MESSAGE] From peer 1: 256 bytes
[MESSAGE] From peer 1: 256 bytes
[MESSAGE] From peer 1: 256 bytes
[MESSAGE] From peer 1: 256 bytes
[MESSAGE] From peer 1: 256 bytes
[MESSAGE] From peer 1: 256 bytes
[MESSAGE] From peer 1: 256 bytes
[MESSAGE] From peer 1: 256 bytes
[MESSAGE] From peer 1: 256 bytes
[MESSAGE] From peer 1: 256 bytes
[MESSAGE] From peer 1: 256 bytes
[MESSAGE] From peer 1: 256 bytes
[MESSAGE] From peer 1: 256 bytes
[MESSAGE] From peer 1: 256 bytes
[MESSAGE] From peer 1: 256 bytes
[MESSAGE] From peer 1: 256 bytes
[MESSAGE] From peer 1: 256 bytes
[MESSAGE] From peer 1: 256 bytes
[MESSAGE] From peer 1: 256 bytes
[MESSAGE] From peer 1: 256 bytes
[MESSAGE] From peer 1: 256 bytes
[MESSAGE] From peer 1: 256 bytes
[MESSAGE] From peer 1: 256 bytes
[MESSAGE] From peer 1: 256 bytes
[MESSAGE] From peer 1: 256 bytes
[MESSAGE] From peer 1: 256 bytes
[MESSAGE] From peer 1: 256 bytes
[MESSAGE] From peer 1: 256 bytes
[MESSAGE] From peer 1: 256 bytes
[MESSAGE] From peer 1: 256 bytes
[MESSAGE] From peer 1: 256 bytes
[MESSAGE] From peer 1: 256 bytes
[MESSAGE] From peer 1: 256 bytes
[MESSAGE] From peer 1: 256 bytes
[MESSAGE] From peer 1: 256 bytes
[MESSAGE] From peer 1: 256 bytes
[MESSAGE] From peer 1: 256 bytes
[MESSAGE] From peer 1: 256 bytes
[MESSAGE] From peer 1: 256 bytes
[MESSAGE] From peer 1: 256 bytes
[MESSAGE] From peer 1: 256 bytes
[ECHO] 15800 messages echoed
[MESSAGE] From peer 1: 256 bytes
[MESSAGE] From peer 1: 256 bytes
[MESSAGE] From peer 1: 256 bytes
[MESSAGE] From peer 1: 256 bytes
[MESSAGE] From peer 1: 256 bytes
[MESSAGE] From peer 1: 256 bytes
[MESSAGE] From peer 1: 256 bytes
[MESSAGE] From peer 1: 256 bytes
[MESSAGE] From peer 1: 256 bytes
[MESSAGE] From peer 1: 256 bytes
[MESSAGE] From peer 1: 256 bytes
[MESSAGE] From peer 1: 256 bytes
[MESSAGE] From peer 1: 256 bytes
[MESSAGE] From peer 1: 256 bytes
[MESSAGE] From peer 1: 256 bytes
[MESSAGE] From peer 1: 256 bytes
[MESSAGE] From peer 1: 256 bytes
[MESSAGE] From peer 1: 256 bytes
[MESSAGE] From peer 1: 256 bytes
[MESSAGE] From peer 1: 256 bytes
[MESSAGE] From peer 1: 256 bytes
[MESSAGE] From peer 1: 256 bytes
[MESSAGE] From peer 1: 256 bytes
[STATUS] 3620 sec: peers=21, msgs=15833, connected=yes
[MESSAGE] From peer 1: 256 bytes
[MESSAGE] From peer 1: 256 bytes
[MESSAGE] From peer 1: 256 bytes
[MESSAGE] From peer 1: 256 bytes
[MESSAGE] From peer 1: 256 bytes
[MESSAGE] From peer 1: 256 bytes
[MESSAGE] From peer 1: 256 bytes
[MESSAGE] From peer 1: 256 bytes
[MESSAGE] From peer 1: 256 bytes
[MESSAGE] From peer 1: 256 bytes
[MESSAGE] From peer 1: 256 bytes
[MESSAGE] From peer 1: 256 bytes
[MESSAGE] From peer 1: 256 bytes
[MESSAGE] From peer 1: 256 bytes
[MESSAGE] From peer 1: 256 bytes
[MESSAGE] From peer 1: 256 bytes
[MESSAGE] From peer 1: 256 bytes
[MESSAGE] From peer 1: 256 bytes
[MESSAGE] From peer 1: 256 bytes
[MESSAGE] From peer 1: 256 bytes
[MESSAGE] From peer 1: 256 bytes
[MESSAGE] From peer 1: 256 bytes
[MESSAGE] From peer 1: 256 bytes
[MESSAGE] From peer 1: 256 bytes
[MESSAGE] From peer 1: 256 bytes
[MESSAGE] From peer 1: 256 bytes
[MESSAGE] From peer 1: 256 bytes
[MESSAGE] From peer 1: 256 bytes
[MESSAGE] From peer 1: 256 bytes
[MESSAGE] From peer 1: 256 bytes
[MESSAGE] From peer 1: 256 bytes
[MESSAGE] From peer 1: 256 bytes
[MESSAGE] From peer 1: 256 bytes
[MESSAGE] From peer 1: 256 bytes
[MESSAGE] From peer 1: 256 bytes
[MESSAGE] From peer 1: 256 bytes
[MESSAGE] From peer 1: 256 bytes
[MESSAGE] From peer 1: 256 bytes
[MESSAGE] From peer 1: 256 bytes
[MESSAGE] From peer 1: 256 bytes
[MESSAGE] From peer 1: 256 bytes
[MESSAGE] From peer 1: 256 bytes
[MESSAGE] From peer 1: 256 bytes
[MESSAGE] From peer 1: 256 bytes
[MESSAGE] From peer 1: 256 bytes
[MESSAGE] From peer 1: 256 bytes
[MESSAGE] From peer 1: 256 bytes
[MESSAGE] From peer 1: 256 bytes
[MESSAGE] From peer 1: 256 bytes
[MESSAGE] From peer 1: 256 bytes
[MESSAGE] From peer 1: 256 bytes
[MESSAGE] From peer 1: 256 bytes
[MESSAGE] From peer 1: 256 bytes
[MESSAGE] From peer 1: 256 bytes
[MESSAGE] From peer 1: 256 bytes
[MESSAGE] From peer 1: 256 bytes
[MESSAGE] From peer 1: 256 bytes
[MESSAGE] From peer 1: 256 bytes
[MESSAGE] From peer 1: 256 bytes
[MESSAGE] From peer 1: 256 bytes
[MESSAGE] From peer 1: 256 bytes
[MESSAGE] From peer 1: 256 bytes
[MESSAGE] From peer 1: 256 bytes
[MESSAGE] From peer 1: 256 bytes
[MESSAGE] From peer 1: 256 bytes
[MESSAGE] From peer 1: 256 bytes
[MESSAGE] From peer 1: 256 bytes
[MESSAGE] From peer 1: 256 bytes
[MESSAGE] From peer 1: 256 bytes
[MESSAGE] From peer 1: 256 bytes
[MESSAGE] From peer 1: 256 bytes
[MESSAGE] From peer 1: 256 bytes
[MESSAGE] From peer 1: 256 bytes
[MESSAGE] From peer 1: 256 bytes
[MESSAGE] From peer 1: 256 bytes
[MESSAGE] From peer 1: 256 bytes
[MESSAGE] From peer 1: 256 bytes
[ECHO] 15900 messages echoed
[MESSAGE] From peer 1: 256 bytes
[MESSAGE] From peer 1: 256 bytes
[MESSAGE] From peer 1: 256 bytes
[MESSAGE] From peer 1: 256 bytes
[MESSAGE] From peer 1: 256 bytes
[MESSAGE] From peer 1: 256 bytes
[MESSAGE] From peer 1: 256 bytes
[MESSAGE] From peer 1: 256 bytes
[MESSAGE] From peer 1: 256 bytes
[MESSAGE] From peer 1: 256 bytes
[MESSAGE] From peer 1: 256 bytes
[MESSAGE] From peer 1: 256 bytes
[MESSAGE] From peer 1: 256 bytes
[MESSAGE] From peer 1: 256 bytes
[MESSAGE] From peer 1: 256 bytes
[MESSAGE] From peer 1: 256 bytes
[MESSAGE] From peer 1: 256 bytes
[MESSAGE] From peer 1: 256 bytes
[MESSAGE] From peer 1: 256 bytes
[MESSAGE] From peer 1: 256 bytes
[MESSAGE] From peer 1: 256 bytes
[MESSAGE] From peer 1: 256 bytes
[MESSAGE] From peer 1: 256 bytes
[MESSAGE] From peer 1: 256 bytes
[MESSAGE] From peer 1: 256 bytes
[MESSAGE] From peer 1: 256 bytes
[MESSAGE] From peer 1: 256 bytes
[MESSAGE] From peer 1: 256 bytes
[MESSAGE] From peer 1: 256 bytes
[MESSAGE] From peer 1: 256 bytes
[MESSAGE] From peer 1: 256 bytes
[MESSAGE] From peer 1: 256 bytes
[MESSAGE] From peer 1: 256 bytes
[MESSAGE] From peer 1: 256 bytes
[MESSAGE] From peer 1: 256 bytes
[MESSAGE] From peer 1: 256 bytes
[MESSAGE] From peer 1: 256 bytes
[MESSAGE] From peer 1: 256 bytes
[MESSAGE] From peer 1: 256 bytes
[MESSAGE] From peer 1: 256 bytes
[MESSAGE] From peer 1: 256 bytes
[MESSAGE] From peer 1: 256 bytes
[MESSAGE] From peer 1: 256 bytes
[MESSAGE] From peer 1: 256 bytes
[MESSAGE] From peer 1: 256 bytes
[MESSAGE] From peer 1: 256 bytes
[MESSAGE] From peer 1: 256 bytes
[MESSAGE] From peer 1: 256 bytes
[MESSAGE] From peer 1: 256 bytes
[MESSAGE] From peer 1: 256 bytes
[MESSAGE] From peer 1: 256 bytes
[MESSAGE] From peer 1: 256 bytes
[MESSAGE] From peer 1: 256 bytes
[MESSAGE] From peer 1: 256 bytes
[MESSAGE] From peer 1: 256 bytes
[MESSAGE] From peer 1: 256 bytes
[MESSAGE] From peer 1: 256 bytes
[MESSAGE] From peer 1: 256 bytes
[MESSAGE] From peer 1: 256 bytes
[MESSAGE] From peer 1: 256 bytes
[MESSAGE] From peer 1: 256 bytes
[MESSAGE] From peer 1: 256 bytes
[MESSAGE] From peer 1: 256 bytes
[MESSAGE] From peer 1: 256 bytes
[MESSAGE] From peer 1: 256 bytes
[MESSAGE] From peer 1: 256 bytes
[MESSAGE] From peer 1: 256 bytes
[MESSAGE] From peer 1: 256 bytes
[MESSAGE] From peer 1: 256 bytes
[MESSAGE] From peer 1: 256 bytes
[MESSAGE] From peer 1: 256 bytes
[MESSAGE] From peer 1: 256 bytes
[MESSAGE] From peer 1: 256 bytes
[MESSAGE] From peer 1: 256 bytes
[MESSAGE] From peer 1: 256 bytes
[MESSAGE] From peer 1: 256 bytes
[MESSAGE] From peer 1: 256 bytes
[MESSAGE] From peer 1: 256 bytes
[MESSAGE] From peer 1: 256 bytes
[MESSAGE] From peer 1: 256 bytes
[MESSAGE] From peer 1: 256 bytes
[MESSAGE] From peer 1: 256 bytes
[MESSAGE] From peer 1: 256 bytes
[MESSAGE] From peer 1: 256 bytes
[MESSAGE] From peer 1: 256 bytes
[MESSAGE] From peer 1: 256 bytes
[MESSAGE] From peer 1: 256 bytes
[MESSAGE] From peer 1: 256 bytes
[MESSAGE] From peer 1: 256 bytes
[MESSAGE] From peer 1: 256 bytes
[MESSAGE] From peer 1: 256 bytes
[MESSAGE] From peer 1: 256 bytes
[MESSAGE] From peer 1: 256 bytes
[MESSAGE] From peer 1: 256 bytes
[MESSAGE] From peer 1: 256 bytes
[MESSAGE] From peer 1: 256 bytes
[MESSAGE] From peer 1: 256 bytes
[MESSAGE] From peer 1: 256 bytes
[MESSAGE] From peer 1: 256 bytes
[MESSAGE] From peer 1: 256 bytes
[ECHO] 16000 messages echoed
[MESSAGE] From peer 1: 256 bytes
[MESSAGE] From peer 1: 256 bytes
[MESSAGE] From peer 1: 256 bytes
[MESSAGE] From peer 1: 256 bytes
[MESSAGE] From peer 1: 256 bytes
[MESSAGE] From peer 1: 256 bytes
[MESSAGE] From peer 1: 256 bytes
[MESSAGE] From peer 1: 256 bytes
[MESSAGE] From peer 1: 256 bytes
[MESSAGE] From peer 1: 256 bytes
[MESSAGE] From peer 1: 256 bytes
[MESSAGE] From peer 1: 256 bytes
[MESSAGE] From peer 1: 256 bytes
[MESSAGE] From peer 1: 256 bytes
[MESSAGE] From peer 1: 256 bytes
[MESSAGE] From peer 1: 256 bytes
[MESSAGE] From peer 1: 256 bytes
[MESSAGE] From peer 1: 256 bytes
[MESSAGE] From peer 1: 256 bytes
[MESSAGE] From peer 1: 256 bytes
[MESSAGE] From peer 1: 256 bytes
[MESSAGE] From peer 1: 256 bytes
[MESSAGE] From peer 1: 256 bytes
[MESSAGE] From peer 1: 256 bytes
[MESSAGE] From peer 1: 256 bytes
[MESSAGE] From peer 1: 256 bytes
[MESSAGE] From peer 1: 256 bytes
[MESSAGE] From peer 1: 256 bytes
[MESSAGE] From peer 1: 256 bytes
[MESSAGE] From peer 1: 256 bytes
[MESSAGE] From peer 1: 256 bytes
[MESSAGE] From peer 1: 256 bytes
[MESSAGE] From peer 1: 256 bytes
[MESSAGE] From peer 1: 256 bytes
[MESSAGE] From peer 1: 256 bytes
[MESSAGE] From peer 1: 256 bytes
[MESSAGE] From peer 1: 256 bytes
[MESSAGE] From peer 1: 256 bytes
[MESSAGE] From peer 1: 256 bytes
[MESSAGE] From peer 1: 256 bytes
[MESSAGE] From peer 1: 256 bytes
[MESSAGE] From peer 1: 256 bytes
[MESSAGE] From peer 1: 256 bytes
[MESSAGE] From peer 1: 256 bytes
[MESSAGE] From peer 1: 256 bytes
[MESSAGE] From peer 1: 256 bytes
[MESSAGE] From peer 1: 256 bytes
[MESSAGE] From peer 1: 256 bytes
[MESSAGE] From peer 1: 256 bytes
[MESSAGE] From peer 1: 256 bytes
[MESSAGE] From peer 1: 256 bytes
[MESSAGE] From peer 1: 256 bytes
[MESSAGE] From peer 1: 256 bytes
[MESSAGE] From peer 1: 256 bytes
[MESSAGE] From peer 1: 256 bytes
[MESSAGE] From peer 1: 256 bytes
[MESSAGE] From peer 1: 256 bytes
[MESSAGE] From peer 1: 256 bytes
[MESSAGE] From peer 1: 256 bytes
[MESSAGE] From peer 1: 256 bytes
[MESSAGE] From peer 1: 256 bytes
[MESSAGE] From peer 1: 256 bytes
[MESSAGE] From peer 1: 256 bytes
[MESSAGE] From peer 1: 256 bytes
[MESSAGE] From peer 1: 256 bytes
[MESSAGE] From peer 1: 256 bytes
[MESSAGE] From peer 1: 256 bytes
[MESSAGE] From peer 1: 256 bytes
[MESSAGE] From peer 1: 256 bytes
[MESSAGE] From peer 1: 256 bytes
[MESSAGE] From peer 1: 256 bytes
[MESSAGE] From peer 1: 256 bytes
[MESSAGE] From peer 1: 256 bytes
[MESSAGE] From peer 1: 256 bytes
[MESSAGE] From peer 1: 256 bytes
[MESSAGE] From peer 1: 256 bytes
[MESSAGE] From peer 1: 256 bytes
[MESSAGE] From peer 1: 256 bytes
[MESSAGE] From peer 1: 256 bytes
[MESSAGE] From peer 1: 256 bytes
[MESSAGE] From peer 1: 256 bytes
[MESSAGE] From peer 1: 256 bytes
[MESSAGE] From peer 1: 256 bytes
[MESSAGE] From peer 1: 256 bytes
[MESSAGE] From peer 1: 256 bytes
[MESSAGE] From peer 1: 256 bytes
[MESSAGE] From peer 1: 256 bytes
[MESSAGE] From peer 1: 256 bytes
[MESSAGE] From peer 1: 256 bytes
[MESSAGE] From peer 1: 256 bytes
[MESSAGE] From peer 1: 256 bytes
[MESSAGE] From peer 1: 256 bytes
[MESSAGE] From peer 1: 256 bytes
[MESSAGE] From peer 1: 256 bytes
[MESSAGE] From peer 1: 256 bytes
[MESSAGE] From peer 1: 256 bytes
[MESSAGE] From peer 1: 256 bytes
[MESSAGE] From peer 1: 256 bytes
[MESSAGE] From peer 1: 256 bytes
[MESSAGE] From peer 1: 256 bytes
[ECHO] 16100 messages echoed
[MESSAGE] From peer 1: 256 bytes
[MESSAGE] From peer 1: 256 bytes
[MESSAGE] From peer 1: 256 bytes
[MESSAGE] From peer 1: 256 bytes
[MESSAGE] From peer 1: 256 bytes
[MESSAGE] From peer 1: 256 bytes
[MESSAGE] From peer 1: 256 bytes
[MESSAGE] From peer 1: 256 bytes
[MESSAGE] From peer 1: 256 bytes
[MESSAGE] From peer 1: 256 bytes
[MESSAGE] From peer 1: 256 bytes
[MESSAGE] From peer 1: 256 bytes
[MESSAGE] From peer 1: 256 bytes
[MESSAGE] From peer 1: 256 bytes
[MESSAGE] From peer 1: 256 bytes
[MESSAGE] From peer 1: 256 bytes
[MESSAGE] From peer 1: 256 bytes
[MESSAGE] From peer 1: 256 bytes
[MESSAGE] From peer 1: 256 bytes
[MESSAGE] From peer 1: 256 bytes
[MESSAGE] From peer 1: 256 bytes
[MESSAGE] From peer 1: 256 bytes
[MESSAGE] From peer 1: 256 bytes
[MESSAGE] From peer 1: 256 bytes
[MESSAGE] From peer 1: 256 bytes
[MESSAGE] From peer 1: 256 bytes
[MESSAGE] From peer 1: 256 bytes
[MESSAGE] From peer 1: 256 bytes
[MESSAGE] From peer 1: 256 bytes
[MESSAGE] From peer 1: 256 bytes
[MESSAGE] From peer 1: 256 bytes
[MESSAGE] From peer 1: 256 bytes
[MESSAGE] From peer 1: 256 bytes
[MESSAGE] From peer 1: 256 bytes
[MESSAGE] From peer 1: 256 bytes
[MESSAGE] From peer 1: 256 bytes
[MESSAGE] From peer 1: 256 bytes
[MESSAGE] From peer 1: 256 bytes
[MESSAGE] From peer 1: 256 bytes
[MESSAGE] From peer 1: 256 bytes
[MESSAGE] From peer 1: 256 bytes
[MESSAGE] From peer 1: 256 bytes
[MESSAGE] From peer 1: 256 bytes
[MESSAGE] From peer 1: 256 bytes
[MESSAGE] From peer 1: 256 bytes
[MESSAGE] From peer 1: 256 bytes
[MESSAGE] From peer 1: 256 bytes
[MESSAGE] From peer 1: 256 bytes
[MESSAGE] From peer 1: 256 bytes
[MESSAGE] From peer 1: 256 bytes
[MESSAGE] From peer 1: 256 bytes
[MESSAGE] From peer 1: 256 bytes
[MESSAGE] From peer 1: 256 bytes
[MESSAGE] From peer 1: 256 bytes
[MESSAGE] From peer 1: 256 bytes
[MESSAGE] From peer 1: 256 bytes
[MESSAGE] From peer 1: 256 bytes
[MESSAGE] From peer 1: 256 bytes
[MESSAGE] From peer 1: 256 bytes
[MESSAGE] From peer 1: 256 bytes
[MESSAGE] From peer 1: 256 bytes
[MESSAGE] From peer 1: 256 bytes
[MESSAGE] From peer 1: 256 bytes
[MESSAGE] From peer 1: 256 bytes
[MESSAGE] From peer 1: 256 bytes
[MESSAGE] From peer 1: 256 bytes
[MESSAGE] From peer 1: 256 bytes
[MESSAGE] From peer 1: 256 bytes
[MESSAGE] From peer 1: 256 bytes
[MESSAGE] From peer 1: 256 bytes
[MESSAGE] From peer 1: 256 bytes
[MESSAGE] From peer 1: 256 bytes
[MESSAGE] From peer 1: 256 bytes
[MESSAGE] From peer 1: 256 bytes
[MESSAGE] From peer 1: 256 bytes
[MESSAGE] From peer 1: 256 bytes
[MESSAGE] From peer 1: 256 bytes
[MESSAGE] From peer 1: 256 bytes
[MESSAGE] From peer 1: 256 bytes
[MESSAGE] From peer 1: 256 bytes
[MESSAGE] From peer 1: 256 bytes
[MESSAGE] From peer 1: 256 bytes
[MESSAGE] From peer 1: 256 bytes
[MESSAGE] From peer 1: 256 bytes
[MESSAGE] From peer 1: 256 bytes
[MESSAGE] From peer 1: 256 bytes
[MESSAGE] From peer 1: 256 bytes
[MESSAGE] From peer 1: 256 bytes
[MESSAGE] From peer 1: 256 bytes
[MESSAGE] From peer 1: 256 bytes
[MESSAGE] From peer 1: 256 bytes
[MESSAGE] From peer 1: 256 bytes
[MESSAGE] From peer 1: 256 bytes
[MESSAGE] From peer 1: 256 bytes
[MESSAGE] From peer 1: 256 bytes
[MESSAGE] From peer 1: 256 bytes
[MESSAGE] From peer 1: 256 bytes
[MESSAGE] From peer 1: 256 bytes
[MESSAGE] From peer 1: 256 bytes
[MESSAGE] From peer 1: 256 bytes
[ECHO] 16200 messages echoed
[MESSAGE] From peer 1: 256 bytes
[MESSAGE] From peer 1: 256 bytes
[MESSAGE] From peer 1: 256 bytes
[MESSAGE] From peer 1: 256 bytes
[MESSAGE] From peer 1: 256 bytes
[MESSAGE] From peer 1: 256 bytes
[MESSAGE] From peer 1: 256 bytes
[MESSAGE] From peer 1: 256 bytes
[MESSAGE] From peer 1: 256 bytes
[MESSAGE] From peer 1: 256 bytes
[MESSAGE] From peer 1: 256 bytes
[MESSAGE] From peer 1: 256 bytes
[MESSAGE] From peer 1: 256 bytes
[MESSAGE] From peer 1: 256 bytes
[MESSAGE] From peer 1: 256 bytes
[MESSAGE] From peer 1: 256 bytes
[MESSAGE] From peer 1: 256 bytes
[MESSAGE] From peer 1: 256 bytes
[MESSAGE] From peer 1: 256 bytes
[MESSAGE] From peer 1: 256 bytes
[MESSAGE] From peer 1: 256 bytes
[MESSAGE] From peer 1: 256 bytes
[MESSAGE] From peer 1: 256 bytes
[MESSAGE] From peer 1: 256 bytes
[MESSAGE] From peer 1: 256 bytes
[MESSAGE] From peer 1: 256 bytes
[MESSAGE] From peer 1: 256 bytes
[MESSAGE] From peer 1: 256 bytes
[MESSAGE] From peer 1: 256 bytes
[MESSAGE] From peer 1: 256 bytes
[MESSAGE] From peer 1: 256 bytes
[MESSAGE] From peer 1: 256 bytes
[MESSAGE] From peer 1: 256 bytes
[MESSAGE] From peer 1: 256 bytes
[MESSAGE] From peer 1: 256 bytes
[MESSAGE] From peer 1: 256 bytes
[MESSAGE] From peer 1: 256 bytes
[MESSAGE] From peer 1: 256 bytes
[MESSAGE] From peer 1: 256 bytes
[MESSAGE] From peer 1: 256 bytes
[MESSAGE] From peer 1: 256 bytes
[MESSAGE] From peer 1: 256 bytes
[MESSAGE] From peer 1: 256 bytes
[MESSAGE] From peer 1: 256 bytes
[MESSAGE] From peer 1: 256 bytes
[MESSAGE] From peer 1: 256 bytes
[MESSAGE] From peer 1: 256 bytes
[MESSAGE] From peer 1: 256 bytes
[DISCOVERED] Peer 2: "MacThroughput" at 10.188.1.213:7354
[MESSAGE] From peer 1: 256 bytes
[MESSAGE] From peer 1: 256 bytes
[MESSAGE] From peer 1: 256 bytes
[MESSAGE] From peer 1: 256 bytes
[MESSAGE] From peer 1: 256 bytes
[MESSAGE] From peer 1: 256 bytes
[MESSAGE] From peer 1: 256 bytes
[MESSAGE] From peer 1: 256 bytes
[MESSAGE] From peer 1: 256 bytes
[MESSAGE] From peer 1: 256 bytes
[MESSAGE] From peer 1: 256 bytes
[MESSAGE] From peer 1: 256 bytes
[MESSAGE] From peer 1: 256 bytes
[MESSAGE] From peer 1: 256 bytes
[MESSAGE] From peer 1: 256 bytes
[MESSAGE] From peer 1: 256 bytes
[MESSAGE] From peer 1: 256 bytes
[MESSAGE] From peer 1: 256 bytes
[MESSAGE] From peer 1: 256 bytes
[MESSAGE] From peer 1: 256 bytes
[MESSAGE] From peer 1: 256 bytes
[MESSAGE] From peer 1: 256 bytes
[MESSAGE] From peer 1: 256 bytes
[MESSAGE] From peer 1: 256 bytes
[MESSAGE] From peer 1: 256 bytes
[MESSAGE] From peer 1: 256 bytes
[MESSAGE] From peer 1: 256 bytes
[MESSAGE] From peer 1: 256 bytes
[MESSAGE] From peer 1: 256 bytes
[MESSAGE] From peer 1: 256 bytes
[MESSAGE] From peer 1: 256 bytes
[MESSAGE] From peer 1: 256 bytes
[MESSAGE] From peer 1: 256 bytes
[MESSAGE] From peer 1: 256 bytes
[MESSAGE] From peer 1: 256 bytes
[MESSAGE] From peer 1: 256 bytes
[MESSAGE] From peer 1: 256 bytes
[MESSAGE] From peer 1: 256 bytes
[MESSAGE] From peer 1: 256 bytes
[MESSAGE] From peer 1: 256 bytes
[MESSAGE] From peer 1: 256 bytes
[MESSAGE] From peer 1: 256 bytes
[MESSAGE] From peer 1: 256 bytes
[MESSAGE] From peer 1: 256 bytes
[MESSAGE] From peer 1: 256 bytes
[MESSAGE] From peer 1: 256 bytes
[MESSAGE] From peer 1: 256 bytes
[MESSAGE] From peer 1: 256 bytes
[MESSAGE] From peer 1: 256 bytes
[MESSAGE] From peer 1: 256 bytes
[MESSAGE] From peer 1: 256 bytes
[MESSAGE] From peer 1: 256 bytes
[ECHO] 16300 messages echoed
[MESSAGE] From peer 1: 256 bytes
[MESSAGE] From peer 1: 256 bytes
[MESSAGE] From peer 1: 256 bytes
[MESSAGE] From peer 1: 256 bytes
[MESSAGE] From peer 1: 256 bytes
[MESSAGE] From peer 1: 256 bytes
[MESSAGE] From peer 1: 256 bytes
[MESSAGE] From peer 1: 256 bytes
[MESSAGE] From peer 1: 256 bytes
[MESSAGE] From peer 1: 256 bytes
[MESSAGE] From peer 1: 256 bytes
[MESSAGE] From peer 1: 256 bytes
[MESSAGE] From peer 1: 256 bytes
[MESSAGE] From peer 1: 256 bytes
[MESSAGE] From peer 1: 256 bytes
[MESSAGE] From peer 1: 256 bytes
[MESSAGE] From peer 1: 256 bytes
[MESSAGE] From peer 1: 256 bytes
[MESSAGE] From peer 1: 256 bytes
[MESSAGE] From peer 1: 256 bytes
[MESSAGE] From peer 1: 256 bytes
[MESSAGE] From peer 1: 256 bytes
[MESSAGE] From peer 1: 256 bytes
[MESSAGE] From peer 1: 256 bytes
[MESSAGE] From peer 1: 256 bytes
[MESSAGE] From peer 1: 256 bytes
[MESSAGE] From peer 1: 256 bytes
[MESSAGE] From peer 1: 256 bytes
[MESSAGE] From peer 1: 256 bytes
[MESSAGE] From peer 1: 256 bytes
[MESSAGE] From peer 1: 256 bytes
[MESSAGE] From peer 1: 256 bytes
[MESSAGE] From peer 1: 256 bytes
[MESSAGE] From peer 1: 256 bytes
[MESSAGE] From peer 1: 256 bytes
[MESSAGE] From peer 1: 256 bytes
[MESSAGE] From peer 1: 256 bytes
[MESSAGE] From peer 1: 256 bytes
[MESSAGE] From peer 1: 256 bytes
[MESSAGE] From peer 1: 256 bytes
[MESSAGE] From peer 1: 256 bytes
[MESSAGE] From peer 1: 256 bytes
[MESSAGE] From peer 1: 256 bytes
[MESSAGE] From peer 1: 256 bytes
[MESSAGE] From peer 1: 256 bytes
[MESSAGE] From peer 1: 256 bytes
[MESSAGE] From peer 1: 256 bytes
[MESSAGE] From peer 1: 256 bytes
[MESSAGE] From peer 1: 256 bytes
[MESSAGE] From peer 1: 256 bytes
[MESSAGE] From peer 1: 256 bytes
[MESSAGE] From peer 1: 256 bytes
[MESSAGE] From peer 1: 256 bytes
[MESSAGE] From peer 1: 256 bytes
[MESSAGE] From peer 1: 256 bytes
[MESSAGE] From peer 1: 256 bytes
[MESSAGE] From peer 1: 256 bytes
[MESSAGE] From peer 1: 256 bytes
[MESSAGE] From peer 1: 256 bytes
[MESSAGE] From peer 1: 256 bytes
[MESSAGE] From peer 1: 256 bytes
[MESSAGE] From peer 1: 256 bytes
[MESSAGE] From peer 1: 256 bytes
[MESSAGE] From peer 1: 256 bytes
[MESSAGE] From peer 1: 256 bytes
[MESSAGE] From peer 1: 256 bytes
[MESSAGE] From peer 1: 256 bytes
[MESSAGE] From peer 1: 256 bytes
[MESSAGE] From peer 1: 256 bytes
[MESSAGE] From peer 1: 256 bytes
[MESSAGE] From peer 1: 256 bytes
[MESSAGE] From peer 1: 256 bytes
[MESSAGE] From peer 1: 256 bytes
[MESSAGE] From peer 1: 256 bytes
[MESSAGE] From peer 1: 256 bytes
[MESSAGE] From peer 1: 256 bytes
[MESSAGE] From peer 1: 256 bytes
[MESSAGE] From peer 1: 256 bytes
[MESSAGE] From peer 1: 256 bytes
[MESSAGE] From peer 1: 256 bytes
[MESSAGE] From peer 1: 256 bytes
[MESSAGE] From peer 1: 256 bytes
[MESSAGE] From peer 1: 256 bytes
[MESSAGE] From peer 1: 256 bytes
[MESSAGE] From peer 1: 256 bytes
[MESSAGE] From peer 1: 256 bytes
[MESSAGE] From peer 1: 256 bytes
[MESSAGE] From peer 1: 256 bytes
[MESSAGE] From peer 1: 256 bytes
[MESSAGE] From peer 1: 256 bytes
[MESSAGE] From peer 1: 256 bytes
[MESSAGE] From peer 1: 256 bytes
[MESSAGE] From peer 1: 256 bytes
[MESSAGE] From peer 1: 256 bytes
[MESSAGE] From peer 1: 256 bytes
[MESSAGE] From peer 1: 256 bytes
[MESSAGE] From peer 1: 256 bytes
[MESSAGE] From peer 1: 256 bytes
[MESSAGE] From peer 1: 256 bytes
[MESSAGE] From peer 1: 256 bytes
[ECHO] 16400 messages echoed
[MESSAGE] From peer 1: 256 bytes
[MESSAGE] From peer 1: 256 bytes
[MESSAGE] From peer 1: 256 bytes
[MESSAGE] From peer 1: 256 bytes
[MESSAGE] From peer 1: 256 bytes
[MESSAGE] From peer 1: 256 bytes
[MESSAGE] From peer 1: 256 bytes
[MESSAGE] From peer 1: 256 bytes
[MESSAGE] From peer 1: 256 bytes
[MESSAGE] From peer 1: 256 bytes
[MESSAGE] From peer 1: 256 bytes
[MESSAGE] From peer 1: 256 bytes
[MESSAGE] From peer 1: 256 bytes
[MESSAGE] From peer 1: 256 bytes
[MESSAGE] From peer 1: 256 bytes
[MESSAGE] From peer 1: 256 bytes
[MESSAGE] From peer 1: 256 bytes
[MESSAGE] From peer 1: 256 bytes
[MESSAGE] From peer 1: 256 bytes
[MESSAGE] From peer 1: 256 bytes
[MESSAGE] From peer 1: 256 bytes
[MESSAGE] From peer 1: 256 bytes
[MESSAGE] From peer 1: 256 bytes
[MESSAGE] From peer 1: 256 bytes
[MESSAGE] From peer 1: 256 bytes
[MESSAGE] From peer 1: 256 bytes
[MESSAGE] From peer 1: 256 bytes
[MESSAGE] From peer 1: 256 bytes
[MESSAGE] From peer 1: 256 bytes
[MESSAGE] From peer 1: 256 bytes
[MESSAGE] From peer 1: 256 bytes
[MESSAGE] From peer 1: 256 bytes
[MESSAGE] From peer 1: 256 bytes
[MESSAGE] From peer 1: 256 bytes
[MESSAGE] From peer 1: 256 bytes
[MESSAGE] From peer 1: 256 bytes
[MESSAGE] From peer 1: 256 bytes
[MESSAGE] From peer 1: 256 bytes
[MESSAGE] From peer 1: 256 bytes
[MESSAGE] From peer 1: 256 bytes
[MESSAGE] From peer 1: 256 bytes
[MESSAGE] From peer 1: 256 bytes
[MESSAGE] From peer 1: 256 bytes
[MESSAGE] From peer 1: 256 bytes
[MESSAGE] From peer 1: 256 bytes
[MESSAGE] From peer 1: 256 bytes
[MESSAGE] From peer 1: 256 bytes
[MESSAGE] From peer 1: 256 bytes
[MESSAGE] From peer 1: 256 bytes
[MESSAGE] From peer 1: 256 bytes
[MESSAGE] From peer 1: 256 bytes
[MESSAGE] From peer 1: 256 bytes
[MESSAGE] From peer 1: 256 bytes
[MESSAGE] From peer 1: 256 bytes
[MESSAGE] From peer 1: 256 bytes
[MESSAGE] From peer 1: 256 bytes
[MESSAGE] From peer 1: 256 bytes
[MESSAGE] From peer 1: 256 bytes
[MESSAGE] From peer 1: 256 bytes
[MESSAGE] From peer 1: 256 bytes
[MESSAGE] From peer 1: 256 bytes
[MESSAGE] From peer 1: 256 bytes
[MESSAGE] From peer 1: 256 bytes
[MESSAGE] From peer 1: 256 bytes
[MESSAGE] From peer 1: 256 bytes
[MESSAGE] From peer 1: 256 bytes
[MESSAGE] From peer 1: 256 bytes
[MESSAGE] From peer 1: 256 bytes
[MESSAGE] From peer 1: 256 bytes
[MESSAGE] From peer 1: 256 bytes
[MESSAGE] From peer 1: 256 bytes
[MESSAGE] From peer 1: 256 bytes
[MESSAGE] From peer 1: 256 bytes
[MESSAGE] From peer 1: 256 bytes
[MESSAGE] From peer 1: 256 bytes
[MESSAGE] From peer 1: 256 bytes
[MESSAGE] From peer 1: 256 bytes
[MESSAGE] From peer 1: 256 bytes
[MESSAGE] From peer 1: 256 bytes
[MESSAGE] From peer 1: 256 bytes
[MESSAGE] From peer 1: 256 bytes
[MESSAGE] From peer 1: 256 bytes
[MESSAGE] From peer 1: 256 bytes
[MESSAGE] From peer 1: 256 bytes
[MESSAGE] From peer 1: 256 bytes
[MESSAGE] From peer 1: 256 bytes
[MESSAGE] From peer 1: 256 bytes
[MESSAGE] From peer 1: 256 bytes
[MESSAGE] From peer 1: 256 bytes
[MESSAGE] From peer 1: 256 bytes
[MESSAGE] From peer 1: 256 bytes
[MESSAGE] From peer 1: 256 bytes
[MESSAGE] From peer 1: 256 bytes
[MESSAGE] From peer 1: 256 bytes
[MESSAGE] From peer 1: 256 bytes
[MESSAGE] From peer 1: 256 bytes
[MESSAGE] From peer 1: 256 bytes
[MESSAGE] From peer 1: 256 bytes
[MESSAGE] From peer 1: 256 bytes
[MESSAGE] From peer 1: 256 bytes
[ECHO] 16500 messages echoed
[MESSAGE] From peer 1: 256 bytes
[MESSAGE] From peer 1: 256 bytes
[STATUS] 3630 sec: peers=22, msgs=16512, connected=yes
[MESSAGE] From peer 1: 256 bytes
[MESSAGE] From peer 1: 256 bytes
[MESSAGE] From peer 1: 256 bytes
[MESSAGE] From peer 1: 256 bytes
[MESSAGE] From peer 1: 256 bytes
[MESSAGE] From peer 1: 256 bytes
[MESSAGE] From peer 1: 256 bytes
[MESSAGE] From peer 1: 256 bytes
[MESSAGE] From peer 1: 256 bytes
[MESSAGE] From peer 1: 256 bytes
[MESSAGE] From peer 1: 256 bytes
[MESSAGE] From peer 1: 256 bytes
[MESSAGE] From peer 1: 256 bytes
[MESSAGE] From peer 1: 256 bytes
[MESSAGE] From peer 1: 256 bytes
[MESSAGE] From peer 1: 256 bytes
[MESSAGE] From peer 1: 256 bytes
[MESSAGE] From peer 1: 256 bytes
[MESSAGE] From peer 1: 256 bytes
[MESSAGE] From peer 1: 256 bytes
[MESSAGE] From peer 1: 256 bytes
[MESSAGE] From peer 1: 256 bytes
[MESSAGE] From peer 1: 256 bytes
[MESSAGE] From peer 1: 256 bytes
[MESSAGE] From peer 1: 256 bytes
[MESSAGE] From peer 1: 256 bytes
[MESSAGE] From peer 1: 256 bytes
[MESSAGE] From peer 1: 256 bytes
[MESSAGE] From peer 1: 256 bytes
[MESSAGE] From peer 1: 256 bytes
[MESSAGE] From peer 1: 256 bytes
[MESSAGE] From peer 1: 256 bytes
[MESSAGE] From peer 1: 256 bytes
[MESSAGE] From peer 1: 256 bytes
[MESSAGE] From peer 1: 256 bytes
[MESSAGE] From peer 1: 256 bytes
[MESSAGE] From peer 1: 256 bytes
[MESSAGE] From peer 1: 256 bytes
[MESSAGE] From peer 1: 256 bytes
[MESSAGE] From peer 1: 256 bytes
[MESSAGE] From peer 1: 256 bytes
[MESSAGE] From peer 1: 256 bytes
[MESSAGE] From peer 1: 256 bytes
[MESSAGE] From peer 1: 256 bytes
[MESSAGE] From peer 1: 256 bytes
[MESSAGE] From peer 1: 256 bytes
[MESSAGE] From peer 1: 256 bytes
[MESSAGE] From peer 1: 256 bytes
[MESSAGE] From peer 1: 256 bytes
[MESSAGE] From peer 1: 256 bytes
[MESSAGE] From peer 1: 256 bytes
[MESSAGE] From peer 1: 256 bytes
[MESSAGE] From peer 1: 256 bytes
[MESSAGE] From peer 1: 256 bytes
[MESSAGE] From peer 1: 256 bytes
[MESSAGE] From peer 1: 256 bytes
[MESSAGE] From peer 1: 256 bytes
[MESSAGE] From peer 1: 256 bytes
[MESSAGE] From peer 1: 256 bytes
[MESSAGE] From peer 1: 256 bytes
[MESSAGE] From peer 1: 256 bytes
[MESSAGE] From peer 1: 256 bytes
[MESSAGE] From peer 1: 256 bytes
[MESSAGE] From peer 1: 256 bytes
[MESSAGE] From peer 1: 256 bytes
[MESSAGE] From peer 1: 256 bytes
[MESSAGE] From peer 1: 256 bytes
[MESSAGE] From peer 1: 256 bytes
[MESSAGE] From peer 1: 256 bytes
[MESSAGE] From peer 1: 256 bytes
[MESSAGE] From peer 1: 256 bytes
[MESSAGE] From peer 1: 256 bytes
[MESSAGE] From peer 1: 256 bytes
[MESSAGE] From peer 1: 256 bytes
[MESSAGE] From peer 1: 256 bytes
[MESSAGE] From peer 1: 256 bytes
[MESSAGE] From peer 1: 256 bytes
[MESSAGE] From peer 1: 256 bytes
[MESSAGE] From peer 1: 256 bytes
[MESSAGE] From peer 1: 256 bytes
[MESSAGE] From peer 1: 256 bytes
[MESSAGE] From peer 1: 256 bytes
[MESSAGE] From peer 1: 256 bytes
[MESSAGE] From peer 1: 256 bytes
[MESSAGE] From peer 1: 256 bytes
[MESSAGE] From peer 1: 256 bytes
[MESSAGE] From peer 1: 256 bytes
[MESSAGE] From peer 1: 256 bytes
[MESSAGE] From peer 1: 256 bytes
[MESSAGE] From peer 1: 256 bytes
[MESSAGE] From peer 1: 256 bytes
[MESSAGE] From peer 1: 256 bytes
[MESSAGE] From peer 1: 256 bytes
[MESSAGE] From peer 1: 256 bytes
[MESSAGE] From peer 1: 256 bytes
[MESSAGE] From peer 1: 256 bytes
[MESSAGE] From peer 1: 256 bytes
[MESSAGE] From peer 1: 256 bytes
[ECHO] 16600 messages echoed
[MESSAGE] From peer 1: 256 bytes
[MESSAGE] From peer 1: 256 bytes
[MESSAGE] From peer 1: 256 bytes
[MESSAGE] From peer 1: 256 bytes
[MESSAGE] From peer 1: 256 bytes
[MESSAGE] From peer 1: 256 bytes
[MESSAGE] From peer 1: 256 bytes
[MESSAGE] From peer 1: 256 bytes
[MESSAGE] From peer 1: 256 bytes
[MESSAGE] From peer 1: 256 bytes
[MESSAGE] From peer 1: 256 bytes
[MESSAGE] From peer 1: 256 bytes
[MESSAGE] From peer 1: 256 bytes
[MESSAGE] From peer 1: 256 bytes
[MESSAGE] From peer 1: 256 bytes
[MESSAGE] From peer 1: 256 bytes
[MESSAGE] From peer 1: 256 bytes
[MESSAGE] From peer 1: 256 bytes
[MESSAGE] From peer 1: 256 bytes
[MESSAGE] From peer 1: 256 bytes
[MESSAGE] From peer 1: 256 bytes
[MESSAGE] From peer 1: 256 bytes
[MESSAGE] From peer 1: 256 bytes
[MESSAGE] From peer 1: 256 bytes
[MESSAGE] From peer 1: 256 bytes
[MESSAGE] From peer 1: 256 bytes
[MESSAGE] From peer 1: 256 bytes
[MESSAGE] From peer 1: 256 bytes
[MESSAGE] From peer 1: 256 bytes
[MESSAGE] From peer 1: 256 bytes
[MESSAGE] From peer 1: 256 bytes
[MESSAGE] From peer 1: 256 bytes
[MESSAGE] From peer 1: 256 bytes
[MESSAGE] From peer 1: 256 bytes
[MESSAGE] From peer 1: 256 bytes
[MESSAGE] From peer 1: 256 bytes
[MESSAGE] From peer 1: 256 bytes
[MESSAGE] From peer 1: 256 bytes
[MESSAGE] From peer 1: 256 bytes
[MESSAGE] From peer 1: 256 bytes
[MESSAGE] From peer 1: 256 bytes
[MESSAGE] From peer 1: 256 bytes
[MESSAGE] From peer 1: 256 bytes
[MESSAGE] From peer 1: 256 bytes
[MESSAGE] From peer 1: 256 bytes
[MESSAGE] From peer 1: 256 bytes
[MESSAGE] From peer 1: 256 bytes
[MESSAGE] From peer 1: 256 bytes
[MESSAGE] From peer 1: 256 bytes
[MESSAGE] From peer 1: 256 bytes
[MESSAGE] From peer 1: 256 bytes
[MESSAGE] From peer 1: 256 bytes
[MESSAGE] From peer 1: 256 bytes
[MESSAGE] From peer 1: 256 bytes
[MESSAGE] From peer 1: 256 bytes
[MESSAGE] From peer 1: 256 bytes
[MESSAGE] From peer 1: 256 bytes
[MESSAGE] From peer 1: 256 bytes
[MESSAGE] From peer 1: 256 bytes
[MESSAGE] From peer 1: 256 bytes
[MESSAGE] From peer 1: 256 bytes
[MESSAGE] From peer 1: 256 bytes
[MESSAGE] From peer 1: 256 bytes
[MESSAGE] From peer 1: 256 bytes
[MESSAGE] From peer 1: 256 bytes
[MESSAGE] From peer 1: 256 bytes
[MESSAGE] From peer 1: 256 bytes
[MESSAGE] From peer 1: 256 bytes
[MESSAGE] From peer 1: 256 bytes
[MESSAGE] From peer 1: 256 bytes
[MESSAGE] From peer 1: 256 bytes
[MESSAGE] From peer 1: 256 bytes
[MESSAGE] From peer 1: 256 bytes
[MESSAGE] From peer 1: 256 bytes
[MESSAGE] From peer 1: 256 bytes
[MESSAGE] From peer 1: 256 bytes
[MESSAGE] From peer 1: 256 bytes
[MESSAGE] From peer 1: 256 bytes
[MESSAGE] From peer 1: 256 bytes
[MESSAGE] From peer 1: 256 bytes
[MESSAGE] From peer 1: 256 bytes
[MESSAGE] From peer 1: 256 bytes
[MESSAGE] From peer 1: 256 bytes
[MESSAGE] From peer 1: 256 bytes
[MESSAGE] From peer 1: 256 bytes
[MESSAGE] From peer 1: 256 bytes
[MESSAGE] From peer 1: 256 bytes
[MESSAGE] From peer 1: 256 bytes
[MESSAGE] From peer 1: 256 bytes
[MESSAGE] From peer 1: 256 bytes
[MESSAGE] From peer 1: 256 bytes
[MESSAGE] From peer 1: 256 bytes
[MESSAGE] From peer 1: 256 bytes
[MESSAGE] From peer 1: 256 bytes
[MESSAGE] From peer 1: 256 bytes
[MESSAGE] From peer 1: 256 bytes
[MESSAGE] From peer 1: 256 bytes
[MESSAGE] From peer 1: 256 bytes
[MESSAGE] From peer 1: 256 bytes
[MESSAGE] From peer 1: 256 bytes
[ECHO] 16700 messages echoed
[MESSAGE] From peer 1: 256 bytes
[MESSAGE] From peer 1: 256 bytes
[MESSAGE] From peer 1: 256 bytes
[MESSAGE] From peer 1: 256 bytes
[MESSAGE] From peer 1: 256 bytes
[MESSAGE] From peer 1: 256 bytes
[MESSAGE] From peer 1: 256 bytes
[MESSAGE] From peer 1: 256 bytes
[MESSAGE] From peer 1: 256 bytes
[MESSAGE] From peer 1: 256 bytes
[MESSAGE] From peer 1: 256 bytes
[MESSAGE] From peer 1: 256 bytes
[MESSAGE] From peer 1: 256 bytes
[MESSAGE] From peer 1: 256 bytes
[MESSAGE] From peer 1: 256 bytes
[MESSAGE] From peer 1: 256 bytes
[MESSAGE] From peer 1: 256 bytes
[MESSAGE] From peer 1: 256 bytes
[MESSAGE] From peer 1: 512 bytes
[MESSAGE] From peer 1: 512 bytes
[MESSAGE] From peer 1: 512 bytes
[MESSAGE] From peer 1: 512 bytes
[MESSAGE] From peer 1: 512 bytes
[MESSAGE] From peer 1: 512 bytes
[MESSAGE] From peer 1: 512 bytes
[MESSAGE] From peer 1: 512 bytes
[MESSAGE] From peer 1: 512 bytes
[MESSAGE] From peer 1: 512 bytes
[MESSAGE] From peer 1: 512 bytes
[MESSAGE] From peer 1: 512 bytes
[MESSAGE] From peer 1: 512 bytes
[MESSAGE] From peer 1: 512 bytes
[MESSAGE] From peer 1: 512 bytes
[MESSAGE] From peer 1: 512 bytes
[MESSAGE] From peer 1: 512 bytes
[MESSAGE] From peer 1: 512 bytes
[MESSAGE] From peer 1: 512 bytes
[MESSAGE] From peer 1: 512 bytes
[MESSAGE] From peer 1: 512 bytes
[MESSAGE] From peer 1: 512 bytes
[MESSAGE] From peer 1: 512 bytes
[MESSAGE] From peer 1: 512 bytes
[MESSAGE] From peer 1: 512 bytes
[MESSAGE] From peer 1: 512 bytes
[MESSAGE] From peer 1: 512 bytes
[MESSAGE] From peer 1: 512 bytes
[MESSAGE] From peer 1: 512 bytes
[MESSAGE] From peer 1: 512 bytes
[MESSAGE] From peer 1: 512 bytes
[MESSAGE] From peer 1: 512 bytes
[MESSAGE] From peer 1: 512 bytes
[MESSAGE] From peer 1: 512 bytes
[MESSAGE] From peer 1: 512 bytes
[MESSAGE] From peer 1: 512 bytes
[MESSAGE] From peer 1: 512 bytes
[MESSAGE] From peer 1: 512 bytes
[MESSAGE] From peer 1: 512 bytes
[MESSAGE] From peer 1: 512 bytes
[MESSAGE] From peer 1: 512 bytes
[MESSAGE] From peer 1: 512 bytes
[MESSAGE] From peer 1: 512 bytes
[MESSAGE] From peer 1: 512 bytes
[MESSAGE] From peer 1: 512 bytes
[MESSAGE] From peer 1: 512 bytes
[MESSAGE] From peer 1: 512 bytes
[MESSAGE] From peer 1: 512 bytes
[MESSAGE] From peer 1: 512 bytes
[MESSAGE] From peer 1: 512 bytes
[MESSAGE] From peer 1: 512 bytes
[MESSAGE] From peer 1: 512 bytes
[MESSAGE] From peer 1: 512 bytes
[MESSAGE] From peer 1: 512 bytes
[MESSAGE] From peer 1: 512 bytes
[MESSAGE] From peer 1: 512 bytes
[MESSAGE] From peer 1: 512 bytes
[MESSAGE] From peer 1: 512 bytes
[MESSAGE] From peer 1: 512 bytes
[MESSAGE] From peer 1: 512 bytes
[MESSAGE] From peer 1: 512 bytes
[MESSAGE] From peer 1: 512 bytes
[MESSAGE] From peer 1: 512 bytes
[MESSAGE] From peer 1: 512 bytes
[MESSAGE] From peer 1: 512 bytes
[MESSAGE] From peer 1: 512 bytes
[MESSAGE] From peer 1: 512 bytes
[MESSAGE] From peer 1: 512 bytes
[MESSAGE] From peer 1: 512 bytes
[MESSAGE] From peer 1: 512 bytes
[MESSAGE] From peer 1: 512 bytes
[MESSAGE] From peer 1: 512 bytes
[MESSAGE] From peer 1: 512 bytes
[MESSAGE] From peer 1: 512 bytes
[MESSAGE] From peer 1: 512 bytes
[MESSAGE] From peer 1: 512 bytes
[MESSAGE] From peer 1: 512 bytes
[MESSAGE] From peer 1: 512 bytes
[MESSAGE] From peer 1: 512 bytes
[MESSAGE] From peer 1: 512 bytes
[MESSAGE] From peer 1: 512 bytes
[MESSAGE] From peer 1: 512 bytes
[ECHO] 16800 messages echoed
[MESSAGE] From peer 1: 512 bytes
[MESSAGE] From peer 1: 512 bytes
[MESSAGE] From peer 1: 512 bytes
[MESSAGE] From peer 1: 512 bytes
[MESSAGE] From peer 1: 512 bytes
[MESSAGE] From peer 1: 512 bytes
[MESSAGE] From peer 1: 512 bytes
[MESSAGE] From peer 1: 512 bytes
[MESSAGE] From peer 1: 512 bytes
[MESSAGE] From peer 1: 512 bytes
[MESSAGE] From peer 1: 512 bytes
[MESSAGE] From peer 1: 512 bytes
[MESSAGE] From peer 1: 512 bytes
[MESSAGE] From peer 1: 512 bytes
[MESSAGE] From peer 1: 512 bytes
[MESSAGE] From peer 1: 512 bytes
[MESSAGE] From peer 1: 512 bytes
[MESSAGE] From peer 1: 512 bytes
[MESSAGE] From peer 1: 512 bytes
[MESSAGE] From peer 1: 512 bytes
[MESSAGE] From peer 1: 512 bytes
[MESSAGE] From peer 1: 512 bytes
[MESSAGE] From peer 1: 512 bytes
[MESSAGE] From peer 1: 512 bytes
[MESSAGE] From peer 1: 512 bytes
[MESSAGE] From peer 1: 512 bytes
[MESSAGE] From peer 1: 512 bytes
[MESSAGE] From peer 1: 512 bytes
[MESSAGE] From peer 1: 512 bytes
[MESSAGE] From peer 1: 512 bytes
[MESSAGE] From peer 1: 512 bytes
[MESSAGE] From peer 1: 512 bytes
[MESSAGE] From peer 1: 512 bytes
[MESSAGE] From peer 1: 512 bytes
[MESSAGE] From peer 1: 512 bytes
[MESSAGE] From peer 1: 512 bytes
[MESSAGE] From peer 1: 512 bytes
[MESSAGE] From peer 1: 512 bytes
[MESSAGE] From peer 1: 512 bytes
[MESSAGE] From peer 1: 512 bytes
[MESSAGE] From peer 1: 512 bytes
[MESSAGE] From peer 1: 512 bytes
[MESSAGE] From peer 1: 512 bytes
[MESSAGE] From peer 1: 512 bytes
[MESSAGE] From peer 1: 512 bytes
[MESSAGE] From peer 1: 512 bytes
[MESSAGE] From peer 1: 512 bytes
[MESSAGE] From peer 1: 512 bytes
[MESSAGE] From peer 1: 512 bytes
[MESSAGE] From peer 1: 512 bytes
[MESSAGE] From peer 1: 512 bytes
[MESSAGE] From peer 1: 512 bytes
[MESSAGE] From peer 1: 512 bytes
[MESSAGE] From peer 1: 512 bytes
[MESSAGE] From peer 1: 512 bytes
[MESSAGE] From peer 1: 512 bytes
[MESSAGE] From peer 1: 512 bytes
[MESSAGE] From peer 1: 512 bytes
[MESSAGE] From peer 1: 512 bytes
[MESSAGE] From peer 1: 512 bytes
[MESSAGE] From peer 1: 512 bytes
[MESSAGE] From peer 1: 512 bytes
[MESSAGE] From peer 1: 512 bytes
[MESSAGE] From peer 1: 512 bytes
[MESSAGE] From peer 1: 512 bytes
[MESSAGE] From peer 1: 512 bytes
[MESSAGE] From peer 1: 512 bytes
[MESSAGE] From peer 1: 512 bytes
[MESSAGE] From peer 1: 512 bytes
[MESSAGE] From peer 1: 512 bytes
[MESSAGE] From peer 1: 512 bytes
[MESSAGE] From peer 1: 512 bytes
[MESSAGE] From peer 1: 512 bytes
[MESSAGE] From peer 1: 512 bytes
[MESSAGE] From peer 1: 512 bytes
[MESSAGE] From peer 1: 512 bytes
[MESSAGE] From peer 1: 512 bytes
[MESSAGE] From peer 1: 512 bytes
[MESSAGE] From peer 1: 512 bytes
[MESSAGE] From peer 1: 512 bytes
[MESSAGE] From peer 1: 512 bytes
[MESSAGE] From peer 1: 512 bytes
[MESSAGE] From peer 1: 512 bytes
[MESSAGE] From peer 1: 512 bytes
[MESSAGE] From peer 1: 512 bytes
[MESSAGE] From peer 1: 512 bytes
[MESSAGE] From peer 1: 512 bytes
[MESSAGE] From peer 1: 512 bytes
[MESSAGE] From peer 1: 512 bytes
[MESSAGE] From peer 1: 512 bytes
[MESSAGE] From peer 1: 512 bytes
[MESSAGE] From peer 1: 512 bytes
[MESSAGE] From peer 1: 512 bytes
[MESSAGE] From peer 1: 512 bytes
[MESSAGE] From peer 1: 512 bytes
[MESSAGE] From peer 1: 512 bytes
[MESSAGE] From peer 1: 512 bytes
[MESSAGE] From peer 1: 512 bytes
[MESSAGE] From peer 1: 512 bytes
[MESSAGE] From peer 1: 512 bytes
[ECHO] 16900 messages echoed
[MESSAGE] From peer 1: 512 bytes
[MESSAGE] From peer 1: 512 bytes
[MESSAGE] From peer 1: 512 bytes
[MESSAGE] From peer 1: 512 bytes
[MESSAGE] From peer 1: 512 bytes
[MESSAGE] From peer 1: 512 bytes
[MESSAGE] From peer 1: 512 bytes
[MESSAGE] From peer 1: 512 bytes
[MESSAGE] From peer 1: 512 bytes
[MESSAGE] From peer 1: 512 bytes
[MESSAGE] From peer 1: 512 bytes
[MESSAGE] From peer 1: 512 bytes
[MESSAGE] From peer 1: 512 bytes
[MESSAGE] From peer 1: 512 bytes
[MESSAGE] From peer 1: 512 bytes
[MESSAGE] From peer 1: 512 bytes
[MESSAGE] From peer 1: 512 bytes
[MESSAGE] From peer 1: 512 bytes
[MESSAGE] From peer 1: 512 bytes
[MESSAGE] From peer 1: 512 bytes
[MESSAGE] From peer 1: 512 bytes
[MESSAGE] From peer 1: 512 bytes
[MESSAGE] From peer 1: 512 bytes
[MESSAGE] From peer 1: 512 bytes
[MESSAGE] From peer 1: 512 bytes
[MESSAGE] From peer 1: 512 bytes
[MESSAGE] From peer 1: 512 bytes
[MESSAGE] From peer 1: 512 bytes
[MESSAGE] From peer 1: 512 bytes
[MESSAGE] From peer 1: 512 bytes
[MESSAGE] From peer 1: 512 bytes
[MESSAGE] From peer 1: 512 bytes
[MESSAGE] From peer 1: 512 bytes
[MESSAGE] From peer 1: 512 bytes
[MESSAGE] From peer 1: 512 bytes
[MESSAGE] From peer 1: 512 bytes
[MESSAGE] From peer 1: 512 bytes
[MESSAGE] From peer 1: 512 bytes
[MESSAGE] From peer 1: 512 bytes
[MESSAGE] From peer 1: 512 bytes
[MESSAGE] From peer 1: 512 bytes
[MESSAGE] From peer 1: 512 bytes
[MESSAGE] From peer 1: 512 bytes
[MESSAGE] From peer 1: 512 bytes
[MESSAGE] From peer 1: 512 bytes
[MESSAGE] From peer 1: 512 bytes
[MESSAGE] From peer 1: 512 bytes
[MESSAGE] From peer 1: 512 bytes
[MESSAGE] From peer 1: 512 bytes
[MESSAGE] From peer 1: 512 bytes
[MESSAGE] From peer 1: 512 bytes
[MESSAGE] From peer 1: 512 bytes
[MESSAGE] From peer 1: 512 bytes
[MESSAGE] From peer 1: 512 bytes
[MESSAGE] From peer 1: 512 bytes
[MESSAGE] From peer 1: 512 bytes
[MESSAGE] From peer 1: 512 bytes
[MESSAGE] From peer 1: 512 bytes
[MESSAGE] From peer 1: 512 bytes
[MESSAGE] From peer 1: 512 bytes
[MESSAGE] From peer 1: 512 bytes
[MESSAGE] From peer 1: 512 bytes
[MESSAGE] From peer 1: 512 bytes
[MESSAGE] From peer 1: 512 bytes
[MESSAGE] From peer 1: 512 bytes
[MESSAGE] From peer 1: 512 bytes
[MESSAGE] From peer 1: 512 bytes
[MESSAGE] From peer 1: 512 bytes
[MESSAGE] From peer 1: 512 bytes
[MESSAGE] From peer 1: 512 bytes
[MESSAGE] From peer 1: 512 bytes
[MESSAGE] From peer 1: 512 bytes
[MESSAGE] From peer 1: 512 bytes
[MESSAGE] From peer 1: 512 bytes
[MESSAGE] From peer 1: 512 bytes
[MESSAGE] From peer 1: 512 bytes
[MESSAGE] From peer 1: 512 bytes
[MESSAGE] From peer 1: 512 bytes
[MESSAGE] From peer 1: 512 bytes
[MESSAGE] From peer 1: 512 bytes
[MESSAGE] From peer 1: 512 bytes
[MESSAGE] From peer 1: 512 bytes
[MESSAGE] From peer 1: 512 bytes
[MESSAGE] From peer 1: 512 bytes
[MESSAGE] From peer 1: 512 bytes
[MESSAGE] From peer 1: 512 bytes
[MESSAGE] From peer 1: 512 bytes
[MESSAGE] From peer 1: 512 bytes
[MESSAGE] From peer 1: 512 bytes
[MESSAGE] From peer 1: 512 bytes
[MESSAGE] From peer 1: 512 bytes
[MESSAGE] From peer 1: 512 bytes
[MESSAGE] From peer 1: 512 bytes
[MESSAGE] From peer 1: 512 bytes
[MESSAGE] From peer 1: 512 bytes
[MESSAGE] From peer 1: 512 bytes
[MESSAGE] From peer 1: 512 bytes
[MESSAGE] From peer 1: 512 bytes
[MESSAGE] From peer 1: 512 bytes
[MESSAGE] From peer 1: 512 bytes
[ECHO] 17000 messages echoed
[MESSAGE] From peer 1: 512 bytes
[MESSAGE] From peer 1: 512 bytes
[MESSAGE] From peer 1: 512 bytes
[MESSAGE] From peer 1: 512 bytes
[MESSAGE] From peer 1: 512 bytes
[MESSAGE] From peer 1: 512 bytes
[MESSAGE] From peer 1: 512 bytes
[MESSAGE] From peer 1: 512 bytes
[MESSAGE] From peer 1: 512 bytes
[MESSAGE] From peer 1: 512 bytes
[MESSAGE] From peer 1: 512 bytes
[MESSAGE] From peer 1: 512 bytes
[MESSAGE] From peer 1: 512 bytes
[MESSAGE] From peer 1: 512 bytes
[MESSAGE] From peer 1: 512 bytes
[MESSAGE] From peer 1: 512 bytes
[MESSAGE] From peer 1: 512 bytes
[MESSAGE] From peer 1: 512 bytes
[MESSAGE] From peer 1: 512 bytes
[MESSAGE] From peer 1: 512 bytes
[MESSAGE] From peer 1: 512 bytes
[MESSAGE] From peer 1: 512 bytes
[MESSAGE] From peer 1: 512 bytes
[MESSAGE] From peer 1: 512 bytes
[MESSAGE] From peer 1: 512 bytes
[MESSAGE] From peer 1: 512 bytes
[MESSAGE] From peer 1: 512 bytes
[MESSAGE] From peer 1: 512 bytes
[MESSAGE] From peer 1: 512 bytes
[MESSAGE] From peer 1: 512 bytes
[MESSAGE] From peer 1: 512 bytes
[MESSAGE] From peer 1: 512 bytes
[MESSAGE] From peer 1: 512 bytes
[MESSAGE] From peer 1: 512 bytes
[MESSAGE] From peer 1: 512 bytes
[MESSAGE] From peer 1: 512 bytes
[MESSAGE] From peer 1: 512 bytes
[MESSAGE] From peer 1: 512 bytes
[MESSAGE] From peer 1: 512 bytes
[MESSAGE] From peer 1: 512 bytes
[MESSAGE] From peer 1: 512 bytes
[MESSAGE] From peer 1: 512 bytes
[MESSAGE] From peer 1: 512 bytes
[MESSAGE] From peer 1: 512 bytes
[MESSAGE] From peer 1: 512 bytes
[MESSAGE] From peer 1: 512 bytes
[MESSAGE] From peer 1: 512 bytes
[MESSAGE] From peer 1: 512 bytes
[MESSAGE] From peer 1: 512 bytes
[MESSAGE] From peer 1: 512 bytes
[MESSAGE] From peer 1: 512 bytes
[MESSAGE] From peer 1: 512 bytes
[MESSAGE] From peer 1: 512 bytes
[MESSAGE] From peer 1: 512 bytes
[MESSAGE] From peer 1: 512 bytes
[MESSAGE] From peer 1: 512 bytes
[MESSAGE] From peer 1: 512 bytes
[MESSAGE] From peer 1: 512 bytes
[MESSAGE] From peer 1: 512 bytes
[MESSAGE] From peer 1: 512 bytes
[MESSAGE] From peer 1: 512 bytes
[MESSAGE] From peer 1: 512 bytes
[MESSAGE] From peer 1: 512 bytes
[MESSAGE] From peer 1: 512 bytes
[MESSAGE] From peer 1: 512 bytes
[MESSAGE] From peer 1: 512 bytes
[MESSAGE] From peer 1: 512 bytes
[MESSAGE] From peer 1: 512 bytes
[MESSAGE] From peer 1: 512 bytes
[MESSAGE] From peer 1: 512 bytes
[MESSAGE] From peer 1: 512 bytes
[MESSAGE] From peer 1: 512 bytes
[MESSAGE] From peer 1: 512 bytes
[MESSAGE] From peer 1: 512 bytes
[MESSAGE] From peer 1: 512 bytes
[MESSAGE] From peer 1: 512 bytes
[MESSAGE] From peer 1: 512 bytes
[MESSAGE] From peer 1: 512 bytes
[MESSAGE] From peer 1: 512 bytes
[MESSAGE] From peer 1: 512 bytes
[MESSAGE] From peer 1: 512 bytes
[MESSAGE] From peer 1: 512 bytes
[MESSAGE] From peer 1: 512 bytes
[MESSAGE] From peer 1: 512 bytes
[MESSAGE] From peer 1: 512 bytes
[MESSAGE] From peer 1: 512 bytes
[MESSAGE] From peer 1: 512 bytes
[MESSAGE] From peer 1: 512 bytes
[MESSAGE] From peer 1: 512 bytes
[MESSAGE] From peer 1: 512 bytes
[MESSAGE] From peer 1: 512 bytes
[MESSAGE] From peer 1: 512 bytes
[MESSAGE] From peer 1: 512 bytes
[MESSAGE] From peer 1: 512 bytes
[MESSAGE] From peer 1: 512 bytes
[MESSAGE] From peer 1: 512 bytes
[MESSAGE] From peer 1: 512 bytes
[MESSAGE] From peer 1: 512 bytes
[MESSAGE] From peer 1: 512 bytes
[MESSAGE] From peer 1: 512 bytes
[ECHO] 17100 messages echoed
[MESSAGE] From peer 1: 512 bytes
[MESSAGE] From peer 1: 512 bytes
[MESSAGE] From peer 1: 512 bytes
[MESSAGE] From peer 1: 512 bytes
[MESSAGE] From peer 1: 512 bytes
[MESSAGE] From peer 1: 512 bytes
[MESSAGE] From peer 1: 512 bytes
[MESSAGE] From peer 1: 512 bytes
[MESSAGE] From peer 1: 512 bytes
[MESSAGE] From peer 1: 512 bytes
[MESSAGE] From peer 1: 512 bytes
[MESSAGE] From peer 1: 512 bytes
[MESSAGE] From peer 1: 512 bytes
[MESSAGE] From peer 1: 512 bytes
[MESSAGE] From peer 1: 512 bytes
[MESSAGE] From peer 1: 512 bytes
[MESSAGE] From peer 1: 512 bytes
[MESSAGE] From peer 1: 512 bytes
[MESSAGE] From peer 1: 512 bytes
[MESSAGE] From peer 1: 512 bytes
[MESSAGE] From peer 1: 512 bytes
[MESSAGE] From peer 1: 512 bytes
[MESSAGE] From peer 1: 512 bytes
[MESSAGE] From peer 1: 512 bytes
[MESSAGE] From peer 1: 512 bytes
[MESSAGE] From peer 1: 512 bytes
[MESSAGE] From peer 1: 512 bytes
[MESSAGE] From peer 1: 512 bytes
[MESSAGE] From peer 1: 512 bytes
[MESSAGE] From peer 1: 512 bytes
[MESSAGE] From peer 1: 512 bytes
[MESSAGE] From peer 1: 512 bytes
[MESSAGE] From peer 1: 512 bytes
[MESSAGE] From peer 1: 512 bytes
[MESSAGE] From peer 1: 512 bytes
[MESSAGE] From peer 1: 512 bytes
[MESSAGE] From peer 1: 512 bytes
[MESSAGE] From peer 1: 512 bytes
[MESSAGE] From peer 1: 512 bytes
[MESSAGE] From peer 1: 512 bytes
[MESSAGE] From peer 1: 512 bytes
[MESSAGE] From peer 1: 512 bytes
[MESSAGE] From peer 1: 512 bytes
[MESSAGE] From peer 1: 512 bytes
[MESSAGE] From peer 1: 512 bytes
[MESSAGE] From peer 1: 512 bytes
[MESSAGE] From peer 1: 512 bytes
[MESSAGE] From peer 1: 512 bytes
[MESSAGE] From peer 1: 512 bytes
[MESSAGE] From peer 1: 512 bytes
[MESSAGE] From peer 1: 512 bytes
[MESSAGE] From peer 1: 512 bytes
[MESSAGE] From peer 1: 512 bytes
[MESSAGE] From peer 1: 512 bytes
[MESSAGE] From peer 1: 512 bytes
[MESSAGE] From peer 1: 512 bytes
[MESSAGE] From peer 1: 512 bytes
[MESSAGE] From peer 1: 512 bytes
[MESSAGE] From peer 1: 512 bytes
[MESSAGE] From peer 1: 512 bytes
[MESSAGE] From peer 1: 512 bytes
[MESSAGE] From peer 1: 512 bytes
[MESSAGE] From peer 1: 512 bytes
[MESSAGE] From peer 1: 512 bytes
[MESSAGE] From peer 1: 512 bytes
[MESSAGE] From peer 1: 512 bytes
[MESSAGE] From peer 1: 512 bytes
[MESSAGE] From peer 1: 512 bytes
[MESSAGE] From peer 1: 512 bytes
[MESSAGE] From peer 1: 512 bytes
[MESSAGE] From peer 1: 512 bytes
[MESSAGE] From peer 1: 512 bytes
[MESSAGE] From peer 1: 512 bytes
[MESSAGE] From peer 1: 512 bytes
[MESSAGE] From peer 1: 512 bytes
[MESSAGE] From peer 1: 512 bytes
[MESSAGE] From peer 1: 512 bytes
[MESSAGE] From peer 1: 512 bytes
[MESSAGE] From peer 1: 512 bytes
[MESSAGE] From peer 1: 512 bytes
[MESSAGE] From peer 1: 512 bytes
[MESSAGE] From peer 1: 512 bytes
[MESSAGE] From peer 1: 512 bytes
[MESSAGE] From peer 1: 512 bytes
[MESSAGE] From peer 1: 512 bytes
[MESSAGE] From peer 1: 512 bytes
[MESSAGE] From peer 1: 512 bytes
[MESSAGE] From peer 1: 512 bytes
[MESSAGE] From peer 1: 512 bytes
[MESSAGE] From peer 1: 512 bytes
[MESSAGE] From peer 1: 512 bytes
[MESSAGE] From peer 1: 512 bytes
[MESSAGE] From peer 1: 512 bytes
[MESSAGE] From peer 1: 512 bytes
[MESSAGE] From peer 1: 512 bytes
[MESSAGE] From peer 1: 512 bytes
[STATUS] 3640 sec: peers=22, msgs=17206, connected=yes
[MESSAGE] From peer 1: 512 bytes
[MESSAGE] From peer 1: 512 bytes
[MESSAGE] From peer 1: 512 bytes
[MESSAGE] From peer 1: 512 bytes
[ECHO] 17200 messages echoed
[MESSAGE] From peer 1: 512 bytes
[MESSAGE] From peer 1: 512 bytes
[MESSAGE] From peer 1: 512 bytes
[MESSAGE] From peer 1: 512 bytes
[MESSAGE] From peer 1: 512 bytes
[MESSAGE] From peer 1: 512 bytes
[MESSAGE] From peer 1: 512 bytes
[MESSAGE] From peer 1: 512 bytes
[MESSAGE] From peer 1: 512 bytes
[MESSAGE] From peer 1: 512 bytes
[MESSAGE] From peer 1: 512 bytes
[MESSAGE] From peer 1: 512 bytes
[MESSAGE] From peer 1: 512 bytes
[MESSAGE] From peer 1: 512 bytes
[MESSAGE] From peer 1: 512 bytes
[MESSAGE] From peer 1: 512 bytes
[MESSAGE] From peer 1: 512 bytes
[MESSAGE] From peer 1: 512 bytes
[MESSAGE] From peer 1: 512 bytes
[MESSAGE] From peer 1: 512 bytes
[MESSAGE] From peer 1: 512 bytes
[MESSAGE] From peer 1: 512 bytes
[MESSAGE] From peer 1: 512 bytes
[MESSAGE] From peer 1: 512 bytes
[MESSAGE] From peer 1: 512 bytes
[MESSAGE] From peer 1: 512 bytes
[MESSAGE] From peer 1: 512 bytes
[MESSAGE] From peer 1: 512 bytes
[MESSAGE] From peer 1: 512 bytes
[MESSAGE] From peer 1: 512 bytes
[MESSAGE] From peer 1: 512 bytes
[MESSAGE] From peer 1: 512 bytes
[MESSAGE] From peer 1: 512 bytes
[MESSAGE] From peer 1: 512 bytes
[MESSAGE] From peer 1: 512 bytes
[MESSAGE] From peer 1: 512 bytes
[MESSAGE] From peer 1: 512 bytes
[MESSAGE] From peer 1: 512 bytes
[MESSAGE] From peer 1: 512 bytes
[MESSAGE] From peer 1: 512 bytes
[MESSAGE] From peer 1: 512 bytes
[MESSAGE] From peer 1: 512 bytes
[MESSAGE] From peer 1: 512 bytes
[MESSAGE] From peer 1: 512 bytes
[MESSAGE] From peer 1: 512 bytes
[MESSAGE] From peer 1: 512 bytes
[MESSAGE] From peer 1: 512 bytes
[MESSAGE] From peer 1: 512 bytes
[MESSAGE] From peer 1: 512 bytes
[MESSAGE] From peer 1: 512 bytes
[MESSAGE] From peer 1: 512 bytes
[MESSAGE] From peer 1: 512 bytes
[MESSAGE] From peer 1: 512 bytes
[MESSAGE] From peer 1: 512 bytes
[MESSAGE] From peer 1: 512 bytes
[MESSAGE] From peer 1: 512 bytes
[MESSAGE] From peer 1: 512 bytes
[MESSAGE] From peer 1: 512 bytes
[MESSAGE] From peer 1: 512 bytes
[MESSAGE] From peer 1: 512 bytes
[MESSAGE] From peer 1: 512 bytes
[MESSAGE] From peer 1: 512 bytes
[MESSAGE] From peer 1: 512 bytes
[MESSAGE] From peer 1: 512 bytes
[MESSAGE] From peer 1: 512 bytes
[MESSAGE] From peer 1: 512 bytes
[MESSAGE] From peer 1: 512 bytes
[MESSAGE] From peer 1: 512 bytes
[MESSAGE] From peer 1: 512 bytes
[MESSAGE] From peer 1: 512 bytes
[MESSAGE] From peer 1: 512 bytes
[MESSAGE] From peer 1: 512 bytes
[MESSAGE] From peer 1: 512 bytes
[MESSAGE] From peer 1: 512 bytes
[MESSAGE] From peer 1: 512 bytes
[MESSAGE] From peer 1: 512 bytes
[MESSAGE] From peer 1: 512 bytes
[MESSAGE] From peer 1: 512 bytes
[MESSAGE] From peer 1: 512 bytes
[DISCOVERED] Peer 2: "MacThroughput" at 10.188.1.213:7354
[MESSAGE] From peer 1: 512 bytes
[MESSAGE] From peer 1: 512 bytes
[MESSAGE] From peer 1: 512 bytes
[MESSAGE] From peer 1: 512 bytes
[MESSAGE] From peer 1: 512 bytes
[MESSAGE] From peer 1: 512 bytes
[MESSAGE] From peer 1: 512 bytes
[MESSAGE] From peer 1: 512 bytes
[MESSAGE] From peer 1: 512 bytes
[MESSAGE] From peer 1: 512 bytes
[MESSAGE] From peer 1: 512 bytes
[MESSAGE] From peer 1: 512 bytes
[MESSAGE] From peer 1: 512 bytes
[MESSAGE] From peer 1: 512 bytes
[MESSAGE] From peer 1: 512 bytes
[MESSAGE] From peer 1: 512 bytes
[MESSAGE] From peer 1: 512 bytes
[MESSAGE] From peer 1: 512 bytes
[MESSAGE] From peer 1: 512 bytes
[MESSAGE] From peer 1: 512 bytes
[MESSAGE] From peer 1: 512 bytes
[ECHO] 17300 messages echoed
[MESSAGE] From peer 1: 512 bytes
[MESSAGE] From peer 1: 512 bytes
[MESSAGE] From peer 1: 512 bytes
[MESSAGE] From peer 1: 512 bytes
[MESSAGE] From peer 1: 512 bytes
[MESSAGE] From peer 1: 512 bytes
[MESSAGE] From peer 1: 512 bytes
[MESSAGE] From peer 1: 512 bytes
[MESSAGE] From peer 1: 512 bytes
[MESSAGE] From peer 1: 512 bytes
[MESSAGE] From peer 1: 512 bytes
[MESSAGE] From peer 1: 512 bytes
[MESSAGE] From peer 1: 512 bytes
[MESSAGE] From peer 1: 512 bytes
[MESSAGE] From peer 1: 512 bytes
[MESSAGE] From peer 1: 512 bytes
[MESSAGE] From peer 1: 512 bytes
[MESSAGE] From peer 1: 512 bytes
[MESSAGE] From peer 1: 512 bytes
[MESSAGE] From peer 1: 512 bytes
[MESSAGE] From peer 1: 512 bytes
[MESSAGE] From peer 1: 512 bytes
[MESSAGE] From peer 1: 512 bytes
[MESSAGE] From peer 1: 512 bytes
[MESSAGE] From peer 1: 512 bytes
[MESSAGE] From peer 1: 512 bytes
[MESSAGE] From peer 1: 512 bytes
[MESSAGE] From peer 1: 512 bytes
[MESSAGE] From peer 1: 512 bytes
[MESSAGE] From peer 1: 512 bytes
[MESSAGE] From peer 1: 512 bytes
[MESSAGE] From peer 1: 512 bytes
[MESSAGE] From peer 1: 512 bytes
[MESSAGE] From peer 1: 512 bytes
[MESSAGE] From peer 1: 512 bytes
[MESSAGE] From peer 1: 512 bytes
[MESSAGE] From peer 1: 512 bytes
[MESSAGE] From peer 1: 512 bytes
[MESSAGE] From peer 1: 512 bytes
[MESSAGE] From peer 1: 512 bytes
[MESSAGE] From peer 1: 512 bytes
[MESSAGE] From peer 1: 512 bytes
[MESSAGE] From peer 1: 512 bytes
[MESSAGE] From peer 1: 512 bytes
[MESSAGE] From peer 1: 512 bytes
[MESSAGE] From peer 1: 512 bytes
[MESSAGE] From peer 1: 512 bytes
[MESSAGE] From peer 1: 512 bytes
[MESSAGE] From peer 1: 512 bytes
[MESSAGE] From peer 1: 512 bytes
[MESSAGE] From peer 1: 512 bytes
[MESSAGE] From peer 1: 512 bytes
[MESSAGE] From peer 1: 512 bytes
[MESSAGE] From peer 1: 512 bytes
[MESSAGE] From peer 1: 512 bytes
[MESSAGE] From peer 1: 512 bytes
[MESSAGE] From peer 1: 512 bytes
[MESSAGE] From peer 1: 512 bytes
[MESSAGE] From peer 1: 512 bytes
[MESSAGE] From peer 1: 512 bytes
[MESSAGE] From peer 1: 512 bytes
[MESSAGE] From peer 1: 512 bytes
[MESSAGE] From peer 1: 512 bytes
[MESSAGE] From peer 1: 512 bytes
[MESSAGE] From peer 1: 512 bytes
[MESSAGE] From peer 1: 512 bytes
[MESSAGE] From peer 1: 512 bytes
[MESSAGE] From peer 1: 512 bytes
[MESSAGE] From peer 1: 512 bytes
[MESSAGE] From peer 1: 512 bytes
[MESSAGE] From peer 1: 512 bytes
[MESSAGE] From peer 1: 512 bytes
[MESSAGE] From peer 1: 512 bytes
[MESSAGE] From peer 1: 512 bytes
[MESSAGE] From peer 1: 512 bytes
[MESSAGE] From peer 1: 512 bytes
[MESSAGE] From peer 1: 512 bytes
[MESSAGE] From peer 1: 512 bytes
[MESSAGE] From peer 1: 512 bytes
[MESSAGE] From peer 1: 512 bytes
[MESSAGE] From peer 1: 512 bytes
[MESSAGE] From peer 1: 512 bytes
[MESSAGE] From peer 1: 512 bytes
[MESSAGE] From peer 1: 512 bytes
[MESSAGE] From peer 1: 512 bytes
[MESSAGE] From peer 1: 512 bytes
[MESSAGE] From peer 1: 512 bytes
[MESSAGE] From peer 1: 512 bytes
[MESSAGE] From peer 1: 512 bytes
[MESSAGE] From peer 1: 512 bytes
[MESSAGE] From peer 1: 512 bytes
[MESSAGE] From peer 1: 512 bytes
[MESSAGE] From peer 1: 512 bytes
[MESSAGE] From peer 1: 512 bytes
[MESSAGE] From peer 1: 512 bytes
[MESSAGE] From peer 1: 512 bytes
[MESSAGE] From peer 1: 512 bytes
[MESSAGE] From peer 1: 512 bytes
[MESSAGE] From peer 1: 512 bytes
[MESSAGE] From peer 1: 512 bytes
[ECHO] 17400 messages echoed
[MESSAGE] From peer 1: 512 bytes
[MESSAGE] From peer 1: 512 bytes
[MESSAGE] From peer 1: 512 bytes
[MESSAGE] From peer 1: 512 bytes
[MESSAGE] From peer 1: 512 bytes
[MESSAGE] From peer 1: 512 bytes
[MESSAGE] From peer 1: 512 bytes
[MESSAGE] From peer 1: 512 bytes
[MESSAGE] From peer 1: 512 bytes
[MESSAGE] From peer 1: 512 bytes
[MESSAGE] From peer 1: 512 bytes
[MESSAGE] From peer 1: 512 bytes
[MESSAGE] From peer 1: 512 bytes
[MESSAGE] From peer 1: 512 bytes
[MESSAGE] From peer 1: 512 bytes
[MESSAGE] From peer 1: 512 bytes
[MESSAGE] From peer 1: 512 bytes
[MESSAGE] From peer 1: 512 bytes
[MESSAGE] From peer 1: 512 bytes
[MESSAGE] From peer 1: 512 bytes
[MESSAGE] From peer 1: 512 bytes
[MESSAGE] From peer 1: 512 bytes
[MESSAGE] From peer 1: 512 bytes
[MESSAGE] From peer 1: 512 bytes
[MESSAGE] From peer 1: 512 bytes
[MESSAGE] From peer 1: 512 bytes
[MESSAGE] From peer 1: 512 bytes
[MESSAGE] From peer 1: 512 bytes
[MESSAGE] From peer 1: 512 bytes
[MESSAGE] From peer 1: 512 bytes
[MESSAGE] From peer 1: 512 bytes
[MESSAGE] From peer 1: 512 bytes
[MESSAGE] From peer 1: 512 bytes
[MESSAGE] From peer 1: 512 bytes
[MESSAGE] From peer 1: 512 bytes
[MESSAGE] From peer 1: 512 bytes
[MESSAGE] From peer 1: 512 bytes
[MESSAGE] From peer 1: 512 bytes
[MESSAGE] From peer 1: 512 bytes
[MESSAGE] From peer 1: 512 bytes
[MESSAGE] From peer 1: 512 bytes
[MESSAGE] From peer 1: 512 bytes
[MESSAGE] From peer 1: 512 bytes
[MESSAGE] From peer 1: 512 bytes
[MESSAGE] From peer 1: 512 bytes
[MESSAGE] From peer 1: 512 bytes
[MESSAGE] From peer 1: 512 bytes
[MESSAGE] From peer 1: 512 bytes
[MESSAGE] From peer 1: 512 bytes
[MESSAGE] From peer 1: 512 bytes
[MESSAGE] From peer 1: 512 bytes
[MESSAGE] From peer 1: 512 bytes
[MESSAGE] From peer 1: 512 bytes
[MESSAGE] From peer 1: 512 bytes
[MESSAGE] From peer 1: 512 bytes
[MESSAGE] From peer 1: 512 bytes
[MESSAGE] From peer 1: 512 bytes
[MESSAGE] From peer 1: 512 bytes
[MESSAGE] From peer 1: 512 bytes
[MESSAGE] From peer 1: 512 bytes
[MESSAGE] From peer 1: 512 bytes
[MESSAGE] From peer 1: 512 bytes
[MESSAGE] From peer 1: 512 bytes
[MESSAGE] From peer 1: 512 bytes
[MESSAGE] From peer 1: 512 bytes
[MESSAGE] From peer 1: 512 bytes
[MESSAGE] From peer 1: 512 bytes
[MESSAGE] From peer 1: 512 bytes
[MESSAGE] From peer 1: 512 bytes
[MESSAGE] From peer 1: 512 bytes
[MESSAGE] From peer 1: 512 bytes
[MESSAGE] From peer 1: 512 bytes
[MESSAGE] From peer 1: 512 bytes
[MESSAGE] From peer 1: 512 bytes
[MESSAGE] From peer 1: 512 bytes
[MESSAGE] From peer 1: 512 bytes
[MESSAGE] From peer 1: 512 bytes
[MESSAGE] From peer 1: 512 bytes
[MESSAGE] From peer 1: 512 bytes
[MESSAGE] From peer 1: 512 bytes
[MESSAGE] From peer 1: 512 bytes
[MESSAGE] From peer 1: 512 bytes
[MESSAGE] From peer 1: 512 bytes
[MESSAGE] From peer 1: 512 bytes
[MESSAGE] From peer 1: 512 bytes
[MESSAGE] From peer 1: 512 bytes
[MESSAGE] From peer 1: 512 bytes
[MESSAGE] From peer 1: 512 bytes
[MESSAGE] From peer 1: 512 bytes
[MESSAGE] From peer 1: 512 bytes
[MESSAGE] From peer 1: 512 bytes
[MESSAGE] From peer 1: 512 bytes
[MESSAGE] From peer 1: 512 bytes
[MESSAGE] From peer 1: 512 bytes
[MESSAGE] From peer 1: 512 bytes
[MESSAGE] From peer 1: 512 bytes
[MESSAGE] From peer 1: 512 bytes
[MESSAGE] From peer 1: 512 bytes
[MESSAGE] From peer 1: 512 bytes
[MESSAGE] From peer 1: 512 bytes
[ECHO] 17500 messages echoed
[MESSAGE] From peer 1: 512 bytes
[MESSAGE] From peer 1: 512 bytes
[MESSAGE] From peer 1: 512 bytes
[MESSAGE] From peer 1: 512 bytes
[MESSAGE] From peer 1: 512 bytes
[MESSAGE] From peer 1: 512 bytes
[MESSAGE] From peer 1: 512 bytes
[MESSAGE] From peer 1: 512 bytes
[MESSAGE] From peer 1: 512 bytes
[MESSAGE] From peer 1: 512 bytes
[MESSAGE] From peer 1: 512 bytes
[MESSAGE] From peer 1: 512 bytes
[MESSAGE] From peer 1: 512 bytes
[MESSAGE] From peer 1: 512 bytes
[MESSAGE] From peer 1: 512 bytes
[MESSAGE] From peer 1: 512 bytes
[MESSAGE] From peer 1: 512 bytes
[MESSAGE] From peer 1: 512 bytes
[MESSAGE] From peer 1: 512 bytes
[MESSAGE] From peer 1: 512 bytes
[MESSAGE] From peer 1: 512 bytes
[MESSAGE] From peer 1: 512 bytes
[MESSAGE] From peer 1: 512 bytes
[MESSAGE] From peer 1: 512 bytes
[MESSAGE] From peer 1: 512 bytes
[MESSAGE] From peer 1: 512 bytes
[MESSAGE] From peer 1: 512 bytes
[MESSAGE] From peer 1: 512 bytes
[MESSAGE] From peer 1: 512 bytes
[MESSAGE] From peer 1: 512 bytes
[MESSAGE] From peer 1: 512 bytes
[MESSAGE] From peer 1: 512 bytes
[MESSAGE] From peer 1: 512 bytes
[MESSAGE] From peer 1: 512 bytes
[MESSAGE] From peer 1: 512 bytes
[MESSAGE] From peer 1: 512 bytes
[MESSAGE] From peer 1: 512 bytes
[MESSAGE] From peer 1: 512 bytes
[MESSAGE] From peer 1: 512 bytes
[MESSAGE] From peer 1: 512 bytes
[MESSAGE] From peer 1: 512 bytes
[MESSAGE] From peer 1: 512 bytes
[MESSAGE] From peer 1: 512 bytes
[MESSAGE] From peer 1: 512 bytes
[MESSAGE] From peer 1: 512 bytes
[MESSAGE] From peer 1: 512 bytes
[MESSAGE] From peer 1: 512 bytes
[MESSAGE] From peer 1: 512 bytes
[MESSAGE] From peer 1: 512 bytes
[MESSAGE] From peer 1: 512 bytes
[MESSAGE] From peer 1: 512 bytes
[MESSAGE] From peer 1: 512 bytes
[MESSAGE] From peer 1: 512 bytes
[MESSAGE] From peer 1: 512 bytes
[MESSAGE] From peer 1: 512 bytes
[MESSAGE] From peer 1: 512 bytes
[MESSAGE] From peer 1: 512 bytes
[MESSAGE] From peer 1: 512 bytes
[MESSAGE] From peer 1: 512 bytes
[MESSAGE] From peer 1: 512 bytes
[MESSAGE] From peer 1: 512 bytes
[MESSAGE] From peer 1: 512 bytes
[MESSAGE] From peer 1: 512 bytes
[MESSAGE] From peer 1: 512 bytes
[MESSAGE] From peer 1: 512 bytes
[MESSAGE] From peer 1: 512 bytes
[MESSAGE] From peer 1: 512 bytes
[MESSAGE] From peer 1: 512 bytes
[MESSAGE] From peer 1: 512 bytes
[MESSAGE] From peer 1: 512 bytes
[MESSAGE] From peer 1: 512 bytes
[MESSAGE] From peer 1: 512 bytes
[MESSAGE] From peer 1: 512 bytes
[MESSAGE] From peer 1: 512 bytes
[MESSAGE] From peer 1: 512 bytes
[MESSAGE] From peer 1: 512 bytes
[MESSAGE] From peer 1: 512 bytes
[MESSAGE] From peer 1: 512 bytes
[MESSAGE] From peer 1: 512 bytes
[MESSAGE] From peer 1: 512 bytes
[MESSAGE] From peer 1: 512 bytes
[MESSAGE] From peer 1: 512 bytes
[MESSAGE] From peer 1: 512 bytes
[MESSAGE] From peer 1: 512 bytes
[MESSAGE] From peer 1: 512 bytes
[MESSAGE] From peer 1: 512 bytes
[MESSAGE] From peer 1: 512 bytes
[MESSAGE] From peer 1: 512 bytes
[MESSAGE] From peer 1: 512 bytes
[MESSAGE] From peer 1: 512 bytes
[MESSAGE] From peer 1: 512 bytes
[MESSAGE] From peer 1: 512 bytes
[MESSAGE] From peer 1: 512 bytes
[MESSAGE] From peer 1: 512 bytes
[MESSAGE] From peer 1: 512 bytes
[MESSAGE] From peer 1: 512 bytes
[MESSAGE] From peer 1: 512 bytes
[MESSAGE] From peer 1: 512 bytes
[MESSAGE] From peer 1: 512 bytes
[MESSAGE] From peer 1: 512 bytes
[ECHO] 17600 messages echoed
[MESSAGE] From peer 1: 512 bytes
[MESSAGE] From peer 1: 512 bytes
[MESSAGE] From peer 1: 512 bytes
[MESSAGE] From peer 1: 512 bytes
[MESSAGE] From peer 1: 512 bytes
[MESSAGE] From peer 1: 512 bytes
[MESSAGE] From peer 1: 512 bytes
[MESSAGE] From peer 1: 512 bytes
[MESSAGE] From peer 1: 512 bytes
[MESSAGE] From peer 1: 512 bytes
[MESSAGE] From peer 1: 512 bytes
[MESSAGE] From peer 1: 512 bytes
[MESSAGE] From peer 1: 512 bytes
[MESSAGE] From peer 1: 512 bytes
[MESSAGE] From peer 1: 512 bytes
[MESSAGE] From peer 1: 512 bytes
[MESSAGE] From peer 1: 512 bytes
[MESSAGE] From peer 1: 512 bytes
[MESSAGE] From peer 1: 512 bytes
[MESSAGE] From peer 1: 512 bytes
[MESSAGE] From peer 1: 512 bytes
[MESSAGE] From peer 1: 512 bytes
[MESSAGE] From peer 1: 512 bytes
[MESSAGE] From peer 1: 512 bytes
[MESSAGE] From peer 1: 512 bytes
[MESSAGE] From peer 1: 512 bytes
[MESSAGE] From peer 1: 512 bytes
[MESSAGE] From peer 1: 512 bytes
[MESSAGE] From peer 1: 512 bytes
[MESSAGE] From peer 1: 512 bytes
[MESSAGE] From peer 1: 512 bytes
[MESSAGE] From peer 1: 512 bytes
[MESSAGE] From peer 1: 512 bytes
[MESSAGE] From peer 1: 512 bytes
[MESSAGE] From peer 1: 512 bytes
[MESSAGE] From peer 1: 512 bytes
[MESSAGE] From peer 1: 512 bytes
[MESSAGE] From peer 1: 512 bytes
[MESSAGE] From peer 1: 512 bytes
[MESSAGE] From peer 1: 512 bytes
[MESSAGE] From peer 1: 512 bytes
[MESSAGE] From peer 1: 512 bytes
[MESSAGE] From peer 1: 512 bytes
[MESSAGE] From peer 1: 512 bytes
[MESSAGE] From peer 1: 512 bytes
[MESSAGE] From peer 1: 512 bytes
[MESSAGE] From peer 1: 512 bytes
[MESSAGE] From peer 1: 512 bytes
[MESSAGE] From peer 1: 512 bytes
[MESSAGE] From peer 1: 512 bytes
[MESSAGE] From peer 1: 512 bytes
[MESSAGE] From peer 1: 512 bytes
[MESSAGE] From peer 1: 512 bytes
[MESSAGE] From peer 1: 512 bytes
[MESSAGE] From peer 1: 512 bytes
[MESSAGE] From peer 1: 512 bytes
[MESSAGE] From peer 1: 512 bytes
[MESSAGE] From peer 1: 512 bytes
[MESSAGE] From peer 1: 512 bytes
[MESSAGE] From peer 1: 512 bytes
[MESSAGE] From peer 1: 512 bytes
[MESSAGE] From peer 1: 512 bytes
[MESSAGE] From peer 1: 512 bytes
[MESSAGE] From peer 1: 512 bytes
[MESSAGE] From peer 1: 512 bytes
[MESSAGE] From peer 1: 512 bytes
[MESSAGE] From peer 1: 512 bytes
[MESSAGE] From peer 1: 512 bytes
[MESSAGE] From peer 1: 512 bytes
[MESSAGE] From peer 1: 512 bytes
[MESSAGE] From peer 1: 512 bytes
[MESSAGE] From peer 1: 512 bytes
[MESSAGE] From peer 1: 512 bytes
[MESSAGE] From peer 1: 512 bytes
[MESSAGE] From peer 1: 512 bytes
[MESSAGE] From peer 1: 512 bytes
[MESSAGE] From peer 1: 512 bytes
[MESSAGE] From peer 1: 512 bytes
[MESSAGE] From peer 1: 512 bytes
[MESSAGE] From peer 1: 512 bytes
[MESSAGE] From peer 1: 512 bytes
[MESSAGE] From peer 1: 512 bytes
[MESSAGE] From peer 1: 512 bytes
[MESSAGE] From peer 1: 512 bytes
[MESSAGE] From peer 1: 512 bytes
[MESSAGE] From peer 1: 512 bytes
[MESSAGE] From peer 1: 512 bytes
[MESSAGE] From peer 1: 512 bytes
[MESSAGE] From peer 1: 512 bytes
[MESSAGE] From peer 1: 512 bytes
[MESSAGE] From peer 1: 512 bytes
[MESSAGE] From peer 1: 512 bytes
[MESSAGE] From peer 1: 512 bytes
[MESSAGE] From peer 1: 512 bytes
[MESSAGE] From peer 1: 512 bytes
[MESSAGE] From peer 1: 512 bytes
[MESSAGE] From peer 1: 512 bytes
[MESSAGE] From peer 1: 512 bytes
[MESSAGE] From peer 1: 512 bytes
[MESSAGE] From peer 1: 512 bytes
[ECHO] 17700 messages echoed
[MESSAGE] From peer 1: 512 bytes
[MESSAGE] From peer 1: 512 bytes
[MESSAGE] From peer 1: 512 bytes
[MESSAGE] From peer 1: 512 bytes
[MESSAGE] From peer 1: 512 bytes
[MESSAGE] From peer 1: 512 bytes
[MESSAGE] From peer 1: 512 bytes
[MESSAGE] From peer 1: 512 bytes
[MESSAGE] From peer 1: 512 bytes
[MESSAGE] From peer 1: 512 bytes
[MESSAGE] From peer 1: 512 bytes
[MESSAGE] From peer 1: 512 bytes
[MESSAGE] From peer 1: 512 bytes
[MESSAGE] From peer 1: 512 bytes
[MESSAGE] From peer 1: 512 bytes
[MESSAGE] From peer 1: 512 bytes
[MESSAGE] From peer 1: 512 bytes
[MESSAGE] From peer 1: 512 bytes
[MESSAGE] From peer 1: 512 bytes
[MESSAGE] From peer 1: 512 bytes
[MESSAGE] From peer 1: 512 bytes
[MESSAGE] From peer 1: 512 bytes
[MESSAGE] From peer 1: 512 bytes
[MESSAGE] From peer 1: 512 bytes
[MESSAGE] From peer 1: 512 bytes
[MESSAGE] From peer 1: 512 bytes
[MESSAGE] From peer 1: 512 bytes
[MESSAGE] From peer 1: 512 bytes
[MESSAGE] From peer 1: 512 bytes
[MESSAGE] From peer 1: 512 bytes
[MESSAGE] From peer 1: 512 bytes
[MESSAGE] From peer 1: 512 bytes
[MESSAGE] From peer 1: 512 bytes
[MESSAGE] From peer 1: 512 bytes
[MESSAGE] From peer 1: 512 bytes
[MESSAGE] From peer 1: 512 bytes
[MESSAGE] From peer 1: 512 bytes
[MESSAGE] From peer 1: 512 bytes
[MESSAGE] From peer 1: 512 bytes
[MESSAGE] From peer 1: 512 bytes
[MESSAGE] From peer 1: 512 bytes
[MESSAGE] From peer 1: 512 bytes
[MESSAGE] From peer 1: 512 bytes
[MESSAGE] From peer 1: 512 bytes
[MESSAGE] From peer 1: 512 bytes
[MESSAGE] From peer 1: 512 bytes
[MESSAGE] From peer 1: 512 bytes
[MESSAGE] From peer 1: 512 bytes
[MESSAGE] From peer 1: 512 bytes
[MESSAGE] From peer 1: 512 bytes
[MESSAGE] From peer 1: 512 bytes
[MESSAGE] From peer 1: 512 bytes
[MESSAGE] From peer 1: 512 bytes
[MESSAGE] From peer 1: 512 bytes
[MESSAGE] From peer 1: 512 bytes
[MESSAGE] From peer 1: 512 bytes
[MESSAGE] From peer 1: 512 bytes
[MESSAGE] From peer 1: 512 bytes
[MESSAGE] From peer 1: 512 bytes
[MESSAGE] From peer 1: 512 bytes
[MESSAGE] From peer 1: 512 bytes
[MESSAGE] From peer 1: 512 bytes
[MESSAGE] From peer 1: 512 bytes
[MESSAGE] From peer 1: 512 bytes
[MESSAGE] From peer 1: 512 bytes
[MESSAGE] From peer 1: 512 bytes
[MESSAGE] From peer 1: 512 bytes
[MESSAGE] From peer 1: 512 bytes
[MESSAGE] From peer 1: 512 bytes
[MESSAGE] From peer 1: 512 bytes
[MESSAGE] From peer 1: 512 bytes
[MESSAGE] From peer 1: 512 bytes
[MESSAGE] From peer 1: 512 bytes
[MESSAGE] From peer 1: 512 bytes
[MESSAGE] From peer 1: 512 bytes
[MESSAGE] From peer 1: 512 bytes
[MESSAGE] From peer 1: 512 bytes
[MESSAGE] From peer 1: 512 bytes
[MESSAGE] From peer 1: 512 bytes
[MESSAGE] From peer 1: 512 bytes
[MESSAGE] From peer 1: 512 bytes
[MESSAGE] From peer 1: 512 bytes
[MESSAGE] From peer 1: 512 bytes
[MESSAGE] From peer 1: 512 bytes
[MESSAGE] From peer 1: 512 bytes
[MESSAGE] From peer 1: 512 bytes
[MESSAGE] From peer 1: 512 bytes
[MESSAGE] From peer 1: 512 bytes
[MESSAGE] From peer 1: 512 bytes
[MESSAGE] From peer 1: 512 bytes
[MESSAGE] From peer 1: 512 bytes
[MESSAGE] From peer 1: 512 bytes
[MESSAGE] From peer 1: 512 bytes
[MESSAGE] From peer 1: 512 bytes
[MESSAGE] From peer 1: 512 bytes
[MESSAGE] From peer 1: 512 bytes
[MESSAGE] From peer 1: 512 bytes
[MESSAGE] From peer 1: 512 bytes
[MESSAGE] From peer 1: 512 bytes
[MESSAGE] From peer 1: 512 bytes
[ECHO] 17800 messages echoed
[MESSAGE] From peer 1: 512 bytes
[MESSAGE] From peer 1: 512 bytes
[MESSAGE] From peer 1: 512 bytes
[MESSAGE] From peer 1: 512 bytes
[MESSAGE] From peer 1: 512 bytes
[MESSAGE] From peer 1: 512 bytes
[MESSAGE] From peer 1: 512 bytes
[MESSAGE] From peer 1: 512 bytes
[MESSAGE] From peer 1: 512 bytes
[MESSAGE] From peer 1: 512 bytes
[MESSAGE] From peer 1: 512 bytes
[MESSAGE] From peer 1: 512 bytes
[MESSAGE] From peer 1: 512 bytes
[MESSAGE] From peer 1: 512 bytes
[MESSAGE] From peer 1: 512 bytes
[MESSAGE] From peer 1: 512 bytes
[MESSAGE] From peer 1: 512 bytes
[MESSAGE] From peer 1: 512 bytes
[MESSAGE] From peer 1: 512 bytes
[MESSAGE] From peer 1: 512 bytes
[MESSAGE] From peer 1: 512 bytes
[MESSAGE] From peer 1: 512 bytes
[MESSAGE] From peer 1: 512 bytes
[MESSAGE] From peer 1: 512 bytes
[MESSAGE] From peer 1: 512 bytes
[MESSAGE] From peer 1: 512 bytes
[MESSAGE] From peer 1: 512 bytes
[MESSAGE] From peer 1: 512 bytes
[MESSAGE] From peer 1: 512 bytes
[MESSAGE] From peer 1: 512 bytes
[MESSAGE] From peer 1: 512 bytes
[MESSAGE] From peer 1: 512 bytes
[MESSAGE] From peer 1: 512 bytes
[MESSAGE] From peer 1: 512 bytes
[MESSAGE] From peer 1: 512 bytes
[MESSAGE] From peer 1: 512 bytes
[MESSAGE] From peer 1: 512 bytes
[MESSAGE] From peer 1: 512 bytes
[MESSAGE] From peer 1: 512 bytes
[MESSAGE] From peer 1: 512 bytes
[MESSAGE] From peer 1: 512 bytes
[MESSAGE] From peer 1: 512 bytes
[MESSAGE] From peer 1: 512 bytes
[MESSAGE] From peer 1: 512 bytes
[MESSAGE] From peer 1: 512 bytes
[MESSAGE] From peer 1: 512 bytes
[MESSAGE] From peer 1: 512 bytes
[MESSAGE] From peer 1: 512 bytes
[MESSAGE] From peer 1: 512 bytes
[MESSAGE] From peer 1: 512 bytes
[MESSAGE] From peer 1: 512 bytes
[MESSAGE] From peer 1: 512 bytes
[MESSAGE] From peer 1: 512 bytes
[MESSAGE] From peer 1: 512 bytes
[MESSAGE] From peer 1: 512 bytes
[MESSAGE] From peer 1: 512 bytes
[MESSAGE] From peer 1: 512 bytes
[MESSAGE] From peer 1: 512 bytes
[MESSAGE] From peer 1: 512 bytes
[MESSAGE] From peer 1: 512 bytes
[MESSAGE] From peer 1: 512 bytes
[MESSAGE] From peer 1: 512 bytes
[MESSAGE] From peer 1: 512 bytes
[MESSAGE] From peer 1: 512 bytes
[MESSAGE] From peer 1: 512 bytes
[MESSAGE] From peer 1: 512 bytes
[MESSAGE] From peer 1: 512 bytes
[MESSAGE] From peer 1: 512 bytes
[MESSAGE] From peer 1: 512 bytes
[MESSAGE] From peer 1: 512 bytes
[MESSAGE] From peer 1: 512 bytes
[MESSAGE] From peer 1: 512 bytes
[MESSAGE] From peer 1: 512 bytes
[MESSAGE] From peer 1: 512 bytes
[MESSAGE] From peer 1: 512 bytes
[MESSAGE] From peer 1: 512 bytes
[MESSAGE] From peer 1: 512 bytes
[MESSAGE] From peer 1: 512 bytes
[MESSAGE] From peer 1: 512 bytes
[MESSAGE] From peer 1: 512 bytes
[MESSAGE] From peer 1: 512 bytes
[MESSAGE] From peer 1: 512 bytes
[MESSAGE] From peer 1: 512 bytes
[MESSAGE] From peer 1: 512 bytes
[MESSAGE] From peer 1: 512 bytes
[MESSAGE] From peer 1: 512 bytes
[STATUS] 3650 sec: peers=23, msgs=17896, connected=yes
[MESSAGE] From peer 1: 512 bytes
[MESSAGE] From peer 1: 512 bytes
[MESSAGE] From peer 1: 512 bytes
[MESSAGE] From peer 1: 512 bytes
[MESSAGE] From peer 1: 512 bytes
[MESSAGE] From peer 1: 512 bytes
[MESSAGE] From peer 1: 512 bytes
[MESSAGE] From peer 1: 512 bytes
[MESSAGE] From peer 1: 512 bytes
[MESSAGE] From peer 1: 512 bytes
[MESSAGE] From peer 1: 512 bytes
[MESSAGE] From peer 1: 512 bytes
[MESSAGE] From peer 1: 512 bytes
[MESSAGE] From peer 1: 512 bytes
[ECHO] 17900 messages echoed
[MESSAGE] From peer 1: 512 bytes
[MESSAGE] From peer 1: 512 bytes
[MESSAGE] From peer 1: 512 bytes
[MESSAGE] From peer 1: 512 bytes
[MESSAGE] From peer 1: 512 bytes
[MESSAGE] From peer 1: 512 bytes
[MESSAGE] From peer 1: 512 bytes
[MESSAGE] From peer 1: 512 bytes
[MESSAGE] From peer 1: 512 bytes
[MESSAGE] From peer 1: 512 bytes
[MESSAGE] From peer 1: 512 bytes
[MESSAGE] From peer 1: 512 bytes
[MESSAGE] From peer 1: 512 bytes
[MESSAGE] From peer 1: 512 bytes
[MESSAGE] From peer 1: 512 bytes
[MESSAGE] From peer 1: 512 bytes
[MESSAGE] From peer 1: 512 bytes
[MESSAGE] From peer 1: 512 bytes
[MESSAGE] From peer 1: 512 bytes
[MESSAGE] From peer 1: 512 bytes
[MESSAGE] From peer 1: 512 bytes
[MESSAGE] From peer 1: 512 bytes
[MESSAGE] From peer 1: 512 bytes
[MESSAGE] From peer 1: 512 bytes
[MESSAGE] From peer 1: 512 bytes
[MESSAGE] From peer 1: 512 bytes
[MESSAGE] From peer 1: 512 bytes
[MESSAGE] From peer 1: 512 bytes
[MESSAGE] From peer 1: 512 bytes
[MESSAGE] From peer 1: 512 bytes
[MESSAGE] From peer 1: 512 bytes
[MESSAGE] From peer 1: 512 bytes
[MESSAGE] From peer 1: 512 bytes
[MESSAGE] From peer 1: 512 bytes
[MESSAGE] From peer 1: 512 bytes
[MESSAGE] From peer 1: 512 bytes
[MESSAGE] From peer 1: 512 bytes
[MESSAGE] From peer 1: 512 bytes
[MESSAGE] From peer 1: 512 bytes
[MESSAGE] From peer 1: 512 bytes
[MESSAGE] From peer 1: 512 bytes
[MESSAGE] From peer 1: 512 bytes
[MESSAGE] From peer 1: 512 bytes
[MESSAGE] From peer 1: 512 bytes
[MESSAGE] From peer 1: 512 bytes
[MESSAGE] From peer 1: 512 bytes
[MESSAGE] From peer 1: 512 bytes
[MESSAGE] From peer 1: 512 bytes
[MESSAGE] From peer 1: 512 bytes
[MESSAGE] From peer 1: 512 bytes
[MESSAGE] From peer 1: 512 bytes
[MESSAGE] From peer 1: 512 bytes
[MESSAGE] From peer 1: 512 bytes
[MESSAGE] From peer 1: 512 bytes
[MESSAGE] From peer 1: 512 bytes
[MESSAGE] From peer 1: 512 bytes
[MESSAGE] From peer 1: 512 bytes
[MESSAGE] From peer 1: 512 bytes
[MESSAGE] From peer 1: 512 bytes
[MESSAGE] From peer 1: 512 bytes
[MESSAGE] From peer 1: 512 bytes
[MESSAGE] From peer 1: 512 bytes
[MESSAGE] From peer 1: 512 bytes
[MESSAGE] From peer 1: 512 bytes
[MESSAGE] From peer 1: 512 bytes
[MESSAGE] From peer 1: 512 bytes
[MESSAGE] From peer 1: 512 bytes
[MESSAGE] From peer 1: 512 bytes
[MESSAGE] From peer 1: 512 bytes
[MESSAGE] From peer 1: 512 bytes
[MESSAGE] From peer 1: 512 bytes
[MESSAGE] From peer 1: 512 bytes
[MESSAGE] From peer 1: 512 bytes
[MESSAGE] From peer 1: 512 bytes
[MESSAGE] From peer 1: 512 bytes
[MESSAGE] From peer 1: 512 bytes
[MESSAGE] From peer 1: 512 bytes
[MESSAGE] From peer 1: 512 bytes
[MESSAGE] From peer 1: 512 bytes
[MESSAGE] From peer 1: 512 bytes
[MESSAGE] From peer 1: 512 bytes
[MESSAGE] From peer 1: 512 bytes
[MESSAGE] From peer 1: 512 bytes
[MESSAGE] From peer 1: 512 bytes
[MESSAGE] From peer 1: 512 bytes
[MESSAGE] From peer 1: 512 bytes
[MESSAGE] From peer 1: 512 bytes
[MESSAGE] From peer 1: 512 bytes
[MESSAGE] From peer 1: 512 bytes
[MESSAGE] From peer 1: 512 bytes
[MESSAGE] From peer 1: 512 bytes
[MESSAGE] From peer 1: 512 bytes
[MESSAGE] From peer 1: 512 bytes
[MESSAGE] From peer 1: 512 bytes
[MESSAGE] From peer 1: 512 bytes
[MESSAGE] From peer 1: 512 bytes
[MESSAGE] From peer 1: 512 bytes
[MESSAGE] From peer 1: 512 bytes
[MESSAGE] From peer 1: 512 bytes
[MESSAGE] From peer 1: 512 bytes
[ECHO] 18000 messages echoed
[MESSAGE] From peer 1: 512 bytes
[MESSAGE] From peer 1: 512 bytes
[MESSAGE] From peer 1: 512 bytes
[MESSAGE] From peer 1: 512 bytes
[MESSAGE] From peer 1: 512 bytes
[MESSAGE] From peer 1: 512 bytes
[MESSAGE] From peer 1: 512 bytes
[MESSAGE] From peer 1: 512 bytes
[MESSAGE] From peer 1: 512 bytes
[MESSAGE] From peer 1: 512 bytes
[MESSAGE] From peer 1: 512 bytes
[MESSAGE] From peer 1: 512 bytes
[MESSAGE] From peer 1: 512 bytes
[MESSAGE] From peer 1: 512 bytes
[MESSAGE] From peer 1: 512 bytes
[MESSAGE] From peer 1: 512 bytes
[MESSAGE] From peer 1: 512 bytes
[MESSAGE] From peer 1: 512 bytes
[MESSAGE] From peer 1: 512 bytes
[MESSAGE] From peer 1: 512 bytes
[MESSAGE] From peer 1: 512 bytes
[MESSAGE] From peer 1: 512 bytes
[MESSAGE] From peer 1: 512 bytes
[MESSAGE] From peer 1: 512 bytes
[MESSAGE] From peer 1: 512 bytes
[MESSAGE] From peer 1: 512 bytes
[MESSAGE] From peer 1: 512 bytes
[MESSAGE] From peer 1: 512 bytes
[MESSAGE] From peer 1: 512 bytes
[MESSAGE] From peer 1: 512 bytes
[MESSAGE] From peer 1: 512 bytes
[MESSAGE] From peer 1: 512 bytes
[MESSAGE] From peer 1: 512 bytes
[MESSAGE] From peer 1: 512 bytes
[MESSAGE] From peer 1: 512 bytes
[MESSAGE] From peer 1: 512 bytes
[MESSAGE] From peer 1: 512 bytes
[MESSAGE] From peer 1: 512 bytes
[MESSAGE] From peer 1: 512 bytes
[MESSAGE] From peer 1: 512 bytes
[MESSAGE] From peer 1: 512 bytes
[MESSAGE] From peer 1: 512 bytes
[MESSAGE] From peer 1: 512 bytes
[MESSAGE] From peer 1: 512 bytes
[MESSAGE] From peer 1: 512 bytes
[MESSAGE] From peer 1: 512 bytes
[MESSAGE] From peer 1: 512 bytes
[MESSAGE] From peer 1: 512 bytes
[MESSAGE] From peer 1: 512 bytes
[MESSAGE] From peer 1: 512 bytes
[MESSAGE] From peer 1: 512 bytes
[MESSAGE] From peer 1: 512 bytes
[MESSAGE] From peer 1: 512 bytes
[MESSAGE] From peer 1: 512 bytes
[MESSAGE] From peer 1: 512 bytes
[MESSAGE] From peer 1: 512 bytes
[MESSAGE] From peer 1: 512 bytes
[MESSAGE] From peer 1: 512 bytes
[MESSAGE] From peer 1: 512 bytes
[MESSAGE] From peer 1: 512 bytes
[MESSAGE] From peer 1: 512 bytes
[MESSAGE] From peer 1: 512 bytes
[MESSAGE] From peer 1: 512 bytes
[MESSAGE] From peer 1: 512 bytes
[MESSAGE] From peer 1: 512 bytes
[MESSAGE] From peer 1: 512 bytes
[MESSAGE] From peer 1: 512 bytes
[MESSAGE] From peer 1: 512 bytes
[MESSAGE] From peer 1: 512 bytes
[MESSAGE] From peer 1: 512 bytes
[MESSAGE] From peer 1: 512 bytes
[MESSAGE] From peer 1: 512 bytes
[MESSAGE] From peer 1: 512 bytes
[MESSAGE] From peer 1: 512 bytes
[MESSAGE] From peer 1: 512 bytes
[MESSAGE] From peer 1: 512 bytes
[MESSAGE] From peer 1: 512 bytes
[MESSAGE] From peer 1: 512 bytes
[MESSAGE] From peer 1: 512 bytes
[MESSAGE] From peer 1: 512 bytes
[MESSAGE] From peer 1: 512 bytes
[MESSAGE] From peer 1: 512 bytes
[MESSAGE] From peer 1: 512 bytes
[MESSAGE] From peer 1: 512 bytes
[MESSAGE] From peer 1: 512 bytes
[MESSAGE] From peer 1: 512 bytes
[MESSAGE] From peer 1: 512 bytes
[MESSAGE] From peer 1: 512 bytes
[MESSAGE] From peer 1: 512 bytes
[MESSAGE] From peer 1: 512 bytes
[MESSAGE] From peer 1: 512 bytes
[MESSAGE] From peer 1: 512 bytes
[MESSAGE] From peer 1: 512 bytes
[MESSAGE] From peer 1: 512 bytes
[MESSAGE] From peer 1: 512 bytes
[MESSAGE] From peer 1: 512 bytes
[MESSAGE] From peer 1: 512 bytes
[MESSAGE] From peer 1: 512 bytes
[MESSAGE] From peer 1: 512 bytes
[MESSAGE] From peer 1: 512 bytes
[ECHO] 18100 messages echoed
[MESSAGE] From peer 1: 512 bytes
[MESSAGE] From peer 1: 512 bytes
[MESSAGE] From peer 1: 512 bytes
[MESSAGE] From peer 1: 512 bytes
[MESSAGE] From peer 1: 512 bytes
[MESSAGE] From peer 1: 512 bytes
[MESSAGE] From peer 1: 512 bytes
[MESSAGE] From peer 1: 512 bytes
[MESSAGE] From peer 1: 512 bytes
[MESSAGE] From peer 1: 512 bytes
[MESSAGE] From peer 1: 512 bytes
[MESSAGE] From peer 1: 512 bytes
[MESSAGE] From peer 1: 512 bytes
[MESSAGE] From peer 1: 512 bytes
[MESSAGE] From peer 1: 512 bytes
[MESSAGE] From peer 1: 512 bytes
[MESSAGE] From peer 1: 512 bytes
[MESSAGE] From peer 1: 512 bytes
[MESSAGE] From peer 1: 512 bytes
[MESSAGE] From peer 1: 512 bytes
[MESSAGE] From peer 1: 512 bytes
[MESSAGE] From peer 1: 512 bytes
[MESSAGE] From peer 1: 512 bytes
[MESSAGE] From peer 1: 512 bytes
[MESSAGE] From peer 1: 512 bytes
[MESSAGE] From peer 1: 512 bytes
[MESSAGE] From peer 1: 512 bytes
[MESSAGE] From peer 1: 512 bytes
[MESSAGE] From peer 1: 512 bytes
[MESSAGE] From peer 1: 512 bytes
[MESSAGE] From peer 1: 512 bytes
[MESSAGE] From peer 1: 512 bytes
[MESSAGE] From peer 1: 512 bytes
[MESSAGE] From peer 1: 512 bytes
[MESSAGE] From peer 1: 512 bytes
[MESSAGE] From peer 1: 512 bytes
[MESSAGE] From peer 1: 512 bytes
[MESSAGE] From peer 1: 512 bytes
[MESSAGE] From peer 1: 512 bytes
[MESSAGE] From peer 1: 512 bytes
[MESSAGE] From peer 1: 512 bytes
[MESSAGE] From peer 1: 512 bytes
[MESSAGE] From peer 1: 512 bytes
[MESSAGE] From peer 1: 512 bytes
[MESSAGE] From peer 1: 512 bytes
[MESSAGE] From peer 1: 512 bytes
[MESSAGE] From peer 1: 512 bytes
[MESSAGE] From peer 1: 512 bytes
[MESSAGE] From peer 1: 512 bytes
[MESSAGE] From peer 1: 512 bytes
[MESSAGE] From peer 1: 512 bytes
[MESSAGE] From peer 1: 512 bytes
[MESSAGE] From peer 1: 512 bytes
[MESSAGE] From peer 1: 512 bytes
[MESSAGE] From peer 1: 512 bytes
[MESSAGE] From peer 1: 512 bytes
[MESSAGE] From peer 1: 512 bytes
[MESSAGE] From peer 1: 512 bytes
[MESSAGE] From peer 1: 512 bytes
[MESSAGE] From peer 1: 512 bytes
[MESSAGE] From peer 1: 512 bytes
[MESSAGE] From peer 1: 512 bytes
[MESSAGE] From peer 1: 512 bytes
[MESSAGE] From peer 1: 512 bytes
[MESSAGE] From peer 1: 512 bytes
[MESSAGE] From peer 1: 512 bytes
[MESSAGE] From peer 1: 512 bytes
[MESSAGE] From peer 1: 512 bytes
[MESSAGE] From peer 1: 512 bytes
[MESSAGE] From peer 1: 512 bytes
[MESSAGE] From peer 1: 512 bytes
[MESSAGE] From peer 1: 512 bytes
[MESSAGE] From peer 1: 512 bytes
[MESSAGE] From peer 1: 512 bytes
[MESSAGE] From peer 1: 512 bytes
[MESSAGE] From peer 1: 512 bytes
[MESSAGE] From peer 1: 512 bytes
[MESSAGE] From peer 1: 512 bytes
[MESSAGE] From peer 1: 512 bytes
[MESSAGE] From peer 1: 512 bytes
[MESSAGE] From peer 1: 512 bytes
[MESSAGE] From peer 1: 512 bytes
[MESSAGE] From peer 1: 512 bytes
[MESSAGE] From peer 1: 512 bytes
[MESSAGE] From peer 1: 512 bytes
[MESSAGE] From peer 1: 512 bytes
[MESSAGE] From peer 1: 512 bytes
[MESSAGE] From peer 1: 512 bytes
[MESSAGE] From peer 1: 512 bytes
[MESSAGE] From peer 1: 512 bytes
[MESSAGE] From peer 1: 512 bytes
[MESSAGE] From peer 1: 512 bytes
[MESSAGE] From peer 1: 512 bytes
[MESSAGE] From peer 1: 512 bytes
[MESSAGE] From peer 1: 512 bytes
[MESSAGE] From peer 1: 512 bytes
[MESSAGE] From peer 1: 512 bytes
[MESSAGE] From peer 1: 512 bytes
[MESSAGE] From peer 1: 512 bytes
[MESSAGE] From peer 1: 512 bytes
[ECHO] 18200 messages echoed
[MESSAGE] From peer 1: 512 bytes
[MESSAGE] From peer 1: 512 bytes
[MESSAGE] From peer 1: 512 bytes
[MESSAGE] From peer 1: 512 bytes
[MESSAGE] From peer 1: 512 bytes
[MESSAGE] From peer 1: 512 bytes
[MESSAGE] From peer 1: 512 bytes
[MESSAGE] From peer 1: 512 bytes
[MESSAGE] From peer 1: 512 bytes
[MESSAGE] From peer 1: 512 bytes
[MESSAGE] From peer 1: 512 bytes
[MESSAGE] From peer 1: 512 bytes
[MESSAGE] From peer 1: 512 bytes
[MESSAGE] From peer 1: 512 bytes
[MESSAGE] From peer 1: 512 bytes
[MESSAGE] From peer 1: 512 bytes
[MESSAGE] From peer 1: 512 bytes
[MESSAGE] From peer 1: 512 bytes
[MESSAGE] From peer 1: 512 bytes
[MESSAGE] From peer 1: 512 bytes
[MESSAGE] From peer 1: 512 bytes
[MESSAGE] From peer 1: 512 bytes
[MESSAGE] From peer 1: 512 bytes
[MESSAGE] From peer 1: 512 bytes
[MESSAGE] From peer 1: 512 bytes
[MESSAGE] From peer 1: 512 bytes
[MESSAGE] From peer 1: 512 bytes
[MESSAGE] From peer 1: 512 bytes
[MESSAGE] From peer 1: 512 bytes
[MESSAGE] From peer 1: 512 bytes
[MESSAGE] From peer 1: 512 bytes
[MESSAGE] From peer 1: 512 bytes
[MESSAGE] From peer 1: 512 bytes
[MESSAGE] From peer 1: 512 bytes
[MESSAGE] From peer 1: 512 bytes
[MESSAGE] From peer 1: 512 bytes
[MESSAGE] From peer 1: 512 bytes
[MESSAGE] From peer 1: 512 bytes
[MESSAGE] From peer 1: 512 bytes
[MESSAGE] From peer 1: 512 bytes
[MESSAGE] From peer 1: 512 bytes
[MESSAGE] From peer 1: 512 bytes
[MESSAGE] From peer 1: 512 bytes
[MESSAGE] From peer 1: 512 bytes
[MESSAGE] From peer 1: 512 bytes
[MESSAGE] From peer 1: 512 bytes
[MESSAGE] From peer 1: 512 bytes
[MESSAGE] From peer 1: 512 bytes
[MESSAGE] From peer 1: 512 bytes
[MESSAGE] From peer 1: 512 bytes
[MESSAGE] From peer 1: 512 bytes
[MESSAGE] From peer 1: 512 bytes
[MESSAGE] From peer 1: 512 bytes
[MESSAGE] From peer 1: 512 bytes
[MESSAGE] From peer 1: 512 bytes
[MESSAGE] From peer 1: 512 bytes
[MESSAGE] From peer 1: 512 bytes
[MESSAGE] From peer 1: 512 bytes
[MESSAGE] From peer 1: 512 bytes
[MESSAGE] From peer 1: 512 bytes
[MESSAGE] From peer 1: 512 bytes
[MESSAGE] From peer 1: 512 bytes
[MESSAGE] From peer 1: 512 bytes
[MESSAGE] From peer 1: 512 bytes
[MESSAGE] From peer 1: 512 bytes
[MESSAGE] From peer 1: 512 bytes
[MESSAGE] From peer 1: 512 bytes
[MESSAGE] From peer 1: 512 bytes
[MESSAGE] From peer 1: 512 bytes
[MESSAGE] From peer 1: 512 bytes
[MESSAGE] From peer 1: 512 bytes
[MESSAGE] From peer 1: 512 bytes
[MESSAGE] From peer 1: 512 bytes
[MESSAGE] From peer 1: 512 bytes
[MESSAGE] From peer 1: 512 bytes
[MESSAGE] From peer 1: 512 bytes
[MESSAGE] From peer 1: 512 bytes
[MESSAGE] From peer 1: 512 bytes
[MESSAGE] From peer 1: 512 bytes
[MESSAGE] From peer 1: 512 bytes
[MESSAGE] From peer 1: 512 bytes
[MESSAGE] From peer 1: 512 bytes
[MESSAGE] From peer 1: 512 bytes
[MESSAGE] From peer 1: 512 bytes
[MESSAGE] From peer 1: 512 bytes
[MESSAGE] From peer 1: 512 bytes
[MESSAGE] From peer 1: 512 bytes
[MESSAGE] From peer 1: 512 bytes
[DISCOVERED] Peer 2: "MacThroughput" at 10.188.1.213:7354
[MESSAGE] From peer 1: 512 bytes
[MESSAGE] From peer 1: 512 bytes
[MESSAGE] From peer 1: 512 bytes
[MESSAGE] From peer 1: 512 bytes
[MESSAGE] From peer 1: 512 bytes
[MESSAGE] From peer 1: 512 bytes
[MESSAGE] From peer 1: 512 bytes
[MESSAGE] From peer 1: 512 bytes
[MESSAGE] From peer 1: 512 bytes
[MESSAGE] From peer 1: 512 bytes
[MESSAGE] From peer 1: 512 bytes
[MESSAGE] From peer 1: 512 bytes
[ECHO] 18300 messages echoed
[MESSAGE] From peer 1: 512 bytes
[MESSAGE] From peer 1: 512 bytes
[MESSAGE] From peer 1: 512 bytes
[MESSAGE] From peer 1: 512 bytes
[MESSAGE] From peer 1: 512 bytes
[MESSAGE] From peer 1: 512 bytes
[MESSAGE] From peer 1: 512 bytes
[MESSAGE] From peer 1: 512 bytes
[MESSAGE] From peer 1: 512 bytes
[MESSAGE] From peer 1: 512 bytes
[MESSAGE] From peer 1: 512 bytes
[MESSAGE] From peer 1: 512 bytes
[MESSAGE] From peer 1: 512 bytes
[MESSAGE] From peer 1: 512 bytes
[MESSAGE] From peer 1: 512 bytes
[MESSAGE] From peer 1: 512 bytes
[MESSAGE] From peer 1: 512 bytes
[MESSAGE] From peer 1: 512 bytes
[MESSAGE] From peer 1: 512 bytes
[MESSAGE] From peer 1: 512 bytes
[MESSAGE] From peer 1: 512 bytes
[MESSAGE] From peer 1: 512 bytes
[MESSAGE] From peer 1: 512 bytes
[MESSAGE] From peer 1: 512 bytes
[MESSAGE] From peer 1: 512 bytes
[MESSAGE] From peer 1: 512 bytes
[MESSAGE] From peer 1: 512 bytes
[MESSAGE] From peer 1: 512 bytes
[MESSAGE] From peer 1: 512 bytes
[MESSAGE] From peer 1: 512 bytes
[MESSAGE] From peer 1: 512 bytes
[MESSAGE] From peer 1: 512 bytes
[MESSAGE] From peer 1: 512 bytes
[MESSAGE] From peer 1: 512 bytes
[MESSAGE] From peer 1: 512 bytes
[MESSAGE] From peer 1: 512 bytes
[MESSAGE] From peer 1: 512 bytes
[MESSAGE] From peer 1: 512 bytes
[MESSAGE] From peer 1: 512 bytes
[MESSAGE] From peer 1: 512 bytes
[MESSAGE] From peer 1: 512 bytes
[MESSAGE] From peer 1: 512 bytes
[MESSAGE] From peer 1: 512 bytes
[MESSAGE] From peer 1: 512 bytes
[MESSAGE] From peer 1: 512 bytes
[MESSAGE] From peer 1: 512 bytes
[MESSAGE] From peer 1: 512 bytes
[MESSAGE] From peer 1: 512 bytes
[MESSAGE] From peer 1: 512 bytes
[MESSAGE] From peer 1: 512 bytes
[MESSAGE] From peer 1: 512 bytes
[MESSAGE] From peer 1: 512 bytes
[MESSAGE] From peer 1: 512 bytes
[MESSAGE] From peer 1: 512 bytes
[MESSAGE] From peer 1: 512 bytes
[MESSAGE] From peer 1: 512 bytes
[MESSAGE] From peer 1: 512 bytes
[MESSAGE] From peer 1: 512 bytes
[MESSAGE] From peer 1: 512 bytes
[MESSAGE] From peer 1: 512 bytes
[MESSAGE] From peer 1: 512 bytes
[MESSAGE] From peer 1: 512 bytes
[MESSAGE] From peer 1: 512 bytes
[MESSAGE] From peer 1: 512 bytes
[MESSAGE] From peer 1: 512 bytes
[MESSAGE] From peer 1: 512 bytes
[MESSAGE] From peer 1: 512 bytes
[MESSAGE] From peer 1: 512 bytes
[MESSAGE] From peer 1: 512 bytes
[MESSAGE] From peer 1: 512 bytes
[MESSAGE] From peer 1: 512 bytes
[MESSAGE] From peer 1: 512 bytes
[MESSAGE] From peer 1: 512 bytes
[MESSAGE] From peer 1: 512 bytes
[MESSAGE] From peer 1: 512 bytes
[MESSAGE] From peer 1: 512 bytes
[MESSAGE] From peer 1: 512 bytes
[MESSAGE] From peer 1: 512 bytes
[MESSAGE] From peer 1: 512 bytes
[MESSAGE] From peer 1: 512 bytes
[MESSAGE] From peer 1: 512 bytes
[MESSAGE] From peer 1: 512 bytes
[MESSAGE] From peer 1: 512 bytes
[MESSAGE] From peer 1: 512 bytes
[MESSAGE] From peer 1: 512 bytes
[MESSAGE] From peer 1: 512 bytes
[MESSAGE] From peer 1: 512 bytes
[MESSAGE] From peer 1: 512 bytes
[MESSAGE] From peer 1: 512 bytes
[MESSAGE] From peer 1: 512 bytes
[MESSAGE] From peer 1: 512 bytes
[MESSAGE] From peer 1: 512 bytes
[MESSAGE] From peer 1: 512 bytes
[MESSAGE] From peer 1: 512 bytes
[MESSAGE] From peer 1: 512 bytes
[MESSAGE] From peer 1: 512 bytes
[MESSAGE] From peer 1: 512 bytes
[MESSAGE] From peer 1: 512 bytes
[MESSAGE] From peer 1: 512 bytes
[MESSAGE] From peer 1: 512 bytes
[ECHO] 18400 messages echoed
[MESSAGE] From peer 1: 512 bytes
[MESSAGE] From peer 1: 512 bytes
[MESSAGE] From peer 1: 512 bytes
[MESSAGE] From peer 1: 512 bytes
[MESSAGE] From peer 1: 512 bytes
[MESSAGE] From peer 1: 512 bytes
[MESSAGE] From peer 1: 512 bytes
[MESSAGE] From peer 1: 512 bytes
[MESSAGE] From peer 1: 512 bytes
[MESSAGE] From peer 1: 512 bytes
[MESSAGE] From peer 1: 512 bytes
[MESSAGE] From peer 1: 512 bytes
[MESSAGE] From peer 1: 512 bytes
[MESSAGE] From peer 1: 512 bytes
[MESSAGE] From peer 1: 512 bytes
[MESSAGE] From peer 1: 512 bytes
[MESSAGE] From peer 1: 512 bytes
[MESSAGE] From peer 1: 512 bytes
[MESSAGE] From peer 1: 512 bytes
[MESSAGE] From peer 1: 512 bytes
[MESSAGE] From peer 1: 512 bytes
[MESSAGE] From peer 1: 512 bytes
[MESSAGE] From peer 1: 512 bytes
[MESSAGE] From peer 1: 512 bytes
[MESSAGE] From peer 1: 512 bytes
[MESSAGE] From peer 1: 512 bytes
[MESSAGE] From peer 1: 512 bytes
[MESSAGE] From peer 1: 512 bytes
[MESSAGE] From peer 1: 512 bytes
[MESSAGE] From peer 1: 512 bytes
[MESSAGE] From peer 1: 512 bytes
[MESSAGE] From peer 1: 512 bytes
[MESSAGE] From peer 1: 512 bytes
[MESSAGE] From peer 1: 512 bytes
[MESSAGE] From peer 1: 512 bytes
[MESSAGE] From peer 1: 512 bytes
[MESSAGE] From peer 1: 512 bytes
[MESSAGE] From peer 1: 512 bytes
[MESSAGE] From peer 1: 512 bytes
[MESSAGE] From peer 1: 512 bytes
[MESSAGE] From peer 1: 512 bytes
[MESSAGE] From peer 1: 512 bytes
[MESSAGE] From peer 1: 512 bytes
[MESSAGE] From peer 1: 512 bytes
[MESSAGE] From peer 1: 512 bytes
[MESSAGE] From peer 1: 512 bytes
[MESSAGE] From peer 1: 512 bytes
[MESSAGE] From peer 1: 512 bytes
[MESSAGE] From peer 1: 512 bytes
[MESSAGE] From peer 1: 512 bytes
[MESSAGE] From peer 1: 512 bytes
[MESSAGE] From peer 1: 512 bytes
[MESSAGE] From peer 1: 512 bytes
[MESSAGE] From peer 1: 512 bytes
[MESSAGE] From peer 1: 512 bytes
[MESSAGE] From peer 1: 512 bytes
[MESSAGE] From peer 1: 512 bytes
[MESSAGE] From peer 1: 512 bytes
[MESSAGE] From peer 1: 512 bytes
[MESSAGE] From peer 1: 512 bytes
[MESSAGE] From peer 1: 512 bytes
[MESSAGE] From peer 1: 512 bytes
[MESSAGE] From peer 1: 512 bytes
[MESSAGE] From peer 1: 512 bytes
[MESSAGE] From peer 1: 512 bytes
[MESSAGE] From peer 1: 512 bytes
[MESSAGE] From peer 1: 512 bytes
[MESSAGE] From peer 1: 512 bytes
[MESSAGE] From peer 1: 512 bytes
[MESSAGE] From peer 1: 512 bytes
[MESSAGE] From peer 1: 512 bytes
[MESSAGE] From peer 1: 512 bytes
[MESSAGE] From peer 1: 512 bytes
[MESSAGE] From peer 1: 512 bytes
[MESSAGE] From peer 1: 512 bytes
[MESSAGE] From peer 1: 512 bytes
[MESSAGE] From peer 1: 512 bytes
[MESSAGE] From peer 1: 512 bytes
[MESSAGE] From peer 1: 512 bytes
[MESSAGE] From peer 1: 512 bytes
[MESSAGE] From peer 1: 512 bytes
[MESSAGE] From peer 1: 512 bytes
[MESSAGE] From peer 1: 512 bytes
[MESSAGE] From peer 1: 512 bytes
[MESSAGE] From peer 1: 512 bytes
[MESSAGE] From peer 1: 512 bytes
[MESSAGE] From peer 1: 512 bytes
[MESSAGE] From peer 1: 512 bytes
[MESSAGE] From peer 1: 512 bytes
[MESSAGE] From peer 1: 512 bytes
[MESSAGE] From peer 1: 512 bytes
[MESSAGE] From peer 1: 512 bytes
[MESSAGE] From peer 1: 512 bytes
[MESSAGE] From peer 1: 512 bytes
[MESSAGE] From peer 1: 512 bytes
[MESSAGE] From peer 1: 512 bytes
[MESSAGE] From peer 1: 512 bytes
[MESSAGE] From peer 1: 512 bytes
[MESSAGE] From peer 1: 512 bytes
[MESSAGE] From peer 1: 512 bytes
[ECHO] 18500 messages echoed
[MESSAGE] From peer 1: 512 bytes
[MESSAGE] From peer 1: 512 bytes
[MESSAGE] From peer 1: 512 bytes
[MESSAGE] From peer 1: 512 bytes
[MESSAGE] From peer 1: 512 bytes
[MESSAGE] From peer 1: 512 bytes
[MESSAGE] From peer 1: 512 bytes
[MESSAGE] From peer 1: 512 bytes
[MESSAGE] From peer 1: 512 bytes
[MESSAGE] From peer 1: 512 bytes
[MESSAGE] From peer 1: 512 bytes
[MESSAGE] From peer 1: 512 bytes
[MESSAGE] From peer 1: 512 bytes
[MESSAGE] From peer 1: 512 bytes
[MESSAGE] From peer 1: 512 bytes
[MESSAGE] From peer 1: 512 bytes
[MESSAGE] From peer 1: 512 bytes
[MESSAGE] From peer 1: 512 bytes
[MESSAGE] From peer 1: 512 bytes
[MESSAGE] From peer 1: 512 bytes
[MESSAGE] From peer 1: 512 bytes
[MESSAGE] From peer 1: 512 bytes
[MESSAGE] From peer 1: 512 bytes
[MESSAGE] From peer 1: 512 bytes
[MESSAGE] From peer 1: 512 bytes
[MESSAGE] From peer 1: 512 bytes
[MESSAGE] From peer 1: 512 bytes
[MESSAGE] From peer 1: 512 bytes
[MESSAGE] From peer 1: 512 bytes
[MESSAGE] From peer 1: 512 bytes
[MESSAGE] From peer 1: 512 bytes
[MESSAGE] From peer 1: 512 bytes
[MESSAGE] From peer 1: 512 bytes
[MESSAGE] From peer 1: 512 bytes
[MESSAGE] From peer 1: 512 bytes
[MESSAGE] From peer 1: 512 bytes
[STATUS] 3660 sec: peers=24, msgs=18546, connected=yes
[MESSAGE] From peer 1: 512 bytes
[MESSAGE] From peer 1: 512 bytes
[MESSAGE] From peer 1: 512 bytes
[MESSAGE] From peer 1: 512 bytes
[MESSAGE] From peer 1: 512 bytes
[MESSAGE] From peer 1: 512 bytes
[MESSAGE] From peer 1: 512 bytes
[MESSAGE] From peer 1: 512 bytes
[MESSAGE] From peer 1: 512 bytes
[MESSAGE] From peer 1: 512 bytes
[MESSAGE] From peer 1: 512 bytes
[MESSAGE] From peer 1: 512 bytes
[MESSAGE] From peer 1: 512 bytes
[MESSAGE] From peer 1: 512 bytes
[MESSAGE] From peer 1: 512 bytes
[MESSAGE] From peer 1: 512 bytes
[MESSAGE] From peer 1: 512 bytes
[MESSAGE] From peer 1: 512 bytes
[MESSAGE] From peer 1: 512 bytes
[MESSAGE] From peer 1: 512 bytes
[MESSAGE] From peer 1: 512 bytes
[MESSAGE] From peer 1: 512 bytes
[MESSAGE] From peer 1: 512 bytes
[MESSAGE] From peer 1: 512 bytes
[MESSAGE] From peer 1: 512 bytes
[MESSAGE] From peer 1: 512 bytes
[MESSAGE] From peer 1: 512 bytes
[MESSAGE] From peer 1: 512 bytes
[MESSAGE] From peer 1: 512 bytes
[MESSAGE] From peer 1: 512 bytes
[MESSAGE] From peer 1: 512 bytes
[MESSAGE] From peer 1: 512 bytes
[MESSAGE] From peer 1: 512 bytes
[MESSAGE] From peer 1: 512 bytes
[MESSAGE] From peer 1: 512 bytes
[MESSAGE] From peer 1: 512 bytes
[MESSAGE] From peer 1: 512 bytes
[MESSAGE] From peer 1: 512 bytes
[MESSAGE] From peer 1: 512 bytes
[MESSAGE] From peer 1: 512 bytes
[MESSAGE] From peer 1: 512 bytes
[MESSAGE] From peer 1: 512 bytes
[MESSAGE] From peer 1: 512 bytes
[MESSAGE] From peer 1: 512 bytes
[MESSAGE] From peer 1: 512 bytes
[MESSAGE] From peer 1: 512 bytes
[MESSAGE] From peer 1: 512 bytes
[MESSAGE] From peer 1: 512 bytes
[MESSAGE] From peer 1: 512 bytes
[MESSAGE] From peer 1: 512 bytes
[MESSAGE] From peer 1: 512 bytes
[MESSAGE] From peer 1: 512 bytes
[MESSAGE] From peer 1: 512 bytes
[MESSAGE] From peer 1: 512 bytes
[MESSAGE] From peer 1: 512 bytes
[MESSAGE] From peer 1: 512 bytes
[MESSAGE] From peer 1: 512 bytes
[MESSAGE] From peer 1: 512 bytes
[MESSAGE] From peer 1: 512 bytes
[MESSAGE] From peer 1: 512 bytes
[MESSAGE] From peer 1: 512 bytes
[MESSAGE] From peer 1: 512 bytes
[MESSAGE] From peer 1: 512 bytes
[MESSAGE] From peer 1: 512 bytes
[ECHO] 18600 messages echoed
[MESSAGE] From peer 1: 512 bytes
[MESSAGE] From peer 1: 512 bytes
[MESSAGE] From peer 1: 512 bytes
[MESSAGE] From peer 1: 512 bytes
[MESSAGE] From peer 1: 512 bytes
[MESSAGE] From peer 1: 512 bytes
[MESSAGE] From peer 1: 512 bytes
[MESSAGE] From peer 1: 512 bytes
[MESSAGE] From peer 1: 512 bytes
[MESSAGE] From peer 1: 512 bytes
[MESSAGE] From peer 1: 512 bytes
[MESSAGE] From peer 1: 512 bytes
[MESSAGE] From peer 1: 512 bytes
[MESSAGE] From peer 1: 512 bytes
[MESSAGE] From peer 1: 512 bytes
[MESSAGE] From peer 1: 512 bytes
[MESSAGE] From peer 1: 512 bytes
[MESSAGE] From peer 1: 512 bytes
[MESSAGE] From peer 1: 512 bytes
[MESSAGE] From peer 1: 512 bytes
[MESSAGE] From peer 1: 512 bytes
[MESSAGE] From peer 1: 512 bytes
[MESSAGE] From peer 1: 512 bytes
[MESSAGE] From peer 1: 512 bytes
[MESSAGE] From peer 1: 512 bytes
[MESSAGE] From peer 1: 512 bytes
[MESSAGE] From peer 1: 512 bytes
[MESSAGE] From peer 1: 512 bytes
[MESSAGE] From peer 1: 512 bytes
[MESSAGE] From peer 1: 512 bytes
[MESSAGE] From peer 1: 512 bytes
[MESSAGE] From peer 1: 512 bytes
[MESSAGE] From peer 1: 512 bytes
[MESSAGE] From peer 1: 512 bytes
[MESSAGE] From peer 1: 512 bytes
[MESSAGE] From peer 1: 512 bytes
[MESSAGE] From peer 1: 512 bytes
[MESSAGE] From peer 1: 512 bytes
[MESSAGE] From peer 1: 512 bytes
[MESSAGE] From peer 1: 512 bytes
[MESSAGE] From peer 1: 512 bytes
[MESSAGE] From peer 1: 512 bytes
[MESSAGE] From peer 1: 512 bytes
[MESSAGE] From peer 1: 512 bytes
[MESSAGE] From peer 1: 512 bytes
[MESSAGE] From peer 1: 512 bytes
[MESSAGE] From peer 1: 512 bytes
[MESSAGE] From peer 1: 512 bytes
[MESSAGE] From peer 1: 512 bytes
[MESSAGE] From peer 1: 512 bytes
[MESSAGE] From peer 1: 512 bytes
[MESSAGE] From peer 1: 512 bytes
[MESSAGE] From peer 1: 512 bytes
[MESSAGE] From peer 1: 512 bytes
[MESSAGE] From peer 1: 512 bytes
[MESSAGE] From peer 1: 512 bytes
[MESSAGE] From peer 1: 512 bytes
[MESSAGE] From peer 1: 512 bytes
[MESSAGE] From peer 1: 512 bytes
[MESSAGE] From peer 1: 512 bytes
[MESSAGE] From peer 1: 512 bytes
[MESSAGE] From peer 1: 512 bytes
[MESSAGE] From peer 1: 512 bytes
[MESSAGE] From peer 1: 512 bytes
[MESSAGE] From peer 1: 512 bytes
[MESSAGE] From peer 1: 512 bytes
[MESSAGE] From peer 1: 512 bytes
[MESSAGE] From peer 1: 512 bytes
[MESSAGE] From peer 1: 512 bytes
[MESSAGE] From peer 1: 512 bytes
[MESSAGE] From peer 1: 512 bytes
[MESSAGE] From peer 1: 512 bytes
[MESSAGE] From peer 1: 512 bytes
[MESSAGE] From peer 1: 512 bytes
[MESSAGE] From peer 1: 512 bytes
[MESSAGE] From peer 1: 512 bytes
[MESSAGE] From peer 1: 512 bytes
[MESSAGE] From peer 1: 512 bytes
[MESSAGE] From peer 1: 512 bytes
[MESSAGE] From peer 1: 512 bytes
[MESSAGE] From peer 1: 512 bytes
[MESSAGE] From peer 1: 512 bytes
[MESSAGE] From peer 1: 512 bytes
[MESSAGE] From peer 1: 512 bytes
[MESSAGE] From peer 1: 512 bytes
[MESSAGE] From peer 1: 512 bytes
[MESSAGE] From peer 1: 512 bytes
[MESSAGE] From peer 1: 512 bytes
[MESSAGE] From peer 1: 512 bytes
[MESSAGE] From peer 1: 512 bytes
[MESSAGE] From peer 1: 512 bytes
[MESSAGE] From peer 1: 512 bytes
[MESSAGE] From peer 1: 512 bytes
[MESSAGE] From peer 1: 512 bytes
[MESSAGE] From peer 1: 512 bytes
[MESSAGE] From peer 1: 512 bytes
[MESSAGE] From peer 1: 512 bytes
[MESSAGE] From peer 1: 512 bytes
[MESSAGE] From peer 1: 512 bytes
[MESSAGE] From peer 1: 512 bytes
[ECHO] 18700 messages echoed
[MESSAGE] From peer 1: 512 bytes
[MESSAGE] From peer 1: 512 bytes
[MESSAGE] From peer 1: 512 bytes
[MESSAGE] From peer 1: 512 bytes
[MESSAGE] From peer 1: 512 bytes
[MESSAGE] From peer 1: 512 bytes
[MESSAGE] From peer 1: 512 bytes
[MESSAGE] From peer 1: 512 bytes
[MESSAGE] From peer 1: 512 bytes
[MESSAGE] From peer 1: 512 bytes
[MESSAGE] From peer 1: 512 bytes
[MESSAGE] From peer 1: 512 bytes
[MESSAGE] From peer 1: 512 bytes
[MESSAGE] From peer 1: 512 bytes
[MESSAGE] From peer 1: 512 bytes
[MESSAGE] From peer 1: 512 bytes
[MESSAGE] From peer 1: 512 bytes
[MESSAGE] From peer 1: 512 bytes
[MESSAGE] From peer 1: 512 bytes
[MESSAGE] From peer 1: 512 bytes
[MESSAGE] From peer 1: 512 bytes
[MESSAGE] From peer 1: 512 bytes
[MESSAGE] From peer 1: 512 bytes
[MESSAGE] From peer 1: 512 bytes
[MESSAGE] From peer 1: 512 bytes
[MESSAGE] From peer 1: 512 bytes
[MESSAGE] From peer 1: 512 bytes
[MESSAGE] From peer 1: 512 bytes
[MESSAGE] From peer 1: 512 bytes
[MESSAGE] From peer 1: 512 bytes
[MESSAGE] From peer 1: 512 bytes
[MESSAGE] From peer 1: 512 bytes
[MESSAGE] From peer 1: 512 bytes
[MESSAGE] From peer 1: 512 bytes
[MESSAGE] From peer 1: 512 bytes
[MESSAGE] From peer 1: 512 bytes
[MESSAGE] From peer 1: 512 bytes
[MESSAGE] From peer 1: 512 bytes
[MESSAGE] From peer 1: 512 bytes
[MESSAGE] From peer 1: 512 bytes
[MESSAGE] From peer 1: 512 bytes
[MESSAGE] From peer 1: 512 bytes
[MESSAGE] From peer 1: 1024 bytes
[MESSAGE] From peer 1: 1024 bytes
[MESSAGE] From peer 1: 1024 bytes
[MESSAGE] From peer 1: 1024 bytes
[MESSAGE] From peer 1: 1024 bytes
[MESSAGE] From peer 1: 1024 bytes
[MESSAGE] From peer 1: 1024 bytes
[MESSAGE] From peer 1: 1024 bytes
[MESSAGE] From peer 1: 1024 bytes
[MESSAGE] From peer 1: 1024 bytes
[MESSAGE] From peer 1: 1024 bytes
[MESSAGE] From peer 1: 1024 bytes
[MESSAGE] From peer 1: 1024 bytes
[MESSAGE] From peer 1: 1024 bytes
[MESSAGE] From peer 1: 1024 bytes
[MESSAGE] From peer 1: 1024 bytes
[MESSAGE] From peer 1: 1024 bytes
[MESSAGE] From peer 1: 1024 bytes
[MESSAGE] From peer 1: 1024 bytes
[MESSAGE] From peer 1: 1024 bytes
[MESSAGE] From peer 1: 1024 bytes
[MESSAGE] From peer 1: 1024 bytes
[MESSAGE] From peer 1: 1024 bytes
[MESSAGE] From peer 1: 1024 bytes
[MESSAGE] From peer 1: 1024 bytes
[MESSAGE] From peer 1: 1024 bytes
[MESSAGE] From peer 1: 1024 bytes
[MESSAGE] From peer 1: 1024 bytes
[MESSAGE] From peer 1: 1024 bytes
[MESSAGE] From peer 1: 1024 bytes
[MESSAGE] From peer 1: 1024 bytes
[MESSAGE] From peer 1: 1024 bytes
[MESSAGE] From peer 1: 1024 bytes
[MESSAGE] From peer 1: 1024 bytes
[MESSAGE] From peer 1: 1024 bytes
[MESSAGE] From peer 1: 1024 bytes
[MESSAGE] From peer 1: 1024 bytes
[MESSAGE] From peer 1: 1024 bytes
[MESSAGE] From peer 1: 1024 bytes
[MESSAGE] From peer 1: 1024 bytes
[MESSAGE] From peer 1: 1024 bytes
[MESSAGE] From peer 1: 1024 bytes
[MESSAGE] From peer 1: 1024 bytes
[MESSAGE] From peer 1: 1024 bytes
[MESSAGE] From peer 1: 1024 bytes
[MESSAGE] From peer 1: 1024 bytes
[MESSAGE] From peer 1: 1024 bytes
[MESSAGE] From peer 1: 1024 bytes
[MESSAGE] From peer 1: 1024 bytes
[MESSAGE] From peer 1: 1024 bytes
[MESSAGE] From peer 1: 1024 bytes
[MESSAGE] From peer 1: 1024 bytes
[MESSAGE] From peer 1: 1024 bytes
[MESSAGE] From peer 1: 1024 bytes
[MESSAGE] From peer 1: 1024 bytes
[MESSAGE] From peer 1: 1024 bytes
[MESSAGE] From peer 1: 1024 bytes
[MESSAGE] From peer 1: 1024 bytes
[ECHO] 18800 messages echoed
[MESSAGE] From peer 1: 1024 bytes
[MESSAGE] From peer 1: 1024 bytes
[MESSAGE] From peer 1: 1024 bytes
[MESSAGE] From peer 1: 1024 bytes
[MESSAGE] From peer 1: 1024 bytes
[MESSAGE] From peer 1: 1024 bytes
[MESSAGE] From peer 1: 1024 bytes
[MESSAGE] From peer 1: 1024 bytes
[MESSAGE] From peer 1: 1024 bytes
[MESSAGE] From peer 1: 1024 bytes
[MESSAGE] From peer 1: 1024 bytes
[MESSAGE] From peer 1: 1024 bytes
[MESSAGE] From peer 1: 1024 bytes
[MESSAGE] From peer 1: 1024 bytes
[MESSAGE] From peer 1: 1024 bytes
[MESSAGE] From peer 1: 1024 bytes
[MESSAGE] From peer 1: 1024 bytes
[MESSAGE] From peer 1: 1024 bytes
[MESSAGE] From peer 1: 1024 bytes
[MESSAGE] From peer 1: 1024 bytes
[MESSAGE] From peer 1: 1024 bytes
[MESSAGE] From peer 1: 1024 bytes
[MESSAGE] From peer 1: 1024 bytes
[MESSAGE] From peer 1: 1024 bytes
[MESSAGE] From peer 1: 1024 bytes
[MESSAGE] From peer 1: 1024 bytes
[MESSAGE] From peer 1: 1024 bytes
[MESSAGE] From peer 1: 1024 bytes
[MESSAGE] From peer 1: 1024 bytes
[MESSAGE] From peer 1: 1024 bytes
[MESSAGE] From peer 1: 1024 bytes
[MESSAGE] From peer 1: 1024 bytes
[MESSAGE] From peer 1: 1024 bytes
[MESSAGE] From peer 1: 1024 bytes
[MESSAGE] From peer 1: 1024 bytes
[MESSAGE] From peer 1: 1024 bytes
[MESSAGE] From peer 1: 1024 bytes
[MESSAGE] From peer 1: 1024 bytes
[MESSAGE] From peer 1: 1024 bytes
[MESSAGE] From peer 1: 1024 bytes
[MESSAGE] From peer 1: 1024 bytes
[MESSAGE] From peer 1: 1024 bytes
[MESSAGE] From peer 1: 1024 bytes
[MESSAGE] From peer 1: 1024 bytes
[MESSAGE] From peer 1: 1024 bytes
[MESSAGE] From peer 1: 1024 bytes
[MESSAGE] From peer 1: 1024 bytes
[MESSAGE] From peer 1: 1024 bytes
[MESSAGE] From peer 1: 1024 bytes
[MESSAGE] From peer 1: 1024 bytes
[MESSAGE] From peer 1: 1024 bytes
[MESSAGE] From peer 1: 1024 bytes
[MESSAGE] From peer 1: 1024 bytes
[MESSAGE] From peer 1: 1024 bytes
[MESSAGE] From peer 1: 1024 bytes
[MESSAGE] From peer 1: 1024 bytes
[MESSAGE] From peer 1: 1024 bytes
[MESSAGE] From peer 1: 1024 bytes
[MESSAGE] From peer 1: 1024 bytes
[MESSAGE] From peer 1: 1024 bytes
[MESSAGE] From peer 1: 1024 bytes
[MESSAGE] From peer 1: 1024 bytes
[MESSAGE] From peer 1: 1024 bytes
[MESSAGE] From peer 1: 1024 bytes
[MESSAGE] From peer 1: 1024 bytes
[MESSAGE] From peer 1: 1024 bytes
[MESSAGE] From peer 1: 1024 bytes
[MESSAGE] From peer 1: 1024 bytes
[MESSAGE] From peer 1: 1024 bytes
[MESSAGE] From peer 1: 1024 bytes
[MESSAGE] From peer 1: 1024 bytes
[MESSAGE] From peer 1: 1024 bytes
[MESSAGE] From peer 1: 1024 bytes
[MESSAGE] From peer 1: 1024 bytes
[MESSAGE] From peer 1: 1024 bytes
[MESSAGE] From peer 1: 1024 bytes
[MESSAGE] From peer 1: 1024 bytes
[MESSAGE] From peer 1: 1024 bytes
[MESSAGE] From peer 1: 1024 bytes
[MESSAGE] From peer 1: 1024 bytes
[MESSAGE] From peer 1: 1024 bytes
[MESSAGE] From peer 1: 1024 bytes
[MESSAGE] From peer 1: 1024 bytes
[MESSAGE] From peer 1: 1024 bytes
[MESSAGE] From peer 1: 1024 bytes
[MESSAGE] From peer 1: 1024 bytes
[MESSAGE] From peer 1: 1024 bytes
[MESSAGE] From peer 1: 1024 bytes
[MESSAGE] From peer 1: 1024 bytes
[MESSAGE] From peer 1: 1024 bytes
[MESSAGE] From peer 1: 1024 bytes
[MESSAGE] From peer 1: 1024 bytes
[MESSAGE] From peer 1: 1024 bytes
[MESSAGE] From peer 1: 1024 bytes
[MESSAGE] From peer 1: 1024 bytes
[MESSAGE] From peer 1: 1024 bytes
[MESSAGE] From peer 1: 1024 bytes
[MESSAGE] From peer 1: 1024 bytes
[MESSAGE] From peer 1: 1024 bytes
[MESSAGE] From peer 1: 1024 bytes
[ECHO] 18900 messages echoed
[MESSAGE] From peer 1: 1024 bytes
[MESSAGE] From peer 1: 1024 bytes
[MESSAGE] From peer 1: 1024 bytes
[MESSAGE] From peer 1: 1024 bytes
[MESSAGE] From peer 1: 1024 bytes
[MESSAGE] From peer 1: 1024 bytes
[MESSAGE] From peer 1: 1024 bytes
[MESSAGE] From peer 1: 1024 bytes
[MESSAGE] From peer 1: 1024 bytes
[MESSAGE] From peer 1: 1024 bytes
[MESSAGE] From peer 1: 1024 bytes
[MESSAGE] From peer 1: 1024 bytes
[MESSAGE] From peer 1: 1024 bytes
[MESSAGE] From peer 1: 1024 bytes
[MESSAGE] From peer 1: 1024 bytes
[MESSAGE] From peer 1: 1024 bytes
[MESSAGE] From peer 1: 1024 bytes
[MESSAGE] From peer 1: 1024 bytes
[MESSAGE] From peer 1: 1024 bytes
[MESSAGE] From peer 1: 1024 bytes
[MESSAGE] From peer 1: 1024 bytes
[MESSAGE] From peer 1: 1024 bytes
[MESSAGE] From peer 1: 1024 bytes
[MESSAGE] From peer 1: 1024 bytes
[MESSAGE] From peer 1: 1024 bytes
[MESSAGE] From peer 1: 1024 bytes
[MESSAGE] From peer 1: 1024 bytes
[MESSAGE] From peer 1: 1024 bytes
[MESSAGE] From peer 1: 1024 bytes
[MESSAGE] From peer 1: 1024 bytes
[MESSAGE] From peer 1: 1024 bytes
[MESSAGE] From peer 1: 1024 bytes
[MESSAGE] From peer 1: 1024 bytes
[MESSAGE] From peer 1: 1024 bytes
[MESSAGE] From peer 1: 1024 bytes
[MESSAGE] From peer 1: 1024 bytes
[MESSAGE] From peer 1: 1024 bytes
[MESSAGE] From peer 1: 1024 bytes
[MESSAGE] From peer 1: 1024 bytes
[MESSAGE] From peer 1: 1024 bytes
[MESSAGE] From peer 1: 1024 bytes
[MESSAGE] From peer 1: 1024 bytes
[MESSAGE] From peer 1: 1024 bytes
[MESSAGE] From peer 1: 1024 bytes
[MESSAGE] From peer 1: 1024 bytes
[MESSAGE] From peer 1: 1024 bytes
[MESSAGE] From peer 1: 1024 bytes
[MESSAGE] From peer 1: 1024 bytes
[MESSAGE] From peer 1: 1024 bytes
[MESSAGE] From peer 1: 1024 bytes
[MESSAGE] From peer 1: 1024 bytes
[MESSAGE] From peer 1: 1024 bytes
[MESSAGE] From peer 1: 1024 bytes
[MESSAGE] From peer 1: 1024 bytes
[MESSAGE] From peer 1: 1024 bytes
[MESSAGE] From peer 1: 1024 bytes
[MESSAGE] From peer 1: 1024 bytes
[MESSAGE] From peer 1: 1024 bytes
[MESSAGE] From peer 1: 1024 bytes
[MESSAGE] From peer 1: 1024 bytes
[MESSAGE] From peer 1: 1024 bytes
[MESSAGE] From peer 1: 1024 bytes
[MESSAGE] From peer 1: 1024 bytes
[MESSAGE] From peer 1: 1024 bytes
[MESSAGE] From peer 1: 1024 bytes
[MESSAGE] From peer 1: 1024 bytes
[MESSAGE] From peer 1: 1024 bytes
[MESSAGE] From peer 1: 1024 bytes
[MESSAGE] From peer 1: 1024 bytes
[MESSAGE] From peer 1: 1024 bytes
[MESSAGE] From peer 1: 1024 bytes
[MESSAGE] From peer 1: 1024 bytes
[MESSAGE] From peer 1: 1024 bytes
[MESSAGE] From peer 1: 1024 bytes
[MESSAGE] From peer 1: 1024 bytes
[MESSAGE] From peer 1: 1024 bytes
[MESSAGE] From peer 1: 1024 bytes
[MESSAGE] From peer 1: 1024 bytes
[MESSAGE] From peer 1: 1024 bytes
[MESSAGE] From peer 1: 1024 bytes
[MESSAGE] From peer 1: 1024 bytes
[MESSAGE] From peer 1: 1024 bytes
[MESSAGE] From peer 1: 1024 bytes
[MESSAGE] From peer 1: 1024 bytes
[MESSAGE] From peer 1: 1024 bytes
[MESSAGE] From peer 1: 1024 bytes
[MESSAGE] From peer 1: 1024 bytes
[MESSAGE] From peer 1: 1024 bytes
[MESSAGE] From peer 1: 1024 bytes
[MESSAGE] From peer 1: 1024 bytes
[MESSAGE] From peer 1: 1024 bytes
[MESSAGE] From peer 1: 1024 bytes
[MESSAGE] From peer 1: 1024 bytes
[MESSAGE] From peer 1: 1024 bytes
[MESSAGE] From peer 1: 1024 bytes
[MESSAGE] From peer 1: 1024 bytes
[MESSAGE] From peer 1: 1024 bytes
[MESSAGE] From peer 1: 1024 bytes
[MESSAGE] From peer 1: 1024 bytes
[MESSAGE] From peer 1: 1024 bytes
[ECHO] 19000 messages echoed
[MESSAGE] From peer 1: 1024 bytes
[MESSAGE] From peer 1: 1024 bytes
[MESSAGE] From peer 1: 1024 bytes
[MESSAGE] From peer 1: 1024 bytes
[MESSAGE] From peer 1: 1024 bytes
[MESSAGE] From peer 1: 1024 bytes
[MESSAGE] From peer 1: 1024 bytes
[MESSAGE] From peer 1: 1024 bytes
[MESSAGE] From peer 1: 1024 bytes
[MESSAGE] From peer 1: 1024 bytes
[MESSAGE] From peer 1: 1024 bytes
[MESSAGE] From peer 1: 1024 bytes
[MESSAGE] From peer 1: 1024 bytes
[MESSAGE] From peer 1: 1024 bytes
[MESSAGE] From peer 1: 1024 bytes
[MESSAGE] From peer 1: 1024 bytes
[MESSAGE] From peer 1: 1024 bytes
[MESSAGE] From peer 1: 1024 bytes
[MESSAGE] From peer 1: 1024 bytes
[MESSAGE] From peer 1: 1024 bytes
[MESSAGE] From peer 1: 1024 bytes
[MESSAGE] From peer 1: 1024 bytes
[MESSAGE] From peer 1: 1024 bytes
[MESSAGE] From peer 1: 1024 bytes
[MESSAGE] From peer 1: 1024 bytes
[MESSAGE] From peer 1: 1024 bytes
[MESSAGE] From peer 1: 1024 bytes
[MESSAGE] From peer 1: 1024 bytes
[MESSAGE] From peer 1: 1024 bytes
[MESSAGE] From peer 1: 1024 bytes
[MESSAGE] From peer 1: 1024 bytes
[MESSAGE] From peer 1: 1024 bytes
[MESSAGE] From peer 1: 1024 bytes
[MESSAGE] From peer 1: 1024 bytes
[MESSAGE] From peer 1: 1024 bytes
[MESSAGE] From peer 1: 1024 bytes
[MESSAGE] From peer 1: 1024 bytes
[MESSAGE] From peer 1: 1024 bytes
[MESSAGE] From peer 1: 1024 bytes
[MESSAGE] From peer 1: 1024 bytes
[MESSAGE] From peer 1: 1024 bytes
[MESSAGE] From peer 1: 1024 bytes
[MESSAGE] From peer 1: 1024 bytes
[MESSAGE] From peer 1: 1024 bytes
[MESSAGE] From peer 1: 1024 bytes
[MESSAGE] From peer 1: 1024 bytes
[MESSAGE] From peer 1: 1024 bytes
[MESSAGE] From peer 1: 1024 bytes
[MESSAGE] From peer 1: 1024 bytes
[MESSAGE] From peer 1: 1024 bytes
[MESSAGE] From peer 1: 1024 bytes
[MESSAGE] From peer 1: 1024 bytes
[MESSAGE] From peer 1: 1024 bytes
[MESSAGE] From peer 1: 1024 bytes
[MESSAGE] From peer 1: 1024 bytes
[MESSAGE] From peer 1: 1024 bytes
[MESSAGE] From peer 1: 1024 bytes
[MESSAGE] From peer 1: 1024 bytes
[MESSAGE] From peer 1: 1024 bytes
[MESSAGE] From peer 1: 1024 bytes
[MESSAGE] From peer 1: 1024 bytes
[MESSAGE] From peer 1: 1024 bytes
[MESSAGE] From peer 1: 1024 bytes
[MESSAGE] From peer 1: 1024 bytes
[MESSAGE] From peer 1: 1024 bytes
[MESSAGE] From peer 1: 1024 bytes
[MESSAGE] From peer 1: 1024 bytes
[MESSAGE] From peer 1: 1024 bytes
[MESSAGE] From peer 1: 1024 bytes
[MESSAGE] From peer 1: 1024 bytes
[MESSAGE] From peer 1: 1024 bytes
[MESSAGE] From peer 1: 1024 bytes
[MESSAGE] From peer 1: 1024 bytes
[MESSAGE] From peer 1: 1024 bytes
[MESSAGE] From peer 1: 1024 bytes
[MESSAGE] From peer 1: 1024 bytes
[MESSAGE] From peer 1: 1024 bytes
[MESSAGE] From peer 1: 1024 bytes
[MESSAGE] From peer 1: 1024 bytes
[MESSAGE] From peer 1: 1024 bytes
[MESSAGE] From peer 1: 1024 bytes
[MESSAGE] From peer 1: 1024 bytes
[MESSAGE] From peer 1: 1024 bytes
[MESSAGE] From peer 1: 1024 bytes
[MESSAGE] From peer 1: 1024 bytes
[MESSAGE] From peer 1: 1024 bytes
[MESSAGE] From peer 1: 1024 bytes
[MESSAGE] From peer 1: 1024 bytes
[MESSAGE] From peer 1: 1024 bytes
[MESSAGE] From peer 1: 1024 bytes
[MESSAGE] From peer 1: 1024 bytes
[MESSAGE] From peer 1: 1024 bytes
[MESSAGE] From peer 1: 1024 bytes
[MESSAGE] From peer 1: 1024 bytes
[MESSAGE] From peer 1: 1024 bytes
[MESSAGE] From peer 1: 1024 bytes
[MESSAGE] From peer 1: 1024 bytes
[MESSAGE] From peer 1: 1024 bytes
[MESSAGE] From peer 1: 1024 bytes
[MESSAGE] From peer 1: 1024 bytes
[ECHO] 19100 messages echoed
[MESSAGE] From peer 1: 1024 bytes
[MESSAGE] From peer 1: 1024 bytes
[MESSAGE] From peer 1: 1024 bytes
[MESSAGE] From peer 1: 1024 bytes
[MESSAGE] From peer 1: 1024 bytes
[MESSAGE] From peer 1: 1024 bytes
[MESSAGE] From peer 1: 1024 bytes
[MESSAGE] From peer 1: 1024 bytes
[MESSAGE] From peer 1: 1024 bytes
[MESSAGE] From peer 1: 1024 bytes
[MESSAGE] From peer 1: 1024 bytes
[MESSAGE] From peer 1: 1024 bytes
[MESSAGE] From peer 1: 1024 bytes
[MESSAGE] From peer 1: 1024 bytes
[MESSAGE] From peer 1: 1024 bytes
[MESSAGE] From peer 1: 1024 bytes
[MESSAGE] From peer 1: 1024 bytes
[MESSAGE] From peer 1: 1024 bytes
[MESSAGE] From peer 1: 1024 bytes
[MESSAGE] From peer 1: 1024 bytes
[MESSAGE] From peer 1: 1024 bytes
[MESSAGE] From peer 1: 1024 bytes
[MESSAGE] From peer 1: 1024 bytes
[MESSAGE] From peer 1: 1024 bytes
[MESSAGE] From peer 1: 1024 bytes
[MESSAGE] From peer 1: 1024 bytes
[MESSAGE] From peer 1: 1024 bytes
[MESSAGE] From peer 1: 1024 bytes
[MESSAGE] From peer 1: 1024 bytes
[MESSAGE] From peer 1: 1024 bytes
[MESSAGE] From peer 1: 1024 bytes
[MESSAGE] From peer 1: 1024 bytes
[MESSAGE] From peer 1: 1024 bytes
[MESSAGE] From peer 1: 1024 bytes
[MESSAGE] From peer 1: 1024 bytes
[MESSAGE] From peer 1: 1024 bytes
[MESSAGE] From peer 1: 1024 bytes
[MESSAGE] From peer 1: 1024 bytes
[MESSAGE] From peer 1: 1024 bytes
[MESSAGE] From peer 1: 1024 bytes
[MESSAGE] From peer 1: 1024 bytes
[MESSAGE] From peer 1: 1024 bytes
[MESSAGE] From peer 1: 1024 bytes
[MESSAGE] From peer 1: 1024 bytes
[MESSAGE] From peer 1: 1024 bytes
[MESSAGE] From peer 1: 1024 bytes
[MESSAGE] From peer 1: 1024 bytes
[MESSAGE] From peer 1: 1024 bytes
[MESSAGE] From peer 1: 1024 bytes
[MESSAGE] From peer 1: 1024 bytes
[MESSAGE] From peer 1: 1024 bytes
[MESSAGE] From peer 1: 1024 bytes
[MESSAGE] From peer 1: 1024 bytes
[MESSAGE] From peer 1: 1024 bytes
[MESSAGE] From peer 1: 1024 bytes
[MESSAGE] From peer 1: 1024 bytes
[MESSAGE] From peer 1: 1024 bytes
[MESSAGE] From peer 1: 1024 bytes
[MESSAGE] From peer 1: 1024 bytes
[MESSAGE] From peer 1: 1024 bytes
[MESSAGE] From peer 1: 1024 bytes
[MESSAGE] From peer 1: 1024 bytes
[MESSAGE] From peer 1: 1024 bytes
[MESSAGE] From peer 1: 1024 bytes
[MESSAGE] From peer 1: 1024 bytes
[MESSAGE] From peer 1: 1024 bytes
[MESSAGE] From peer 1: 1024 bytes
[MESSAGE] From peer 1: 1024 bytes
[MESSAGE] From peer 1: 1024 bytes
[MESSAGE] From peer 1: 1024 bytes
[MESSAGE] From peer 1: 1024 bytes
[MESSAGE] From peer 1: 1024 bytes
[MESSAGE] From peer 1: 1024 bytes
[MESSAGE] From peer 1: 1024 bytes
[MESSAGE] From peer 1: 1024 bytes
[MESSAGE] From peer 1: 1024 bytes
[MESSAGE] From peer 1: 1024 bytes
[MESSAGE] From peer 1: 1024 bytes
[MESSAGE] From peer 1: 1024 bytes
[MESSAGE] From peer 1: 1024 bytes
[MESSAGE] From peer 1: 1024 bytes
[MESSAGE] From peer 1: 1024 bytes
[MESSAGE] From peer 1: 1024 bytes
[MESSAGE] From peer 1: 1024 bytes
[STATUS] 3670 sec: peers=24, msgs=19194, connected=yes
[MESSAGE] From peer 1: 1024 bytes
[MESSAGE] From peer 1: 1024 bytes
[MESSAGE] From peer 1: 1024 bytes
[MESSAGE] From peer 1: 1024 bytes
[MESSAGE] From peer 1: 1024 bytes
[MESSAGE] From peer 1: 1024 bytes
[MESSAGE] From peer 1: 1024 bytes
[MESSAGE] From peer 1: 1024 bytes
[MESSAGE] From peer 1: 1024 bytes
[MESSAGE] From peer 1: 1024 bytes
[MESSAGE] From peer 1: 1024 bytes
[MESSAGE] From peer 1: 1024 bytes
[MESSAGE] From peer 1: 1024 bytes
[MESSAGE] From peer 1: 1024 bytes
[MESSAGE] From peer 1: 1024 bytes
[MESSAGE] From peer 1: 1024 bytes
[ECHO] 19200 messages echoed
[MESSAGE] From peer 1: 1024 bytes
[MESSAGE] From peer 1: 1024 bytes
[MESSAGE] From peer 1: 1024 bytes
[MESSAGE] From peer 1: 1024 bytes
[MESSAGE] From peer 1: 1024 bytes
[MESSAGE] From peer 1: 1024 bytes
[MESSAGE] From peer 1: 1024 bytes
[MESSAGE] From peer 1: 1024 bytes
[MESSAGE] From peer 1: 1024 bytes
[MESSAGE] From peer 1: 1024 bytes
[MESSAGE] From peer 1: 1024 bytes
[MESSAGE] From peer 1: 1024 bytes
[MESSAGE] From peer 1: 1024 bytes
[MESSAGE] From peer 1: 1024 bytes
[MESSAGE] From peer 1: 1024 bytes
[MESSAGE] From peer 1: 1024 bytes
[MESSAGE] From peer 1: 1024 bytes
[MESSAGE] From peer 1: 1024 bytes
[MESSAGE] From peer 1: 1024 bytes
[MESSAGE] From peer 1: 1024 bytes
[MESSAGE] From peer 1: 1024 bytes
[MESSAGE] From peer 1: 1024 bytes
[MESSAGE] From peer 1: 1024 bytes
[MESSAGE] From peer 1: 1024 bytes
[MESSAGE] From peer 1: 1024 bytes
[MESSAGE] From peer 1: 1024 bytes
[MESSAGE] From peer 1: 1024 bytes
[MESSAGE] From peer 1: 1024 bytes
[MESSAGE] From peer 1: 1024 bytes
[MESSAGE] From peer 1: 1024 bytes
[MESSAGE] From peer 1: 1024 bytes
[MESSAGE] From peer 1: 1024 bytes
[MESSAGE] From peer 1: 1024 bytes
[MESSAGE] From peer 1: 1024 bytes
[MESSAGE] From peer 1: 1024 bytes
[MESSAGE] From peer 1: 1024 bytes
[MESSAGE] From peer 1: 1024 bytes
[MESSAGE] From peer 1: 1024 bytes
[MESSAGE] From peer 1: 1024 bytes
[MESSAGE] From peer 1: 1024 bytes
[MESSAGE] From peer 1: 1024 bytes
[MESSAGE] From peer 1: 1024 bytes
[MESSAGE] From peer 1: 1024 bytes
[MESSAGE] From peer 1: 1024 bytes
[MESSAGE] From peer 1: 1024 bytes
[MESSAGE] From peer 1: 1024 bytes
[MESSAGE] From peer 1: 1024 bytes
[MESSAGE] From peer 1: 1024 bytes
[MESSAGE] From peer 1: 1024 bytes
[MESSAGE] From peer 1: 1024 bytes
[MESSAGE] From peer 1: 1024 bytes
[MESSAGE] From peer 1: 1024 bytes
[MESSAGE] From peer 1: 1024 bytes
[MESSAGE] From peer 1: 1024 bytes
[MESSAGE] From peer 1: 1024 bytes
[MESSAGE] From peer 1: 1024 bytes
[MESSAGE] From peer 1: 1024 bytes
[MESSAGE] From peer 1: 1024 bytes
[MESSAGE] From peer 1: 1024 bytes
[MESSAGE] From peer 1: 1024 bytes
[MESSAGE] From peer 1: 1024 bytes
[MESSAGE] From peer 1: 1024 bytes
[MESSAGE] From peer 1: 1024 bytes
[MESSAGE] From peer 1: 1024 bytes
[MESSAGE] From peer 1: 1024 bytes
[MESSAGE] From peer 1: 1024 bytes
[MESSAGE] From peer 1: 1024 bytes
[MESSAGE] From peer 1: 1024 bytes
[MESSAGE] From peer 1: 1024 bytes
[MESSAGE] From peer 1: 1024 bytes
[MESSAGE] From peer 1: 1024 bytes
[MESSAGE] From peer 1: 1024 bytes
[MESSAGE] From peer 1: 1024 bytes
[MESSAGE] From peer 1: 1024 bytes
[DISCOVERED] Peer 2: "MacThroughput" at 10.188.1.213:7354
[MESSAGE] From peer 1: 1024 bytes
[MESSAGE] From peer 1: 1024 bytes
[MESSAGE] From peer 1: 1024 bytes
[MESSAGE] From peer 1: 1024 bytes
[MESSAGE] From peer 1: 1024 bytes
[MESSAGE] From peer 1: 1024 bytes
[MESSAGE] From peer 1: 1024 bytes
[MESSAGE] From peer 1: 1024 bytes
[MESSAGE] From peer 1: 1024 bytes
[MESSAGE] From peer 1: 1024 bytes
[MESSAGE] From peer 1: 1024 bytes
[MESSAGE] From peer 1: 1024 bytes
[MESSAGE] From peer 1: 1024 bytes
[MESSAGE] From peer 1: 1024 bytes
[MESSAGE] From peer 1: 1024 bytes
[MESSAGE] From peer 1: 1024 bytes
[MESSAGE] From peer 1: 1024 bytes
[MESSAGE] From peer 1: 1024 bytes
[MESSAGE] From peer 1: 1024 bytes
[MESSAGE] From peer 1: 1024 bytes
[MESSAGE] From peer 1: 1024 bytes
[MESSAGE] From peer 1: 1024 bytes
[MESSAGE] From peer 1: 1024 bytes
[MESSAGE] From peer 1: 1024 bytes
[MESSAGE] From peer 1: 1024 bytes
[MESSAGE] From peer 1: 1024 bytes
[ECHO] 19300 messages echoed
[MESSAGE] From peer 1: 1024 bytes
[MESSAGE] From peer 1: 1024 bytes
[MESSAGE] From peer 1: 1024 bytes
[MESSAGE] From peer 1: 1024 bytes
[MESSAGE] From peer 1: 1024 bytes
[MESSAGE] From peer 1: 1024 bytes
[MESSAGE] From peer 1: 1024 bytes
[MESSAGE] From peer 1: 1024 bytes
[MESSAGE] From peer 1: 1024 bytes
[MESSAGE] From peer 1: 1024 bytes
[MESSAGE] From peer 1: 1024 bytes
[MESSAGE] From peer 1: 1024 bytes
[MESSAGE] From peer 1: 1024 bytes
[MESSAGE] From peer 1: 1024 bytes
[MESSAGE] From peer 1: 1024 bytes
[MESSAGE] From peer 1: 1024 bytes
[MESSAGE] From peer 1: 1024 bytes
[MESSAGE] From peer 1: 1024 bytes
[MESSAGE] From peer 1: 1024 bytes
[MESSAGE] From peer 1: 1024 bytes
[MESSAGE] From peer 1: 1024 bytes
[MESSAGE] From peer 1: 1024 bytes
[MESSAGE] From peer 1: 1024 bytes
[MESSAGE] From peer 1: 1024 bytes
[MESSAGE] From peer 1: 1024 bytes
[MESSAGE] From peer 1: 1024 bytes
[MESSAGE] From peer 1: 1024 bytes
[MESSAGE] From peer 1: 1024 bytes
[MESSAGE] From peer 1: 1024 bytes
[MESSAGE] From peer 1: 1024 bytes
[MESSAGE] From peer 1: 1024 bytes
[MESSAGE] From peer 1: 1024 bytes
[MESSAGE] From peer 1: 1024 bytes
[MESSAGE] From peer 1: 1024 bytes
[MESSAGE] From peer 1: 1024 bytes
[MESSAGE] From peer 1: 1024 bytes
[MESSAGE] From peer 1: 1024 bytes
[MESSAGE] From peer 1: 1024 bytes
[MESSAGE] From peer 1: 1024 bytes
[MESSAGE] From peer 1: 1024 bytes
[MESSAGE] From peer 1: 1024 bytes
[MESSAGE] From peer 1: 1024 bytes
[MESSAGE] From peer 1: 1024 bytes
[MESSAGE] From peer 1: 1024 bytes
[MESSAGE] From peer 1: 1024 bytes
[MESSAGE] From peer 1: 1024 bytes
[MESSAGE] From peer 1: 1024 bytes
[MESSAGE] From peer 1: 1024 bytes
[MESSAGE] From peer 1: 1024 bytes
[MESSAGE] From peer 1: 1024 bytes
[MESSAGE] From peer 1: 1024 bytes
[MESSAGE] From peer 1: 1024 bytes
[MESSAGE] From peer 1: 1024 bytes
[MESSAGE] From peer 1: 1024 bytes
[MESSAGE] From peer 1: 1024 bytes
[MESSAGE] From peer 1: 1024 bytes
[MESSAGE] From peer 1: 1024 bytes
[MESSAGE] From peer 1: 1024 bytes
[MESSAGE] From peer 1: 1024 bytes
[MESSAGE] From peer 1: 1024 bytes
[MESSAGE] From peer 1: 1024 bytes
[MESSAGE] From peer 1: 1024 bytes
[MESSAGE] From peer 1: 1024 bytes
[MESSAGE] From peer 1: 1024 bytes
[MESSAGE] From peer 1: 1024 bytes
[MESSAGE] From peer 1: 1024 bytes
[MESSAGE] From peer 1: 1024 bytes
[MESSAGE] From peer 1: 1024 bytes
[MESSAGE] From peer 1: 1024 bytes
[MESSAGE] From peer 1: 1024 bytes
[MESSAGE] From peer 1: 1024 bytes
[MESSAGE] From peer 1: 1024 bytes
[MESSAGE] From peer 1: 1024 bytes
[MESSAGE] From peer 1: 1024 bytes
[MESSAGE] From peer 1: 1024 bytes
[MESSAGE] From peer 1: 1024 bytes
[MESSAGE] From peer 1: 1024 bytes
[MESSAGE] From peer 1: 1024 bytes
[MESSAGE] From peer 1: 1024 bytes
[MESSAGE] From peer 1: 1024 bytes
[MESSAGE] From peer 1: 1024 bytes
[MESSAGE] From peer 1: 1024 bytes
[MESSAGE] From peer 1: 1024 bytes
[MESSAGE] From peer 1: 1024 bytes
[MESSAGE] From peer 1: 1024 bytes
[MESSAGE] From peer 1: 1024 bytes
[MESSAGE] From peer 1: 1024 bytes
[MESSAGE] From peer 1: 1024 bytes
[MESSAGE] From peer 1: 1024 bytes
[MESSAGE] From peer 1: 1024 bytes
[MESSAGE] From peer 1: 1024 bytes
[MESSAGE] From peer 1: 1024 bytes
[MESSAGE] From peer 1: 1024 bytes
[MESSAGE] From peer 1: 1024 bytes
[MESSAGE] From peer 1: 1024 bytes
[MESSAGE] From peer 1: 1024 bytes
[MESSAGE] From peer 1: 1024 bytes
[MESSAGE] From peer 1: 1024 bytes
[MESSAGE] From peer 1: 1024 bytes
[MESSAGE] From peer 1: 1024 bytes
[ECHO] 19400 messages echoed
[MESSAGE] From peer 1: 1024 bytes
[MESSAGE] From peer 1: 1024 bytes
[MESSAGE] From peer 1: 1024 bytes
[MESSAGE] From peer 1: 1024 bytes
[MESSAGE] From peer 1: 1024 bytes
[MESSAGE] From peer 1: 1024 bytes
[MESSAGE] From peer 1: 1024 bytes
[MESSAGE] From peer 1: 1024 bytes
[MESSAGE] From peer 1: 1024 bytes
[MESSAGE] From peer 1: 1024 bytes
[MESSAGE] From peer 1: 1024 bytes
[MESSAGE] From peer 1: 1024 bytes
[MESSAGE] From peer 1: 1024 bytes
[MESSAGE] From peer 1: 1024 bytes
[MESSAGE] From peer 1: 1024 bytes
[MESSAGE] From peer 1: 1024 bytes
[MESSAGE] From peer 1: 1024 bytes
[MESSAGE] From peer 1: 1024 bytes
[MESSAGE] From peer 1: 1024 bytes
[MESSAGE] From peer 1: 1024 bytes
[MESSAGE] From peer 1: 1024 bytes
[MESSAGE] From peer 1: 1024 bytes
[MESSAGE] From peer 1: 1024 bytes
[MESSAGE] From peer 1: 1024 bytes
[MESSAGE] From peer 1: 1024 bytes
[MESSAGE] From peer 1: 1024 bytes
[MESSAGE] From peer 1: 1024 bytes
[MESSAGE] From peer 1: 1024 bytes
[MESSAGE] From peer 1: 1024 bytes
[MESSAGE] From peer 1: 1024 bytes
[MESSAGE] From peer 1: 1024 bytes
[MESSAGE] From peer 1: 1024 bytes
[MESSAGE] From peer 1: 1024 bytes
[MESSAGE] From peer 1: 1024 bytes
[MESSAGE] From peer 1: 1024 bytes
[MESSAGE] From peer 1: 1024 bytes
[MESSAGE] From peer 1: 1024 bytes
[MESSAGE] From peer 1: 1024 bytes
[MESSAGE] From peer 1: 1024 bytes
[MESSAGE] From peer 1: 1024 bytes
[MESSAGE] From peer 1: 1024 bytes
[MESSAGE] From peer 1: 1024 bytes
[MESSAGE] From peer 1: 1024 bytes
[MESSAGE] From peer 1: 1024 bytes
[MESSAGE] From peer 1: 1024 bytes
[MESSAGE] From peer 1: 1024 bytes
[MESSAGE] From peer 1: 1024 bytes
[MESSAGE] From peer 1: 1024 bytes
[MESSAGE] From peer 1: 1024 bytes
[MESSAGE] From peer 1: 1024 bytes
[MESSAGE] From peer 1: 1024 bytes
[MESSAGE] From peer 1: 1024 bytes
[MESSAGE] From peer 1: 1024 bytes
[MESSAGE] From peer 1: 1024 bytes
[MESSAGE] From peer 1: 1024 bytes
[MESSAGE] From peer 1: 1024 bytes
[MESSAGE] From peer 1: 1024 bytes
[MESSAGE] From peer 1: 1024 bytes
[MESSAGE] From peer 1: 1024 bytes
[MESSAGE] From peer 1: 1024 bytes
[MESSAGE] From peer 1: 1024 bytes
[MESSAGE] From peer 1: 1024 bytes
[MESSAGE] From peer 1: 1024 bytes
[MESSAGE] From peer 1: 1024 bytes
[MESSAGE] From peer 1: 1024 bytes
[MESSAGE] From peer 1: 1024 bytes
[MESSAGE] From peer 1: 1024 bytes
[MESSAGE] From peer 1: 1024 bytes
[MESSAGE] From peer 1: 1024 bytes
[MESSAGE] From peer 1: 1024 bytes
[MESSAGE] From peer 1: 1024 bytes
[MESSAGE] From peer 1: 1024 bytes
[MESSAGE] From peer 1: 1024 bytes
[MESSAGE] From peer 1: 1024 bytes
[MESSAGE] From peer 1: 1024 bytes
[MESSAGE] From peer 1: 1024 bytes
[MESSAGE] From peer 1: 1024 bytes
[MESSAGE] From peer 1: 1024 bytes
[MESSAGE] From peer 1: 1024 bytes
[MESSAGE] From peer 1: 1024 bytes
[MESSAGE] From peer 1: 1024 bytes
[MESSAGE] From peer 1: 1024 bytes
[MESSAGE] From peer 1: 1024 bytes
[MESSAGE] From peer 1: 1024 bytes
[MESSAGE] From peer 1: 1024 bytes
[MESSAGE] From peer 1: 1024 bytes
[MESSAGE] From peer 1: 1024 bytes
[MESSAGE] From peer 1: 1024 bytes
[MESSAGE] From peer 1: 1024 bytes
[MESSAGE] From peer 1: 1024 bytes
[MESSAGE] From peer 1: 1024 bytes
[MESSAGE] From peer 1: 1024 bytes
[MESSAGE] From peer 1: 1024 bytes
[MESSAGE] From peer 1: 1024 bytes
[MESSAGE] From peer 1: 1024 bytes
[MESSAGE] From peer 1: 1024 bytes
[MESSAGE] From peer 1: 1024 bytes
[MESSAGE] From peer 1: 1024 bytes
[MESSAGE] From peer 1: 1024 bytes
[MESSAGE] From peer 1: 1024 bytes
[ECHO] 19500 messages echoed
[MESSAGE] From peer 1: 1024 bytes
[MESSAGE] From peer 1: 1024 bytes
[MESSAGE] From peer 1: 1024 bytes
[MESSAGE] From peer 1: 1024 bytes
[MESSAGE] From peer 1: 1024 bytes
[MESSAGE] From peer 1: 1024 bytes
[MESSAGE] From peer 1: 1024 bytes
[MESSAGE] From peer 1: 1024 bytes
[MESSAGE] From peer 1: 1024 bytes
[MESSAGE] From peer 1: 1024 bytes
[MESSAGE] From peer 1: 1024 bytes
[MESSAGE] From peer 1: 1024 bytes
[MESSAGE] From peer 1: 1024 bytes
[MESSAGE] From peer 1: 1024 bytes
[MESSAGE] From peer 1: 1024 bytes
[MESSAGE] From peer 1: 1024 bytes
[MESSAGE] From peer 1: 1024 bytes
[MESSAGE] From peer 1: 1024 bytes
[MESSAGE] From peer 1: 1024 bytes
[MESSAGE] From peer 1: 1024 bytes
[MESSAGE] From peer 1: 1024 bytes
[MESSAGE] From peer 1: 1024 bytes
[MESSAGE] From peer 1: 1024 bytes
[MESSAGE] From peer 1: 1024 bytes
[MESSAGE] From peer 1: 1024 bytes
[MESSAGE] From peer 1: 1024 bytes
[MESSAGE] From peer 1: 1024 bytes
[MESSAGE] From peer 1: 1024 bytes
[MESSAGE] From peer 1: 1024 bytes
[MESSAGE] From peer 1: 1024 bytes
[MESSAGE] From peer 1: 1024 bytes
[MESSAGE] From peer 1: 1024 bytes
[MESSAGE] From peer 1: 1024 bytes
[MESSAGE] From peer 1: 1024 bytes
[MESSAGE] From peer 1: 1024 bytes
[MESSAGE] From peer 1: 1024 bytes
[MESSAGE] From peer 1: 1024 bytes
[MESSAGE] From peer 1: 1024 bytes
[MESSAGE] From peer 1: 1024 bytes
[MESSAGE] From peer 1: 1024 bytes
[MESSAGE] From peer 1: 1024 bytes
[MESSAGE] From peer 1: 1024 bytes
[MESSAGE] From peer 1: 1024 bytes
[MESSAGE] From peer 1: 1024 bytes
[MESSAGE] From peer 1: 1024 bytes
[MESSAGE] From peer 1: 1024 bytes
[MESSAGE] From peer 1: 1024 bytes
[MESSAGE] From peer 1: 1024 bytes
[MESSAGE] From peer 1: 1024 bytes
[MESSAGE] From peer 1: 1024 bytes
[MESSAGE] From peer 1: 1024 bytes
[MESSAGE] From peer 1: 1024 bytes
[MESSAGE] From peer 1: 1024 bytes
[MESSAGE] From peer 1: 1024 bytes
[MESSAGE] From peer 1: 1024 bytes
[MESSAGE] From peer 1: 1024 bytes
[MESSAGE] From peer 1: 1024 bytes
[MESSAGE] From peer 1: 1024 bytes
[MESSAGE] From peer 1: 1024 bytes
[MESSAGE] From peer 1: 1024 bytes
[MESSAGE] From peer 1: 1024 bytes
[MESSAGE] From peer 1: 1024 bytes
[MESSAGE] From peer 1: 1024 bytes
[MESSAGE] From peer 1: 1024 bytes
[MESSAGE] From peer 1: 1024 bytes
[MESSAGE] From peer 1: 1024 bytes
[MESSAGE] From peer 1: 1024 bytes
[MESSAGE] From peer 1: 1024 bytes
[MESSAGE] From peer 1: 1024 bytes
[MESSAGE] From peer 1: 1024 bytes
[MESSAGE] From peer 1: 1024 bytes
[MESSAGE] From peer 1: 1024 bytes
[MESSAGE] From peer 1: 1024 bytes
[MESSAGE] From peer 1: 1024 bytes
[MESSAGE] From peer 1: 1024 bytes
[MESSAGE] From peer 1: 1024 bytes
[MESSAGE] From peer 1: 1024 bytes
[MESSAGE] From peer 1: 1024 bytes
[MESSAGE] From peer 1: 1024 bytes
[MESSAGE] From peer 1: 1024 bytes
[MESSAGE] From peer 1: 1024 bytes
[MESSAGE] From peer 1: 1024 bytes
[MESSAGE] From peer 1: 1024 bytes
[MESSAGE] From peer 1: 1024 bytes
[MESSAGE] From peer 1: 1024 bytes
[MESSAGE] From peer 1: 1024 bytes
[MESSAGE] From peer 1: 1024 bytes
[MESSAGE] From peer 1: 1024 bytes
[MESSAGE] From peer 1: 1024 bytes
[MESSAGE] From peer 1: 1024 bytes
[MESSAGE] From peer 1: 1024 bytes
[MESSAGE] From peer 1: 1024 bytes
[MESSAGE] From peer 1: 1024 bytes
[MESSAGE] From peer 1: 1024 bytes
[MESSAGE] From peer 1: 1024 bytes
[MESSAGE] From peer 1: 1024 bytes
[MESSAGE] From peer 1: 1024 bytes
[MESSAGE] From peer 1: 1024 bytes
[MESSAGE] From peer 1: 1024 bytes
[MESSAGE] From peer 1: 1024 bytes
[ECHO] 19600 messages echoed
[MESSAGE] From peer 1: 1024 bytes
[MESSAGE] From peer 1: 1024 bytes
[MESSAGE] From peer 1: 1024 bytes
[MESSAGE] From peer 1: 1024 bytes
[MESSAGE] From peer 1: 1024 bytes
[MESSAGE] From peer 1: 1024 bytes
[MESSAGE] From peer 1: 1024 bytes
[MESSAGE] From peer 1: 1024 bytes
[MESSAGE] From peer 1: 1024 bytes
[MESSAGE] From peer 1: 1024 bytes
[MESSAGE] From peer 1: 1024 bytes
[MESSAGE] From peer 1: 1024 bytes
[MESSAGE] From peer 1: 1024 bytes
[MESSAGE] From peer 1: 1024 bytes
[MESSAGE] From peer 1: 1024 bytes
[MESSAGE] From peer 1: 1024 bytes
[MESSAGE] From peer 1: 1024 bytes
[MESSAGE] From peer 1: 1024 bytes
[MESSAGE] From peer 1: 1024 bytes
[MESSAGE] From peer 1: 1024 bytes
[MESSAGE] From peer 1: 1024 bytes
[MESSAGE] From peer 1: 1024 bytes
[MESSAGE] From peer 1: 1024 bytes
[MESSAGE] From peer 1: 1024 bytes
[MESSAGE] From peer 1: 1024 bytes
[MESSAGE] From peer 1: 1024 bytes
[MESSAGE] From peer 1: 1024 bytes
[MESSAGE] From peer 1: 1024 bytes
[MESSAGE] From peer 1: 1024 bytes
[MESSAGE] From peer 1: 1024 bytes
[MESSAGE] From peer 1: 1024 bytes
[MESSAGE] From peer 1: 1024 bytes
[MESSAGE] From peer 1: 1024 bytes
[MESSAGE] From peer 1: 1024 bytes
[MESSAGE] From peer 1: 1024 bytes
[MESSAGE] From peer 1: 1024 bytes
[MESSAGE] From peer 1: 1024 bytes
[MESSAGE] From peer 1: 1024 bytes
[MESSAGE] From peer 1: 1024 bytes
[MESSAGE] From peer 1: 1024 bytes
[MESSAGE] From peer 1: 1024 bytes
[MESSAGE] From peer 1: 1024 bytes
[MESSAGE] From peer 1: 1024 bytes
[MESSAGE] From peer 1: 1024 bytes
[MESSAGE] From peer 1: 1024 bytes
[MESSAGE] From peer 1: 1024 bytes
[MESSAGE] From peer 1: 1024 bytes
[MESSAGE] From peer 1: 1024 bytes
[MESSAGE] From peer 1: 1024 bytes
[MESSAGE] From peer 1: 1024 bytes
[MESSAGE] From peer 1: 1024 bytes
[MESSAGE] From peer 1: 1024 bytes
[MESSAGE] From peer 1: 1024 bytes
[MESSAGE] From peer 1: 1024 bytes
[MESSAGE] From peer 1: 1024 bytes
[MESSAGE] From peer 1: 1024 bytes
[MESSAGE] From peer 1: 1024 bytes
[MESSAGE] From peer 1: 1024 bytes
[MESSAGE] From peer 1: 1024 bytes
[MESSAGE] From peer 1: 1024 bytes
[MESSAGE] From peer 1: 1024 bytes
[MESSAGE] From peer 1: 1024 bytes
[MESSAGE] From peer 1: 1024 bytes
[MESSAGE] From peer 1: 1024 bytes
[MESSAGE] From peer 1: 1024 bytes
[MESSAGE] From peer 1: 1024 bytes
[MESSAGE] From peer 1: 1024 bytes
[MESSAGE] From peer 1: 1024 bytes
[MESSAGE] From peer 1: 1024 bytes
[MESSAGE] From peer 1: 1024 bytes
[MESSAGE] From peer 1: 1024 bytes
[MESSAGE] From peer 1: 1024 bytes
[MESSAGE] From peer 1: 1024 bytes
[MESSAGE] From peer 1: 1024 bytes
[MESSAGE] From peer 1: 1024 bytes
[MESSAGE] From peer 1: 1024 bytes
[MESSAGE] From peer 1: 1024 bytes
[MESSAGE] From peer 1: 1024 bytes
[MESSAGE] From peer 1: 1024 bytes
[MESSAGE] From peer 1: 1024 bytes
[MESSAGE] From peer 1: 1024 bytes
[MESSAGE] From peer 1: 1024 bytes
[MESSAGE] From peer 1: 1024 bytes
[MESSAGE] From peer 1: 1024 bytes
[MESSAGE] From peer 1: 1024 bytes
[MESSAGE] From peer 1: 1024 bytes
[MESSAGE] From peer 1: 1024 bytes
[MESSAGE] From peer 1: 1024 bytes
[MESSAGE] From peer 1: 1024 bytes
[MESSAGE] From peer 1: 1024 bytes
[MESSAGE] From peer 1: 1024 bytes
[MESSAGE] From peer 1: 1024 bytes
[MESSAGE] From peer 1: 1024 bytes
[MESSAGE] From peer 1: 1024 bytes
[MESSAGE] From peer 1: 1024 bytes
[MESSAGE] From peer 1: 1024 bytes
[MESSAGE] From peer 1: 1024 bytes
[MESSAGE] From peer 1: 1024 bytes
[MESSAGE] From peer 1: 1024 bytes
[MESSAGE] From peer 1: 1024 bytes
[ECHO] 19700 messages echoed
[MESSAGE] From peer 1: 1024 bytes
[MESSAGE] From peer 1: 1024 bytes
[MESSAGE] From peer 1: 1024 bytes
[MESSAGE] From peer 1: 1024 bytes
[MESSAGE] From peer 1: 1024 bytes
[MESSAGE] From peer 1: 1024 bytes
[MESSAGE] From peer 1: 1024 bytes
[MESSAGE] From peer 1: 1024 bytes
[MESSAGE] From peer 1: 1024 bytes
[MESSAGE] From peer 1: 1024 bytes
[MESSAGE] From peer 1: 1024 bytes
[MESSAGE] From peer 1: 1024 bytes
[MESSAGE] From peer 1: 1024 bytes
[MESSAGE] From peer 1: 1024 bytes
[MESSAGE] From peer 1: 1024 bytes
[MESSAGE] From peer 1: 1024 bytes
[MESSAGE] From peer 1: 1024 bytes
[MESSAGE] From peer 1: 1024 bytes
[MESSAGE] From peer 1: 1024 bytes
[MESSAGE] From peer 1: 1024 bytes
[MESSAGE] From peer 1: 1024 bytes
[MESSAGE] From peer 1: 1024 bytes
[MESSAGE] From peer 1: 1024 bytes
[MESSAGE] From peer 1: 1024 bytes
[MESSAGE] From peer 1: 1024 bytes
[MESSAGE] From peer 1: 1024 bytes
[MESSAGE] From peer 1: 1024 bytes
[MESSAGE] From peer 1: 1024 bytes
[MESSAGE] From peer 1: 1024 bytes
[MESSAGE] From peer 1: 1024 bytes
[MESSAGE] From peer 1: 1024 bytes
[MESSAGE] From peer 1: 1024 bytes
[MESSAGE] From peer 1: 1024 bytes
[MESSAGE] From peer 1: 1024 bytes
[MESSAGE] From peer 1: 1024 bytes
[MESSAGE] From peer 1: 1024 bytes
[MESSAGE] From peer 1: 1024 bytes
[MESSAGE] From peer 1: 1024 bytes
[MESSAGE] From peer 1: 1024 bytes
[MESSAGE] From peer 1: 1024 bytes
[MESSAGE] From peer 1: 1024 bytes
[MESSAGE] From peer 1: 1024 bytes
[MESSAGE] From peer 1: 1024 bytes
[MESSAGE] From peer 1: 1024 bytes
[MESSAGE] From peer 1: 1024 bytes
[MESSAGE] From peer 1: 1024 bytes
[MESSAGE] From peer 1: 1024 bytes
[MESSAGE] From peer 1: 1024 bytes
[MESSAGE] From peer 1: 1024 bytes
[MESSAGE] From peer 1: 1024 bytes
[MESSAGE] From peer 1: 1024 bytes
[MESSAGE] From peer 1: 1024 bytes
[MESSAGE] From peer 1: 1024 bytes
[MESSAGE] From peer 1: 1024 bytes
[MESSAGE] From peer 1: 1024 bytes
[MESSAGE] From peer 1: 1024 bytes
[MESSAGE] From peer 1: 1024 bytes
[MESSAGE] From peer 1: 1024 bytes
[MESSAGE] From peer 1: 1024 bytes
[MESSAGE] From peer 1: 1024 bytes
[MESSAGE] From peer 1: 1024 bytes
[MESSAGE] From peer 1: 1024 bytes
[MESSAGE] From peer 1: 1024 bytes
[MESSAGE] From peer 1: 1024 bytes
[MESSAGE] From peer 1: 1024 bytes
[MESSAGE] From peer 1: 1024 bytes
[MESSAGE] From peer 1: 1024 bytes
[MESSAGE] From peer 1: 1024 bytes
[MESSAGE] From peer 1: 1024 bytes
[MESSAGE] From peer 1: 1024 bytes
[MESSAGE] From peer 1: 1024 bytes
[MESSAGE] From peer 1: 1024 bytes
[MESSAGE] From peer 1: 1024 bytes
[MESSAGE] From peer 1: 1024 bytes
[MESSAGE] From peer 1: 1024 bytes
[MESSAGE] From peer 1: 1024 bytes
[MESSAGE] From peer 1: 1024 bytes
[MESSAGE] From peer 1: 1024 bytes
[MESSAGE] From peer 1: 1024 bytes
[MESSAGE] From peer 1: 1024 bytes
[MESSAGE] From peer 1: 1024 bytes
[MESSAGE] From peer 1: 1024 bytes
[MESSAGE] From peer 1: 1024 bytes
[MESSAGE] From peer 1: 1024 bytes
[MESSAGE] From peer 1: 1024 bytes
[MESSAGE] From peer 1: 1024 bytes
[MESSAGE] From peer 1: 1024 bytes
[MESSAGE] From peer 1: 1024 bytes
[MESSAGE] From peer 1: 1024 bytes
[MESSAGE] From peer 1: 1024 bytes
[MESSAGE] From peer 1: 1024 bytes
[MESSAGE] From peer 1: 1024 bytes
[MESSAGE] From peer 1: 1024 bytes
[MESSAGE] From peer 1: 1024 bytes
[MESSAGE] From peer 1: 1024 bytes
[MESSAGE] From peer 1: 1024 bytes
[MESSAGE] From peer 1: 1024 bytes
[MESSAGE] From peer 1: 1024 bytes
[MESSAGE] From peer 1: 1024 bytes
[MESSAGE] From peer 1: 1024 bytes
[ECHO] 19800 messages echoed
[MESSAGE] From peer 1: 1024 bytes
[MESSAGE] From peer 1: 1024 bytes
[MESSAGE] From peer 1: 1024 bytes
[MESSAGE] From peer 1: 1024 bytes
[MESSAGE] From peer 1: 1024 bytes
[MESSAGE] From peer 1: 1024 bytes
[MESSAGE] From peer 1: 1024 bytes
[MESSAGE] From peer 1: 1024 bytes
[MESSAGE] From peer 1: 1024 bytes
[MESSAGE] From peer 1: 1024 bytes
[MESSAGE] From peer 1: 1024 bytes
[MESSAGE] From peer 1: 1024 bytes
[MESSAGE] From peer 1: 1024 bytes
[MESSAGE] From peer 1: 1024 bytes
[MESSAGE] From peer 1: 1024 bytes
[MESSAGE] From peer 1: 1024 bytes
[MESSAGE] From peer 1: 1024 bytes
[MESSAGE] From peer 1: 1024 bytes
[MESSAGE] From peer 1: 1024 bytes
[MESSAGE] From peer 1: 1024 bytes
[MESSAGE] From peer 1: 1024 bytes
[MESSAGE] From peer 1: 1024 bytes
[MESSAGE] From peer 1: 1024 bytes
[MESSAGE] From peer 1: 1024 bytes
[MESSAGE] From peer 1: 1024 bytes
[MESSAGE] From peer 1: 1024 bytes
[MESSAGE] From peer 1: 1024 bytes
[MESSAGE] From peer 1: 1024 bytes
[MESSAGE] From peer 1: 1024 bytes
[MESSAGE] From peer 1: 1024 bytes
[MESSAGE] From peer 1: 1024 bytes
[MESSAGE] From peer 1: 1024 bytes
[MESSAGE] From peer 1: 1024 bytes
[MESSAGE] From peer 1: 1024 bytes
[MESSAGE] From peer 1: 1024 bytes
[MESSAGE] From peer 1: 1024 bytes
[MESSAGE] From peer 1: 1024 bytes
[MESSAGE] From peer 1: 1024 bytes
[STATUS] 3680 sec: peers=25, msgs=19848, connected=yes
[MESSAGE] From peer 1: 1024 bytes
[MESSAGE] From peer 1: 1024 bytes
[MESSAGE] From peer 1: 1024 bytes
[MESSAGE] From peer 1: 1024 bytes
[MESSAGE] From peer 1: 1024 bytes
[MESSAGE] From peer 1: 1024 bytes
[MESSAGE] From peer 1: 1024 bytes
[MESSAGE] From peer 1: 1024 bytes
[MESSAGE] From peer 1: 1024 bytes
[MESSAGE] From peer 1: 1024 bytes
[MESSAGE] From peer 1: 1024 bytes
[MESSAGE] From peer 1: 1024 bytes
[MESSAGE] From peer 1: 1024 bytes
[MESSAGE] From peer 1: 1024 bytes
[MESSAGE] From peer 1: 1024 bytes
[MESSAGE] From peer 1: 1024 bytes
[MESSAGE] From peer 1: 1024 bytes
[MESSAGE] From peer 1: 1024 bytes
[MESSAGE] From peer 1: 1024 bytes
[MESSAGE] From peer 1: 1024 bytes
[MESSAGE] From peer 1: 1024 bytes
[MESSAGE] From peer 1: 1024 bytes
[MESSAGE] From peer 1: 1024 bytes
[MESSAGE] From peer 1: 1024 bytes
[MESSAGE] From peer 1: 1024 bytes
[MESSAGE] From peer 1: 1024 bytes
[MESSAGE] From peer 1: 1024 bytes
[MESSAGE] From peer 1: 1024 bytes
[MESSAGE] From peer 1: 1024 bytes
[MESSAGE] From peer 1: 1024 bytes
[MESSAGE] From peer 1: 1024 bytes
[MESSAGE] From peer 1: 1024 bytes
[MESSAGE] From peer 1: 1024 bytes
[MESSAGE] From peer 1: 1024 bytes
[MESSAGE] From peer 1: 1024 bytes
[MESSAGE] From peer 1: 1024 bytes
[MESSAGE] From peer 1: 1024 bytes
[MESSAGE] From peer 1: 1024 bytes
[MESSAGE] From peer 1: 1024 bytes
[MESSAGE] From peer 1: 1024 bytes
[MESSAGE] From peer 1: 1024 bytes
[MESSAGE] From peer 1: 1024 bytes
[MESSAGE] From peer 1: 1024 bytes
[MESSAGE] From peer 1: 1024 bytes
[MESSAGE] From peer 1: 1024 bytes
[MESSAGE] From peer 1: 1024 bytes
[MESSAGE] From peer 1: 1024 bytes
[MESSAGE] From peer 1: 1024 bytes
[MESSAGE] From peer 1: 1024 bytes
[MESSAGE] From peer 1: 1024 bytes
[MESSAGE] From peer 1: 1024 bytes
[MESSAGE] From peer 1: 1024 bytes
[MESSAGE] From peer 1: 1024 bytes
[MESSAGE] From peer 1: 1024 bytes
[MESSAGE] From peer 1: 1024 bytes
[MESSAGE] From peer 1: 1024 bytes
[MESSAGE] From peer 1: 1024 bytes
[MESSAGE] From peer 1: 1024 bytes
[MESSAGE] From peer 1: 1024 bytes
[MESSAGE] From peer 1: 1024 bytes
[MESSAGE] From peer 1: 1024 bytes
[MESSAGE] From peer 1: 1024 bytes
[ECHO] 19900 messages echoed
[MESSAGE] From peer 1: 1024 bytes
[MESSAGE] From peer 1: 1024 bytes
[MESSAGE] From peer 1: 1024 bytes
[MESSAGE] From peer 1: 1024 bytes
[MESSAGE] From peer 1: 1024 bytes
[MESSAGE] From peer 1: 1024 bytes
[MESSAGE] From peer 1: 1024 bytes
[MESSAGE] From peer 1: 1024 bytes
[MESSAGE] From peer 1: 1024 bytes
[MESSAGE] From peer 1: 1024 bytes
[MESSAGE] From peer 1: 1024 bytes
[MESSAGE] From peer 1: 1024 bytes
[MESSAGE] From peer 1: 1024 bytes
[MESSAGE] From peer 1: 1024 bytes
[MESSAGE] From peer 1: 1024 bytes
[MESSAGE] From peer 1: 1024 bytes
[MESSAGE] From peer 1: 1024 bytes
[MESSAGE] From peer 1: 1024 bytes
[MESSAGE] From peer 1: 1024 bytes
[MESSAGE] From peer 1: 1024 bytes
[MESSAGE] From peer 1: 1024 bytes
[MESSAGE] From peer 1: 1024 bytes
[MESSAGE] From peer 1: 1024 bytes
[MESSAGE] From peer 1: 1024 bytes
[MESSAGE] From peer 1: 1024 bytes
[MESSAGE] From peer 1: 1024 bytes
[MESSAGE] From peer 1: 1024 bytes
[MESSAGE] From peer 1: 1024 bytes
[MESSAGE] From peer 1: 1024 bytes
[MESSAGE] From peer 1: 1024 bytes
[MESSAGE] From peer 1: 1024 bytes
[MESSAGE] From peer 1: 1024 bytes
[MESSAGE] From peer 1: 1024 bytes
[MESSAGE] From peer 1: 1024 bytes
[MESSAGE] From peer 1: 1024 bytes
[MESSAGE] From peer 1: 1024 bytes
[MESSAGE] From peer 1: 1024 bytes
[MESSAGE] From peer 1: 1024 bytes
[MESSAGE] From peer 1: 1024 bytes
[MESSAGE] From peer 1: 1024 bytes
[MESSAGE] From peer 1: 1024 bytes
[MESSAGE] From peer 1: 1024 bytes
[MESSAGE] From peer 1: 1024 bytes
[MESSAGE] From peer 1: 1024 bytes
[MESSAGE] From peer 1: 1024 bytes
[MESSAGE] From peer 1: 1024 bytes
[MESSAGE] From peer 1: 1024 bytes
[MESSAGE] From peer 1: 1024 bytes
[MESSAGE] From peer 1: 1024 bytes
[MESSAGE] From peer 1: 1024 bytes
[MESSAGE] From peer 1: 1024 bytes
[MESSAGE] From peer 1: 1024 bytes
[MESSAGE] From peer 1: 1024 bytes
[MESSAGE] From peer 1: 1024 bytes
[MESSAGE] From peer 1: 1024 bytes
[MESSAGE] From peer 1: 1024 bytes
[MESSAGE] From peer 1: 1024 bytes
[MESSAGE] From peer 1: 1024 bytes
[MESSAGE] From peer 1: 1024 bytes
[MESSAGE] From peer 1: 1024 bytes
[MESSAGE] From peer 1: 1024 bytes
[MESSAGE] From peer 1: 1024 bytes
[MESSAGE] From peer 1: 1024 bytes
[MESSAGE] From peer 1: 1024 bytes
[MESSAGE] From peer 1: 1024 bytes
[MESSAGE] From peer 1: 1024 bytes
[MESSAGE] From peer 1: 1024 bytes
[MESSAGE] From peer 1: 1024 bytes
[MESSAGE] From peer 1: 1024 bytes
[MESSAGE] From peer 1: 1024 bytes
[MESSAGE] From peer 1: 1024 bytes
[MESSAGE] From peer 1: 1024 bytes
[MESSAGE] From peer 1: 1024 bytes
[MESSAGE] From peer 1: 1024 bytes
[MESSAGE] From peer 1: 1024 bytes
[MESSAGE] From peer 1: 1024 bytes
[MESSAGE] From peer 1: 1024 bytes
[MESSAGE] From peer 1: 1024 bytes
[MESSAGE] From peer 1: 1024 bytes
[MESSAGE] From peer 1: 1024 bytes
[MESSAGE] From peer 1: 1024 bytes
[MESSAGE] From peer 1: 1024 bytes
[MESSAGE] From peer 1: 1024 bytes
[MESSAGE] From peer 1: 1024 bytes
[MESSAGE] From peer 1: 1024 bytes
[MESSAGE] From peer 1: 1024 bytes
[MESSAGE] From peer 1: 1024 bytes
[MESSAGE] From peer 1: 1024 bytes
[MESSAGE] From peer 1: 1024 bytes
[MESSAGE] From peer 1: 1024 bytes
[MESSAGE] From peer 1: 1024 bytes
[MESSAGE] From peer 1: 1024 bytes
[MESSAGE] From peer 1: 1024 bytes
[MESSAGE] From peer 1: 1024 bytes
[MESSAGE] From peer 1: 1024 bytes
[MESSAGE] From peer 1: 1024 bytes
[MESSAGE] From peer 1: 1024 bytes
[MESSAGE] From peer 1: 1024 bytes
[MESSAGE] From peer 1: 1024 bytes
[MESSAGE] From peer 1: 1024 bytes
[ECHO] 20000 messages echoed
[MESSAGE] From peer 1: 1024 bytes
[MESSAGE] From peer 1: 1024 bytes
[MESSAGE] From peer 1: 1024 bytes
[MESSAGE] From peer 1: 1024 bytes
[MESSAGE] From peer 1: 1024 bytes
[MESSAGE] From peer 1: 1024 bytes
[MESSAGE] From peer 1: 1024 bytes
[MESSAGE] From peer 1: 1024 bytes
[MESSAGE] From peer 1: 1024 bytes
[MESSAGE] From peer 1: 1024 bytes
[MESSAGE] From peer 1: 1024 bytes
[MESSAGE] From peer 1: 1024 bytes
[MESSAGE] From peer 1: 1024 bytes
[MESSAGE] From peer 1: 1024 bytes
[MESSAGE] From peer 1: 1024 bytes
[MESSAGE] From peer 1: 1024 bytes
[MESSAGE] From peer 1: 1024 bytes
[MESSAGE] From peer 1: 1024 bytes
[MESSAGE] From peer 1: 1024 bytes
[MESSAGE] From peer 1: 1024 bytes
[MESSAGE] From peer 1: 1024 bytes
[MESSAGE] From peer 1: 1024 bytes
[MESSAGE] From peer 1: 1024 bytes
[MESSAGE] From peer 1: 1024 bytes
[MESSAGE] From peer 1: 1024 bytes
[MESSAGE] From peer 1: 1024 bytes
[MESSAGE] From peer 1: 1024 bytes
[MESSAGE] From peer 1: 1024 bytes
[MESSAGE] From peer 1: 1024 bytes
[MESSAGE] From peer 1: 1024 bytes
[MESSAGE] From peer 1: 1024 bytes
[MESSAGE] From peer 1: 1024 bytes
[MESSAGE] From peer 1: 1024 bytes
[MESSAGE] From peer 1: 1024 bytes
[MESSAGE] From peer 1: 1024 bytes
[MESSAGE] From peer 1: 1024 bytes
[MESSAGE] From peer 1: 1024 bytes
[MESSAGE] From peer 1: 1024 bytes
[MESSAGE] From peer 1: 1024 bytes
[MESSAGE] From peer 1: 1024 bytes
[MESSAGE] From peer 1: 1024 bytes
[MESSAGE] From peer 1: 1024 bytes
[MESSAGE] From peer 1: 1024 bytes
[MESSAGE] From peer 1: 1024 bytes
[MESSAGE] From peer 1: 1024 bytes
[MESSAGE] From peer 1: 1024 bytes
[MESSAGE] From peer 1: 1024 bytes
[MESSAGE] From peer 1: 1024 bytes
[MESSAGE] From peer 1: 1024 bytes
[MESSAGE] From peer 1: 1024 bytes
[MESSAGE] From peer 1: 1024 bytes
[MESSAGE] From peer 1: 1024 bytes
[MESSAGE] From peer 1: 1024 bytes
[MESSAGE] From peer 1: 1024 bytes
[MESSAGE] From peer 1: 1024 bytes
[MESSAGE] From peer 1: 1024 bytes
[MESSAGE] From peer 1: 1024 bytes
[MESSAGE] From peer 1: 1024 bytes
[MESSAGE] From peer 1: 1024 bytes
[MESSAGE] From peer 1: 1024 bytes
[MESSAGE] From peer 1: 1024 bytes
[MESSAGE] From peer 1: 1024 bytes
[MESSAGE] From peer 1: 1024 bytes
[MESSAGE] From peer 1: 1024 bytes
[MESSAGE] From peer 1: 1024 bytes
[MESSAGE] From peer 1: 1024 bytes
[MESSAGE] From peer 1: 1024 bytes
[MESSAGE] From peer 1: 1024 bytes
[MESSAGE] From peer 1: 1024 bytes
[MESSAGE] From peer 1: 1024 bytes
[MESSAGE] From peer 1: 1024 bytes
[MESSAGE] From peer 1: 1024 bytes
[MESSAGE] From peer 1: 1024 bytes
[MESSAGE] From peer 1: 1024 bytes
[MESSAGE] From peer 1: 1024 bytes
[MESSAGE] From peer 1: 1024 bytes
[MESSAGE] From peer 1: 1024 bytes
[MESSAGE] From peer 1: 1024 bytes
[MESSAGE] From peer 1: 1024 bytes
[MESSAGE] From peer 1: 1024 bytes
[MESSAGE] From peer 1: 1024 bytes
[MESSAGE] From peer 1: 1024 bytes
[MESSAGE] From peer 1: 1024 bytes
[MESSAGE] From peer 1: 1024 bytes
[MESSAGE] From peer 1: 1024 bytes
[MESSAGE] From peer 1: 1024 bytes
[MESSAGE] From peer 1: 1024 bytes
[MESSAGE] From peer 1: 1024 bytes
[MESSAGE] From peer 1: 1024 bytes
[MESSAGE] From peer 1: 1024 bytes
[MESSAGE] From peer 1: 1024 bytes
[MESSAGE] From peer 1: 1024 bytes
[MESSAGE] From peer 1: 1024 bytes
[MESSAGE] From peer 1: 1024 bytes
[MESSAGE] From peer 1: 1024 bytes
[MESSAGE] From peer 1: 1024 bytes
[MESSAGE] From peer 1: 1024 bytes
[MESSAGE] From peer 1: 1024 bytes
[MESSAGE] From peer 1: 1024 bytes
[MESSAGE] From peer 1: 1024 bytes
[ECHO] 20100 messages echoed
[MESSAGE] From peer 1: 1024 bytes
[MESSAGE] From peer 1: 1024 bytes
[MESSAGE] From peer 1: 1024 bytes
[MESSAGE] From peer 1: 1024 bytes
[MESSAGE] From peer 1: 1024 bytes
[MESSAGE] From peer 1: 1024 bytes
[MESSAGE] From peer 1: 1024 bytes
[MESSAGE] From peer 1: 1024 bytes
[MESSAGE] From peer 1: 1024 bytes
[MESSAGE] From peer 1: 1024 bytes
[MESSAGE] From peer 1: 1024 bytes
[MESSAGE] From peer 1: 1024 bytes
[MESSAGE] From peer 1: 1024 bytes
[MESSAGE] From peer 1: 1024 bytes
[MESSAGE] From peer 1: 1024 bytes
[MESSAGE] From peer 1: 1024 bytes
[MESSAGE] From peer 1: 1024 bytes
[MESSAGE] From peer 1: 1024 bytes
[MESSAGE] From peer 1: 1024 bytes
[MESSAGE] From peer 1: 1024 bytes
[MESSAGE] From peer 1: 1024 bytes
[MESSAGE] From peer 1: 1024 bytes
[MESSAGE] From peer 1: 1024 bytes
[MESSAGE] From peer 1: 1024 bytes
[MESSAGE] From peer 1: 1024 bytes
[MESSAGE] From peer 1: 1024 bytes
[MESSAGE] From peer 1: 1024 bytes
[MESSAGE] From peer 1: 1024 bytes
[MESSAGE] From peer 1: 1024 bytes
[MESSAGE] From peer 1: 1024 bytes
[MESSAGE] From peer 1: 1024 bytes
[MESSAGE] From peer 1: 1024 bytes
[MESSAGE] From peer 1: 1024 bytes
[MESSAGE] From peer 1: 1024 bytes
[MESSAGE] From peer 1: 1024 bytes
[MESSAGE] From peer 1: 1024 bytes
[MESSAGE] From peer 1: 1024 bytes
[MESSAGE] From peer 1: 1024 bytes
[MESSAGE] From peer 1: 1024 bytes
[MESSAGE] From peer 1: 1024 bytes
[MESSAGE] From peer 1: 1024 bytes
[MESSAGE] From peer 1: 1024 bytes
[MESSAGE] From peer 1: 1024 bytes
[MESSAGE] From peer 1: 1024 bytes
[MESSAGE] From peer 1: 1024 bytes
[MESSAGE] From peer 1: 1024 bytes
[MESSAGE] From peer 1: 1024 bytes
[MESSAGE] From peer 1: 1024 bytes
[MESSAGE] From peer 1: 1024 bytes
[MESSAGE] From peer 1: 1024 bytes
[MESSAGE] From peer 1: 1024 bytes
[MESSAGE] From peer 1: 1024 bytes
[MESSAGE] From peer 1: 1024 bytes
[MESSAGE] From peer 1: 1024 bytes
[MESSAGE] From peer 1: 1024 bytes
[MESSAGE] From peer 1: 1024 bytes
[MESSAGE] From peer 1: 1024 bytes
[MESSAGE] From peer 1: 1024 bytes
[MESSAGE] From peer 1: 1024 bytes
[MESSAGE] From peer 1: 1024 bytes
[MESSAGE] From peer 1: 1024 bytes
[MESSAGE] From peer 1: 1024 bytes
[MESSAGE] From peer 1: 1024 bytes
[MESSAGE] From peer 1: 1024 bytes
[MESSAGE] From peer 1: 1024 bytes
[MESSAGE] From peer 1: 1024 bytes
[MESSAGE] From peer 1: 1024 bytes
[MESSAGE] From peer 1: 1024 bytes
[MESSAGE] From peer 1: 1024 bytes
[MESSAGE] From peer 1: 1024 bytes
[MESSAGE] From peer 1: 1024 bytes
[MESSAGE] From peer 1: 1024 bytes
[MESSAGE] From peer 1: 1024 bytes
[MESSAGE] From peer 1: 1024 bytes
[MESSAGE] From peer 1: 1024 bytes
[MESSAGE] From peer 1: 1024 bytes
[MESSAGE] From peer 1: 1024 bytes
[MESSAGE] From peer 1: 1024 bytes
[MESSAGE] From peer 1: 1024 bytes
[MESSAGE] From peer 1: 1024 bytes
[MESSAGE] From peer 1: 1024 bytes
[MESSAGE] From peer 1: 1024 bytes
[MESSAGE] From peer 1: 1024 bytes
[MESSAGE] From peer 1: 1024 bytes
[MESSAGE] From peer 1: 1024 bytes
[MESSAGE] From peer 1: 1024 bytes
[MESSAGE] From peer 1: 1024 bytes
[MESSAGE] From peer 1: 1024 bytes
[MESSAGE] From peer 1: 1024 bytes
[MESSAGE] From peer 1: 1024 bytes
[MESSAGE] From peer 1: 1024 bytes
[MESSAGE] From peer 1: 1024 bytes
[MESSAGE] From peer 1: 1024 bytes
[MESSAGE] From peer 1: 1024 bytes
[MESSAGE] From peer 1: 1024 bytes
[MESSAGE] From peer 1: 1024 bytes
[MESSAGE] From peer 1: 1024 bytes
[MESSAGE] From peer 1: 1024 bytes
[MESSAGE] From peer 1: 1024 bytes
[MESSAGE] From peer 1: 1024 bytes
[ECHO] 20200 messages echoed
[MESSAGE] From peer 1: 1024 bytes
[MESSAGE] From peer 1: 1024 bytes
[MESSAGE] From peer 1: 1024 bytes
[MESSAGE] From peer 1: 1024 bytes
[MESSAGE] From peer 1: 1024 bytes
[MESSAGE] From peer 1: 1024 bytes
[MESSAGE] From peer 1: 1024 bytes
[MESSAGE] From peer 1: 1024 bytes
[MESSAGE] From peer 1: 1024 bytes
[MESSAGE] From peer 1: 1024 bytes
[MESSAGE] From peer 1: 1024 bytes
[MESSAGE] From peer 1: 1024 bytes
[MESSAGE] From peer 1: 1024 bytes
[MESSAGE] From peer 1: 1024 bytes
[MESSAGE] From peer 1: 1024 bytes
[MESSAGE] From peer 1: 1024 bytes
[MESSAGE] From peer 1: 1024 bytes
[MESSAGE] From peer 1: 1024 bytes
[MESSAGE] From peer 1: 1024 bytes
[MESSAGE] From peer 1: 1024 bytes
[MESSAGE] From peer 1: 1024 bytes
[DISCOVERED] Peer 2: "MacThroughput" at 10.188.1.213:7354
[MESSAGE] From peer 1: 1024 bytes
[MESSAGE] From peer 1: 1024 bytes
[MESSAGE] From peer 1: 1024 bytes
[MESSAGE] From peer 1: 1024 bytes
[MESSAGE] From peer 1: 1024 bytes
[MESSAGE] From peer 1: 1024 bytes
[MESSAGE] From peer 1: 1024 bytes
[MESSAGE] From peer 1: 1024 bytes
[MESSAGE] From peer 1: 1024 bytes
[MESSAGE] From peer 1: 1024 bytes
[MESSAGE] From peer 1: 1024 bytes
[MESSAGE] From peer 1: 1024 bytes
[MESSAGE] From peer 1: 1024 bytes
[MESSAGE] From peer 1: 1024 bytes
[MESSAGE] From peer 1: 1024 bytes
[MESSAGE] From peer 1: 1024 bytes
[MESSAGE] From peer 1: 1024 bytes
[MESSAGE] From peer 1: 1024 bytes
[MESSAGE] From peer 1: 1024 bytes
[MESSAGE] From peer 1: 1024 bytes
[MESSAGE] From peer 1: 1024 bytes
[MESSAGE] From peer 1: 1024 bytes
[MESSAGE] From peer 1: 1024 bytes
[MESSAGE] From peer 1: 1024 bytes
[MESSAGE] From peer 1: 1024 bytes
[MESSAGE] From peer 1: 1024 bytes
[MESSAGE] From peer 1: 1024 bytes
[MESSAGE] From peer 1: 1024 bytes
[MESSAGE] From peer 1: 1024 bytes
[MESSAGE] From peer 1: 1024 bytes
[MESSAGE] From peer 1: 1024 bytes
[MESSAGE] From peer 1: 1024 bytes
[MESSAGE] From peer 1: 1024 bytes
[MESSAGE] From peer 1: 1024 bytes
[MESSAGE] From peer 1: 1024 bytes
[MESSAGE] From peer 1: 1024 bytes
[MESSAGE] From peer 1: 1024 bytes
[MESSAGE] From peer 1: 1024 bytes
[MESSAGE] From peer 1: 1024 bytes
[MESSAGE] From peer 1: 1024 bytes
[MESSAGE] From peer 1: 1024 bytes
[MESSAGE] From peer 1: 1024 bytes
[MESSAGE] From peer 1: 1024 bytes
[MESSAGE] From peer 1: 1024 bytes
[MESSAGE] From peer 1: 1024 bytes
[MESSAGE] From peer 1: 1024 bytes
[MESSAGE] From peer 1: 1024 bytes
[MESSAGE] From peer 1: 1024 bytes
[MESSAGE] From peer 1: 1024 bytes
[MESSAGE] From peer 1: 1024 bytes
[MESSAGE] From peer 1: 1024 bytes
[MESSAGE] From peer 1: 1024 bytes
[MESSAGE] From peer 1: 1024 bytes
[MESSAGE] From peer 1: 1024 bytes
[MESSAGE] From peer 1: 1024 bytes
[MESSAGE] From peer 1: 1024 bytes
[MESSAGE] From peer 1: 1024 bytes
[MESSAGE] From peer 1: 1024 bytes
[MESSAGE] From peer 1: 1024 bytes
[MESSAGE] From peer 1: 1024 bytes
[MESSAGE] From peer 1: 1024 bytes
[MESSAGE] From peer 1: 1024 bytes
[MESSAGE] From peer 1: 1024 bytes
[MESSAGE] From peer 1: 1024 bytes
[MESSAGE] From peer 1: 1024 bytes
[MESSAGE] From peer 1: 1024 bytes
[MESSAGE] From peer 1: 1024 bytes
[MESSAGE] From peer 1: 1024 bytes
[MESSAGE] From peer 1: 1024 bytes
[MESSAGE] From peer 1: 1024 bytes
[MESSAGE] From peer 1: 1024 bytes
[MESSAGE] From peer 1: 1024 bytes
[MESSAGE] From peer 1: 1024 bytes
[MESSAGE] From peer 1: 1024 bytes
[MESSAGE] From peer 1: 1024 bytes
[MESSAGE] From peer 1: 1024 bytes
[MESSAGE] From peer 1: 1024 bytes
[MESSAGE] From peer 1: 1024 bytes
[MESSAGE] From peer 1: 1024 bytes
[ECHO] 20300 messages echoed
[MESSAGE] From peer 1: 1024 bytes
[MESSAGE] From peer 1: 1024 bytes
[MESSAGE] From peer 1: 1024 bytes
[MESSAGE] From peer 1: 1024 bytes
[MESSAGE] From peer 1: 1024 bytes
[MESSAGE] From peer 1: 1024 bytes
[MESSAGE] From peer 1: 1024 bytes
[MESSAGE] From peer 1: 1024 bytes
[MESSAGE] From peer 1: 1024 bytes
[MESSAGE] From peer 1: 1024 bytes
[MESSAGE] From peer 1: 1024 bytes
[MESSAGE] From peer 1: 1024 bytes
[MESSAGE] From peer 1: 1024 bytes
[MESSAGE] From peer 1: 1024 bytes
[MESSAGE] From peer 1: 1024 bytes
[MESSAGE] From peer 1: 1024 bytes
[MESSAGE] From peer 1: 1024 bytes
[MESSAGE] From peer 1: 1024 bytes
[MESSAGE] From peer 1: 1024 bytes
[MESSAGE] From peer 1: 1024 bytes
[MESSAGE] From peer 1: 1024 bytes
[MESSAGE] From peer 1: 1024 bytes
[MESSAGE] From peer 1: 1024 bytes
[MESSAGE] From peer 1: 1024 bytes
[MESSAGE] From peer 1: 1024 bytes
[MESSAGE] From peer 1: 1024 bytes
[MESSAGE] From peer 1: 1024 bytes
[MESSAGE] From peer 1: 1024 bytes
[MESSAGE] From peer 1: 1024 bytes
[MESSAGE] From peer 1: 1024 bytes
[MESSAGE] From peer 1: 1024 bytes
[MESSAGE] From peer 1: 1024 bytes
[MESSAGE] From peer 1: 1024 bytes
[MESSAGE] From peer 1: 1024 bytes
[MESSAGE] From peer 1: 1024 bytes
[MESSAGE] From peer 1: 1024 bytes
[MESSAGE] From peer 1: 1024 bytes
[MESSAGE] From peer 1: 1024 bytes
[MESSAGE] From peer 1: 1024 bytes
[MESSAGE] From peer 1: 1024 bytes
[MESSAGE] From peer 1: 1024 bytes
[MESSAGE] From peer 1: 1024 bytes
[MESSAGE] From peer 1: 1024 bytes
[MESSAGE] From peer 1: 1024 bytes
[MESSAGE] From peer 1: 1024 bytes
[MESSAGE] From peer 1: 1024 bytes
[MESSAGE] From peer 1: 1024 bytes
[MESSAGE] From peer 1: 1024 bytes
[MESSAGE] From peer 1: 1024 bytes
[MESSAGE] From peer 1: 1024 bytes
[MESSAGE] From peer 1: 1024 bytes
[MESSAGE] From peer 1: 1024 bytes
[MESSAGE] From peer 1: 1024 bytes
[MESSAGE] From peer 1: 1024 bytes
[MESSAGE] From peer 1: 1024 bytes
[MESSAGE] From peer 1: 1024 bytes
[MESSAGE] From peer 1: 1024 bytes
[MESSAGE] From peer 1: 1024 bytes
[MESSAGE] From peer 1: 1024 bytes
[MESSAGE] From peer 1: 1024 bytes
[MESSAGE] From peer 1: 1024 bytes
[MESSAGE] From peer 1: 1024 bytes
[MESSAGE] From peer 1: 1024 bytes
[MESSAGE] From peer 1: 1024 bytes
[MESSAGE] From peer 1: 1024 bytes
[MESSAGE] From peer 1: 1024 bytes
[MESSAGE] From peer 1: 1024 bytes
[MESSAGE] From peer 1: 1024 bytes
[MESSAGE] From peer 1: 1024 bytes
[MESSAGE] From peer 1: 1024 bytes
[MESSAGE] From peer 1: 1024 bytes
[MESSAGE] From peer 1: 1024 bytes
[MESSAGE] From peer 1: 1024 bytes
[MESSAGE] From peer 1: 1024 bytes
[MESSAGE] From peer 1: 1024 bytes
[MESSAGE] From peer 1: 1024 bytes
[MESSAGE] From peer 1: 1024 bytes
[MESSAGE] From peer 1: 1024 bytes
[MESSAGE] From peer 1: 1024 bytes
[MESSAGE] From peer 1: 1024 bytes
[MESSAGE] From peer 1: 1024 bytes
[MESSAGE] From peer 1: 1024 bytes
[MESSAGE] From peer 1: 1024 bytes
[MESSAGE] From peer 1: 1024 bytes
[MESSAGE] From peer 1: 1024 bytes
[MESSAGE] From peer 1: 1024 bytes
[MESSAGE] From peer 1: 1024 bytes
[MESSAGE] From peer 1: 1024 bytes
[MESSAGE] From peer 1: 1024 bytes
[MESSAGE] From peer 1: 1024 bytes
[MESSAGE] From peer 1: 1024 bytes
[MESSAGE] From peer 1: 1024 bytes
[MESSAGE] From peer 1: 1024 bytes
[MESSAGE] From peer 1: 1024 bytes
[MESSAGE] From peer 1: 1024 bytes
[MESSAGE] From peer 1: 1024 bytes
[MESSAGE] From peer 1: 1024 bytes
[MESSAGE] From peer 1: 1024 bytes
[MESSAGE] From peer 1: 1024 bytes
[MESSAGE] From peer 1: 1024 bytes
[ECHO] 20400 messages echoed
[MESSAGE] From peer 1: 1024 bytes
[MESSAGE] From peer 1: 1024 bytes
[MESSAGE] From peer 1: 1024 bytes
[MESSAGE] From peer 1: 1024 bytes
[MESSAGE] From peer 1: 1024 bytes
[MESSAGE] From peer 1: 1024 bytes
[MESSAGE] From peer 1: 1024 bytes
[MESSAGE] From peer 1: 1024 bytes
[MESSAGE] From peer 1: 1024 bytes
[MESSAGE] From peer 1: 1024 bytes
[MESSAGE] From peer 1: 1024 bytes
[MESSAGE] From peer 1: 1024 bytes
[MESSAGE] From peer 1: 1024 bytes
[MESSAGE] From peer 1: 1024 bytes
[MESSAGE] From peer 1: 1024 bytes
[MESSAGE] From peer 1: 1024 bytes
[MESSAGE] From peer 1: 1024 bytes
[MESSAGE] From peer 1: 1024 bytes
[MESSAGE] From peer 1: 1024 bytes
[MESSAGE] From peer 1: 1024 bytes
[MESSAGE] From peer 1: 1024 bytes
[MESSAGE] From peer 1: 1024 bytes
[MESSAGE] From peer 1: 1024 bytes
[MESSAGE] From peer 1: 1024 bytes
[MESSAGE] From peer 1: 1024 bytes
[MESSAGE] From peer 1: 1024 bytes
[MESSAGE] From peer 1: 1024 bytes
[MESSAGE] From peer 1: 1024 bytes
[MESSAGE] From peer 1: 1024 bytes
[MESSAGE] From peer 1: 1024 bytes
[MESSAGE] From peer 1: 1024 bytes
[MESSAGE] From peer 1: 1024 bytes
[MESSAGE] From peer 1: 1024 bytes
[MESSAGE] From peer 1: 1024 bytes
[MESSAGE] From peer 1: 1024 bytes
[MESSAGE] From peer 1: 1024 bytes
[MESSAGE] From peer 1: 1024 bytes
[MESSAGE] From peer 1: 1024 bytes
[MESSAGE] From peer 1: 1024 bytes
[MESSAGE] From peer 1: 1024 bytes
[MESSAGE] From peer 1: 1024 bytes
[MESSAGE] From peer 1: 1024 bytes
[MESSAGE] From peer 1: 1024 bytes
[MESSAGE] From peer 1: 1024 bytes
[MESSAGE] From peer 1: 1024 bytes
[MESSAGE] From peer 1: 1024 bytes
[MESSAGE] From peer 1: 1024 bytes
[MESSAGE] From peer 1: 1024 bytes
[MESSAGE] From peer 1: 1024 bytes
[MESSAGE] From peer 1: 1024 bytes
[MESSAGE] From peer 1: 1024 bytes
[MESSAGE] From peer 1: 1024 bytes
[MESSAGE] From peer 1: 1024 bytes
[MESSAGE] From peer 1: 1024 bytes
[MESSAGE] From peer 1: 1024 bytes
[MESSAGE] From peer 1: 1024 bytes
[MESSAGE] From peer 1: 1024 bytes
[MESSAGE] From peer 1: 1024 bytes
[MESSAGE] From peer 1: 1024 bytes
[MESSAGE] From peer 1: 1024 bytes
[MESSAGE] From peer 1: 1024 bytes
[MESSAGE] From peer 1: 1024 bytes
[MESSAGE] From peer 1: 1024 bytes
[MESSAGE] From peer 1: 1024 bytes
[MESSAGE] From peer 1: 1024 bytes
[MESSAGE] From peer 1: 1024 bytes
[STATUS] 3690 sec: peers=26, msgs=20476, connected=yes
[MESSAGE] From peer 1: 1024 bytes
[MESSAGE] From peer 1: 1024 bytes
[MESSAGE] From peer 1: 1024 bytes
[MESSAGE] From peer 1: 1024 bytes
[MESSAGE] From peer 1: 1024 bytes
[MESSAGE] From peer 1: 1024 bytes
[MESSAGE] From peer 1: 1024 bytes
[MESSAGE] From peer 1: 1024 bytes
[MESSAGE] From peer 1: 1024 bytes
[MESSAGE] From peer 1: 1024 bytes
[MESSAGE] From peer 1: 1024 bytes
[MESSAGE] From peer 1: 1024 bytes
[MESSAGE] From peer 1: 1024 bytes
[MESSAGE] From peer 1: 1024 bytes
[MESSAGE] From peer 1: 1024 bytes
[MESSAGE] From peer 1: 1024 bytes
[MESSAGE] From peer 1: 1024 bytes
[MESSAGE] From peer 1: 1024 bytes
[MESSAGE] From peer 1: 1024 bytes
[MESSAGE] From peer 1: 1024 bytes
[MESSAGE] From peer 1: 1024 bytes
[MESSAGE] From peer 1: 1024 bytes
[MESSAGE] From peer 1: 1024 bytes
[MESSAGE] From peer 1: 1024 bytes
[MESSAGE] From peer 1: 1024 bytes
[MESSAGE] From peer 1: 1024 bytes
[MESSAGE] From peer 1: 1024 bytes
[MESSAGE] From peer 1: 1024 bytes
[MESSAGE] From peer 1: 1024 bytes
[MESSAGE] From peer 1: 1024 bytes
[MESSAGE] From peer 1: 1024 bytes
[MESSAGE] From peer 1: 1024 bytes
[MESSAGE] From peer 1: 1024 bytes
[MESSAGE] From peer 1: 1024 bytes
[ECHO] 20500 messages echoed
[MESSAGE] From peer 1: 1024 bytes
[MESSAGE] From peer 1: 1024 bytes
[MESSAGE] From peer 1: 1024 bytes
[MESSAGE] From peer 1: 1024 bytes
[MESSAGE] From peer 1: 1024 bytes
[MESSAGE] From peer 1: 1024 bytes
[MESSAGE] From peer 1: 1024 bytes
[MESSAGE] From peer 1: 1024 bytes
[MESSAGE] From peer 1: 1024 bytes
[MESSAGE] From peer 1: 1024 bytes
[MESSAGE] From peer 1: 1024 bytes
[MESSAGE] From peer 1: 1024 bytes
[MESSAGE] From peer 1: 1024 bytes
[MESSAGE] From peer 1: 1024 bytes
[MESSAGE] From peer 1: 1024 bytes
[MESSAGE] From peer 1: 1024 bytes
[MESSAGE] From peer 1: 1024 bytes
[MESSAGE] From peer 1: 1024 bytes
[MESSAGE] From peer 1: 1024 bytes
[MESSAGE] From peer 1: 1024 bytes
[MESSAGE] From peer 1: 1024 bytes
[MESSAGE] From peer 1: 1024 bytes
[MESSAGE] From peer 1: 1024 bytes
[MESSAGE] From peer 1: 1024 bytes
[MESSAGE] From peer 1: 1024 bytes
[MESSAGE] From peer 1: 1024 bytes
[MESSAGE] From peer 1: 1024 bytes
[MESSAGE] From peer 1: 1024 bytes
[MESSAGE] From peer 1: 1024 bytes
[MESSAGE] From peer 1: 1024 bytes
[MESSAGE] From peer 1: 1024 bytes
[MESSAGE] From peer 1: 1024 bytes
[MESSAGE] From peer 1: 1024 bytes
[MESSAGE] From peer 1: 1024 bytes
[MESSAGE] From peer 1: 1024 bytes
[MESSAGE] From peer 1: 1024 bytes
[MESSAGE] From peer 1: 1024 bytes
[MESSAGE] From peer 1: 1024 bytes
[MESSAGE] From peer 1: 1024 bytes
[MESSAGE] From peer 1: 1024 bytes
[MESSAGE] From peer 1: 1024 bytes
[MESSAGE] From peer 1: 1024 bytes
[MESSAGE] From peer 1: 1024 bytes
[MESSAGE] From peer 1: 1024 bytes
[MESSAGE] From peer 1: 1024 bytes
[MESSAGE] From peer 1: 1024 bytes
[MESSAGE] From peer 1: 1024 bytes
[MESSAGE] From peer 1: 1024 bytes
[MESSAGE] From peer 1: 1024 bytes
[MESSAGE] From peer 1: 1024 bytes
[MESSAGE] From peer 1: 1024 bytes
[MESSAGE] From peer 1: 1024 bytes
[MESSAGE] From peer 1: 1024 bytes
[MESSAGE] From peer 1: 1024 bytes
[MESSAGE] From peer 1: 1024 bytes
[MESSAGE] From peer 1: 1024 bytes
[MESSAGE] From peer 1: 1024 bytes
[MESSAGE] From peer 1: 1024 bytes
[MESSAGE] From peer 1: 1024 bytes
[MESSAGE] From peer 1: 1024 bytes
[MESSAGE] From peer 1: 1024 bytes
[MESSAGE] From peer 1: 1024 bytes
[MESSAGE] From peer 1: 1024 bytes
[MESSAGE] From peer 1: 1024 bytes
[MESSAGE] From peer 1: 1024 bytes
[MESSAGE] From peer 1: 1024 bytes
[MESSAGE] From peer 1: 1024 bytes
[MESSAGE] From peer 1: 1024 bytes
[MESSAGE] From peer 1: 1024 bytes
[MESSAGE] From peer 1: 1024 bytes
[MESSAGE] From peer 1: 1024 bytes
[MESSAGE] From peer 1: 1024 bytes
[MESSAGE] From peer 1: 1024 bytes
[MESSAGE] From peer 1: 1024 bytes
[MESSAGE] From peer 1: 1024 bytes
[MESSAGE] From peer 1: 1024 bytes
[MESSAGE] From peer 1: 1024 bytes
[MESSAGE] From peer 1: 1024 bytes
[MESSAGE] From peer 1: 1024 bytes
[MESSAGE] From peer 1: 1024 bytes
[MESSAGE] From peer 1: 1024 bytes
[MESSAGE] From peer 1: 1024 bytes
[MESSAGE] From peer 1: 1024 bytes
[MESSAGE] From peer 1: 1024 bytes
[MESSAGE] From peer 1: 1024 bytes
[MESSAGE] From peer 1: 1024 bytes
[MESSAGE] From peer 1: 1024 bytes
[MESSAGE] From peer 1: 1024 bytes
[MESSAGE] From peer 1: 1024 bytes
[MESSAGE] From peer 1: 1024 bytes
[MESSAGE] From peer 1: 1024 bytes
[MESSAGE] From peer 1: 1024 bytes
[MESSAGE] From peer 1: 1024 bytes
[MESSAGE] From peer 1: 1024 bytes
[MESSAGE] From peer 1: 1024 bytes
[MESSAGE] From peer 1: 1024 bytes
[MESSAGE] From peer 1: 1024 bytes
[MESSAGE] From peer 1: 1024 bytes
[MESSAGE] From peer 1: 1024 bytes
[MESSAGE] From peer 1: 1024 bytes
[ECHO] 20600 messages echoed
[MESSAGE] From peer 1: 1024 bytes
[MESSAGE] From peer 1: 1024 bytes
[MESSAGE] From peer 1: 1024 bytes
[MESSAGE] From peer 1: 1024 bytes
[MESSAGE] From peer 1: 1024 bytes
[MESSAGE] From peer 1: 1024 bytes
[MESSAGE] From peer 1: 1024 bytes
[MESSAGE] From peer 1: 1024 bytes
[MESSAGE] From peer 1: 1024 bytes
[MESSAGE] From peer 1: 1024 bytes
[MESSAGE] From peer 1: 1024 bytes
[MESSAGE] From peer 1: 1024 bytes
[MESSAGE] From peer 1: 1024 bytes
[MESSAGE] From peer 1: 1024 bytes
[MESSAGE] From peer 1: 1024 bytes
[MESSAGE] From peer 1: 1024 bytes
[MESSAGE] From peer 1: 1024 bytes
[MESSAGE] From peer 1: 1024 bytes
[MESSAGE] From peer 1: 1024 bytes
[MESSAGE] From peer 1: 1024 bytes
[MESSAGE] From peer 1: 1024 bytes
[MESSAGE] From peer 1: 1024 bytes
[MESSAGE] From peer 1: 1024 bytes
[MESSAGE] From peer 1: 1024 bytes
[MESSAGE] From peer 1: 1024 bytes
[MESSAGE] From peer 1: 1024 bytes
[MESSAGE] From peer 1: 1024 bytes
[MESSAGE] From peer 1: 1024 bytes
[MESSAGE] From peer 1: 1024 bytes
[MESSAGE] From peer 1: 1024 bytes
[MESSAGE] From peer 1: 1024 bytes
[MESSAGE] From peer 1: 1024 bytes
[MESSAGE] From peer 1: 1024 bytes
[MESSAGE] From peer 1: 1024 bytes
[MESSAGE] From peer 1: 1024 bytes
[MESSAGE] From peer 1: 1024 bytes
[MESSAGE] From peer 1: 1024 bytes
[MESSAGE] From peer 1: 1024 bytes
[MESSAGE] From peer 1: 1024 bytes
[MESSAGE] From peer 1: 1024 bytes
[MESSAGE] From peer 1: 1024 bytes
[MESSAGE] From peer 1: 1024 bytes
[MESSAGE] From peer 1: 1024 bytes
[MESSAGE] From peer 1: 1024 bytes
[MESSAGE] From peer 1: 1024 bytes
[MESSAGE] From peer 1: 1024 bytes
[MESSAGE] From peer 1: 1024 bytes
[MESSAGE] From peer 1: 1024 bytes
[MESSAGE] From peer 1: 1024 bytes
[MESSAGE] From peer 1: 1024 bytes
[MESSAGE] From peer 1: 1024 bytes
[MESSAGE] From peer 1: 1024 bytes
[MESSAGE] From peer 1: 1024 bytes
[MESSAGE] From peer 1: 1024 bytes
[MESSAGE] From peer 1: 1024 bytes
[MESSAGE] From peer 1: 1024 bytes
[MESSAGE] From peer 1: 1024 bytes
[MESSAGE] From peer 1: 1024 bytes
[MESSAGE] From peer 1: 1024 bytes
[MESSAGE] From peer 1: 1024 bytes
[MESSAGE] From peer 1: 1024 bytes
[MESSAGE] From peer 1: 1024 bytes
[MESSAGE] From peer 1: 1024 bytes
[MESSAGE] From peer 1: 1024 bytes
[MESSAGE] From peer 1: 1024 bytes
[MESSAGE] From peer 1: 1024 bytes
[MESSAGE] From peer 1: 1024 bytes
[MESSAGE] From peer 1: 1024 bytes
[MESSAGE] From peer 1: 1024 bytes
[MESSAGE] From peer 1: 1024 bytes
[MESSAGE] From peer 1: 1024 bytes
[MESSAGE] From peer 1: 1024 bytes
[MESSAGE] From peer 1: 2048 bytes
[MESSAGE] From peer 1: 2048 bytes
[MESSAGE] From peer 1: 2048 bytes
[MESSAGE] From peer 1: 2048 bytes
[MESSAGE] From peer 1: 2048 bytes
[MESSAGE] From peer 1: 2048 bytes
[MESSAGE] From peer 1: 2048 bytes
[MESSAGE] From peer 1: 2048 bytes
[MESSAGE] From peer 1: 2048 bytes
[MESSAGE] From peer 1: 2048 bytes
[MESSAGE] From peer 1: 2048 bytes
[MESSAGE] From peer 1: 2048 bytes
[MESSAGE] From peer 1: 2048 bytes
[MESSAGE] From peer 1: 2048 bytes
[MESSAGE] From peer 1: 2048 bytes
[MESSAGE] From peer 1: 2048 bytes
[MESSAGE] From peer 1: 2048 bytes
[MESSAGE] From peer 1: 2048 bytes
[MESSAGE] From peer 1: 2048 bytes
[MESSAGE] From peer 1: 2048 bytes
[MESSAGE] From peer 1: 2048 bytes
[MESSAGE] From peer 1: 2048 bytes
[MESSAGE] From peer 1: 2048 bytes
[MESSAGE] From peer 1: 2048 bytes
[MESSAGE] From peer 1: 2048 bytes
[MESSAGE] From peer 1: 2048 bytes
[MESSAGE] From peer 1: 2048 bytes
[MESSAGE] From peer 1: 2048 bytes
[ECHO] 20700 messages echoed
[MESSAGE] From peer 1: 2048 bytes
[MESSAGE] From peer 1: 2048 bytes
[MESSAGE] From peer 1: 2048 bytes
[MESSAGE] From peer 1: 2048 bytes
[MESSAGE] From peer 1: 2048 bytes
[MESSAGE] From peer 1: 2048 bytes
[MESSAGE] From peer 1: 2048 bytes
[MESSAGE] From peer 1: 2048 bytes
[MESSAGE] From peer 1: 2048 bytes
[MESSAGE] From peer 1: 2048 bytes
[MESSAGE] From peer 1: 2048 bytes
[MESSAGE] From peer 1: 2048 bytes
[MESSAGE] From peer 1: 2048 bytes
[MESSAGE] From peer 1: 2048 bytes
[MESSAGE] From peer 1: 2048 bytes
[MESSAGE] From peer 1: 2048 bytes
[MESSAGE] From peer 1: 2048 bytes
[MESSAGE] From peer 1: 2048 bytes
[MESSAGE] From peer 1: 2048 bytes
[MESSAGE] From peer 1: 2048 bytes
[MESSAGE] From peer 1: 2048 bytes
[MESSAGE] From peer 1: 2048 bytes
[MESSAGE] From peer 1: 2048 bytes
[MESSAGE] From peer 1: 2048 bytes
[MESSAGE] From peer 1: 2048 bytes
[MESSAGE] From peer 1: 2048 bytes
[MESSAGE] From peer 1: 2048 bytes
[MESSAGE] From peer 1: 2048 bytes
[MESSAGE] From peer 1: 2048 bytes
[MESSAGE] From peer 1: 2048 bytes
[MESSAGE] From peer 1: 2048 bytes
[MESSAGE] From peer 1: 2048 bytes
[MESSAGE] From peer 1: 2048 bytes
[MESSAGE] From peer 1: 2048 bytes
[MESSAGE] From peer 1: 2048 bytes
[MESSAGE] From peer 1: 2048 bytes
[MESSAGE] From peer 1: 2048 bytes
[MESSAGE] From peer 1: 2048 bytes
[MESSAGE] From peer 1: 2048 bytes
[MESSAGE] From peer 1: 2048 bytes
[MESSAGE] From peer 1: 2048 bytes
[MESSAGE] From peer 1: 2048 bytes
[MESSAGE] From peer 1: 2048 bytes
[MESSAGE] From peer 1: 2048 bytes
[MESSAGE] From peer 1: 2048 bytes
[MESSAGE] From peer 1: 2048 bytes
[MESSAGE] From peer 1: 2048 bytes
[MESSAGE] From peer 1: 2048 bytes
[MESSAGE] From peer 1: 2048 bytes
[MESSAGE] From peer 1: 2048 bytes
[MESSAGE] From peer 1: 2048 bytes
[MESSAGE] From peer 1: 2048 bytes
[MESSAGE] From peer 1: 2048 bytes
[MESSAGE] From peer 1: 2048 bytes
[MESSAGE] From peer 1: 2048 bytes
[MESSAGE] From peer 1: 2048 bytes
[MESSAGE] From peer 1: 2048 bytes
[MESSAGE] From peer 1: 2048 bytes
[MESSAGE] From peer 1: 2048 bytes
[MESSAGE] From peer 1: 2048 bytes
[MESSAGE] From peer 1: 2048 bytes
[MESSAGE] From peer 1: 2048 bytes
[MESSAGE] From peer 1: 2048 bytes
[MESSAGE] From peer 1: 2048 bytes
[MESSAGE] From peer 1: 2048 bytes
[MESSAGE] From peer 1: 2048 bytes
[MESSAGE] From peer 1: 2048 bytes
[MESSAGE] From peer 1: 2048 bytes
[MESSAGE] From peer 1: 2048 bytes
[MESSAGE] From peer 1: 2048 bytes
[MESSAGE] From peer 1: 2048 bytes
[MESSAGE] From peer 1: 2048 bytes
[MESSAGE] From peer 1: 2048 bytes
[MESSAGE] From peer 1: 2048 bytes
[MESSAGE] From peer 1: 2048 bytes
[MESSAGE] From peer 1: 2048 bytes
[MESSAGE] From peer 1: 2048 bytes
[MESSAGE] From peer 1: 2048 bytes
[MESSAGE] From peer 1: 2048 bytes
[MESSAGE] From peer 1: 2048 bytes
[MESSAGE] From peer 1: 2048 bytes
[MESSAGE] From peer 1: 2048 bytes
[MESSAGE] From peer 1: 2048 bytes
[MESSAGE] From peer 1: 2048 bytes
[MESSAGE] From peer 1: 2048 bytes
[MESSAGE] From peer 1: 2048 bytes
[MESSAGE] From peer 1: 2048 bytes
[MESSAGE] From peer 1: 2048 bytes
[MESSAGE] From peer 1: 2048 bytes
[MESSAGE] From peer 1: 2048 bytes
[MESSAGE] From peer 1: 2048 bytes
[MESSAGE] From peer 1: 2048 bytes
[MESSAGE] From peer 1: 2048 bytes
[MESSAGE] From peer 1: 2048 bytes
[MESSAGE] From peer 1: 2048 bytes
[MESSAGE] From peer 1: 2048 bytes
[MESSAGE] From peer 1: 2048 bytes
[MESSAGE] From peer 1: 2048 bytes
[MESSAGE] From peer 1: 2048 bytes
[MESSAGE] From peer 1: 2048 bytes
[ECHO] 20800 messages echoed
[MESSAGE] From peer 1: 2048 bytes
[MESSAGE] From peer 1: 2048 bytes
[MESSAGE] From peer 1: 2048 bytes
[MESSAGE] From peer 1: 2048 bytes
[MESSAGE] From peer 1: 2048 bytes
[MESSAGE] From peer 1: 2048 bytes
[MESSAGE] From peer 1: 2048 bytes
[MESSAGE] From peer 1: 2048 bytes
[MESSAGE] From peer 1: 2048 bytes
[MESSAGE] From peer 1: 2048 bytes
[MESSAGE] From peer 1: 2048 bytes
[MESSAGE] From peer 1: 2048 bytes
[MESSAGE] From peer 1: 2048 bytes
[MESSAGE] From peer 1: 2048 bytes
[MESSAGE] From peer 1: 2048 bytes
[MESSAGE] From peer 1: 2048 bytes
[MESSAGE] From peer 1: 2048 bytes
[MESSAGE] From peer 1: 2048 bytes
[MESSAGE] From peer 1: 2048 bytes
[MESSAGE] From peer 1: 2048 bytes
[MESSAGE] From peer 1: 2048 bytes
[MESSAGE] From peer 1: 2048 bytes
[MESSAGE] From peer 1: 2048 bytes
[MESSAGE] From peer 1: 2048 bytes
[MESSAGE] From peer 1: 2048 bytes
[MESSAGE] From peer 1: 2048 bytes
[MESSAGE] From peer 1: 2048 bytes
[MESSAGE] From peer 1: 2048 bytes
[MESSAGE] From peer 1: 2048 bytes
[MESSAGE] From peer 1: 2048 bytes
[MESSAGE] From peer 1: 2048 bytes
[MESSAGE] From peer 1: 2048 bytes
[MESSAGE] From peer 1: 2048 bytes
[MESSAGE] From peer 1: 2048 bytes
[MESSAGE] From peer 1: 2048 bytes
[MESSAGE] From peer 1: 2048 bytes
[MESSAGE] From peer 1: 2048 bytes
[MESSAGE] From peer 1: 2048 bytes
[MESSAGE] From peer 1: 2048 bytes
[MESSAGE] From peer 1: 2048 bytes
[MESSAGE] From peer 1: 2048 bytes
[MESSAGE] From peer 1: 2048 bytes
[MESSAGE] From peer 1: 2048 bytes
[MESSAGE] From peer 1: 2048 bytes
[MESSAGE] From peer 1: 2048 bytes
[MESSAGE] From peer 1: 2048 bytes
[MESSAGE] From peer 1: 2048 bytes
[MESSAGE] From peer 1: 2048 bytes
[MESSAGE] From peer 1: 2048 bytes
[MESSAGE] From peer 1: 2048 bytes
[MESSAGE] From peer 1: 2048 bytes
[MESSAGE] From peer 1: 2048 bytes
[MESSAGE] From peer 1: 2048 bytes
[MESSAGE] From peer 1: 2048 bytes
[MESSAGE] From peer 1: 2048 bytes
[MESSAGE] From peer 1: 2048 bytes
[MESSAGE] From peer 1: 2048 bytes
[MESSAGE] From peer 1: 2048 bytes
[MESSAGE] From peer 1: 2048 bytes
[MESSAGE] From peer 1: 2048 bytes
[MESSAGE] From peer 1: 2048 bytes
[MESSAGE] From peer 1: 2048 bytes
[MESSAGE] From peer 1: 2048 bytes
[MESSAGE] From peer 1: 2048 bytes
[MESSAGE] From peer 1: 2048 bytes
[MESSAGE] From peer 1: 2048 bytes
[MESSAGE] From peer 1: 2048 bytes
[MESSAGE] From peer 1: 2048 bytes
[MESSAGE] From peer 1: 2048 bytes
[MESSAGE] From peer 1: 2048 bytes
[MESSAGE] From peer 1: 2048 bytes
[MESSAGE] From peer 1: 2048 bytes
[MESSAGE] From peer 1: 2048 bytes
[MESSAGE] From peer 1: 2048 bytes
[MESSAGE] From peer 1: 2048 bytes
[MESSAGE] From peer 1: 2048 bytes
[MESSAGE] From peer 1: 2048 bytes
[MESSAGE] From peer 1: 2048 bytes
[MESSAGE] From peer 1: 2048 bytes
[MESSAGE] From peer 1: 2048 bytes
[MESSAGE] From peer 1: 2048 bytes
[MESSAGE] From peer 1: 2048 bytes
[MESSAGE] From peer 1: 2048 bytes
[MESSAGE] From peer 1: 2048 bytes
[MESSAGE] From peer 1: 2048 bytes
[MESSAGE] From peer 1: 2048 bytes
[MESSAGE] From peer 1: 2048 bytes
[MESSAGE] From peer 1: 2048 bytes
[MESSAGE] From peer 1: 2048 bytes
[MESSAGE] From peer 1: 2048 bytes
[MESSAGE] From peer 1: 2048 bytes
[MESSAGE] From peer 1: 2048 bytes
[MESSAGE] From peer 1: 2048 bytes
[MESSAGE] From peer 1: 2048 bytes
[MESSAGE] From peer 1: 2048 bytes
[MESSAGE] From peer 1: 2048 bytes
[MESSAGE] From peer 1: 2048 bytes
[MESSAGE] From peer 1: 2048 bytes
[MESSAGE] From peer 1: 2048 bytes
[MESSAGE] From peer 1: 2048 bytes
[ECHO] 20900 messages echoed
[MESSAGE] From peer 1: 2048 bytes
[MESSAGE] From peer 1: 2048 bytes
[MESSAGE] From peer 1: 2048 bytes
[MESSAGE] From peer 1: 2048 bytes
[MESSAGE] From peer 1: 2048 bytes
[MESSAGE] From peer 1: 2048 bytes
[MESSAGE] From peer 1: 2048 bytes
[MESSAGE] From peer 1: 2048 bytes
[MESSAGE] From peer 1: 2048 bytes
[MESSAGE] From peer 1: 2048 bytes
[MESSAGE] From peer 1: 2048 bytes
[MESSAGE] From peer 1: 2048 bytes
[MESSAGE] From peer 1: 2048 bytes
[MESSAGE] From peer 1: 2048 bytes
[MESSAGE] From peer 1: 2048 bytes
[MESSAGE] From peer 1: 2048 bytes
[MESSAGE] From peer 1: 2048 bytes
[MESSAGE] From peer 1: 2048 bytes
[MESSAGE] From peer 1: 2048 bytes
[MESSAGE] From peer 1: 2048 bytes
[MESSAGE] From peer 1: 2048 bytes
[MESSAGE] From peer 1: 2048 bytes
[MESSAGE] From peer 1: 2048 bytes
[MESSAGE] From peer 1: 2048 bytes
[MESSAGE] From peer 1: 2048 bytes
[MESSAGE] From peer 1: 2048 bytes
[MESSAGE] From peer 1: 2048 bytes
[MESSAGE] From peer 1: 2048 bytes
[MESSAGE] From peer 1: 2048 bytes
[MESSAGE] From peer 1: 2048 bytes
[MESSAGE] From peer 1: 2048 bytes
[MESSAGE] From peer 1: 2048 bytes
[MESSAGE] From peer 1: 2048 bytes
[MESSAGE] From peer 1: 2048 bytes
[MESSAGE] From peer 1: 2048 bytes
[MESSAGE] From peer 1: 2048 bytes
[MESSAGE] From peer 1: 2048 bytes
[MESSAGE] From peer 1: 2048 bytes
[MESSAGE] From peer 1: 2048 bytes
[MESSAGE] From peer 1: 2048 bytes
[MESSAGE] From peer 1: 2048 bytes
[MESSAGE] From peer 1: 2048 bytes
[MESSAGE] From peer 1: 2048 bytes
[MESSAGE] From peer 1: 2048 bytes
[MESSAGE] From peer 1: 2048 bytes
[MESSAGE] From peer 1: 2048 bytes
[MESSAGE] From peer 1: 2048 bytes
[MESSAGE] From peer 1: 2048 bytes
[MESSAGE] From peer 1: 2048 bytes
[STATUS] 3700 sec: peers=26, msgs=20959, connected=yes
[MESSAGE] From peer 1: 2048 bytes
[MESSAGE] From peer 1: 2048 bytes
[MESSAGE] From peer 1: 2048 bytes
[MESSAGE] From peer 1: 2048 bytes
[MESSAGE] From peer 1: 2048 bytes
[MESSAGE] From peer 1: 2048 bytes
[MESSAGE] From peer 1: 2048 bytes
[MESSAGE] From peer 1: 2048 bytes
[MESSAGE] From peer 1: 2048 bytes
[MESSAGE] From peer 1: 2048 bytes
[MESSAGE] From peer 1: 2048 bytes
[MESSAGE] From peer 1: 2048 bytes
[MESSAGE] From peer 1: 2048 bytes
[MESSAGE] From peer 1: 2048 bytes
[MESSAGE] From peer 1: 2048 bytes
[MESSAGE] From peer 1: 2048 bytes
[MESSAGE] From peer 1: 2048 bytes
[MESSAGE] From peer 1: 2048 bytes
[MESSAGE] From peer 1: 2048 bytes
[MESSAGE] From peer 1: 2048 bytes
[MESSAGE] From peer 1: 2048 bytes
[MESSAGE] From peer 1: 2048 bytes
[MESSAGE] From peer 1: 2048 bytes
[MESSAGE] From peer 1: 2048 bytes
[MESSAGE] From peer 1: 2048 bytes
[MESSAGE] From peer 1: 2048 bytes
[MESSAGE] From peer 1: 2048 bytes
[MESSAGE] From peer 1: 2048 bytes
[MESSAGE] From peer 1: 2048 bytes
[MESSAGE] From peer 1: 2048 bytes
[MESSAGE] From peer 1: 2048 bytes
[MESSAGE] From peer 1: 2048 bytes
[MESSAGE] From peer 1: 2048 bytes
[MESSAGE] From peer 1: 2048 bytes
[MESSAGE] From peer 1: 2048 bytes
[MESSAGE] From peer 1: 2048 bytes
[MESSAGE] From peer 1: 2048 bytes
[MESSAGE] From peer 1: 2048 bytes
[MESSAGE] From peer 1: 2048 bytes
[MESSAGE] From peer 1: 2048 bytes
[MESSAGE] From peer 1: 2048 bytes
[MESSAGE] From peer 1: 2048 bytes
[MESSAGE] From peer 1: 2048 bytes
[MESSAGE] From peer 1: 2048 bytes
[MESSAGE] From peer 1: 2048 bytes
[MESSAGE] From peer 1: 2048 bytes
[MESSAGE] From peer 1: 2048 bytes
[MESSAGE] From peer 1: 2048 bytes
[MESSAGE] From peer 1: 2048 bytes
[MESSAGE] From peer 1: 2048 bytes
[MESSAGE] From peer 1: 2048 bytes
[ECHO] 21000 messages echoed
[MESSAGE] From peer 1: 2048 bytes
[MESSAGE] From peer 1: 2048 bytes
[MESSAGE] From peer 1: 2048 bytes
[MESSAGE] From peer 1: 2048 bytes
[MESSAGE] From peer 1: 2048 bytes
[MESSAGE] From peer 1: 2048 bytes
[MESSAGE] From peer 1: 2048 bytes
[MESSAGE] From peer 1: 2048 bytes
[MESSAGE] From peer 1: 2048 bytes
[MESSAGE] From peer 1: 2048 bytes
[MESSAGE] From peer 1: 2048 bytes
[MESSAGE] From peer 1: 2048 bytes
[MESSAGE] From peer 1: 2048 bytes
[MESSAGE] From peer 1: 2048 bytes
[MESSAGE] From peer 1: 2048 bytes
[MESSAGE] From peer 1: 2048 bytes
[MESSAGE] From peer 1: 2048 bytes
[MESSAGE] From peer 1: 2048 bytes
[MESSAGE] From peer 1: 2048 bytes
[MESSAGE] From peer 1: 2048 bytes
[MESSAGE] From peer 1: 2048 bytes
[MESSAGE] From peer 1: 2048 bytes
[MESSAGE] From peer 1: 2048 bytes
[MESSAGE] From peer 1: 2048 bytes
[MESSAGE] From peer 1: 2048 bytes
[MESSAGE] From peer 1: 2048 bytes
[MESSAGE] From peer 1: 2048 bytes
[MESSAGE] From peer 1: 2048 bytes
[MESSAGE] From peer 1: 2048 bytes
[MESSAGE] From peer 1: 2048 bytes
[MESSAGE] From peer 1: 2048 bytes
[MESSAGE] From peer 1: 2048 bytes
[MESSAGE] From peer 1: 2048 bytes
[MESSAGE] From peer 1: 2048 bytes
[MESSAGE] From peer 1: 2048 bytes
[MESSAGE] From peer 1: 2048 bytes
[MESSAGE] From peer 1: 2048 bytes
[MESSAGE] From peer 1: 2048 bytes
[MESSAGE] From peer 1: 2048 bytes
[MESSAGE] From peer 1: 2048 bytes
[MESSAGE] From peer 1: 2048 bytes
[MESSAGE] From peer 1: 2048 bytes
[MESSAGE] From peer 1: 2048 bytes
[MESSAGE] From peer 1: 2048 bytes
[MESSAGE] From peer 1: 2048 bytes
[MESSAGE] From peer 1: 2048 bytes
[MESSAGE] From peer 1: 2048 bytes
[MESSAGE] From peer 1: 2048 bytes
[MESSAGE] From peer 1: 2048 bytes
[MESSAGE] From peer 1: 2048 bytes
[MESSAGE] From peer 1: 2048 bytes
[MESSAGE] From peer 1: 2048 bytes
[MESSAGE] From peer 1: 2048 bytes
[MESSAGE] From peer 1: 2048 bytes
[MESSAGE] From peer 1: 2048 bytes
[MESSAGE] From peer 1: 2048 bytes
[MESSAGE] From peer 1: 2048 bytes
[MESSAGE] From peer 1: 2048 bytes
[MESSAGE] From peer 1: 2048 bytes
[MESSAGE] From peer 1: 2048 bytes
[MESSAGE] From peer 1: 2048 bytes
[MESSAGE] From peer 1: 2048 bytes
[MESSAGE] From peer 1: 2048 bytes
[MESSAGE] From peer 1: 2048 bytes
[MESSAGE] From peer 1: 2048 bytes
[MESSAGE] From peer 1: 2048 bytes
[MESSAGE] From peer 1: 2048 bytes
[MESSAGE] From peer 1: 2048 bytes
[MESSAGE] From peer 1: 2048 bytes
[MESSAGE] From peer 1: 2048 bytes
[MESSAGE] From peer 1: 2048 bytes
[MESSAGE] From peer 1: 2048 bytes
[MESSAGE] From peer 1: 2048 bytes
[MESSAGE] From peer 1: 2048 bytes
[MESSAGE] From peer 1: 2048 bytes
[MESSAGE] From peer 1: 2048 bytes
[MESSAGE] From peer 1: 2048 bytes
[MESSAGE] From peer 1: 2048 bytes
[MESSAGE] From peer 1: 2048 bytes
[MESSAGE] From peer 1: 2048 bytes
[MESSAGE] From peer 1: 2048 bytes
[MESSAGE] From peer 1: 2048 bytes
[MESSAGE] From peer 1: 2048 bytes
[MESSAGE] From peer 1: 2048 bytes
[MESSAGE] From peer 1: 2048 bytes
[MESSAGE] From peer 1: 2048 bytes
[MESSAGE] From peer 1: 2048 bytes
[MESSAGE] From peer 1: 2048 bytes
[MESSAGE] From peer 1: 2048 bytes
[MESSAGE] From peer 1: 2048 bytes
[MESSAGE] From peer 1: 2048 bytes
[MESSAGE] From peer 1: 2048 bytes
[MESSAGE] From peer 1: 2048 bytes
[MESSAGE] From peer 1: 2048 bytes
[MESSAGE] From peer 1: 2048 bytes
[MESSAGE] From peer 1: 2048 bytes
[MESSAGE] From peer 1: 2048 bytes
[MESSAGE] From peer 1: 2048 bytes
[MESSAGE] From peer 1: 2048 bytes
[MESSAGE] From peer 1: 2048 bytes
[ECHO] 21100 messages echoed
[MESSAGE] From peer 1: 2048 bytes
[MESSAGE] From peer 1: 2048 bytes
[MESSAGE] From peer 1: 2048 bytes
[MESSAGE] From peer 1: 2048 bytes
[MESSAGE] From peer 1: 2048 bytes
[MESSAGE] From peer 1: 2048 bytes
[MESSAGE] From peer 1: 2048 bytes
[MESSAGE] From peer 1: 2048 bytes
[MESSAGE] From peer 1: 2048 bytes
[MESSAGE] From peer 1: 2048 bytes
[MESSAGE] From peer 1: 2048 bytes
[MESSAGE] From peer 1: 2048 bytes
[MESSAGE] From peer 1: 2048 bytes
[MESSAGE] From peer 1: 2048 bytes
[MESSAGE] From peer 1: 2048 bytes
[MESSAGE] From peer 1: 2048 bytes
[MESSAGE] From peer 1: 2048 bytes
[MESSAGE] From peer 1: 2048 bytes
[MESSAGE] From peer 1: 2048 bytes
[MESSAGE] From peer 1: 2048 bytes
[MESSAGE] From peer 1: 2048 bytes
[MESSAGE] From peer 1: 2048 bytes
[MESSAGE] From peer 1: 2048 bytes
[MESSAGE] From peer 1: 2048 bytes
[MESSAGE] From peer 1: 2048 bytes
[MESSAGE] From peer 1: 2048 bytes
[MESSAGE] From peer 1: 2048 bytes
[MESSAGE] From peer 1: 2048 bytes
[MESSAGE] From peer 1: 2048 bytes
[MESSAGE] From peer 1: 2048 bytes
[MESSAGE] From peer 1: 2048 bytes
[MESSAGE] From peer 1: 2048 bytes
[MESSAGE] From peer 1: 2048 bytes
[MESSAGE] From peer 1: 2048 bytes
[MESSAGE] From peer 1: 2048 bytes
[MESSAGE] From peer 1: 2048 bytes
[MESSAGE] From peer 1: 2048 bytes
[MESSAGE] From peer 1: 2048 bytes
[MESSAGE] From peer 1: 2048 bytes
[MESSAGE] From peer 1: 2048 bytes
[MESSAGE] From peer 1: 2048 bytes
[MESSAGE] From peer 1: 2048 bytes
[MESSAGE] From peer 1: 2048 bytes
[MESSAGE] From peer 1: 2048 bytes
[MESSAGE] From peer 1: 2048 bytes
[MESSAGE] From peer 1: 2048 bytes
[MESSAGE] From peer 1: 2048 bytes
[MESSAGE] From peer 1: 2048 bytes
[MESSAGE] From peer 1: 2048 bytes
[MESSAGE] From peer 1: 2048 bytes
[MESSAGE] From peer 1: 2048 bytes
[MESSAGE] From peer 1: 2048 bytes
[MESSAGE] From peer 1: 2048 bytes
[MESSAGE] From peer 1: 2048 bytes
[MESSAGE] From peer 1: 2048 bytes
[MESSAGE] From peer 1: 2048 bytes
[MESSAGE] From peer 1: 2048 bytes
[MESSAGE] From peer 1: 2048 bytes
[MESSAGE] From peer 1: 2048 bytes
[MESSAGE] From peer 1: 2048 bytes
[MESSAGE] From peer 1: 2048 bytes
[MESSAGE] From peer 1: 2048 bytes
[MESSAGE] From peer 1: 2048 bytes
[MESSAGE] From peer 1: 2048 bytes
[MESSAGE] From peer 1: 2048 bytes
[MESSAGE] From peer 1: 2048 bytes
[MESSAGE] From peer 1: 2048 bytes
[MESSAGE] From peer 1: 2048 bytes
[MESSAGE] From peer 1: 2048 bytes
[MESSAGE] From peer 1: 2048 bytes
[MESSAGE] From peer 1: 2048 bytes
[MESSAGE] From peer 1: 2048 bytes
[MESSAGE] From peer 1: 2048 bytes
[MESSAGE] From peer 1: 2048 bytes
[MESSAGE] From peer 1: 2048 bytes
[MESSAGE] From peer 1: 2048 bytes
[MESSAGE] From peer 1: 2048 bytes
[MESSAGE] From peer 1: 2048 bytes
[MESSAGE] From peer 1: 2048 bytes
[MESSAGE] From peer 1: 2048 bytes
[MESSAGE] From peer 1: 2048 bytes
[MESSAGE] From peer 1: 2048 bytes
[MESSAGE] From peer 1: 2048 bytes
[MESSAGE] From peer 1: 2048 bytes
[MESSAGE] From peer 1: 2048 bytes
[MESSAGE] From peer 1: 2048 bytes
[MESSAGE] From peer 1: 2048 bytes
[MESSAGE] From peer 1: 2048 bytes
[MESSAGE] From peer 1: 2048 bytes
[MESSAGE] From peer 1: 2048 bytes
[MESSAGE] From peer 1: 2048 bytes
[MESSAGE] From peer 1: 2048 bytes
[MESSAGE] From peer 1: 2048 bytes
[MESSAGE] From peer 1: 2048 bytes
[MESSAGE] From peer 1: 2048 bytes
[MESSAGE] From peer 1: 2048 bytes
[MESSAGE] From peer 1: 2048 bytes
[MESSAGE] From peer 1: 2048 bytes
[MESSAGE] From peer 1: 2048 bytes
[MESSAGE] From peer 1: 2048 bytes
[ECHO] 21200 messages echoed
[MESSAGE] From peer 1: 2048 bytes
[MESSAGE] From peer 1: 2048 bytes
[MESSAGE] From peer 1: 2048 bytes
[MESSAGE] From peer 1: 2048 bytes
[MESSAGE] From peer 1: 2048 bytes
[MESSAGE] From peer 1: 2048 bytes
[MESSAGE] From peer 1: 2048 bytes
[MESSAGE] From peer 1: 2048 bytes
[MESSAGE] From peer 1: 2048 bytes
[MESSAGE] From peer 1: 2048 bytes
[MESSAGE] From peer 1: 2048 bytes
[MESSAGE] From peer 1: 2048 bytes
[MESSAGE] From peer 1: 2048 bytes
[MESSAGE] From peer 1: 2048 bytes
[MESSAGE] From peer 1: 2048 bytes
[MESSAGE] From peer 1: 2048 bytes
[MESSAGE] From peer 1: 2048 bytes
[MESSAGE] From peer 1: 2048 bytes
[MESSAGE] From peer 1: 2048 bytes
[MESSAGE] From peer 1: 2048 bytes
[MESSAGE] From peer 1: 2048 bytes
[MESSAGE] From peer 1: 2048 bytes
[MESSAGE] From peer 1: 2048 bytes
[MESSAGE] From peer 1: 2048 bytes
[MESSAGE] From peer 1: 2048 bytes
[MESSAGE] From peer 1: 2048 bytes
[MESSAGE] From peer 1: 2048 bytes
[MESSAGE] From peer 1: 2048 bytes
[MESSAGE] From peer 1: 2048 bytes
[MESSAGE] From peer 1: 2048 bytes
[MESSAGE] From peer 1: 2048 bytes
[MESSAGE] From peer 1: 2048 bytes
[MESSAGE] From peer 1: 2048 bytes
[MESSAGE] From peer 1: 2048 bytes
[MESSAGE] From peer 1: 2048 bytes
[MESSAGE] From peer 1: 2048 bytes
[MESSAGE] From peer 1: 2048 bytes
[MESSAGE] From peer 1: 2048 bytes
[MESSAGE] From peer 1: 2048 bytes
[MESSAGE] From peer 1: 2048 bytes
[MESSAGE] From peer 1: 2048 bytes
[MESSAGE] From peer 1: 2048 bytes
[MESSAGE] From peer 1: 2048 bytes
[MESSAGE] From peer 1: 2048 bytes
[MESSAGE] From peer 1: 2048 bytes
[MESSAGE] From peer 1: 2048 bytes
[MESSAGE] From peer 1: 2048 bytes
[MESSAGE] From peer 1: 2048 bytes
[MESSAGE] From peer 1: 2048 bytes
[MESSAGE] From peer 1: 2048 bytes
[MESSAGE] From peer 1: 2048 bytes
[MESSAGE] From peer 1: 2048 bytes
[MESSAGE] From peer 1: 2048 bytes
[MESSAGE] From peer 1: 2048 bytes
[MESSAGE] From peer 1: 2048 bytes
[MESSAGE] From peer 1: 2048 bytes
[MESSAGE] From peer 1: 2048 bytes
[MESSAGE] From peer 1: 2048 bytes
[MESSAGE] From peer 1: 2048 bytes
[MESSAGE] From peer 1: 2048 bytes
[MESSAGE] From peer 1: 2048 bytes
[MESSAGE] From peer 1: 2048 bytes
[MESSAGE] From peer 1: 2048 bytes
[MESSAGE] From peer 1: 2048 bytes
[MESSAGE] From peer 1: 2048 bytes
[MESSAGE] From peer 1: 2048 bytes
[MESSAGE] From peer 1: 2048 bytes
[MESSAGE] From peer 1: 2048 bytes
[MESSAGE] From peer 1: 2048 bytes
[MESSAGE] From peer 1: 2048 bytes
[MESSAGE] From peer 1: 2048 bytes
[MESSAGE] From peer 1: 2048 bytes
[MESSAGE] From peer 1: 2048 bytes
[MESSAGE] From peer 1: 2048 bytes
[MESSAGE] From peer 1: 2048 bytes
[MESSAGE] From peer 1: 2048 bytes
[MESSAGE] From peer 1: 2048 bytes
[MESSAGE] From peer 1: 2048 bytes
[MESSAGE] From peer 1: 2048 bytes
[MESSAGE] From peer 1: 2048 bytes
[MESSAGE] From peer 1: 2048 bytes
[MESSAGE] From peer 1: 2048 bytes
[MESSAGE] From peer 1: 2048 bytes
[MESSAGE] From peer 1: 2048 bytes
[MESSAGE] From peer 1: 2048 bytes
[MESSAGE] From peer 1: 2048 bytes
[MESSAGE] From peer 1: 2048 bytes
[MESSAGE] From peer 1: 2048 bytes
[MESSAGE] From peer 1: 2048 bytes
[MESSAGE] From peer 1: 2048 bytes
[MESSAGE] From peer 1: 2048 bytes
[MESSAGE] From peer 1: 2048 bytes
[MESSAGE] From peer 1: 2048 bytes
[MESSAGE] From peer 1: 2048 bytes
[MESSAGE] From peer 1: 2048 bytes
[MESSAGE] From peer 1: 2048 bytes
[MESSAGE] From peer 1: 2048 bytes
[MESSAGE] From peer 1: 2048 bytes
[MESSAGE] From peer 1: 2048 bytes
[MESSAGE] From peer 1: 2048 bytes
[ECHO] 21300 messages echoed
[MESSAGE] From peer 1: 2048 bytes
[MESSAGE] From peer 1: 2048 bytes
[MESSAGE] From peer 1: 2048 bytes
[MESSAGE] From peer 1: 2048 bytes
[MESSAGE] From peer 1: 2048 bytes
[MESSAGE] From peer 1: 2048 bytes
[MESSAGE] From peer 1: 2048 bytes
[MESSAGE] From peer 1: 2048 bytes
[MESSAGE] From peer 1: 2048 bytes
[MESSAGE] From peer 1: 2048 bytes
[MESSAGE] From peer 1: 2048 bytes
[MESSAGE] From peer 1: 2048 bytes
[MESSAGE] From peer 1: 2048 bytes
[MESSAGE] From peer 1: 2048 bytes
[MESSAGE] From peer 1: 2048 bytes
[MESSAGE] From peer 1: 2048 bytes
[MESSAGE] From peer 1: 2048 bytes
[MESSAGE] From peer 1: 2048 bytes
[MESSAGE] From peer 1: 2048 bytes
[MESSAGE] From peer 1: 2048 bytes
[MESSAGE] From peer 1: 2048 bytes
[MESSAGE] From peer 1: 2048 bytes
[MESSAGE] From peer 1: 2048 bytes
[MESSAGE] From peer 1: 2048 bytes
[MESSAGE] From peer 1: 2048 bytes
[MESSAGE] From peer 1: 2048 bytes
[MESSAGE] From peer 1: 2048 bytes
[MESSAGE] From peer 1: 2048 bytes
[MESSAGE] From peer 1: 2048 bytes
[MESSAGE] From peer 1: 2048 bytes
[MESSAGE] From peer 1: 2048 bytes
[MESSAGE] From peer 1: 2048 bytes
[MESSAGE] From peer 1: 2048 bytes
[MESSAGE] From peer 1: 2048 bytes
[MESSAGE] From peer 1: 2048 bytes
[MESSAGE] From peer 1: 2048 bytes
[MESSAGE] From peer 1: 2048 bytes
[MESSAGE] From peer 1: 2048 bytes
[MESSAGE] From peer 1: 2048 bytes
[MESSAGE] From peer 1: 2048 bytes
[MESSAGE] From peer 1: 2048 bytes
[MESSAGE] From peer 1: 2048 bytes
[MESSAGE] From peer 1: 2048 bytes
[MESSAGE] From peer 1: 2048 bytes
[MESSAGE] From peer 1: 2048 bytes
[MESSAGE] From peer 1: 2048 bytes
[MESSAGE] From peer 1: 2048 bytes
[MESSAGE] From peer 1: 2048 bytes
[MESSAGE] From peer 1: 2048 bytes
[MESSAGE] From peer 1: 2048 bytes
[MESSAGE] From peer 1: 2048 bytes
[MESSAGE] From peer 1: 2048 bytes
[MESSAGE] From peer 1: 2048 bytes
[MESSAGE] From peer 1: 2048 bytes
[MESSAGE] From peer 1: 2048 bytes
[MESSAGE] From peer 1: 2048 bytes
[MESSAGE] From peer 1: 2048 bytes
[MESSAGE] From peer 1: 2048 bytes
[MESSAGE] From peer 1: 2048 bytes
[MESSAGE] From peer 1: 2048 bytes
[MESSAGE] From peer 1: 2048 bytes
[MESSAGE] From peer 1: 2048 bytes
[MESSAGE] From peer 1: 2048 bytes
[MESSAGE] From peer 1: 2048 bytes
[MESSAGE] From peer 1: 2048 bytes
[MESSAGE] From peer 1: 2048 bytes
[MESSAGE] From peer 1: 2048 bytes
[MESSAGE] From peer 1: 2048 bytes
[MESSAGE] From peer 1: 2048 bytes
[MESSAGE] From peer 1: 2048 bytes
[MESSAGE] From peer 1: 2048 bytes
[MESSAGE] From peer 1: 2048 bytes
[MESSAGE] From peer 1: 2048 bytes
[MESSAGE] From peer 1: 2048 bytes
[MESSAGE] From peer 1: 2048 bytes
[MESSAGE] From peer 1: 2048 bytes
[MESSAGE] From peer 1: 2048 bytes
[MESSAGE] From peer 1: 2048 bytes
[MESSAGE] From peer 1: 2048 bytes
[MESSAGE] From peer 1: 2048 bytes
[MESSAGE] From peer 1: 2048 bytes
[MESSAGE] From peer 1: 2048 bytes
[MESSAGE] From peer 1: 2048 bytes
[MESSAGE] From peer 1: 2048 bytes
[MESSAGE] From peer 1: 2048 bytes
[MESSAGE] From peer 1: 2048 bytes
[MESSAGE] From peer 1: 2048 bytes
[MESSAGE] From peer 1: 2048 bytes
[MESSAGE] From peer 1: 2048 bytes
[MESSAGE] From peer 1: 2048 bytes
[MESSAGE] From peer 1: 2048 bytes
[MESSAGE] From peer 1: 2048 bytes
[MESSAGE] From peer 1: 2048 bytes
[MESSAGE] From peer 1: 2048 bytes
[MESSAGE] From peer 1: 2048 bytes
[MESSAGE] From peer 1: 2048 bytes
[MESSAGE] From peer 1: 2048 bytes
[MESSAGE] From peer 1: 2048 bytes
[MESSAGE] From peer 1: 2048 bytes
[MESSAGE] From peer 1: 2048 bytes
[ECHO] 21400 messages echoed
[MESSAGE] From peer 1: 2048 bytes
[MESSAGE] From peer 1: 2048 bytes
[MESSAGE] From peer 1: 2048 bytes
[MESSAGE] From peer 1: 2048 bytes
[MESSAGE] From peer 1: 2048 bytes
[MESSAGE] From peer 1: 2048 bytes
[MESSAGE] From peer 1: 2048 bytes
[MESSAGE] From peer 1: 2048 bytes
[MESSAGE] From peer 1: 2048 bytes
[MESSAGE] From peer 1: 2048 bytes
[MESSAGE] From peer 1: 2048 bytes
[MESSAGE] From peer 1: 2048 bytes
[MESSAGE] From peer 1: 2048 bytes
[MESSAGE] From peer 1: 2048 bytes
[MESSAGE] From peer 1: 2048 bytes
[MESSAGE] From peer 1: 2048 bytes
[MESSAGE] From peer 1: 2048 bytes
[MESSAGE] From peer 1: 2048 bytes
[MESSAGE] From peer 1: 2048 bytes
[MESSAGE] From peer 1: 2048 bytes
[MESSAGE] From peer 1: 2048 bytes
[MESSAGE] From peer 1: 2048 bytes
[MESSAGE] From peer 1: 2048 bytes
[MESSAGE] From peer 1: 2048 bytes
[MESSAGE] From peer 1: 2048 bytes
[MESSAGE] From peer 1: 2048 bytes
[MESSAGE] From peer 1: 2048 bytes
[MESSAGE] From peer 1: 2048 bytes
[MESSAGE] From peer 1: 2048 bytes
[MESSAGE] From peer 1: 2048 bytes
[MESSAGE] From peer 1: 2048 bytes
[MESSAGE] From peer 1: 2048 bytes
[MESSAGE] From peer 1: 2048 bytes
[MESSAGE] From peer 1: 2048 bytes
[MESSAGE] From peer 1: 2048 bytes
[MESSAGE] From peer 1: 2048 bytes
[MESSAGE] From peer 1: 2048 bytes
[MESSAGE] From peer 1: 2048 bytes
[MESSAGE] From peer 1: 2048 bytes
[MESSAGE] From peer 1: 2048 bytes
[MESSAGE] From peer 1: 2048 bytes
[MESSAGE] From peer 1: 2048 bytes
[MESSAGE] From peer 1: 2048 bytes
[MESSAGE] From peer 1: 2048 bytes
[MESSAGE] From peer 1: 2048 bytes
[MESSAGE] From peer 1: 2048 bytes
[MESSAGE] From peer 1: 2048 bytes
[MESSAGE] From peer 1: 2048 bytes
[STATUS] 3710 sec: peers=26, msgs=21458, connected=yes
[MESSAGE] From peer 1: 2048 bytes
[MESSAGE] From peer 1: 2048 bytes
[MESSAGE] From peer 1: 2048 bytes
[MESSAGE] From peer 1: 2048 bytes
[MESSAGE] From peer 1: 2048 bytes
[MESSAGE] From peer 1: 2048 bytes
[MESSAGE] From peer 1: 2048 bytes
[MESSAGE] From peer 1: 2048 bytes
[MESSAGE] From peer 1: 2048 bytes
[MESSAGE] From peer 1: 2048 bytes
[MESSAGE] From peer 1: 2048 bytes
[MESSAGE] From peer 1: 2048 bytes
[MESSAGE] From peer 1: 2048 bytes
[MESSAGE] From peer 1: 2048 bytes
[MESSAGE] From peer 1: 2048 bytes
[MESSAGE] From peer 1: 2048 bytes
[MESSAGE] From peer 1: 2048 bytes
[MESSAGE] From peer 1: 2048 bytes
[MESSAGE] From peer 1: 2048 bytes
[MESSAGE] From peer 1: 2048 bytes
[MESSAGE] From peer 1: 2048 bytes
[MESSAGE] From peer 1: 2048 bytes
[MESSAGE] From peer 1: 2048 bytes
[MESSAGE] From peer 1: 2048 bytes
[MESSAGE] From peer 1: 2048 bytes
[MESSAGE] From peer 1: 2048 bytes
[MESSAGE] From peer 1: 2048 bytes
[MESSAGE] From peer 1: 2048 bytes
[MESSAGE] From peer 1: 2048 bytes
[MESSAGE] From peer 1: 2048 bytes
[MESSAGE] From peer 1: 2048 bytes
[MESSAGE] From peer 1: 2048 bytes
[MESSAGE] From peer 1: 2048 bytes
[MESSAGE] From peer 1: 2048 bytes
[MESSAGE] From peer 1: 2048 bytes
[MESSAGE] From peer 1: 2048 bytes
[MESSAGE] From peer 1: 2048 bytes
[MESSAGE] From peer 1: 2048 bytes
[MESSAGE] From peer 1: 2048 bytes
[MESSAGE] From peer 1: 2048 bytes
[MESSAGE] From peer 1: 2048 bytes
[MESSAGE] From peer 1: 2048 bytes
[MESSAGE] From peer 1: 2048 bytes
[MESSAGE] From peer 1: 2048 bytes
[MESSAGE] From peer 1: 2048 bytes
[MESSAGE] From peer 1: 2048 bytes
[MESSAGE] From peer 1: 2048 bytes
[MESSAGE] From peer 1: 2048 bytes
[MESSAGE] From peer 1: 2048 bytes
[MESSAGE] From peer 1: 2048 bytes
[MESSAGE] From peer 1: 2048 bytes
[MESSAGE] From peer 1: 2048 bytes
[ECHO] 21500 messages echoed
[MESSAGE] From peer 1: 2048 bytes
[MESSAGE] From peer 1: 2048 bytes
[MESSAGE] From peer 1: 2048 bytes
[MESSAGE] From peer 1: 2048 bytes
[MESSAGE] From peer 1: 2048 bytes
[MESSAGE] From peer 1: 2048 bytes
[MESSAGE] From peer 1: 2048 bytes
[MESSAGE] From peer 1: 2048 bytes
[MESSAGE] From peer 1: 2048 bytes
[MESSAGE] From peer 1: 2048 bytes
[MESSAGE] From peer 1: 2048 bytes
[MESSAGE] From peer 1: 2048 bytes
[MESSAGE] From peer 1: 2048 bytes
[MESSAGE] From peer 1: 2048 bytes
[MESSAGE] From peer 1: 2048 bytes
[MESSAGE] From peer 1: 2048 bytes
[MESSAGE] From peer 1: 2048 bytes
[MESSAGE] From peer 1: 2048 bytes
[MESSAGE] From peer 1: 2048 bytes
[MESSAGE] From peer 1: 2048 bytes
[MESSAGE] From peer 1: 2048 bytes
[MESSAGE] From peer 1: 2048 bytes
[MESSAGE] From peer 1: 2048 bytes
[MESSAGE] From peer 1: 2048 bytes
[MESSAGE] From peer 1: 2048 bytes
[MESSAGE] From peer 1: 2048 bytes
[MESSAGE] From peer 1: 2048 bytes
[MESSAGE] From peer 1: 2048 bytes
[MESSAGE] From peer 1: 2048 bytes
[MESSAGE] From peer 1: 2048 bytes
[MESSAGE] From peer 1: 2048 bytes
[MESSAGE] From peer 1: 2048 bytes
[MESSAGE] From peer 1: 2048 bytes
[MESSAGE] From peer 1: 2048 bytes
[MESSAGE] From peer 1: 2048 bytes
[MESSAGE] From peer 1: 2048 bytes
[MESSAGE] From peer 1: 2048 bytes
[MESSAGE] From peer 1: 2048 bytes
[MESSAGE] From peer 1: 2048 bytes
[MESSAGE] From peer 1: 2048 bytes
[MESSAGE] From peer 1: 2048 bytes
[MESSAGE] From peer 1: 2048 bytes
[MESSAGE] From peer 1: 2048 bytes
[MESSAGE] From peer 1: 2048 bytes
[MESSAGE] From peer 1: 2048 bytes
[MESSAGE] From peer 1: 2048 bytes
[MESSAGE] From peer 1: 2048 bytes
[MESSAGE] From peer 1: 2048 bytes
[MESSAGE] From peer 1: 2048 bytes
[MESSAGE] From peer 1: 2048 bytes
[MESSAGE] From peer 1: 2048 bytes
[MESSAGE] From peer 1: 2048 bytes
[MESSAGE] From peer 1: 2048 bytes
[MESSAGE] From peer 1: 2048 bytes
[MESSAGE] From peer 1: 2048 bytes
[MESSAGE] From peer 1: 2048 bytes
[MESSAGE] From peer 1: 2048 bytes
[MESSAGE] From peer 1: 2048 bytes
[MESSAGE] From peer 1: 2048 bytes
[MESSAGE] From peer 1: 2048 bytes
[MESSAGE] From peer 1: 2048 bytes
[MESSAGE] From peer 1: 2048 bytes
[MESSAGE] From peer 1: 2048 bytes
[MESSAGE] From peer 1: 2048 bytes
[MESSAGE] From peer 1: 2048 bytes
[MESSAGE] From peer 1: 2048 bytes
[MESSAGE] From peer 1: 2048 bytes
[MESSAGE] From peer 1: 2048 bytes
[MESSAGE] From peer 1: 2048 bytes
[MESSAGE] From peer 1: 2048 bytes
[MESSAGE] From peer 1: 2048 bytes
[MESSAGE] From peer 1: 2048 bytes
[MESSAGE] From peer 1: 2048 bytes
[MESSAGE] From peer 1: 2048 bytes
[MESSAGE] From peer 1: 2048 bytes
[MESSAGE] From peer 1: 2048 bytes
[MESSAGE] From peer 1: 2048 bytes
[MESSAGE] From peer 1: 2048 bytes
[MESSAGE] From peer 1: 2048 bytes
[MESSAGE] From peer 1: 2048 bytes
[MESSAGE] From peer 1: 2048 bytes
[MESSAGE] From peer 1: 2048 bytes
[MESSAGE] From peer 1: 2048 bytes
[MESSAGE] From peer 1: 2048 bytes
[MESSAGE] From peer 1: 2048 bytes
[MESSAGE] From peer 1: 2048 bytes
[MESSAGE] From peer 1: 2048 bytes
[MESSAGE] From peer 1: 2048 bytes
[MESSAGE] From peer 1: 2048 bytes
[MESSAGE] From peer 1: 2048 bytes
[MESSAGE] From peer 1: 2048 bytes
[MESSAGE] From peer 1: 2048 bytes
[MESSAGE] From peer 1: 2048 bytes
[MESSAGE] From peer 1: 2048 bytes
[MESSAGE] From peer 1: 2048 bytes
[MESSAGE] From peer 1: 2048 bytes
[MESSAGE] From peer 1: 2048 bytes
[MESSAGE] From peer 1: 2048 bytes
[MESSAGE] From peer 1: 2048 bytes
[MESSAGE] From peer 1: 2048 bytes
[ECHO] 21600 messages echoed
[MESSAGE] From peer 1: 2048 bytes
[MESSAGE] From peer 1: 2048 bytes
[MESSAGE] From peer 1: 2048 bytes
[MESSAGE] From peer 1: 2048 bytes
[MESSAGE] From peer 1: 2048 bytes
[MESSAGE] From peer 1: 2048 bytes
[MESSAGE] From peer 1: 2048 bytes
[MESSAGE] From peer 1: 2048 bytes
[MESSAGE] From peer 1: 2048 bytes
[MESSAGE] From peer 1: 2048 bytes
[MESSAGE] From peer 1: 2048 bytes
[MESSAGE] From peer 1: 2048 bytes
[MESSAGE] From peer 1: 2048 bytes
[MESSAGE] From peer 1: 2048 bytes
[MESSAGE] From peer 1: 2048 bytes
[MESSAGE] From peer 1: 2048 bytes
[MESSAGE] From peer 1: 2048 bytes
[MESSAGE] From peer 1: 2048 bytes
[MESSAGE] From peer 1: 2048 bytes
[MESSAGE] From peer 1: 2048 bytes
[MESSAGE] From peer 1: 2048 bytes
[MESSAGE] From peer 1: 2048 bytes
[MESSAGE] From peer 1: 2048 bytes
[MESSAGE] From peer 1: 2048 bytes
[MESSAGE] From peer 1: 2048 bytes
[MESSAGE] From peer 1: 2048 bytes
[MESSAGE] From peer 1: 2048 bytes
[MESSAGE] From peer 1: 2048 bytes
[MESSAGE] From peer 1: 2048 bytes
[MESSAGE] From peer 1: 2048 bytes
[MESSAGE] From peer 1: 2048 bytes
[MESSAGE] From peer 1: 2048 bytes
[MESSAGE] From peer 1: 2048 bytes
[MESSAGE] From peer 1: 2048 bytes
[MESSAGE] From peer 1: 2048 bytes
[MESSAGE] From peer 1: 2048 bytes
[MESSAGE] From peer 1: 2048 bytes
[MESSAGE] From peer 1: 2048 bytes
[MESSAGE] From peer 1: 2048 bytes
[MESSAGE] From peer 1: 2048 bytes
[MESSAGE] From peer 1: 2048 bytes
[MESSAGE] From peer 1: 2048 bytes
[MESSAGE] From peer 1: 2048 bytes
[MESSAGE] From peer 1: 2048 bytes
[MESSAGE] From peer 1: 2048 bytes
[MESSAGE] From peer 1: 2048 bytes
[MESSAGE] From peer 1: 2048 bytes
[MESSAGE] From peer 1: 2048 bytes
[MESSAGE] From peer 1: 2048 bytes
[MESSAGE] From peer 1: 2048 bytes
[MESSAGE] From peer 1: 2048 bytes
[MESSAGE] From peer 1: 2048 bytes
[MESSAGE] From peer 1: 2048 bytes
[MESSAGE] From peer 1: 2048 bytes
[MESSAGE] From peer 1: 2048 bytes
[MESSAGE] From peer 1: 2048 bytes
[MESSAGE] From peer 1: 2048 bytes
[MESSAGE] From peer 1: 2048 bytes
[MESSAGE] From peer 1: 2048 bytes
[MESSAGE] From peer 1: 2048 bytes
[MESSAGE] From peer 1: 2048 bytes
[MESSAGE] From peer 1: 2048 bytes
[MESSAGE] From peer 1: 2048 bytes
[MESSAGE] From peer 1: 2048 bytes
[MESSAGE] From peer 1: 2048 bytes
[MESSAGE] From peer 1: 2048 bytes
[MESSAGE] From peer 1: 2048 bytes
[MESSAGE] From peer 1: 2048 bytes
[MESSAGE] From peer 1: 2048 bytes
[MESSAGE] From peer 1: 2048 bytes
[MESSAGE] From peer 1: 2048 bytes
[MESSAGE] From peer 1: 2048 bytes
[MESSAGE] From peer 1: 2048 bytes
[MESSAGE] From peer 1: 2048 bytes
[MESSAGE] From peer 1: 2048 bytes
[MESSAGE] From peer 1: 2048 bytes
[MESSAGE] From peer 1: 2048 bytes
[MESSAGE] From peer 1: 2048 bytes
[MESSAGE] From peer 1: 2048 bytes
[MESSAGE] From peer 1: 2048 bytes
[MESSAGE] From peer 1: 2048 bytes
[MESSAGE] From peer 1: 2048 bytes
[MESSAGE] From peer 1: 2048 bytes
[MESSAGE] From peer 1: 2048 bytes
[MESSAGE] From peer 1: 2048 bytes
[MESSAGE] From peer 1: 2048 bytes
[MESSAGE] From peer 1: 2048 bytes
[MESSAGE] From peer 1: 2048 bytes
[MESSAGE] From peer 1: 2048 bytes
[MESSAGE] From peer 1: 2048 bytes
[MESSAGE] From peer 1: 2048 bytes
[MESSAGE] From peer 1: 2048 bytes
[MESSAGE] From peer 1: 2048 bytes
[MESSAGE] From peer 1: 2048 bytes
[MESSAGE] From peer 1: 2048 bytes
[MESSAGE] From peer 1: 2048 bytes
[MESSAGE] From peer 1: 2048 bytes
[MESSAGE] From peer 1: 2048 bytes
[MESSAGE] From peer 1: 2048 bytes
[MESSAGE] From peer 1: 2048 bytes
[ECHO] 21700 messages echoed
[MESSAGE] From peer 1: 2048 bytes
[MESSAGE] From peer 1: 2048 bytes
[MESSAGE] From peer 1: 2048 bytes
[MESSAGE] From peer 1: 2048 bytes
[MESSAGE] From peer 1: 2048 bytes
[MESSAGE] From peer 1: 2048 bytes
[MESSAGE] From peer 1: 2048 bytes
[MESSAGE] From peer 1: 2048 bytes
[MESSAGE] From peer 1: 2048 bytes
[MESSAGE] From peer 1: 2048 bytes
[MESSAGE] From peer 1: 2048 bytes
[MESSAGE] From peer 1: 2048 bytes
[MESSAGE] From peer 1: 2048 bytes
[MESSAGE] From peer 1: 2048 bytes
[MESSAGE] From peer 1: 2048 bytes
[MESSAGE] From peer 1: 2048 bytes
[MESSAGE] From peer 1: 2048 bytes
[MESSAGE] From peer 1: 2048 bytes
[MESSAGE] From peer 1: 2048 bytes
[MESSAGE] From peer 1: 2048 bytes
[MESSAGE] From peer 1: 2048 bytes
[MESSAGE] From peer 1: 2048 bytes
[MESSAGE] From peer 1: 2048 bytes
[MESSAGE] From peer 1: 2048 bytes
[MESSAGE] From peer 1: 2048 bytes
[MESSAGE] From peer 1: 2048 bytes
[MESSAGE] From peer 1: 2048 bytes
[DISCOVERED] Peer 2: "MacThroughput" at 10.188.1.213:7354
[MESSAGE] From peer 1: 2048 bytes
[MESSAGE] From peer 1: 2048 bytes
[MESSAGE] From peer 1: 2048 bytes
[MESSAGE] From peer 1: 2048 bytes
[MESSAGE] From peer 1: 2048 bytes
[MESSAGE] From peer 1: 2048 bytes
[MESSAGE] From peer 1: 2048 bytes
[MESSAGE] From peer 1: 2048 bytes
[MESSAGE] From peer 1: 2048 bytes
[MESSAGE] From peer 1: 2048 bytes
[MESSAGE] From peer 1: 2048 bytes
[MESSAGE] From peer 1: 2048 bytes
[MESSAGE] From peer 1: 2048 bytes
[MESSAGE] From peer 1: 2048 bytes
[MESSAGE] From peer 1: 2048 bytes
[MESSAGE] From peer 1: 2048 bytes
[MESSAGE] From peer 1: 2048 bytes
[MESSAGE] From peer 1: 2048 bytes
[MESSAGE] From peer 1: 2048 bytes
[MESSAGE] From peer 1: 2048 bytes
[MESSAGE] From peer 1: 2048 bytes
[MESSAGE] From peer 1: 2048 bytes
[MESSAGE] From peer 1: 2048 bytes
[MESSAGE] From peer 1: 2048 bytes
[MESSAGE] From peer 1: 2048 bytes
[MESSAGE] From peer 1: 2048 bytes
[MESSAGE] From peer 1: 2048 bytes
[MESSAGE] From peer 1: 2048 bytes
[MESSAGE] From peer 1: 2048 bytes
[MESSAGE] From peer 1: 2048 bytes
[MESSAGE] From peer 1: 2048 bytes
[MESSAGE] From peer 1: 2048 bytes
[MESSAGE] From peer 1: 2048 bytes
[MESSAGE] From peer 1: 2048 bytes
[MESSAGE] From peer 1: 2048 bytes
[MESSAGE] From peer 1: 2048 bytes
[MESSAGE] From peer 1: 2048 bytes
[MESSAGE] From peer 1: 2048 bytes
[MESSAGE] From peer 1: 2048 bytes
[MESSAGE] From peer 1: 2048 bytes
[MESSAGE] From peer 1: 2048 bytes
[MESSAGE] From peer 1: 2048 bytes
[MESSAGE] From peer 1: 2048 bytes
[MESSAGE] From peer 1: 2048 bytes
[MESSAGE] From peer 1: 2048 bytes
[MESSAGE] From peer 1: 2048 bytes
[MESSAGE] From peer 1: 2048 bytes
[MESSAGE] From peer 1: 2048 bytes
[MESSAGE] From peer 1: 2048 bytes
[MESSAGE] From peer 1: 2048 bytes
[MESSAGE] From peer 1: 2048 bytes
[MESSAGE] From peer 1: 2048 bytes
[MESSAGE] From peer 1: 2048 bytes
[MESSAGE] From peer 1: 2048 bytes
[MESSAGE] From peer 1: 2048 bytes
[MESSAGE] From peer 1: 2048 bytes
[MESSAGE] From peer 1: 2048 bytes
[MESSAGE] From peer 1: 2048 bytes
[MESSAGE] From peer 1: 2048 bytes
[MESSAGE] From peer 1: 2048 bytes
[MESSAGE] From peer 1: 2048 bytes
[MESSAGE] From peer 1: 2048 bytes
[MESSAGE] From peer 1: 2048 bytes
[MESSAGE] From peer 1: 2048 bytes
[MESSAGE] From peer 1: 2048 bytes
[MESSAGE] From peer 1: 2048 bytes
[MESSAGE] From peer 1: 2048 bytes
[MESSAGE] From peer 1: 2048 bytes
[MESSAGE] From peer 1: 2048 bytes
[MESSAGE] From peer 1: 2048 bytes
[MESSAGE] From peer 1: 2048 bytes
[MESSAGE] From peer 1: 2048 bytes
[MESSAGE] From peer 1: 2048 bytes
[ECHO] 21800 messages echoed
[MESSAGE] From peer 1: 2048 bytes
[MESSAGE] From peer 1: 2048 bytes
[MESSAGE] From peer 1: 2048 bytes
[MESSAGE] From peer 1: 2048 bytes
[MESSAGE] From peer 1: 2048 bytes
[MESSAGE] From peer 1: 2048 bytes
[MESSAGE] From peer 1: 2048 bytes
[MESSAGE] From peer 1: 2048 bytes
[MESSAGE] From peer 1: 2048 bytes
[MESSAGE] From peer 1: 2048 bytes
[MESSAGE] From peer 1: 2048 bytes
[MESSAGE] From peer 1: 2048 bytes
[MESSAGE] From peer 1: 2048 bytes
[MESSAGE] From peer 1: 2048 bytes
[MESSAGE] From peer 1: 2048 bytes
[MESSAGE] From peer 1: 2048 bytes
[MESSAGE] From peer 1: 2048 bytes
[MESSAGE] From peer 1: 2048 bytes
[MESSAGE] From peer 1: 2048 bytes
[MESSAGE] From peer 1: 2048 bytes
[MESSAGE] From peer 1: 2048 bytes
[MESSAGE] From peer 1: 2048 bytes
[MESSAGE] From peer 1: 2048 bytes
[MESSAGE] From peer 1: 2048 bytes
[MESSAGE] From peer 1: 2048 bytes
[MESSAGE] From peer 1: 2048 bytes
[MESSAGE] From peer 1: 2048 bytes
[MESSAGE] From peer 1: 2048 bytes
[MESSAGE] From peer 1: 2048 bytes
[MESSAGE] From peer 1: 2048 bytes
[MESSAGE] From peer 1: 2048 bytes
[MESSAGE] From peer 1: 2048 bytes
[MESSAGE] From peer 1: 2048 bytes
[MESSAGE] From peer 1: 2048 bytes
[MESSAGE] From peer 1: 2048 bytes
[MESSAGE] From peer 1: 2048 bytes
[MESSAGE] From peer 1: 2048 bytes
[MESSAGE] From peer 1: 2048 bytes
[MESSAGE] From peer 1: 2048 bytes
[MESSAGE] From peer 1: 2048 bytes
[MESSAGE] From peer 1: 2048 bytes
[MESSAGE] From peer 1: 2048 bytes
[MESSAGE] From peer 1: 2048 bytes
[MESSAGE] From peer 1: 2048 bytes
[MESSAGE] From peer 1: 2048 bytes
[MESSAGE] From peer 1: 2048 bytes
[MESSAGE] From peer 1: 2048 bytes
[MESSAGE] From peer 1: 2048 bytes
[MESSAGE] From peer 1: 2048 bytes
[MESSAGE] From peer 1: 2048 bytes
[MESSAGE] From peer 1: 2048 bytes
[MESSAGE] From peer 1: 2048 bytes
[MESSAGE] From peer 1: 2048 bytes
[MESSAGE] From peer 1: 2048 bytes
[MESSAGE] From peer 1: 2048 bytes
[MESSAGE] From peer 1: 2048 bytes
[MESSAGE] From peer 1: 2048 bytes
[MESSAGE] From peer 1: 2048 bytes
[MESSAGE] From peer 1: 2048 bytes
[MESSAGE] From peer 1: 2048 bytes
[MESSAGE] From peer 1: 2048 bytes
[MESSAGE] From peer 1: 2048 bytes
[MESSAGE] From peer 1: 2048 bytes
[MESSAGE] From peer 1: 2048 bytes
[MESSAGE] From peer 1: 2048 bytes
[MESSAGE] From peer 1: 2048 bytes
[MESSAGE] From peer 1: 2048 bytes
[MESSAGE] From peer 1: 2048 bytes
[MESSAGE] From peer 1: 2048 bytes
[MESSAGE] From peer 1: 2048 bytes
[MESSAGE] From peer 1: 2048 bytes
[MESSAGE] From peer 1: 2048 bytes
[MESSAGE] From peer 1: 2048 bytes
[MESSAGE] From peer 1: 2048 bytes
[MESSAGE] From peer 1: 2048 bytes
[MESSAGE] From peer 1: 2048 bytes
[MESSAGE] From peer 1: 2048 bytes
[MESSAGE] From peer 1: 2048 bytes
[MESSAGE] From peer 1: 2048 bytes
[MESSAGE] From peer 1: 2048 bytes
[MESSAGE] From peer 1: 2048 bytes
[MESSAGE] From peer 1: 2048 bytes
[MESSAGE] From peer 1: 2048 bytes
[MESSAGE] From peer 1: 2048 bytes
[MESSAGE] From peer 1: 2048 bytes
[MESSAGE] From peer 1: 2048 bytes
[MESSAGE] From peer 1: 2048 bytes
[MESSAGE] From peer 1: 2048 bytes
[MESSAGE] From peer 1: 2048 bytes
[MESSAGE] From peer 1: 2048 bytes
[MESSAGE] From peer 1: 2048 bytes
[MESSAGE] From peer 1: 2048 bytes
[MESSAGE] From peer 1: 2048 bytes
[MESSAGE] From peer 1: 2048 bytes
[MESSAGE] From peer 1: 2048 bytes
[MESSAGE] From peer 1: 2048 bytes
[MESSAGE] From peer 1: 2048 bytes
[MESSAGE] From peer 1: 2048 bytes
[MESSAGE] From peer 1: 2048 bytes
[MESSAGE] From peer 1: 2048 bytes
[ECHO] 21900 messages echoed
[MESSAGE] From peer 1: 2048 bytes
[MESSAGE] From peer 1: 2048 bytes
[MESSAGE] From peer 1: 2048 bytes
[MESSAGE] From peer 1: 2048 bytes
[MESSAGE] From peer 1: 2048 bytes
[MESSAGE] From peer 1: 2048 bytes
[MESSAGE] From peer 1: 2048 bytes
[MESSAGE] From peer 1: 2048 bytes
[MESSAGE] From peer 1: 2048 bytes
[MESSAGE] From peer 1: 2048 bytes
[MESSAGE] From peer 1: 2048 bytes
[MESSAGE] From peer 1: 2048 bytes
[MESSAGE] From peer 1: 2048 bytes
[MESSAGE] From peer 1: 2048 bytes
[MESSAGE] From peer 1: 2048 bytes
[MESSAGE] From peer 1: 2048 bytes
[MESSAGE] From peer 1: 2048 bytes
[MESSAGE] From peer 1: 2048 bytes
[MESSAGE] From peer 1: 2048 bytes
[MESSAGE] From peer 1: 2048 bytes
[MESSAGE] From peer 1: 2048 bytes
[MESSAGE] From peer 1: 2048 bytes
[MESSAGE] From peer 1: 2048 bytes
[STATUS] 3720 sec: peers=27, msgs=21933, connected=yes
[MESSAGE] From peer 1: 2048 bytes
[MESSAGE] From peer 1: 2048 bytes
[MESSAGE] From peer 1: 2048 bytes
[MESSAGE] From peer 1: 2048 bytes
[MESSAGE] From peer 1: 2048 bytes
[MESSAGE] From peer 1: 2048 bytes
[MESSAGE] From peer 1: 2048 bytes
[MESSAGE] From peer 1: 2048 bytes
[MESSAGE] From peer 1: 2048 bytes
[MESSAGE] From peer 1: 2048 bytes
[MESSAGE] From peer 1: 2048 bytes
[MESSAGE] From peer 1: 2048 bytes
[MESSAGE] From peer 1: 2048 bytes
[MESSAGE] From peer 1: 2048 bytes
[MESSAGE] From peer 1: 2048 bytes
[MESSAGE] From peer 1: 2048 bytes
[MESSAGE] From peer 1: 2048 bytes
[MESSAGE] From peer 1: 2048 bytes
[MESSAGE] From peer 1: 2048 bytes
[MESSAGE] From peer 1: 2048 bytes
[MESSAGE] From peer 1: 2048 bytes
[MESSAGE] From peer 1: 2048 bytes
[MESSAGE] From peer 1: 2048 bytes
[MESSAGE] From peer 1: 2048 bytes
[MESSAGE] From peer 1: 2048 bytes
[MESSAGE] From peer 1: 2048 bytes
[MESSAGE] From peer 1: 2048 bytes
[MESSAGE] From peer 1: 2048 bytes
[MESSAGE] From peer 1: 2048 bytes
[MESSAGE] From peer 1: 2048 bytes
[MESSAGE] From peer 1: 2048 bytes
[MESSAGE] From peer 1: 2048 bytes
[MESSAGE] From peer 1: 2048 bytes
[MESSAGE] From peer 1: 2048 bytes
[MESSAGE] From peer 1: 2048 bytes
[MESSAGE] From peer 1: 2048 bytes
[MESSAGE] From peer 1: 2048 bytes
[MESSAGE] From peer 1: 2048 bytes
[MESSAGE] From peer 1: 2048 bytes
[MESSAGE] From peer 1: 2048 bytes
[MESSAGE] From peer 1: 2048 bytes
[MESSAGE] From peer 1: 2048 bytes
[MESSAGE] From peer 1: 2048 bytes
[MESSAGE] From peer 1: 2048 bytes
[MESSAGE] From peer 1: 2048 bytes
[MESSAGE] From peer 1: 2048 bytes
[MESSAGE] From peer 1: 2048 bytes
[MESSAGE] From peer 1: 2048 bytes
[MESSAGE] From peer 1: 2048 bytes
[MESSAGE] From peer 1: 2048 bytes
[MESSAGE] From peer 1: 2048 bytes
[MESSAGE] From peer 1: 2048 bytes
[MESSAGE] From peer 1: 2048 bytes
[MESSAGE] From peer 1: 2048 bytes
[MESSAGE] From peer 1: 2048 bytes
[MESSAGE] From peer 1: 2048 bytes
[MESSAGE] From peer 1: 2048 bytes
[MESSAGE] From peer 1: 2048 bytes
[MESSAGE] From peer 1: 2048 bytes
[MESSAGE] From peer 1: 2048 bytes
[MESSAGE] From peer 1: 2048 bytes
[MESSAGE] From peer 1: 2048 bytes
[MESSAGE] From peer 1: 2048 bytes
[MESSAGE] From peer 1: 2048 bytes
[MESSAGE] From peer 1: 2048 bytes
[MESSAGE] From peer 1: 2048 bytes
[MESSAGE] From peer 1: 2048 bytes
[MESSAGE] From peer 1: 2048 bytes
[MESSAGE] From peer 1: 2048 bytes
[MESSAGE] From peer 1: 2048 bytes
[MESSAGE] From peer 1: 2048 bytes
[MESSAGE] From peer 1: 2048 bytes
[MESSAGE] From peer 1: 2048 bytes
[MESSAGE] From peer 1: 2048 bytes
[MESSAGE] From peer 1: 2048 bytes
[MESSAGE] From peer 1: 2048 bytes
[MESSAGE] From peer 1: 2048 bytes
[ECHO] 22000 messages echoed
[MESSAGE] From peer 1: 2048 bytes
[MESSAGE] From peer 1: 2048 bytes
[MESSAGE] From peer 1: 2048 bytes
[MESSAGE] From peer 1: 2048 bytes
[MESSAGE] From peer 1: 2048 bytes
[MESSAGE] From peer 1: 2048 bytes
[MESSAGE] From peer 1: 2048 bytes
[MESSAGE] From peer 1: 2048 bytes
[MESSAGE] From peer 1: 2048 bytes
[MESSAGE] From peer 1: 2048 bytes
[MESSAGE] From peer 1: 2048 bytes
[MESSAGE] From peer 1: 2048 bytes
[MESSAGE] From peer 1: 2048 bytes
[MESSAGE] From peer 1: 2048 bytes
[MESSAGE] From peer 1: 2048 bytes
[MESSAGE] From peer 1: 2048 bytes
[MESSAGE] From peer 1: 2048 bytes
[MESSAGE] From peer 1: 2048 bytes
[MESSAGE] From peer 1: 2048 bytes
[MESSAGE] From peer 1: 2048 bytes
[MESSAGE] From peer 1: 2048 bytes
[MESSAGE] From peer 1: 2048 bytes
[MESSAGE] From peer 1: 2048 bytes
[MESSAGE] From peer 1: 2048 bytes
[MESSAGE] From peer 1: 2048 bytes
[MESSAGE] From peer 1: 2048 bytes
[MESSAGE] From peer 1: 2048 bytes
[MESSAGE] From peer 1: 2048 bytes
[MESSAGE] From peer 1: 2048 bytes
[MESSAGE] From peer 1: 2048 bytes
[MESSAGE] From peer 1: 2048 bytes
[MESSAGE] From peer 1: 2048 bytes
[MESSAGE] From peer 1: 2048 bytes
[MESSAGE] From peer 1: 2048 bytes
[MESSAGE] From peer 1: 2048 bytes
[MESSAGE] From peer 1: 2048 bytes
[MESSAGE] From peer 1: 2048 bytes
[MESSAGE] From peer 1: 2048 bytes
[MESSAGE] From peer 1: 2048 bytes
[MESSAGE] From peer 1: 2048 bytes
[MESSAGE] From peer 1: 2048 bytes
[MESSAGE] From peer 1: 2048 bytes
[MESSAGE] From peer 1: 2048 bytes
[MESSAGE] From peer 1: 2048 bytes
[MESSAGE] From peer 1: 2048 bytes
[MESSAGE] From peer 1: 2048 bytes
[MESSAGE] From peer 1: 2048 bytes
[MESSAGE] From peer 1: 2048 bytes
[MESSAGE] From peer 1: 2048 bytes
[MESSAGE] From peer 1: 2048 bytes
[MESSAGE] From peer 1: 2048 bytes
[MESSAGE] From peer 1: 2048 bytes
[MESSAGE] From peer 1: 2048 bytes
[MESSAGE] From peer 1: 2048 bytes
[MESSAGE] From peer 1: 2048 bytes
[MESSAGE] From peer 1: 2048 bytes
[MESSAGE] From peer 1: 2048 bytes
[MESSAGE] From peer 1: 2048 bytes
[MESSAGE] From peer 1: 2048 bytes
[MESSAGE] From peer 1: 2048 bytes
[MESSAGE] From peer 1: 2048 bytes
[MESSAGE] From peer 1: 2048 bytes
[MESSAGE] From peer 1: 2048 bytes
[MESSAGE] From peer 1: 2048 bytes
[MESSAGE] From peer 1: 2048 bytes
[MESSAGE] From peer 1: 2048 bytes
[MESSAGE] From peer 1: 2048 bytes
[MESSAGE] From peer 1: 2048 bytes
[MESSAGE] From peer 1: 2048 bytes
[MESSAGE] From peer 1: 2048 bytes
[MESSAGE] From peer 1: 2048 bytes
[MESSAGE] From peer 1: 2048 bytes
[MESSAGE] From peer 1: 2048 bytes
[MESSAGE] From peer 1: 2048 bytes
[MESSAGE] From peer 1: 2048 bytes
[MESSAGE] From peer 1: 2048 bytes
[MESSAGE] From peer 1: 2048 bytes
[MESSAGE] From peer 1: 2048 bytes
[MESSAGE] From peer 1: 2048 bytes
[MESSAGE] From peer 1: 2048 bytes
[MESSAGE] From peer 1: 2048 bytes
[MESSAGE] From peer 1: 2048 bytes
[MESSAGE] From peer 1: 2048 bytes
[MESSAGE] From peer 1: 4096 bytes
[MESSAGE] From peer 1: 4096 bytes
[MESSAGE] From peer 1: 4096 bytes
[MESSAGE] From peer 1: 4096 bytes
[MESSAGE] From peer 1: 4096 bytes
[MESSAGE] From peer 1: 4096 bytes
[MESSAGE] From peer 1: 4096 bytes
[MESSAGE] From peer 1: 4096 bytes
[MESSAGE] From peer 1: 4096 bytes
[MESSAGE] From peer 1: 4096 bytes
[MESSAGE] From peer 1: 4096 bytes
[MESSAGE] From peer 1: 4096 bytes
[MESSAGE] From peer 1: 4096 bytes
[MESSAGE] From peer 1: 4096 bytes
[MESSAGE] From peer 1: 4096 bytes
[MESSAGE] From peer 1: 4096 bytes
[MESSAGE] From peer 1: 4096 bytes
[MESSAGE] From peer 1: 4096 bytes
[MESSAGE] From peer 1: 4096 bytes
[MESSAGE] From peer 1: 4096 bytes
[MESSAGE] From peer 1: 4096 bytes
[MESSAGE] From peer 1: 4096 bytes
[MESSAGE] From peer 1: 4096 bytes
[MESSAGE] From peer 1: 4096 bytes
[MESSAGE] From peer 1: 4096 bytes
[MESSAGE] From peer 1: 4096 bytes
[MESSAGE] From peer 1: 4096 bytes
[MESSAGE] From peer 1: 4096 bytes
[MESSAGE] From peer 1: 4096 bytes
[MESSAGE] From peer 1: 4096 bytes
[MESSAGE] From peer 1: 4096 bytes
[MESSAGE] From peer 1: 4096 bytes
[MESSAGE] From peer 1: 4096 bytes
[MESSAGE] From peer 1: 4096 bytes
[MESSAGE] From peer 1: 4096 bytes
[MESSAGE] From peer 1: 4096 bytes
[MESSAGE] From peer 1: 4096 bytes
[MESSAGE] From peer 1: 4096 bytes
[MESSAGE] From peer 1: 4096 bytes
[MESSAGE] From peer 1: 4096 bytes
[MESSAGE] From peer 1: 4096 bytes
[MESSAGE] From peer 1: 4096 bytes
[MESSAGE] From peer 1: 4096 bytes
[MESSAGE] From peer 1: 4096 bytes
[MESSAGE] From peer 1: 4096 bytes
[MESSAGE] From peer 1: 4096 bytes
[MESSAGE] From peer 1: 4096 bytes
[MESSAGE] From peer 1: 4096 bytes
[MESSAGE] From peer 1: 4096 bytes
[MESSAGE] From peer 1: 4096 bytes
[MESSAGE] From peer 1: 4096 bytes
[MESSAGE] From peer 1: 4096 bytes
[MESSAGE] From peer 1: 4096 bytes
[MESSAGE] From peer 1: 4096 bytes
[MESSAGE] From peer 1: 4096 bytes
[MESSAGE] From peer 1: 4096 bytes
[MESSAGE] From peer 1: 4096 bytes
[MESSAGE] From peer 1: 4096 bytes
[MESSAGE] From peer 1: 4096 bytes
[MESSAGE] From peer 1: 4096 bytes
[MESSAGE] From peer 1: 4096 bytes
[MESSAGE] From peer 1: 4096 bytes
[MESSAGE] From peer 1: 4096 bytes
[MESSAGE] From peer 1: 4096 bytes
[MESSAGE] From peer 1: 4096 bytes
[MESSAGE] From peer 1: 4096 bytes
[MESSAGE] From peer 1: 4096 bytes
[MESSAGE] From peer 1: 4096 bytes
[MESSAGE] From peer 1: 4096 bytes
[MESSAGE] From peer 1: 4096 bytes
[MESSAGE] From peer 1: 4096 bytes
[MESSAGE] From peer 1: 4096 bytes
[MESSAGE] From peer 1: 4096 bytes
[MESSAGE] From peer 1: 4096 bytes
[MESSAGE] From peer 1: 4096 bytes
[MESSAGE] From peer 1: 4096 bytes
[MESSAGE] From peer 1: 4096 bytes
[MESSAGE] From peer 1: 4096 bytes
[MESSAGE] From peer 1: 4096 bytes
[MESSAGE] From peer 1: 4096 bytes
[MESSAGE] From peer 1: 4096 bytes
[MESSAGE] From peer 1: 4096 bytes
[MESSAGE] From peer 1: 4096 bytes
[MESSAGE] From peer 1: 4096 bytes
[MESSAGE] From peer 1: 4096 bytes
[MESSAGE] From peer 1: 4096 bytes
[MESSAGE] From peer 1: 4096 bytes
[MESSAGE] From peer 1: 4096 bytes
[MESSAGE] From peer 1: 4096 bytes
[MESSAGE] From peer 1: 4096 bytes
[MESSAGE] From peer 1: 4096 bytes
[MESSAGE] From peer 1: 4096 bytes
[MESSAGE] From peer 1: 4096 bytes
[MESSAGE] From peer 1: 4096 bytes
[MESSAGE] From peer 1: 4096 bytes
[MESSAGE] From peer 1: 4096 bytes
[MESSAGE] From peer 1: 4096 bytes
[MESSAGE] From peer 1: 4096 bytes
[MESSAGE] From peer 1: 4096 bytes
[MESSAGE] From peer 1: 4096 bytes
[MESSAGE] From peer 1: 4096 bytes
[MESSAGE] From peer 1: 4096 bytes
[MESSAGE] From peer 1: 4096 bytes
[MESSAGE] From peer 1: 4096 bytes
[MESSAGE] From peer 1: 4096 bytes
[MESSAGE] From peer 1: 4096 bytes
[MESSAGE] From peer 1: 4096 bytes
[MESSAGE] From peer 1: 4096 bytes
[MESSAGE] From peer 1: 4096 bytes
[MESSAGE] From peer 1: 4096 bytes
[MESSAGE] From peer 1: 4096 bytes
[MESSAGE] From peer 1: 4096 bytes
[MESSAGE] From peer 1: 4096 bytes
[MESSAGE] From peer 1: 4096 bytes
[MESSAGE] From peer 1: 4096 bytes
[MESSAGE] From peer 1: 4096 bytes
[MESSAGE] From peer 1: 4096 bytes
[ECHO] 22200 messages echoed
[MESSAGE] From peer 1: 4096 bytes
[MESSAGE] From peer 1: 4096 bytes
[MESSAGE] From peer 1: 4096 bytes
[MESSAGE] From peer 1: 4096 bytes
[MESSAGE] From peer 1: 4096 bytes
[MESSAGE] From peer 1: 4096 bytes
[MESSAGE] From peer 1: 4096 bytes
[MESSAGE] From peer 1: 4096 bytes
[MESSAGE] From peer 1: 4096 bytes
[MESSAGE] From peer 1: 4096 bytes
[MESSAGE] From peer 1: 4096 bytes
[MESSAGE] From peer 1: 4096 bytes
[MESSAGE] From peer 1: 4096 bytes
[MESSAGE] From peer 1: 4096 bytes
[MESSAGE] From peer 1: 4096 bytes
[MESSAGE] From peer 1: 4096 bytes
[MESSAGE] From peer 1: 4096 bytes
[MESSAGE] From peer 1: 4096 bytes
[MESSAGE] From peer 1: 4096 bytes
[MESSAGE] From peer 1: 4096 bytes
[MESSAGE] From peer 1: 4096 bytes
[MESSAGE] From peer 1: 4096 bytes
[MESSAGE] From peer 1: 4096 bytes
[MESSAGE] From peer 1: 4096 bytes
[MESSAGE] From peer 1: 4096 bytes
[MESSAGE] From peer 1: 4096 bytes
[MESSAGE] From peer 1: 4096 bytes
[MESSAGE] From peer 1: 4096 bytes
[MESSAGE] From peer 1: 4096 bytes
[MESSAGE] From peer 1: 4096 bytes
[MESSAGE] From peer 1: 4096 bytes
[MESSAGE] From peer 1: 4096 bytes
[MESSAGE] From peer 1: 4096 bytes
[MESSAGE] From peer 1: 4096 bytes
[MESSAGE] From peer 1: 4096 bytes
[MESSAGE] From peer 1: 4096 bytes
[MESSAGE] From peer 1: 4096 bytes
[MESSAGE] From peer 1: 4096 bytes
[MESSAGE] From peer 1: 4096 bytes
[MESSAGE] From peer 1: 4096 bytes
[STATUS] 3730 sec: peers=27, msgs=22250, connected=yes
[MESSAGE] From peer 1: 4096 bytes
[MESSAGE] From peer 1: 4096 bytes
[MESSAGE] From peer 1: 4096 bytes
[MESSAGE] From peer 1: 4096 bytes
[MESSAGE] From peer 1: 4096 bytes
[MESSAGE] From peer 1: 4096 bytes
[MESSAGE] From peer 1: 4096 bytes
[MESSAGE] From peer 1: 4096 bytes
[MESSAGE] From peer 1: 4096 bytes
[MESSAGE] From peer 1: 4096 bytes
[MESSAGE] From peer 1: 4096 bytes
[MESSAGE] From peer 1: 4096 bytes
[MESSAGE] From peer 1: 4096 bytes
[MESSAGE] From peer 1: 4096 bytes
[MESSAGE] From peer 1: 4096 bytes
