[06720877][INF] Header bytes [50 10 08 00], received=4
[06720878][INF] Processing msg from peer 1: type=1 flags=0x00 len=2048 compact=1
[06720879][INF] Header bytes [50 10 08 00], received=4
[06720889][INF] Processing msg from peer 1: type=1 flags=0x00 len=2048 compact=1
[06720890][INF] Header bytes [50 10 08 00], received=4
[06720900][INF] Processing msg from peer 1: type=1 flags=0x00 len=2048 compact=1
[06721161][INF] Header bytes [50 10 08 00], received=4
[06721161][INF] Processing msg from peer 1: type=1 flags=0x00 len=2048 compact=1
[06721169][INF] Header bytes [50 10 08 00], received=4
[06721172][INF] Processing msg from peer 1: type=1 flags=0x00 len=2048 compact=1
[06721185][INF] Header bytes [50 10 08 00], received=4
[06721187][INF] Processing msg from peer 1: type=1 flags=0x00 len=2048 compact=1
[06721222][INF] Header bytes [50 10 08 00], received=4
[06721222][INF] Processing msg from peer 1: type=1 flags=0x00 len=2048 compact=1
[06721235][INF] Header bytes [50 10 08 00], received=4
[06721235][INF] Processing msg from peer 1: type=1 flags=0x00 len=2048 compact=1
[06721236][INF] Header bytes [50 10 08 00], received=4
[06721251][INF] Processing msg from peer 1: type=1 flags=0x00 len=2048 compact=1
[06721271][INF] Header bytes [50 10 08 00], received=4
[06721272][INF] Processing msg from peer 1: type=1 flags=0x00 len=2048 compact=1
[06721274][INF] Header bytes [50 10 08 00], received=4
[06721276][INF] Processing msg from peer 1: type=1 flags=0x00 len=2048 compact=1
[06721301][INF] Header bytes [50 10 08 00], received=4
[06721302][INF] Processing msg from peer 1: type=1 flags=0x00 len=2048 compact=1
[06721331][INF] Header bytes [50 10 08 00], received=4
[06721332][INF] Processing msg from peer 1: type=1 flags=0x00 len=2048 compact=1
[06721338][INF] Header bytes [50 10 08 00], received=4
[06721339][INF] Processing msg from peer 1: type=1 flags=0x00 len=2048 compact=1
[06721368][INF] Header bytes [50 10 08 00], received=4
[06721368][INF] Processing msg from peer 1: type=1 flags=0x00 len=2048 compact=1
[06721397][INF] Header bytes [50 10 08 00], received=4
[06721398][INF] Processing msg from peer 1: type=1 flags=0x00 len=2048 compact=1
[06721413][INF] Header bytes [50 10 08 00], received=4
[06721415][INF] Processing msg from peer 1: type=1 flags=0x00 len=2048 compact=1
[06721416][INF] Header bytes [50 10 08 00], received=4
[06721425][INF] Processing msg from peer 1: type=1 flags=0x00 len=2048 compact=1
[06721460][INF] Header bytes [50 10 08 00], received=4
[06721461][INF] Processing msg from peer 1: type=1 flags=0x00 len=2048 compact=1
[06721471][INF] Header bytes [50 10 08 00], received=4
[06721471][INF] Processing msg from peer 1: type=1 flags=0x00 len=2048 compact=1
[06721483][INF] Header bytes [50 10 08 00], received=4
[06721483][INF] Processing msg from peer 1: type=1 flags=0x00 len=2048 compact=1
[06721492][INF] Header bytes [50 10 08 00], received=4
[06721495][INF] Processing msg from peer 1: type=1 flags=0x00 len=2048 compact=1
[06721528][INF] Header bytes [50 10 08 00], received=4
[06721529][INF] Processing msg from peer 1: type=1 flags=0x00 len=2048 compact=1
[06721538][INF] Header bytes [50 10 08 00], received=4
[06721540][INF] Processing msg from peer 1: type=1 flags=0x00 len=2048 compact=1
[06721556][INF] Header bytes [50 10 08 00], received=4
[06721557][INF] Processing msg from peer 1: type=1 flags=0x00 len=2048 compact=1
[06721562][INF] Header bytes [50 10 08 00], received=4
[06721565][INF] Processing msg from peer 1: type=1 flags=0x00 len=2048 compact=1
[06721606][INF] Header bytes [50 10 08 00], received=4
[06721607][INF] Processing msg from peer 1: type=1 flags=0x00 len=2048 compact=1
[06721611][INF] Header bytes [50 10 08 00], received=4
[06721618][INF] Processing msg from peer 1: type=1 flags=0x00 len=2048 compact=1
[06721637][INF] Header bytes [50 10 08 00], received=4
[06721640][INF] Processing msg from peer 1: type=1 flags=0x00 len=2048 compact=1
[06721651][INF] Header bytes [50 10 08 00], received=4
[06721652][INF] Processing msg from peer 1: type=1 flags=0x00 len=2048 compact=1
[06721684][INF] Header bytes [50 10 08 00], received=4
[06721684][INF] Processing msg from peer 1: type=1 flags=0x00 len=2048 compact=1
[06721705][INF] Header bytes [50 10 08 00], received=4
[06721705][INF] Processing msg from peer 1: type=1 flags=0x00 len=2048 compact=1
[06721730][INF] Header bytes [50 10 08 00], received=4
[06721730][INF] Processing msg from peer 1: type=1 flags=0x00 len=2048 compact=1
[06721731][INF] Header bytes [50 10 08 00], received=4
[06721750][INF] Processing msg from peer 1: type=1 flags=0x00 len=2048 compact=1
[06721751][INF] Header bytes [50 10 08 00], received=4
[06721751][INF] Processing msg from peer 1: type=1 flags=0x00 len=2048 compact=1
[06721783][INF] Header bytes [50 10 08 00], received=4
[06721787][INF] Processing msg from peer 1: type=1 flags=0x00 len=2048 compact=1
[06721791][INF] Header bytes [50 10 08 00], received=4
[06721792][INF] Processing msg from peer 1: type=1 flags=0x00 len=2048 compact=1
[06721829][INF] Header bytes [50 10 08 00], received=4
[06721830][INF] Processing msg from peer 1: type=1 flags=0x00 len=2048 compact=1
[06721840][INF] Header bytes [50 10 08 00], received=4
[06721840][INF] Processing msg from peer 1: type=1 flags=0x00 len=2048 compact=1
[06721855][INF] Header bytes [50 10 08 00], received=4
[06721858][INF] Processing msg from peer 1: type=1 flags=0x00 len=2048 compact=1
[06721861][INF] Header bytes [50 10 08 00], received=4
[06721865][INF] Processing msg from peer 1: type=1 flags=0x00 len=2048 compact=1
[06721904][INF] Header bytes [50 10 08 00], received=4
[06721905][INF] Processing msg from peer 1: type=1 flags=0x00 len=2048 compact=1
[06721910][INF] Header bytes [50 10 08 00], received=4
[06721928][INF] Processing msg from peer 1: type=1 flags=0x00 len=2048 compact=1
[06721930][INF] Header bytes [50 10 08 00], received=4
[06721941][INF] Processing msg from peer 1: type=1 flags=0x00 len=2048 compact=1
[06721942][INF] Header bytes [50 10 08 00], received=4
[06721943][INF] Processing msg from peer 1: type=1 flags=0x00 len=2048 compact=1
[06721976][INF] Header bytes [50 10 08 00], received=4
[06721977][INF] Processing msg from peer 1: type=1 flags=0x00 len=2048 compact=1
[06721990][INF] Header bytes [50 10 08 00], received=4
[06721994][INF] Processing msg from peer 1: type=1 flags=0x00 len=2048 compact=1
[06722003][INF] Header bytes [50 10 08 00], received=4
[06722005][INF] Processing msg from peer 1: type=1 flags=0x00 len=2048 compact=1
[06722010][INF] Header bytes [50 10 08 00], received=4
[06722014][INF] Processing msg from peer 1: type=1 flags=0x00 len=2048 compact=1
[06722052][INF] Header bytes [50 10 08 00], received=4
[06722054][INF] Processing msg from peer 1: type=1 flags=0x00 len=2048 compact=1
[06722057][INF] Header bytes [50 10 08 00], received=4
[06722065][INF] Processing msg from peer 1: type=1 flags=0x00 len=2048 compact=1
[06722072][INF] Header bytes [50 10 08 00], received=4
[06722074][INF] Processing msg from peer 1: type=1 flags=0x00 len=2048 compact=1
[06722088][INF] Header bytes [50 10 08 00], received=4
[06722089][INF] Processing msg from peer 1: type=1 flags=0x00 len=2048 compact=1
[06722123][INF] Header bytes [50 10 08 00], received=4
[06722124][INF] Processing msg from peer 1: type=1 flags=0x00 len=2048 compact=1
[06722135][INF] Header bytes [50 10 08 00], received=4
[06722135][INF] Processing msg from peer 1: type=1 flags=0x00 len=2048 compact=1
[06722159][INF] Header bytes [50 10 08 00], received=4
[06722159][INF] Processing msg from peer 1: type=1 flags=0x00 len=2048 compact=1
[06722162][INF] Header bytes [50 10 08 00], received=4
[06722170][INF] Processing msg from peer 1: type=1 flags=0x00 len=2048 compact=1
[06722199][INF] Header bytes [50 10 08 00], received=4
[06722201][INF] Processing msg from peer 1: type=1 flags=0x00 len=2048 compact=1
[06722221][INF] Header bytes [50 10 08 00], received=4
[06722222][INF] Processing msg from peer 1: type=1 flags=0x00 len=2048 compact=1
[06722246][INF] Header bytes [50 10 08 00], received=4
[06722249][INF] Processing msg from peer 1: type=1 flags=0x00 len=2048 compact=1
[06722253][INF] Header bytes [50 10 08 00], received=4
[06722256][INF] Processing msg from peer 1: type=1 flags=0x00 len=2048 compact=1
[06722272][INF] Header bytes [50 10 08 00], received=4
[06722274][INF] Processing msg from peer 1: type=1 flags=0x00 len=2048 compact=1
[06722321][INF] Header bytes [50 10 08 00], received=4
[06722321][INF] Processing msg from peer 1: type=1 flags=0x00 len=2048 compact=1
[06722322][INF] Header bytes [50 10 08 00], received=4
[06722322][INF] Processing msg from peer 1: type=1 flags=0x00 len=2048 compact=1
[06722333][INF] Header bytes [50 10 08 00], received=4
[06722345][INF] Processing msg from peer 1: type=1 flags=0x00 len=2048 compact=1
[06722346][INF] Header bytes [50 10 08 00], received=4
[06722348][INF] Processing msg from peer 1: type=1 flags=0x00 len=2048 compact=1
[06723033][INF] Header bytes [50 10 08 00], received=4
[06723034][INF] Processing msg from peer 1: type=1 flags=0x00 len=2048 compact=1
[06723066][INF] Header bytes [50 10 08 00], received=4
[06723068][INF] Processing msg from peer 1: type=1 flags=0x00 len=2048 compact=1
[06723074][INF] Header bytes [50 10 08 00], received=4
[06723076][INF] Processing msg from peer 1: type=1 flags=0x00 len=2048 compact=1
[06723079][INF] Header bytes [50 10 08 00], received=4
[06723096][INF] Processing msg from peer 1: type=1 flags=0x00 len=2048 compact=1
[06723112][INF] Header bytes [50 10 08 00], received=4
[06723112][INF] Processing msg from peer 1: type=1 flags=0x00 len=2048 compact=1
[06723122][INF] Header bytes [50 10 08 00], received=4
[06723123][INF] Processing msg from peer 1: type=1 flags=0x00 len=2048 compact=1
[06723131][INF] Header bytes [50 10 08 00], received=4
[06723133][INF] Processing msg from peer 1: type=1 flags=0x00 len=2048 compact=1
[06723174][INF] Header bytes [50 10 08 00], received=4
[06723174][INF] Processing msg from peer 1: type=1 flags=0x00 len=2048 compact=1
[06723176][INF] Header bytes [50 10 08 00], received=4
[06723185][INF] Processing msg from peer 1: type=1 flags=0x00 len=2048 compact=1
[06723203][INF] Header bytes [50 10 08 00], received=4
[06723204][INF] Processing msg from peer 1: type=1 flags=0x00 len=2048 compact=1
[06723206][INF] Header bytes [50 10 08 00], received=4
[06723214][INF] Processing msg from peer 1: type=1 flags=0x00 len=2048 compact=1
[06723245][INF] Header bytes [50 10 08 00], received=4
[06723246][INF] Processing msg from peer 1: type=1 flags=0x00 len=2048 compact=1
[06723251][INF] Header bytes [50 10 08 00], received=4
[06723256][INF] Processing msg from peer 1: type=1 flags=0x00 len=2048 compact=1
[06723272][INF] Header bytes [50 10 08 00], received=4
[06723273][INF] Processing msg from peer 1: type=1 flags=0x00 len=2048 compact=1
[06723305][INF] Header bytes [50 10 08 00], received=4
[06723306][INF] Processing msg from peer 1: type=1 flags=0x00 len=2048 compact=1
[06723316][INF] Header bytes [50 10 08 00], received=4
[06723316][INF] Processing msg from peer 1: type=1 flags=0x00 len=2048 compact=1
[06723337][INF] Header bytes [50 10 08 00], received=4
[06723344][INF] Processing msg from peer 1: type=1 flags=0x00 len=2048 compact=1
[06723346][INF] Header bytes [50 10 08 00], received=4
[06723348][INF] Processing msg from peer 1: type=1 flags=0x00 len=2048 compact=1
[06723384][INF] Header bytes [50 10 08 00], received=4
[06723386][INF] Processing msg from peer 1: type=1 flags=0x00 len=2048 compact=1
[06723388][INF] Header bytes [50 10 08 00], received=4
[06723400][INF] Discovery ANNOUNCE sent to 255.255.255.255:7353 (25 bytes)
[06723408][INF] Processing msg from peer 1: type=1 flags=0x00 len=2048 compact=1
[06723417][INF] Header bytes [50 10 08 00], received=4
[06723419][INF] Processing msg from peer 1: type=1 flags=0x00 len=2048 compact=1
[06723436][INF] Header bytes [50 10 08 00], received=4
[06723437][INF] Processing msg from peer 1: type=1 flags=0x00 len=2048 compact=1
[06723448][INF] Header bytes [50 10 08 00], received=4
[06723450][INF] Processing msg from peer 1: type=1 flags=0x00 len=2048 compact=1
[06723489][INF] Header bytes [50 10 08 00], received=4
[06723489][INF] Processing msg from peer 1: type=1 flags=0x00 len=2048 compact=1
[06723505][INF] Header bytes [50 10 08 00], received=4
[06723508][INF] Processing msg from peer 1: type=1 flags=0x00 len=2048 compact=1
[06723509][INF] Header bytes [50 10 08 00], received=4
[06723509][INF] Processing msg from peer 1: type=1 flags=0x00 len=2048 compact=1
[06723523][INF] Header bytes [50 10 08 00], received=4
[06723524][INF] Processing msg from peer 1: type=1 flags=0x00 len=2048 compact=1
[06723589][INF] Header bytes [50 10 08 00], received=4
[06723590][INF] Processing msg from peer 1: type=1 flags=0x00 len=2048 compact=1
[06723596][INF] Header bytes [50 10 08 00], received=4
[06723599][INF] Processing msg from peer 1: type=1 flags=0x00 len=2048 compact=1
[06723620][INF] Header bytes [50 10 08 00], received=4
[06723621][INF] Processing msg from peer 1: type=1 flags=0x00 len=2048 compact=1
[06723622][INF] Header bytes [50 10 08 00], received=4
[06723631][INF] Processing msg from peer 1: type=1 flags=0x00 len=2048 compact=1
[06723666][INF] Header bytes [50 10 08 00], received=4
[06723667][INF] Processing msg from peer 1: type=1 flags=0x00 len=2048 compact=1
[06723669][INF] Header bytes [50 10 08 00], received=4
[06723671][INF] Processing msg from peer 1: type=1 flags=0x00 len=2048 compact=1
[06723687][INF] Header bytes [50 10 08 00], received=4
[06723689][INF] Processing msg from peer 1: type=1 flags=0x00 len=2048 compact=1
[06723730][INF] Header bytes [50 10 08 00], received=4
[06723732][INF] Processing msg from peer 1: type=1 flags=0x00 len=2048 compact=1
[06723733][INF] Header bytes [50 10 08 00], received=4
[06723733][INF] Processing msg from peer 1: type=1 flags=0x00 len=2048 compact=1
[06723740][INF] Header bytes [50 10 08 00], received=4
[06723751][INF] Processing msg from peer 1: type=1 flags=0x00 len=2048 compact=1
[06723753][INF] Header bytes [50 10 08 00], received=4
[06723754][INF] Processing msg from peer 1: type=1 flags=0x00 len=2048 compact=1
[06723793][INF] Header bytes [50 10 08 00], received=4
[06723794][INF] Processing msg from peer 1: type=1 flags=0x00 len=2048 compact=1
[06723799][INF] Header bytes [50 10 08 00], received=4
[06723801][INF] Processing msg from peer 1: type=1 flags=0x00 len=2048 compact=1
[06723828][INF] Header bytes [50 10 08 00], received=4
[06723828][INF] Processing msg from peer 1: type=1 flags=0x00 len=2048 compact=1
[06723829][INF] Header bytes [50 10 08 00], received=4
[06723838][INF] Processing msg from peer 1: type=1 flags=0x00 len=2048 compact=1
[06723870][INF] Header bytes [50 10 08 00], received=4
[06723876][INF] Processing msg from peer 1: type=1 flags=0x00 len=2048 compact=1
[06723878][INF] Header bytes [50 10 08 00], received=4
[06723881][INF] Processing msg from peer 1: type=1 flags=0x00 len=2048 compact=1
[06723956][INF] Header bytes [50 10 08 00], received=4
[06723961][INF] Processing msg from peer 1: type=1 flags=0x00 len=2048 compact=1
[06723963][INF] Header bytes [50 10 08 00], received=4
[06723967][INF] Processing msg from peer 1: type=1 flags=0x00 len=2048 compact=1
[06723968][INF] Header bytes [50 10 08 00], received=4
[06723978][INF] Processing msg from peer 1: type=1 flags=0x00 len=2048 compact=1
[06723980][INF] Header bytes [50 10 08 00], received=4
[06723996][INF] Processing msg from peer 1: type=1 flags=0x00 len=2048 compact=1
[MESSAGE] From peer 1: 2048 bytes
[MESSAGE] From peer 1: 2048 bytes
[MESSAGE] From peer 1: 2048 bytes
[MESSAGE] From peer 1: 2048 bytes
[MESSAGE] From peer 1: 2048 bytes
[MESSAGE] From peer 1: 2048 bytes
[MESSAGE] From peer 1: 2048 bytes
[MESSAGE] From peer 1: 2048 bytes
[MESSAGE] From peer 1: 2048 bytes
[MESSAGE] From peer 1: 2048 bytes
[MESSAGE] From peer 1: 2048 bytes
[MESSAGE] From peer 1: 2048 bytes
[MESSAGE] From peer 1: 2048 bytes
[MESSAGE] From peer 1: 2048 bytes
[MESSAGE] From peer 1: 2048 bytes
[MESSAGE] From peer 1: 2048 bytes
[MESSAGE] From peer 1: 2048 bytes
[MESSAGE] From peer 1: 2048 bytes
[MESSAGE] From peer 1: 2048 bytes
[MESSAGE] From peer 1: 2048 bytes
[MESSAGE] From peer 1: 2048 bytes
[MESSAGE] From peer 1: 2048 bytes
[MESSAGE] From peer 1: 2048 bytes
[MESSAGE] From peer 1: 2048 bytes
[MESSAGE] From peer 1: 2048 bytes
[MESSAGE] From peer 1: 2048 bytes
[MESSAGE] From peer 1: 2048 bytes
[MESSAGE] From peer 1: 2048 bytes
[MESSAGE] From peer 1: 2048 bytes
[MESSAGE] From peer 1: 2048 bytes
[MESSAGE] From peer 1: 2048 bytes
[MESSAGE] From peer 1: 2048 bytes
[MESSAGE] From peer 1: 2048 bytes
[MESSAGE] From peer 1: 2048 bytes
[MESSAGE] From peer 1: 2048 bytes
[MESSAGE] From peer 1: 2048 bytes
[MESSAGE] From peer 1: 2048 bytes
[MESSAGE] From peer 1: 2048 bytes
[MESSAGE] From peer 1: 2048 bytes
[MESSAGE] From peer 1: 2048 bytes
[MESSAGE] From peer 1: 2048 bytes
[MESSAGE] From peer 1: 2048 bytes
[MESSAGE] From peer 1: 2048 bytes
[MESSAGE] From peer 1: 2048 bytes
[MESSAGE] From peer 1: 2048 bytes
[MESSAGE] From peer 1: 2048 bytes
[MESSAGE] From peer 1: 2048 bytes
[MESSAGE] From peer 1: 2048 bytes
[MESSAGE] From peer 1: 2048 bytes
[MESSAGE] From peer 1: 2048 bytes
[MESSAGE] From peer 1: 2048 bytes
[ECHO] 6800 messages echoed
[MESSAGE] From peer 1: 2048 bytes
[MESSAGE] From peer 1: 2048 bytes
[MESSAGE] From peer 1: 2048 bytes
[MESSAGE] From peer 1: 2048 bytes
[MESSAGE] From peer 1: 2048 bytes
[MESSAGE] From peer 1: 2048 bytes
[MESSAGE] From peer 1: 2048 bytes
[MESSAGE] From peer 1: 2048 bytes
[MESSAGE] From peer 1: 2048 bytes
[MESSAGE] From peer 1: 2048 bytes
[MESSAGE] From peer 1: 2048 bytes
[MESSAGE] From peer 1: 2048 bytes
[MESSAGE] From peer 1: 2048 bytes
[MESSAGE] From peer 1: 2048 bytes
[MESSAGE] From peer 1: 2048 bytes
[MESSAGE] From peer 1: 2048 bytes
[MESSAGE] From peer 1: 2048 bytes
[MESSAGE] From peer 1: 2048 bytes
[MESSAGE] From peer 1: 2048 bytes
[MESSAGE] From peer 1: 2048 bytes
[MESSAGE] From peer 1: 2048 bytes
[MESSAGE] From peer 1: 2048 bytes
[MESSAGE] From peer 1: 2048 bytes
[MESSAGE] From peer 1: 2048 bytes
[MESSAGE] From peer 1: 2048 bytes
[MESSAGE] From peer 1: 2048 bytes
[MESSAGE] From peer 1: 2048 bytes
[MESSAGE] From peer 1: 2048 bytes
[MESSAGE] From peer 1: 2048 bytes
[MESSAGE] From peer 1: 2048 bytes
[MESSAGE] From peer 1: 2048 bytes
[MESSAGE] From peer 1: 2048 bytes
[MESSAGE] From peer 1: 2048 bytes
[MESSAGE] From peer 1: 2048 bytes
[MESSAGE] From peer 1: 2048 bytes
[MESSAGE] From peer 1: 2048 bytes
[MESSAGE] From peer 1: 2048 bytes
[MESSAGE] From peer 1: 2048 bytes
[MESSAGE] From peer 1: 2048 bytes
[MESSAGE] From peer 1: 2048 bytes
[MESSAGE] From peer 1: 2048 bytes
[MESSAGE] From peer 1: 2048 bytes
[MESSAGE] From peer 1: 2048 bytes
[MESSAGE] From peer 1: 2048 bytes
[MESSAGE] From peer 1: 2048 bytes
[MESSAGE] From peer 1: 2048 bytes
[MESSAGE] From peer 1: 2048 bytes
[MESSAGE] From peer 1: 2048 bytes
[MESSAGE] From peer 1: 2048 bytes
[MESSAGE] From peer 1: 2048 bytes
[MESSAGE] From peer 1: 2048 bytes
[MESSAGE] From peer 1: 2048 bytes
[MESSAGE] From peer 1: 2048 bytes
[MESSAGE] From peer 1: 2048 bytes
[MESSAGE] From peer 1: 2048 bytes
[MESSAGE] From peer 1: 2048 bytes
[MESSAGE] From peer 1: 2048 bytes
[MESSAGE] From peer 1: 2048 bytes
[MESSAGE] From peer 1: 2048 bytes
[MESSAGE] From peer 1: 2048 bytes
[MESSAGE] From peer 1: 2048 bytes
[MESSAGE] From peer 1: 2048 bytes
[MESSAGE] From peer 1: 2048 bytes
[MESSAGE] From peer 1: 2048 bytes
[MESSAGE] From peer 1: 2048 bytes
[MESSAGE] From peer 1: 2048 bytes
[MESSAGE] From peer 1: 2048 bytes
[MESSAGE] From peer 1: 2048 bytes
[06724017][INF] Header bytes [50 10 08 00], received=4
[06724019][INF] Processing msg from peer 1: type=1 flags=0x00 len=2048 compact=1
[06724026][INF] Header bytes [50 10 08 00], received=4
[06724028][INF] Processing msg from peer 1: type=1 flags=0x00 len=2048 compact=1
[06724044][INF] Header bytes [50 10 08 00], received=4
[06724045][INF] Processing msg from peer 1: type=1 flags=0x00 len=2048 compact=1
[06724081][INF] Header bytes [50 10 08 00], received=4
[06724082][INF] Processing msg from peer 1: type=1 flags=0x00 len=2048 compact=1
[06724088][INF] Header bytes [50 10 08 00], received=4
[06724091][INF] Processing msg from peer 1: type=1 flags=0x00 len=2048 compact=1
[06724094][INF] Header bytes [50 10 08 00], received=4
[06724100][INF] Processing msg from peer 1: type=1 flags=0x00 len=2048 compact=1
[06724136][INF] Header bytes [50 10 08 00], received=4
[06724137][INF] Processing msg from peer 1: type=1 flags=0x00 len=2048 compact=1
[06724144][INF] Header bytes [50 10 08 00], received=4
[06724199][INF] Processing msg from peer 1: type=1 flags=0x00 len=2048 compact=1
[06724200][INF] Header bytes [50 10 08 00], received=4
[06724200][INF] Processing msg from peer 1: type=1 flags=0x00 len=2048 compact=1
[06724202][INF] Header bytes [50 10 08 00], received=4
[06724231][INF] Processing msg from peer 1: type=1 flags=0x00 len=2048 compact=1
[06724232][INF] Header bytes [50 10 08 00], received=4
[06724232][INF] Processing msg from peer 1: type=1 flags=0x00 len=2048 compact=1
[06724233][INF] Header bytes [50 10 08 00], received=4
[06724244][INF] Processing msg from peer 1: type=1 flags=0x00 len=2048 compact=1
[06724245][INF] Header bytes [50 10 08 00], received=4
[06724247][INF] Processing msg from peer 1: type=1 flags=0x00 len=2048 compact=1
[06724280][INF] Header bytes [50 10 08 00], received=4
[06724281][INF] Processing msg from peer 1: type=1 flags=0x00 len=2048 compact=1
[06724287][INF] Header bytes [50 10 08 00], received=4
[06724288][INF] Processing msg from peer 1: type=1 flags=0x00 len=2048 compact=1
[06724340][INF] Header bytes [50 10 08 00], received=4
[06724341][INF] Processing msg from peer 1: type=1 flags=0x00 len=2048 compact=1
[06724343][INF] Header bytes [50 10 08 00], received=4
[06724351][INF] Processing msg from peer 1: type=1 flags=0x00 len=2048 compact=1
[06724352][INF] Header bytes [50 10 08 00], received=4
[06724364][INF] Processing msg from peer 1: type=1 flags=0x00 len=2048 compact=1
[06724365][INF] Header bytes [50 10 08 00], received=4
[06724372][INF] Processing msg from peer 1: type=1 flags=0x00 len=2048 compact=1
[06724399][INF] Header bytes [50 10 08 00], received=4
[06724400][INF] Processing msg from peer 1: type=1 flags=0x00 len=2048 compact=1
[06724405][INF] Header bytes [50 10 08 00], received=4
[06724406][INF] Processing msg from peer 1: type=1 flags=0x00 len=2048 compact=1
[06724458][INF] Header bytes [50 10 08 00], received=4
[06724460][INF] Processing msg from peer 1: type=1 flags=0x00 len=2048 compact=1
[06724461][INF] Header bytes [50 10 08 00], received=4
[06724473][INF] Processing msg from peer 1: type=1 flags=0x00 len=2048 compact=1
[06724475][INF] Header bytes [50 10 08 00], received=4
[06724477][INF] Processing msg from peer 1: type=1 flags=0x00 len=2048 compact=1
[06724478][INF] Header bytes [50 10 08 00], received=4
[06724487][INF] Processing msg from peer 1: type=1 flags=0x00 len=2048 compact=1
[06724499][INF] Header bytes [50 10 08 00], received=4
[06724500][INF] Processing msg from peer 1: type=1 flags=0x00 len=2048 compact=1
[06724532][INF] Header bytes [50 10 08 00], received=4
[06724533][INF] Processing msg from peer 1: type=1 flags=0x00 len=2048 compact=1
[06724538][INF] Header bytes [50 10 08 00], received=4
[06724539][INF] Processing msg from peer 1: type=1 flags=0x00 len=2048 compact=1
[06724568][INF] Header bytes [50 10 08 00], received=4
[06724568][INF] Processing msg from peer 1: type=1 flags=0x00 len=2048 compact=1
[06724595][INF] Header bytes [50 10 08 00], received=4
[06724597][INF] Processing msg from peer 1: type=1 flags=0x00 len=2048 compact=1
[06724602][INF] Header bytes [50 10 08 00], received=4
[06724605][INF] Processing msg from peer 1: type=1 flags=0x00 len=2048 compact=1
[06724724][INF] Header bytes [50 10 08 00], received=4
[06724724][INF] Processing msg from peer 1: type=1 flags=0x00 len=2048 compact=1
[06724725][INF] Header bytes [50 10 08 00], received=4
[06724745][INF] Processing msg from peer 1: type=1 flags=0x00 len=2048 compact=1
[06724746][INF] Header bytes [50 10 08 00], received=4
[06724748][INF] Processing msg from peer 1: type=1 flags=0x00 len=2048 compact=1
[06724751][INF] Header bytes [50 10 08 00], received=4
[06724801][INF] Processing msg from peer 1: type=1 flags=0x00 len=2048 compact=1
[06724802][INF] Header bytes [50 10 08 00], received=4
[06724805][INF] Processing msg from peer 1: type=1 flags=0x00 len=2048 compact=1
[06724807][INF] Header bytes [50 10 08 00], received=4
[06724816][INF] Processing msg from peer 1: type=1 flags=0x00 len=2048 compact=1
[06724817][INF] Header bytes [50 10 08 00], received=4
[06724818][INF] Processing msg from peer 1: type=1 flags=0x00 len=2048 compact=1
[06724954][INF] Header bytes [50 10 08 00], received=4
[06725000][INF] Processing msg from peer 1: type=1 flags=0x00 len=2048 compact=1
[06725002][INF] Header bytes [50 10 08 00], received=4
[06725002][INF] Processing msg from peer 1: type=1 flags=0x00 len=2048 compact=1
[06725003][INF] Header bytes [50 10 08 00], received=4
[06725029][INF] Processing msg from peer 1: type=1 flags=0x00 len=2048 compact=1
[06725030][INF] Header bytes [50 10 08 00], received=4
[06725030][INF] Processing msg from peer 1: type=1 flags=0x00 len=2048 compact=1
[06725031][INF] Header bytes [50 10 08 00], received=4
[06725043][INF] Processing msg from peer 1: type=1 flags=0x00 len=2048 compact=1
[06725050][INF] Header bytes [50 10 08 00], received=4
[06725052][INF] Processing msg from peer 1: type=1 flags=0x00 len=2048 compact=1
[06725090][INF] Header bytes [50 10 08 00], received=4
[06725090][INF] Processing msg from peer 1: type=1 flags=0x00 len=2048 compact=1
[06725092][INF] Header bytes [50 10 08 00], received=4
[06725104][INF] Processing msg from peer 1: type=1 flags=0x00 len=2048 compact=1
[06725105][INF] Header bytes [50 10 08 00], received=4
[06725108][INF] Processing msg from peer 1: type=1 flags=0x00 len=2048 compact=1
[06725140][INF] Header bytes [50 10 08 00], received=4
[06725142][INF] Processing msg from peer 1: type=1 flags=0x00 len=2048 compact=1
[06725149][INF] Header bytes [50 10 08 00], received=4
[06725150][INF] Processing msg from peer 1: type=1 flags=0x00 len=2048 compact=1
[06725168][INF] Header bytes [50 10 08 00], received=4
[06725169][INF] Processing msg from peer 1: type=1 flags=0x00 len=2048 compact=1
[06725173][INF] Header bytes [50 10 08 00], received=4
[06725175][INF] Processing msg from peer 1: type=1 flags=0x00 len=2048 compact=1
[06725214][INF] Header bytes [50 10 08 00], received=4
[06725323][INF] Processing msg from peer 1: type=1 flags=0x00 len=2048 compact=1
[06725324][INF] Header bytes [50 10 08 00], received=4
[06725324][INF] Processing msg from peer 1: type=1 flags=0x00 len=2048 compact=1
[06725325][INF] Header bytes [50 10 08 00], received=4
[06725325][INF] Processing msg from peer 1: type=1 flags=0x00 len=2048 compact=1
[06725326][INF] Header bytes [50 10 08 00], received=4
[06725370][INF] Processing msg from peer 1: type=1 flags=0x00 len=2048 compact=1
[06725372][INF] Header bytes [50 10 08 00], received=4
[06725372][INF] Processing msg from peer 1: type=1 flags=0x00 len=2048 compact=1
[06725373][INF] Header bytes [50 10 08 00], received=4
[06725373][INF] Processing msg from peer 1: type=1 flags=0x00 len=2048 compact=1
[06725375][INF] Header bytes [50 10 08 00], received=4
[06725467][INF] Processing msg from peer 1: type=1 flags=0x00 len=2048 compact=1
[06725469][INF] Header bytes [50 10 08 00], received=4
[06725469][INF] Processing msg from peer 1: type=1 flags=0x00 len=2048 compact=1
[06725470][INF] Header bytes [50 10 08 00], received=4
[06725521][INF] Processing msg from peer 1: type=1 flags=0x00 len=2048 compact=1
[06725522][INF] Header bytes [50 10 08 00], received=4
[06725522][INF] Processing msg from peer 1: type=1 flags=0x00 len=2048 compact=1
[06725523][INF] Header bytes [50 10 08 00], received=4
[06725535][INF] Processing msg from peer 1: type=1 flags=0x00 len=2048 compact=1
[06725536][INF] Header bytes [50 10 08 00], received=4
[06725536][INF] Processing msg from peer 1: type=1 flags=0x00 len=2048 compact=1
[06725562][INF] Header bytes [50 10 08 00], received=4
[06725563][INF] Processing msg from peer 1: type=1 flags=0x00 len=2048 compact=1
[06725564][INF] Header bytes [50 10 08 00], received=4
[06725586][INF] Processing msg from peer 1: type=1 flags=0x00 len=2048 compact=1
[06725602][INF] Header bytes [50 10 08 00], received=4
[06725603][INF] Processing msg from peer 1: type=1 flags=0x00 len=2048 compact=1
[06725610][INF] Header bytes [50 10 08 00], received=4
[06725611][INF] Processing msg from peer 1: type=1 flags=0x00 len=2048 compact=1
[06725689][INF] Header bytes [50 10 08 00], received=4
[06725689][INF] Processing msg from peer 1: type=1 flags=0x00 len=2048 compact=1
[06725690][INF] Header bytes [50 10 08 00], received=4
[06725704][INF] Processing msg from peer 1: type=1 flags=0x00 len=2048 compact=1
[06725705][INF] Header bytes [50 10 08 00], received=4
[06725707][INF] Processing msg from peer 1: type=1 flags=0x00 len=2048 compact=1
[06725708][INF] Header bytes [50 10 08 00], received=4
[06725719][INF] Processing msg from peer 1: type=1 flags=0x00 len=2048 compact=1
[06725729][INF] Header bytes [50 10 08 00], received=4
[06725729][INF] Processing msg from peer 1: type=1 flags=0x00 len=2048 compact=1
[06725765][INF] Header bytes [50 10 08 00], received=4
[06725766][INF] Processing msg from peer 1: type=1 flags=0x00 len=2048 compact=1
[06725773][INF] Header bytes [50 10 08 00], received=4
[06725776][INF] Processing msg from peer 1: type=1 flags=0x00 len=2048 compact=1
[06725805][INF] Header bytes [50 10 08 00], received=4
[06725806][INF] Processing msg from peer 1: type=1 flags=0x00 len=2048 compact=1
[06725827][INF] Header bytes [50 10 08 00], received=4
[06725829][INF] Processing msg from peer 1: type=1 flags=0x00 len=2048 compact=1
[06725856][INF] Header bytes [50 10 08 00], received=4
[06725856][INF] Processing msg from peer 1: type=1 flags=0x00 len=2048 compact=1
[06725857][INF] Header bytes [50 10 08 00], received=4
[06725857][INF] Processing msg from peer 1: type=1 flags=0x00 len=2048 compact=1
[06725928][INF] Header bytes [50 10 08 00], received=4
[06725928][INF] Processing msg from peer 1: type=1 flags=0x00 len=2048 compact=1
[06725930][INF] Header bytes [50 10 08 00], received=4
[06725930][INF] Processing msg from peer 1: type=1 flags=0x00 len=2048 compact=1
[06725931][INF] Header bytes [50 10 08 00], received=4
[06725931][INF] Processing msg from peer 1: type=1 flags=0x00 len=2048 compact=1
[06725935][INF] Header bytes [50 10 08 00], received=4
[06725943][INF] Processing msg from peer 1: type=1 flags=0x00 len=2048 compact=1
[06725989][INF] Header bytes [50 10 08 00], received=4
[06725989][INF] Processing msg from peer 1: type=1 flags=0x00 len=2048 compact=1
[06725990][INF] Header bytes [50 10 08 00], received=4
[06725990][INF] Processing msg from peer 1: type=1 flags=0x00 len=2048 compact=1
[06725992][INF] Header bytes [50 10 08 00], received=4
[06725994][INF] Processing msg from peer 1: type=1 flags=0x00 len=2048 compact=1
[06726030][INF] Header bytes [50 10 08 00], received=4
[06726032][INF] Processing msg from peer 1: type=1 flags=0x00 len=2048 compact=1
[06726058][INF] Header bytes [50 10 08 00], received=4
[06726058][INF] Processing msg from peer 1: type=1 flags=0x00 len=2048 compact=1
[06726070][INF] Header bytes [50 10 08 00], received=4
[06726071][INF] Processing msg from peer 1: type=1 flags=0x00 len=2048 compact=1
[06726072][INF] Header bytes [50 10 08 00], received=4
[06726109][INF] Processing msg from peer 1: type=1 flags=0x00 len=2048 compact=1
[06726110][INF] Header bytes [50 10 08 00], received=4
[06726110][INF] Processing msg from peer 1: type=1 flags=0x00 len=2048 compact=1
[06726112][INF] Header bytes [50 10 08 00], received=4
[06726119][INF] Processing msg from peer 1: type=1 flags=0x00 len=2048 compact=1
[06726120][INF] Header bytes [50 10 08 00], received=4
[06726123][INF] Processing msg from peer 1: type=1 flags=0x00 len=2048 compact=1
[06726163][INF] Header bytes [50 10 08 00], received=4
[06726165][INF] Processing msg from peer 1: type=1 flags=0x00 len=2048 compact=1
[06726172][INF] Header bytes [50 10 08 00], received=4
[06726223][INF] Processing msg from peer 1: type=1 flags=0x00 len=2048 compact=1
[06726224][INF] Header bytes [50 10 08 00], received=4
[06726226][INF] Processing msg from peer 1: type=1 flags=0x00 len=2048 compact=1
[06726227][INF] Header bytes [50 10 08 00], received=4
[06726236][INF] Processing msg from peer 1: type=1 flags=0x00 len=2048 compact=1
[06726237][INF] Header bytes [50 10 08 00], received=4
[06726267][INF] Discovery ANNOUNCE received from 10.188.1.213:7354 (MacThroughput)
[06726267][INF] Processing packet type 1
[06726267][INF] Handling ANNOUNCE packet
[06726267][INF] pt_peer_find_by_addr returned: 0x774928040240
[06726267][INF] Peer 2 () timed out after 30 seconds
[06726267][INF] Peer destroyed: id=2 name='MacThroughput'
[06726564][INF] Processing msg from peer 1: type=1 flags=0x00 len=2048 compact=1
[06726565][INF] Header bytes [50 10 08 00], received=4
[06726602][INF] Processing msg from peer 1: type=1 flags=0x00 len=2048 compact=1
[06726603][INF] Header bytes [50 10 08 00], received=4
[06726612][INF] Processing msg from peer 1: type=1 flags=0x00 len=2048 compact=1
[06726613][INF] Header bytes [50 10 08 00], received=4
[06726615][INF] Processing msg from peer 1: type=1 flags=0x00 len=2048 compact=1
[06726616][INF] Header bytes [50 10 08 00], received=4
[06726643][INF] Processing msg from peer 1: type=1 flags=0x00 len=2048 compact=1
[06726644][INF] Header bytes [50 10 08 00], received=4
[06726644][INF] Processing msg from peer 1: type=1 flags=0x00 len=2048 compact=1
[06726662][INF] Header bytes [50 10 08 00], received=4
[06726662][INF] Processing msg from peer 1: type=1 flags=0x00 len=2048 compact=1
[06726666][INF] Header bytes [50 10 08 00], received=4
[06726671][INF] Processing msg from peer 1: type=1 flags=0x00 len=2048 compact=1
[06726713][INF] Header bytes [50 10 08 00], received=4
[06726717][INF] Processing msg from peer 1: type=1 flags=0x00 len=2048 compact=1
[06726719][INF] Header bytes [50 10 08 00], received=4
[06726726][INF] Processing msg from peer 1: type=1 flags=0x00 len=2048 compact=1
[06726727][INF] Header bytes [50 10 08 00], received=4
[06726730][INF] Processing msg from peer 1: type=1 flags=0x00 len=2048 compact=1
[06726742][INF] Header bytes [50 10 08 00], received=4
[06726743][INF] Processing msg from peer 1: type=1 flags=0x00 len=2048 compact=1
[06726778][INF] Header bytes [50 10 08 00], received=4
[06726779][INF] Processing msg from peer 1: type=1 flags=0x00 len=2048 compact=1
[06726783][INF] Header bytes [50 10 08 00], received=4
[06726788][INF] Processing msg from peer 1: type=1 flags=0x00 len=2048 compact=1
[06726803][INF] Header bytes [50 10 08 00], received=4
[06726804][INF] Processing msg from peer 1: type=1 flags=0x00 len=2048 compact=1
[06726836][INF] Header bytes [50 10 08 00], received=4
[06726837][INF] Processing msg from peer 1: type=1 flags=0x00 len=2048 compact=1
[06726844][INF] Header bytes [50 10 08 00], received=4
[06726846][INF] Processing msg from peer 1: type=1 flags=0x00 len=2048 compact=1
[06726857][INF] Header bytes [50 10 08 00], received=4
[06726860][INF] Processing msg from peer 1: type=1 flags=0x00 len=2048 compact=1
[06726897][INF] Header bytes [50 10 08 00], received=4
[06726899][INF] Processing msg from peer 1: type=1 flags=0x00 len=2048 compact=1
[06726904][INF] Header bytes [50 10 08 00], received=4
[06726906][INF] Processing msg from peer 1: type=1 flags=0x00 len=2048 compact=1
[06726924][INF] Header bytes [50 10 08 00], received=4
[06726925][INF] Processing msg from peer 1: type=1 flags=0x00 len=2048 compact=1
[06726931][INF] Header bytes [50 10 08 00], received=4
[06726934][INF] Processing msg from peer 1: type=1 flags=0x00 len=2048 compact=1
[06726972][INF] Header bytes [50 10 08 00], received=4
[06726974][INF] Processing msg from peer 1: type=1 flags=0x00 len=2048 compact=1
[06726977][INF] Header bytes [50 10 08 00], received=4
[MESSAGE] From peer 1: 2048 bytes
[MESSAGE] From peer 1: 2048 bytes
[MESSAGE] From peer 1: 2048 bytes
[MESSAGE] From peer 1: 2048 bytes
[MESSAGE] From peer 1: 2048 bytes
[MESSAGE] From peer 1: 2048 bytes
[MESSAGE] From peer 1: 2048 bytes
[MESSAGE] From peer 1: 2048 bytes
[MESSAGE] From peer 1: 2048 bytes
[MESSAGE] From peer 1: 2048 bytes
[MESSAGE] From peer 1: 2048 bytes
[MESSAGE] From peer 1: 2048 bytes
[MESSAGE] From peer 1: 2048 bytes
[MESSAGE] From peer 1: 2048 bytes
[MESSAGE] From peer 1: 2048 bytes
[MESSAGE] From peer 1: 2048 bytes
[MESSAGE] From peer 1: 2048 bytes
[MESSAGE] From peer 1: 2048 bytes
[MESSAGE] From peer 1: 2048 bytes
[MESSAGE] From peer 1: 2048 bytes
[MESSAGE] From peer 1: 2048 bytes
[MESSAGE] From peer 1: 2048 bytes
[MESSAGE] From peer 1: 2048 bytes
[MESSAGE] From peer 1: 2048 bytes
[MESSAGE] From peer 1: 2048 bytes
[MESSAGE] From peer 1: 2048 bytes
[MESSAGE] From peer 1: 2048 bytes
[MESSAGE] From peer 1: 2048 bytes
[MESSAGE] From peer 1: 2048 bytes
[06726982][INF] Processing msg from peer 1: type=1 flags=0x00 len=2048 compact=1
[MESSAGE] From peer 1: 2048 bytes
[MESSAGE] From peer 1: 2048 bytes
[MESSAGE] From peer 1: 2048 bytes
[ECHO] 6900 messages echoed
[MESSAGE] From peer 1: 2048 bytes
[MESSAGE] From peer 1: 2048 bytes
[MESSAGE] From peer 1: 2048 bytes
[MESSAGE] From peer 1: 2048 bytes
[MESSAGE] From peer 1: 2048 bytes
[MESSAGE] From peer 1: 2048 bytes
[MESSAGE] From peer 1: 2048 bytes
[MESSAGE] From peer 1: 2048 bytes
[MESSAGE] From peer 1: 2048 bytes
[MESSAGE] From peer 1: 2048 bytes
[MESSAGE] From peer 1: 2048 bytes
[MESSAGE] From peer 1: 2048 bytes
[MESSAGE] From peer 1: 2048 bytes
[MESSAGE] From peer 1: 2048 bytes
[MESSAGE] From peer 1: 2048 bytes
[MESSAGE] From peer 1: 2048 bytes
[MESSAGE] From peer 1: 2048 bytes
[MESSAGE] From peer 1: 2048 bytes
[MESSAGE] From peer 1: 2048 bytes
[MESSAGE] From peer 1: 2048 bytes
[MESSAGE] From peer 1: 2048 bytes
[MESSAGE] From peer 1: 2048 bytes
[MESSAGE] From peer 1: 2048 bytes
[MESSAGE] From peer 1: 2048 bytes
[MESSAGE] From peer 1: 2048 bytes
[MESSAGE] From peer 1: 2048 bytes
[MESSAGE] From peer 1: 2048 bytes
[MESSAGE] From peer 1: 2048 bytes
[MESSAGE] From peer 1: 2048 bytes
[MESSAGE] From peer 1: 2048 bytes
[MESSAGE] From peer 1: 2048 bytes
[MESSAGE] From peer 1: 2048 bytes
[MESSAGE] From peer 1: 2048 bytes
[MESSAGE] From peer 1: 2048 bytes
[MESSAGE] From peer 1: 2048 bytes
[MESSAGE] From peer 1: 2048 bytes
[MESSAGE] From peer 1: 2048 bytes
[MESSAGE] From peer 1: 2048 bytes
[MESSAGE] From peer 1: 2048 bytes
[MESSAGE] From peer 1: 2048 bytes
[MESSAGE] From peer 1: 2048 bytes
[MESSAGE] From peer 1: 2048 bytes
[MESSAGE] From peer 1: 2048 bytes
[MESSAGE] From peer 1: 2048 bytes
[MESSAGE] From peer 1: 2048 bytes
[MESSAGE] From peer 1: 2048 bytes
[MESSAGE] From peer 1: 2048 bytes
[MESSAGE] From peer 1: 2048 bytes
[MESSAGE] From peer 1: 2048 bytes
[MESSAGE] From peer 1: 2048 bytes
[MESSAGE] From peer 1: 2048 bytes
[MESSAGE] From peer 1: 2048 bytes
[MESSAGE] From peer 1: 2048 bytes
[MESSAGE] From peer 1: 2048 bytes
[MESSAGE] From peer 1: 2048 bytes
[MESSAGE] From peer 1: 2048 bytes
[MESSAGE] From peer 1: 2048 bytes
[MESSAGE] From peer 1: 2048 bytes
[MESSAGE] From peer 1: 2048 bytes
[MESSAGE] From peer 1: 2048 bytes
[MESSAGE] From peer 1: 2048 bytes
[MESSAGE] From peer 1: 2048 bytes
[MESSAGE] From peer 1: 2048 bytes
[MESSAGE] From peer 1: 2048 bytes
[MESSAGE] From peer 1: 2048 bytes
[MESSAGE] From peer 1: 2048 bytes
[MESSAGE] From peer 1: 2048 bytes
[MESSAGE] From peer 1: 2048 bytes
[MESSAGE] From peer 1: 2048 bytes
[MESSAGE] From peer 1: 2048 bytes
[MESSAGE] From peer 1: 2048 bytes
[MESSAGE] From peer 1: 2048 bytes
[MESSAGE] From peer 1: 2048 bytes
[MESSAGE] From peer 1: 2048 bytes
[MESSAGE] From peer 1: 2048 bytes
[MESSAGE] From peer 1: 2048 bytes
[MESSAGE] From peer 1: 2048 bytes
[MESSAGE] From peer 1: 2048 bytes
[MESSAGE] From peer 1: 2048 bytes
[MESSAGE] From peer 1: 2048 bytes
[MESSAGE] From peer 1: 2048 bytes
[MESSAGE] From peer 1: 2048 bytes
[MESSAGE] From peer 1: 2048 bytes
[MESSAGE] From peer 1: 2048 bytes
[MESSAGE] From peer 1: 2048 bytes
[MESSAGE] From peer 1: 2048 bytes
[MESSAGE] From peer 1: 2048 bytes
[MESSAGE] From peer 1: 2048 bytes
[06726990][INF] Header bytes [50 10 08 00], received=4
[06726999][INF] Processing msg from peer 1: type=1 flags=0x00 len=2048 compact=1
[06727003][INF] Header bytes [50 10 08 00], received=4
[06727005][INF] Processing msg from peer 1: type=1 flags=0x00 len=2048 compact=1
[06727043][INF] Header bytes [50 10 08 00], received=4
[06727048][INF] Processing msg from peer 1: type=1 flags=0x00 len=2048 compact=1
[06727049][INF] Header bytes [50 10 08 00], received=4
[06727054][INF] Processing msg from peer 1: type=1 flags=0x00 len=2048 compact=1
[06727068][INF] Header bytes [50 10 08 00], received=4
[06727073][INF] Processing msg from peer 1: type=1 flags=0x00 len=2048 compact=1
[06727078][INF] Header bytes [50 10 08 00], received=4
[06727082][INF] Processing msg from peer 1: type=1 flags=0x00 len=2048 compact=1
[06727117][INF] Header bytes [50 10 08 00], received=4
[06727118][INF] Processing msg from peer 1: type=1 flags=0x00 len=2048 compact=1
[06727123][INF] Header bytes [50 10 08 00], received=4
[06727176][INF] Processing msg from peer 1: type=1 flags=0x00 len=2048 compact=1
[06727177][INF] Header bytes [50 10 08 00], received=4
[06727178][INF] Processing msg from peer 1: type=1 flags=0x00 len=2048 compact=1
[06727180][INF] Header bytes [50 10 08 00], received=4
[06727194][INF] Processing msg from peer 1: type=1 flags=0x00 len=2048 compact=1
[06727195][INF] Header bytes [50 10 08 00], received=4
[06727195][INF] Processing msg from peer 1: type=1 flags=0x00 len=2048 compact=1
[06727220][INF] Header bytes [50 10 08 00], received=4
[06727220][INF] Processing msg from peer 1: type=1 flags=0x00 len=2048 compact=1
[06727223][INF] Header bytes [50 10 08 00], received=4
[06727225][INF] Processing msg from peer 1: type=1 flags=0x00 len=2048 compact=1
[06727270][INF] Header bytes [50 10 08 00], received=4
[06727270][INF] Processing msg from peer 1: type=1 flags=0x00 len=2048 compact=1
[06727271][INF] Header bytes [50 10 08 00], received=4
[06727285][INF] Processing msg from peer 1: type=1 flags=0x00 len=2048 compact=1
[06727287][INF] Header bytes [50 10 08 00], received=4
[06727288][INF] Processing msg from peer 1: type=1 flags=0x00 len=2048 compact=1
[06727289][INF] Header bytes [50 10 08 00], received=4
[06727339][INF] Processing msg from peer 1: type=1 flags=0x00 len=2048 compact=1
[06727340][INF] Header bytes [50 10 08 00], received=4
[06727340][INF] Processing msg from peer 1: type=1 flags=0x00 len=2048 compact=1
[06727341][INF] Header bytes [50 10 08 00], received=4
[06727359][INF] Processing msg from peer 1: type=1 flags=0x00 len=2048 compact=1
[06727360][INF] Header bytes [50 10 08 00], received=4
[06727360][INF] Processing msg from peer 1: type=1 flags=0x00 len=2048 compact=1
[06727387][INF] Header bytes [50 10 08 00], received=4
[06727389][INF] Processing msg from peer 1: type=1 flags=0x00 len=2048 compact=1
[06727394][INF] Header bytes [50 10 08 00], received=4
[06727395][INF] Processing msg from peer 1: type=1 flags=0x00 len=2048 compact=1
[06727447][INF] Header bytes [50 10 08 00], received=4
[06727452][INF] Processing msg from peer 1: type=1 flags=0x00 len=2048 compact=1
[06727453][INF] Header bytes [50 10 08 00], received=4
[06727465][INF] Processing msg from peer 1: type=1 flags=0x00 len=2048 compact=1
[06727467][INF] Header bytes [50 10 08 00], received=4
[06727472][INF] Processing msg from peer 1: type=1 flags=0x00 len=2048 compact=1
[06727473][INF] Header bytes [50 10 08 00], received=4
[06727473][INF] Processing msg from peer 1: type=1 flags=0x00 len=2048 compact=1
[06727508][INF] Header bytes [50 10 08 00], received=4
[06727508][INF] Processing msg from peer 1: type=1 flags=0x00 len=2048 compact=1
[06727536][INF] Header bytes [50 10 08 00], received=4
[06727537][INF] Processing msg from peer 1: type=1 flags=0x00 len=2048 compact=1
[06727540][INF] Header bytes [50 10 08 00], received=4
[06727542][INF] Processing msg from peer 1: type=1 flags=0x00 len=2048 compact=1
[06727563][INF] Header bytes [50 10 08 00], received=4
[06727563][INF] Processing msg from peer 1: type=1 flags=0x00 len=2048 compact=1
[06727565][INF] Header bytes [50 10 08 00], received=4
[06727574][INF] Processing msg from peer 1: type=1 flags=0x00 len=2048 compact=1
[06727610][INF] Header bytes [50 10 08 00], received=4
[06727610][INF] Processing msg from peer 1: type=1 flags=0x00 len=2048 compact=1
[06727615][INF] Header bytes [50 10 08 00], received=4
[06727615][INF] Processing msg from peer 1: type=1 flags=0x00 len=2048 compact=1
[06727625][INF] Header bytes [50 10 08 00], received=4
[06727626][INF] Processing msg from peer 1: type=1 flags=0x00 len=2048 compact=1
[06727673][INF] Header bytes [50 10 08 00], received=4
[06727676][INF] Processing msg from peer 1: type=1 flags=0x00 len=2048 compact=1
[06727677][INF] Header bytes [50 10 08 00], received=4
[06727684][INF] Processing msg from peer 1: type=1 flags=0x00 len=2048 compact=1
[06727685][INF] Header bytes [50 10 08 00], received=4
[06727695][INF] Processing msg from peer 1: type=1 flags=0x00 len=2048 compact=1
[06727696][INF] Header bytes [50 10 08 00], received=4
[06727699][INF] Processing msg from peer 1: type=1 flags=0x00 len=2048 compact=1
[06727741][INF] Header bytes [50 10 08 00], received=4
[06727742][INF] Processing msg from peer 1: type=1 flags=0x00 len=2048 compact=1
[06727746][INF] Header bytes [50 10 08 00], received=4
[06727751][INF] Processing msg from peer 1: type=1 flags=0x00 len=2048 compact=1
[06727767][INF] Header bytes [50 10 08 00], received=4
[06727768][INF] Processing msg from peer 1: type=1 flags=0x00 len=2048 compact=1
[06727775][INF] Header bytes [50 10 08 00], received=4
[06727777][INF] Processing msg from peer 1: type=1 flags=0x00 len=2048 compact=1
[06727813][INF] Header bytes [50 10 08 00], received=4
[06727814][INF] Processing msg from peer 1: type=1 flags=0x00 len=2048 compact=1
[06727821][INF] Header bytes [50 10 08 00], received=4
[06727823][INF] Processing msg from peer 1: type=1 flags=0x00 len=2048 compact=1
[06727838][INF] Header bytes [50 10 08 00], received=4
[06727839][INF] Processing msg from peer 1: type=1 flags=0x00 len=2048 compact=1
[06727848][INF] Header bytes [50 10 08 00], received=4
[06727850][INF] Processing msg from peer 1: type=1 flags=0x00 len=2048 compact=1
[06727886][INF] Header bytes [50 10 08 00], received=4
[06727887][INF] Processing msg from peer 1: type=1 flags=0x00 len=2048 compact=1
[06727900][INF] Header bytes [50 10 08 00], received=4
[06727901][INF] Processing msg from peer 1: type=1 flags=0x00 len=2048 compact=1
[06727902][INF] Header bytes [50 10 08 00], received=4
[06727906][INF] Processing msg from peer 1: type=1 flags=0x00 len=2048 compact=1
[06727938][INF] Header bytes [50 10 08 00], received=4
[06727939][INF] Processing msg from peer 1: type=1 flags=0x00 len=2048 compact=1
[06727946][INF] Header bytes [50 10 08 00], received=4
[06727948][INF] Processing msg from peer 1: type=1 flags=0x00 len=2048 compact=1
[06727964][INF] Header bytes [50 10 08 00], received=4
[06727965][INF] Processing msg from peer 1: type=1 flags=0x00 len=2048 compact=1
[06727969][INF] Header bytes [50 10 08 00], received=4
[06727973][INF] Processing msg from peer 1: type=1 flags=0x00 len=2048 compact=1
[06728013][INF] Header bytes [50 10 08 00], received=4
[06728017][INF] Processing msg from peer 1: type=1 flags=0x00 len=2048 compact=1
[06728019][INF] Header bytes [50 10 08 00], received=4
[06728025][INF] Processing msg from peer 1: type=1 flags=0x00 len=2048 compact=1
[06728038][INF] Header bytes [50 10 08 00], received=4
[06728040][INF] Processing msg from peer 1: type=1 flags=0x00 len=2048 compact=1
[06728059][INF] Header bytes [50 10 08 00], received=4
[06728059][INF] Processing msg from peer 1: type=1 flags=0x00 len=2048 compact=1
[06728088][INF] Header bytes [50 10 08 00], received=4
[06728088][INF] Processing msg from peer 1: type=1 flags=0x00 len=2048 compact=1
[06728093][INF] Header bytes [50 10 08 00], received=4
[06728094][INF] Processing msg from peer 1: type=1 flags=0x00 len=2048 compact=1
[06728123][INF] Header bytes [50 10 08 00], received=4
[06728125][INF] Processing msg from peer 1: type=1 flags=0x00 len=2048 compact=1
[06728141][INF] Header bytes [50 10 08 00], received=4
[06728142][INF] Processing msg from peer 1: type=1 flags=0x00 len=2048 compact=1
[06728152][INF] Header bytes [50 10 08 00], received=4
[06728153][INF] Processing msg from peer 1: type=1 flags=0x00 len=2048 compact=1
[06728163][INF] Header bytes [50 10 08 00], received=4
[06728165][INF] Processing msg from peer 1: type=1 flags=0x00 len=2048 compact=1
[06728204][INF] Header bytes [50 10 08 00], received=4
[06728206][INF] Processing msg from peer 1: type=1 flags=0x00 len=2048 compact=1
[06728210][INF] Header bytes [50 10 08 00], received=4
[06728212][INF] Processing msg from peer 1: type=1 flags=0x00 len=2048 compact=1
[06728229][INF] Header bytes [50 10 08 00], received=4
[06728230][INF] Processing msg from peer 1: type=1 flags=0x00 len=2048 compact=1
[06728239][INF] Header bytes [50 10 08 00], received=4
[06728241][INF] Processing msg from peer 1: type=1 flags=0x00 len=2048 compact=1
[06728279][INF] Header bytes [50 10 08 00], received=4
[06728281][INF] Processing msg from peer 1: type=1 flags=0x00 len=2048 compact=1
[06728284][INF] Header bytes [50 10 08 00], received=4
[06728347][INF] Processing msg from peer 1: type=1 flags=0x00 len=2048 compact=1
[06728348][INF] Header bytes [50 10 08 00], received=4
[06728350][INF] Processing msg from peer 1: type=1 flags=0x00 len=2048 compact=1
[06728351][INF] Header bytes [50 10 08 00], received=4
[06728361][INF] Processing msg from peer 1: type=1 flags=0x00 len=2048 compact=1
[06728431][INF] Header bytes [50 10 08 00], received=4
[06728431][INF] Processing msg from peer 1: type=1 flags=0x00 len=2048 compact=1
[06728465][INF] Header bytes [50 10 08 00], received=4
[06728465][INF] Processing msg from peer 1: type=1 flags=0x00 len=2048 compact=1
[06728466][INF] Header bytes [50 10 08 00], received=4
[06728466][INF] Processing msg from peer 1: type=1 flags=0x00 len=2048 compact=1
[06728468][INF] Header bytes [50 10 08 00], received=4
[06728479][INF] Processing msg from peer 1: type=1 flags=0x00 len=2048 compact=1
[06728480][INF] Header bytes [50 10 08 00], received=4
[06728481][INF] Processing msg from peer 1: type=1 flags=0x00 len=2048 compact=1
[06728528][INF] Header bytes [50 10 08 00], received=4
[06728528][INF] Processing msg from peer 1: type=1 flags=0x00 len=2048 compact=1
[06728536][INF] Header bytes [50 10 08 00], received=4
[06728536][INF] Processing msg from peer 1: type=1 flags=0x00 len=2048 compact=1
[06728554][INF] Header bytes [50 10 08 00], received=4
[06728555][INF] Processing msg from peer 1: type=1 flags=0x00 len=2048 compact=1
[06728571][INF] Header bytes [50 10 08 00], received=4
[06728571][INF] Processing msg from peer 1: type=1 flags=0x00 len=2048 compact=1
[06728606][INF] Header bytes [50 10 08 00], received=4
[06728607][INF] Processing msg from peer 1: type=1 flags=0x00 len=2048 compact=1
[06728622][INF] Header bytes [50 10 08 00], received=4
[06728623][INF] Processing msg from peer 1: type=1 flags=0x00 len=2048 compact=1
[06728624][INF] Header bytes [50 10 08 00], received=4
[06728630][INF] Processing msg from peer 1: type=1 flags=0x00 len=2048 compact=1
[06728665][INF] Header bytes [50 10 08 00], received=4
[06728667][INF] Processing msg from peer 1: type=1 flags=0x00 len=2048 compact=1
[06728671][INF] Header bytes [50 10 08 00], received=4
[06728672][INF] Processing msg from peer 1: type=1 flags=0x00 len=2048 compact=1
[06728700][INF] Header bytes [50 10 08 00], received=4
[06728700][INF] Processing msg from peer 1: type=1 flags=0x00 len=2048 compact=1
[06728701][INF] Header bytes [50 10 08 00], received=4
[06728710][INF] Processing msg from peer 1: type=1 flags=0x00 len=2048 compact=1
[06728743][INF] Header bytes [50 10 08 00], received=4
[06728743][INF] Processing msg from peer 1: type=1 flags=0x00 len=2048 compact=1
[06728745][INF] Header bytes [50 10 08 00], received=4
[06728747][INF] Processing msg from peer 1: type=1 flags=0x00 len=2048 compact=1
[06728787][INF] Header bytes [50 10 08 00], received=4
[06728802][INF] Processing msg from peer 1: type=1 flags=0x00 len=2048 compact=1
[06728803][INF] Header bytes [50 10 08 00], received=4
[06728815][INF] Processing msg from peer 1: type=1 flags=0x00 len=2048 compact=1
[06728816][INF] Header bytes [50 10 08 00], received=4
[06728825][INF] Processing msg from peer 1: type=1 flags=0x00 len=2048 compact=1
[06728826][INF] Header bytes [50 10 08 00], received=4
[06728830][INF] Processing msg from peer 1: type=1 flags=0x00 len=2048 compact=1
[06728847][INF] Header bytes [50 10 08 00], received=4
[06728850][INF] Processing msg from peer 1: type=1 flags=0x00 len=2048 compact=1
[06728873][INF] Header bytes [50 10 08 00], received=4
[06728874][INF] Processing msg from peer 1: type=1 flags=0x00 len=2048 compact=1
[06728880][INF] Header bytes [50 10 08 00], received=4
[06728886][INF] Processing msg from peer 1: type=1 flags=0x00 len=2048 compact=1
[06728898][INF] Header bytes [50 10 08 00], received=4
[06728898][INF] Processing msg from peer 1: type=1 flags=0x00 len=2048 compact=1
[06728968][INF] Header bytes [50 10 08 00], received=4
[06728970][INF] Processing msg from peer 1: type=1 flags=0x00 len=2048 compact=1
[06728974][INF] Header bytes [50 10 08 00], received=4
[06728976][INF] Processing msg from peer 1: type=1 flags=0x00 len=2048 compact=1
[06728992][INF] Header bytes [50 10 08 00], received=4
[06728994][INF] Processing msg from peer 1: type=1 flags=0x00 len=2048 compact=1
[06729000][INF] Header bytes [50 10 08 00], received=4
[06729001][INF] Processing msg from peer 1: type=1 flags=0x00 len=2048 compact=1
[06729041][INF] Header bytes [50 10 08 00], received=4
[06729043][INF] Processing msg from peer 1: type=1 flags=0x00 len=2048 compact=1
[06729047][INF] Header bytes [50 10 08 00], received=4
[06729051][INF] Processing msg from peer 1: type=1 flags=0x00 len=2048 compact=1
[06729077][INF] Header bytes [50 10 08 00], received=4
[06729077][INF] Processing msg from peer 1: type=1 flags=0x00 len=2048 compact=1
[06729078][INF] Header bytes [50 10 08 00], received=4
[06729088][INF] Processing msg from peer 1: type=1 flags=0x00 len=2048 compact=1
[06729116][INF] Header bytes [50 10 08 00], received=4
[06729118][INF] Processing msg from peer 1: type=1 flags=0x00 len=2048 compact=1
[06729124][INF] Header bytes [50 10 08 00], received=4
[06729126][INF] Processing msg from peer 1: type=1 flags=0x00 len=2048 compact=1
[06729162][INF] Header bytes [50 10 08 00], received=4
[06729163][INF] Processing msg from peer 1: type=1 flags=0x00 len=2048 compact=1
[06729170][INF] Header bytes [50 10 08 00], received=4
[06729184][INF] Processing msg from peer 1: type=1 flags=0x00 len=2048 compact=1
[06729196][INF] Header bytes [50 10 08 00], received=4
[06729197][INF] Processing msg from peer 1: type=1 flags=0x00 len=2048 compact=1
[06729198][INF] Header bytes [50 10 08 00], received=4
[06729208][INF] Processing msg from peer 1: type=1 flags=0x00 len=2048 compact=1
[06729251][INF] Header bytes [50 10 08 00], received=4
[06729252][INF] Processing msg from peer 1: type=1 flags=0x00 len=2048 compact=1
[06729253][INF] Header bytes [50 10 08 00], received=4
[06729253][INF] Processing msg from peer 1: type=1 flags=0x00 len=2048 compact=1
[06729259][INF] Header bytes [50 10 08 00], received=4
[06729267][INF] Processing msg from peer 1: type=1 flags=0x00 len=2048 compact=1
[06729273][INF] Header bytes [50 10 08 00], received=4
[06729274][INF] Processing msg from peer 1: type=1 flags=0x00 len=2048 compact=1
[06729316][INF] Header bytes [50 10 08 00], received=4
[06729317][INF] Processing msg from peer 1: type=1 flags=0x00 len=2048 compact=1
[06729321][INF] Header bytes [50 10 08 00], received=4
[06729330][INF] Processing msg from peer 1: type=1 flags=0x00 len=2048 compact=1
[06729340][INF] Header bytes [50 10 08 00], received=4
[06729342][INF] Processing msg from peer 1: type=1 flags=0x00 len=2048 compact=1
[06729360][INF] Header bytes [50 10 08 00], received=4
[06729360][INF] Processing msg from peer 1: type=1 flags=0x00 len=2048 compact=1
[MESSAGE] From peer 1: 2048 bytes
[MESSAGE] From peer 1: 2048 bytes
[MESSAGE] From peer 1: 2048 bytes
[MESSAGE] From peer 1: 2048 bytes
[MESSAGE] From peer 1: 2048 bytes
[MESSAGE] From peer 1: 2048 bytes
[MESSAGE] From peer 1: 2048 bytes
[MESSAGE] From peer 1: 2048 bytes
[MESSAGE] From peer 1: 2048 bytes
[MESSAGE] From peer 1: 2048 bytes
[MESSAGE] From peer 1: 2048 bytes
[MESSAGE] From peer 1: 2048 bytes
[ECHO] 7000 messages echoed
[MESSAGE] From peer 1: 2048 bytes
[MESSAGE] From peer 1: 2048 bytes
[MESSAGE] From peer 1: 2048 bytes
[MESSAGE] From peer 1: 2048 bytes
[MESSAGE] From peer 1: 2048 bytes
[MESSAGE] From peer 1: 2048 bytes
[MESSAGE] From peer 1: 2048 bytes
[MESSAGE] From peer 1: 2048 bytes
[MESSAGE] From peer 1: 2048 bytes
[MESSAGE] From peer 1: 2048 bytes
[MESSAGE] From peer 1: 2048 bytes
[MESSAGE] From peer 1: 2048 bytes
[MESSAGE] From peer 1: 2048 bytes
[MESSAGE] From peer 1: 2048 bytes
[MESSAGE] From peer 1: 2048 bytes
[MESSAGE] From peer 1: 2048 bytes
[MESSAGE] From peer 1: 2048 bytes
[MESSAGE] From peer 1: 2048 bytes
[MESSAGE] From peer 1: 2048 bytes
[MESSAGE] From peer 1: 2048 bytes
[MESSAGE] From peer 1: 2048 bytes
[MESSAGE] From peer 1: 2048 bytes
[MESSAGE] From peer 1: 2048 bytes
[MESSAGE] From peer 1: 2048 bytes
[MESSAGE] From peer 1: 2048 bytes
[MESSAGE] From peer 1: 2048 bytes
[MESSAGE] From peer 1: 2048 bytes
[MESSAGE] From peer 1: 2048 bytes
[MESSAGE] From peer 1: 2048 bytes
[MESSAGE] From peer 1: 2048 bytes
[MESSAGE] From peer 1: 2048 bytes
[MESSAGE] From peer 1: 2048 bytes
[MESSAGE] From peer 1: 2048 bytes
[MESSAGE] From peer 1: 2048 bytes
[MESSAGE] From peer 1: 2048 bytes
[MESSAGE] From peer 1: 2048 bytes
[MESSAGE] From peer 1: 2048 bytes
[MESSAGE] From peer 1: 2048 bytes
[MESSAGE] From peer 1: 2048 bytes
[MESSAGE] From peer 1: 2048 bytes
[MESSAGE] From peer 1: 2048 bytes
[MESSAGE] From peer 1: 2048 bytes
[MESSAGE] From peer 1: 2048 bytes
[MESSAGE] From peer 1: 2048 bytes
[MESSAGE] From peer 1: 2048 bytes
[MESSAGE] From peer 1: 2048 bytes
[MESSAGE] From peer 1: 2048 bytes
[MESSAGE] From peer 1: 2048 bytes
[MESSAGE] From peer 1: 2048 bytes
[MESSAGE] From peer 1: 2048 bytes
[MESSAGE] From peer 1: 2048 bytes
[MESSAGE] From peer 1: 2048 bytes
[MESSAGE] From peer 1: 2048 bytes
[MESSAGE] From peer 1: 2048 bytes
[MESSAGE] From peer 1: 2048 bytes
[MESSAGE] From peer 1: 2048 bytes
[MESSAGE] From peer 1: 2048 bytes
[MESSAGE] From peer 1: 2048 bytes
[MESSAGE] From peer 1: 2048 bytes
[MESSAGE] From peer 1: 2048 bytes
[MESSAGE] From peer 1: 2048 bytes
[MESSAGE] From peer 1: 2048 bytes
[MESSAGE] From peer 1: 2048 bytes
[MESSAGE] From peer 1: 2048 bytes
[MESSAGE] From peer 1: 2048 bytes
[MESSAGE] From peer 1: 2048 bytes
[MESSAGE] From peer 1: 2048 bytes
[MESSAGE] From peer 1: 2048 bytes
[MESSAGE] From peer 1: 2048 bytes
[MESSAGE] From peer 1: 2048 bytes
[MESSAGE] From peer 1: 2048 bytes
[MESSAGE] From peer 1: 2048 bytes
[MESSAGE] From peer 1: 2048 bytes
[MESSAGE] From peer 1: 2048 bytes
[MESSAGE] From peer 1: 2048 bytes
[MESSAGE] From peer 1: 2048 bytes
[MESSAGE] From peer 1: 2048 bytes
[MESSAGE] From peer 1: 2048 bytes
[MESSAGE] From peer 1: 2048 bytes
[MESSAGE] From peer 1: 2048 bytes
[MESSAGE] From peer 1: 2048 bytes
[MESSAGE] From peer 1: 2048 bytes
[MESSAGE] From peer 1: 2048 bytes
[MESSAGE] From peer 1: 2048 bytes
[MESSAGE] From peer 1: 2048 bytes
[MESSAGE] From peer 1: 2048 bytes
[MESSAGE] From peer 1: 2048 bytes
[MESSAGE] From peer 1: 2048 bytes
[MESSAGE] From peer 1: 2048 bytes
[MESSAGE] From peer 1: 2048 bytes
[MESSAGE] From peer 1: 2048 bytes
[MESSAGE] From peer 1: 2048 bytes
[MESSAGE] From peer 1: 2048 bytes
[MESSAGE] From peer 1: 2048 bytes
[MESSAGE] From peer 1: 2048 bytes
[MESSAGE] From peer 1: 2048 bytes
[MESSAGE] From peer 1: 2048 bytes
[MESSAGE] From peer 1: 2048 bytes
[MESSAGE] From peer 1: 2048 bytes
[MESSAGE] From peer 1: 2048 bytes
[ECHO] 7100 messages echoed
[MESSAGE] From peer 1: 2048 bytes
[MESSAGE] From peer 1: 2048 bytes
[MESSAGE] From peer 1: 2048 bytes
[MESSAGE] From peer 1: 2048 bytes
[MESSAGE] From peer 1: 2048 bytes
[MESSAGE] From peer 1: 2048 bytes
[MESSAGE] From peer 1: 2048 bytes
[06729392][INF] Header bytes [50 10 08 00], received=4
[06729394][INF] Processing msg from peer 1: type=1 flags=0x00 len=2048 compact=1
[06729409][INF] Header bytes [50 10 08 00], received=4
[06729411][INF] Processing msg from peer 1: type=1 flags=0x00 len=2048 compact=1
[06729413][INF] Header bytes [50 10 08 00], received=4
[06729422][INF] Processing msg from peer 1: type=1 flags=0x00 len=2048 compact=1
[06729459][INF] Header bytes [50 10 08 00], received=4
[06729460][INF] Processing msg from peer 1: type=1 flags=0x00 len=2048 compact=1
[06729464][INF] Header bytes [50 10 08 00], received=4
[06729516][INF] Processing msg from peer 1: type=1 flags=0x00 len=2048 compact=1
[06729517][INF] Header bytes [50 10 08 00], received=4
[06729518][INF] Processing msg from peer 1: type=1 flags=0x00 len=2048 compact=1
[06729519][INF] Header bytes [50 10 08 00], received=4
[06729532][INF] Processing msg from peer 1: type=1 flags=0x00 len=2048 compact=1
[06729534][INF] Header bytes [50 10 08 00], received=4
[06729534][INF] Processing msg from peer 1: type=1 flags=0x00 len=2048 compact=1
[06729554][INF] Header bytes [50 10 08 00], received=4
[06729555][INF] Processing msg from peer 1: type=1 flags=0x00 len=2048 compact=1
[06729564][INF] Header bytes [50 10 08 00], received=4
[06729566][INF] Processing msg from peer 1: type=1 flags=0x00 len=2048 compact=1
[06729604][INF] Header bytes [50 10 08 00], received=4
[06729606][INF] Processing msg from peer 1: type=1 flags=0x00 len=2048 compact=1
[06729613][INF] Header bytes [50 10 08 00], received=4
[06729665][INF] Processing msg from peer 1: type=1 flags=0x00 len=2048 compact=1
[06729666][INF] Header bytes [50 10 08 00], received=4
[06729666][INF] Processing msg from peer 1: type=1 flags=0x00 len=2048 compact=1
[06729667][INF] Header bytes [50 10 08 00], received=4
[06729689][INF] Processing msg from peer 1: type=1 flags=0x00 len=2048 compact=1
[06729690][INF] Header bytes [50 10 08 00], received=4
[06729697][INF] Processing msg from peer 1: type=1 flags=0x00 len=2048 compact=1
[06729706][INF] Header bytes [50 10 08 00], received=4
[06729716][INF] Processing msg from peer 1: type=1 flags=0x00 len=2048 compact=1
[06729749][INF] Header bytes [50 10 08 00], received=4
[06729751][INF] Processing msg from peer 1: type=1 flags=0x00 len=2048 compact=1
[06729755][INF] Header bytes [50 10 08 00], received=4
[06729768][INF] Processing msg from peer 1: type=1 flags=0x00 len=2048 compact=1
[06729769][INF] Header bytes [50 10 08 00], received=4
[06729780][INF] Processing msg from peer 1: type=1 flags=0x00 len=2048 compact=1
[06729782][INF] Header bytes [50 10 08 00], received=4
[06729792][INF] Processing msg from peer 1: type=1 flags=0x00 len=2048 compact=1
[06729826][INF] Header bytes [50 10 08 00], received=4
[06729828][INF] Processing msg from peer 1: type=1 flags=0x00 len=2048 compact=1
[06729833][INF] Header bytes [50 10 08 00], received=4
[06729833][INF] Processing msg from peer 1: type=1 flags=0x00 len=2048 compact=1
[06729853][INF] Header bytes [50 10 08 00], received=4
[06729855][INF] Processing msg from peer 1: type=1 flags=0x00 len=2048 compact=1
[06729884][INF] Header bytes [50 10 08 00], received=4
[06729885][INF] Processing msg from peer 1: type=1 flags=0x00 len=2048 compact=1
[06729893][INF] Header bytes [50 10 08 00], received=4
[06729894][INF] Processing msg from peer 1: type=1 flags=0x00 len=2048 compact=1
[06729925][INF] Header bytes [50 10 08 00], received=4
[06729926][INF] Processing msg from peer 1: type=1 flags=0x00 len=2048 compact=1
[06729928][INF] Header bytes [50 10 08 00], received=4
[06729938][INF] Processing msg from peer 1: type=1 flags=0x00 len=2048 compact=1
[06729974][INF] Header bytes [50 10 08 00], received=4
[06729977][INF] Processing msg from peer 1: type=1 flags=0x00 len=2048 compact=1
[06729978][INF] Header bytes [50 10 08 00], received=4
[06729986][INF] Processing msg from peer 1: type=1 flags=0x00 len=2048 compact=1
[06730005][INF] Header bytes [50 10 08 00], received=4
[06730006][INF] Processing msg from peer 1: type=1 flags=0x00 len=2048 compact=1
[06730011][INF] Header bytes [50 10 08 00], received=4
[06730017][INF] Processing msg from peer 1: type=1 flags=0x00 len=2048 compact=1
[06730030][INF] Header bytes [50 10 08 00], received=4
[06730031][INF] Processing msg from peer 1: type=1 flags=0x00 len=2048 compact=1
[06730064][INF] Header bytes [50 10 08 00], received=4
[06730066][INF] Processing msg from peer 1: type=1 flags=0x00 len=2048 compact=1
[06730086][INF] Header bytes [50 10 08 00], received=4
[06730086][INF] Processing msg from peer 1: type=1 flags=0x00 len=2048 compact=1
[06730100][INF] Header bytes [50 10 08 00], received=4
[06730101][INF] Processing msg from peer 1: type=1 flags=0x00 len=2048 compact=1
[06730130][INF] Header bytes [50 10 08 00], received=4
[06730130][INF] Processing msg from peer 1: type=1 flags=0x00 len=2048 compact=1
[06730133][INF] Header bytes [50 10 08 00], received=4
[06730133][INF] Processing msg from peer 1: type=1 flags=0x00 len=2048 compact=1
[06730169][INF] Header bytes [50 10 08 00], received=4
[06730170][INF] Processing msg from peer 1: type=1 flags=0x00 len=2048 compact=1
[06730176][INF] Header bytes [50 10 08 00], received=4
[06730178][INF] Processing msg from peer 1: type=1 flags=0x00 len=2048 compact=1
[06730200][INF] Header bytes [50 10 08 00], received=4
[06730200][INF] Processing msg from peer 1: type=1 flags=0x00 len=2048 compact=1
[06730203][INF] Header bytes [50 10 08 00], received=4
[06730211][INF] Processing msg from peer 1: type=1 flags=0x00 len=2048 compact=1
[06730245][INF] Header bytes [50 10 08 00], received=4
[06730246][INF] Processing msg from peer 1: type=1 flags=0x00 len=2048 compact=1
[06730263][INF] Header bytes [50 10 08 00], received=4
[06730264][INF] Processing msg from peer 1: type=1 flags=0x00 len=2048 compact=1
[06730265][INF] Header bytes [50 10 08 00], received=4
[06730271][INF] Processing msg from peer 1: type=1 flags=0x00 len=2048 compact=1
[06730310][INF] Header bytes [50 10 08 00], received=4
[06730312][INF] Processing msg from peer 1: type=1 flags=0x00 len=2048 compact=1
[06730313][INF] Header bytes [50 10 08 00], received=4
[06730322][INF] Processing msg from peer 1: type=1 flags=0x00 len=2048 compact=1
[06730323][INF] Header bytes [50 10 08 00], received=4
[06730326][INF] Processing msg from peer 1: type=1 flags=0x00 len=2048 compact=1
[06730331][INF] Header bytes [50 10 08 00], received=4
[06730333][INF] Processing msg from peer 1: type=1 flags=0x00 len=2048 compact=1
[06730380][INF] Header bytes [50 10 08 00], received=4
[06730380][INF] Processing msg from peer 1: type=1 flags=0x00 len=2048 compact=1
[06730381][INF] Header bytes [50 10 08 00], received=4
[06730389][INF] Processing msg from peer 1: type=1 flags=0x00 len=2048 compact=1
[06730393][INF] Header bytes [50 10 08 00], received=4
[06730405][INF] Processing msg from peer 1: type=1 flags=0x00 len=2048 compact=1
[06730411][INF] Header bytes [50 10 08 00], received=4
[06730416][INF] Processing msg from peer 1: type=1 flags=0x00 len=2048 compact=1
[06730453][INF] Header bytes [50 10 08 00], received=4
[06730454][INF] Processing msg from peer 1: type=1 flags=0x00 len=2048 compact=1
[06730459][INF] Header bytes [50 10 08 00], received=4
[06730462][INF] Processing msg from peer 1: type=1 flags=0x00 len=2048 compact=1
[06730489][INF] Header bytes [50 10 08 00], received=4
[06730491][INF] Processing msg from peer 1: type=1 flags=0x00 len=2048 compact=1
[06730492][INF] Header bytes [50 10 08 00], received=4
[06730499][INF] Processing msg from peer 1: type=1 flags=0x00 len=2048 compact=1
[06730537][INF] Header bytes [50 10 08 00], received=4
[06730539][INF] Processing msg from peer 1: type=1 flags=0x00 len=2048 compact=1
[06730541][INF] Header bytes [50 10 08 00], received=4
[06730547][INF] Processing msg from peer 1: type=1 flags=0x00 len=2048 compact=1
[06730572][INF] Header bytes [50 10 08 00], received=4
[06730574][INF] Processing msg from peer 1: type=1 flags=0x00 len=2048 compact=1
[06730577][INF] Header bytes [50 10 08 00], received=4
[06730584][INF] Processing msg from peer 1: type=1 flags=0x00 len=2048 compact=1
[06730603][INF] Header bytes [50 10 08 00], received=4
[06730603][INF] Processing msg from peer 1: type=1 flags=0x00 len=2048 compact=1
[06730632][INF] Header bytes [50 10 08 00], received=4
[06730634][INF] Processing msg from peer 1: type=1 flags=0x00 len=2048 compact=1
[06730644][INF] Header bytes [50 10 08 00], received=4
[06730644][INF] Processing msg from peer 1: type=1 flags=0x00 len=2048 compact=1
[06730653][INF] Header bytes [50 10 08 00], received=4
[06730654][INF] Processing msg from peer 1: type=1 flags=0x00 len=2048 compact=1
[06730673][INF] Header bytes [50 10 08 00], received=4
[06730674][INF] Processing msg from peer 1: type=1 flags=0x00 len=2048 compact=1
[06730715][INF] Header bytes [50 10 08 00], received=4
[06730716][INF] Processing msg from peer 1: type=1 flags=0x00 len=2048 compact=1
[06730718][INF] Header bytes [50 10 08 00], received=4
[06730719][INF] Processing msg from peer 1: type=1 flags=0x00 len=2048 compact=1
[06730730][INF] Header bytes [50 10 08 00], received=4
[06730731][INF] Processing msg from peer 1: type=1 flags=0x00 len=2048 compact=1
[06730736][INF] Header bytes [50 10 08 00], received=4
[06730737][INF] Processing msg from peer 1: type=1 flags=0x00 len=2048 compact=1
[06730766][INF] Header bytes [50 10 08 00], received=4
[06730768][INF] Processing msg from peer 1: type=1 flags=0x00 len=2048 compact=1
[06730987][INF] Header bytes [50 10 08 00], received=4
[06730988][INF] Processing msg from peer 1: type=1 flags=0x00 len=2048 compact=1
[06730993][INF] Header bytes [50 10 08 00], received=4
[06730994][INF] Processing msg from peer 1: type=1 flags=0x00 len=2048 compact=1
[06731009][INF] Header bytes [50 10 08 00], received=4
[06731011][INF] Processing msg from peer 1: type=1 flags=0x00 len=2048 compact=1
[06731045][INF] Header bytes [50 10 08 00], received=4
[06731046][INF] Processing msg from peer 1: type=1 flags=0x00 len=2048 compact=1
[06731051][INF] Header bytes [50 10 08 00], received=4
[06731051][INF] Processing msg from peer 1: type=1 flags=0x00 len=2048 compact=1
[06731070][INF] Header bytes [50 10 08 00], received=4
[06731072][INF] Processing msg from peer 1: type=1 flags=0x00 len=2048 compact=1
[06731102][INF] Header bytes [50 10 08 00], received=4
[06731104][INF] Processing msg from peer 1: type=1 flags=0x00 len=2048 compact=1
[06731114][INF] Header bytes [50 10 08 00], received=4
[06731115][INF] Processing msg from peer 1: type=1 flags=0x00 len=2048 compact=1
[06731126][INF] Header bytes [50 10 08 00], received=4
[06731129][INF] Processing msg from peer 1: type=1 flags=0x00 len=2048 compact=1
[06731133][INF] Header bytes [50 10 08 00], received=4
[06731134][INF] Processing msg from peer 1: type=1 flags=0x00 len=2048 compact=1
[06731177][INF] Header bytes [50 10 08 00], received=4
[06731177][INF] Processing msg from peer 1: type=1 flags=0x00 len=2048 compact=1
[06731181][INF] Header bytes [50 10 08 00], received=4
[06731186][INF] Processing msg from peer 1: type=1 flags=0x00 len=2048 compact=1
[06731211][INF] Header bytes [50 10 08 00], received=4
[06731212][INF] Processing msg from peer 1: type=1 flags=0x00 len=2048 compact=1
[06731214][INF] Header bytes [50 10 08 00], received=4
[06731220][INF] Processing msg from peer 1: type=1 flags=0x00 len=2048 compact=1
[06731251][INF] Header bytes [50 10 08 00], received=4
[06731252][INF] Processing msg from peer 1: type=1 flags=0x00 len=2048 compact=1
[06731281][INF] Header bytes [50 10 08 00], received=4
[06731281][INF] Processing msg from peer 1: type=1 flags=0x00 len=2048 compact=1
[06731293][INF] Header bytes [50 10 08 00], received=4
[06731295][INF] Processing msg from peer 1: type=1 flags=0x00 len=2048 compact=1
[06731299][INF] Header bytes [50 10 08 00], received=4
[06731303][INF] Processing msg from peer 1: type=1 flags=0x00 len=2048 compact=1
[06731320][INF] Header bytes [50 10 08 00], received=4
[06731321][INF] Processing msg from peer 1: type=1 flags=0x00 len=2048 compact=1
[06731354][INF] Header bytes [50 10 08 00], received=4
[06731357][INF] Processing msg from peer 1: type=1 flags=0x00 len=2048 compact=1
[06731363][INF] Header bytes [50 10 08 00], received=4
[06731364][INF] Processing msg from peer 1: type=1 flags=0x00 len=2048 compact=1
[06731387][INF] Header bytes [50 10 08 00], received=4
[06731388][INF] Processing msg from peer 1: type=1 flags=0x00 len=2048 compact=1
[06731418][INF] Header bytes [50 10 08 00], received=4
[06731420][INF] Processing msg from peer 1: type=1 flags=0x00 len=2048 compact=1
[06731427][INF] Header bytes [50 10 08 00], received=4
[06731429][INF] Processing msg from peer 1: type=1 flags=0x00 len=2048 compact=1
[06731448][INF] Header bytes [50 10 08 00], received=4
[06731448][INF] Processing msg from peer 1: type=1 flags=0x00 len=2048 compact=1
[06731486][INF] Header bytes [50 10 08 00], received=4
[06731488][INF] Processing msg from peer 1: type=1 flags=0x00 len=2048 compact=1
[06731489][INF] Header bytes [50 10 08 00], received=4
[06731489][INF] Processing msg from peer 1: type=1 flags=0x00 len=2048 compact=1
[06731504][INF] Header bytes [50 10 08 00], received=4
[06731522][INF] Processing msg from peer 1: type=1 flags=0x00 len=2048 compact=1
[06731523][INF] Header bytes [50 10 08 00], received=4
[06731523][INF] Processing msg from peer 1: type=1 flags=0x00 len=2048 compact=1
[06731779][INF] Header bytes [50 10 08 00], received=4
[06731782][INF] Processing msg from peer 1: type=1 flags=0x00 len=2048 compact=1
[06731783][INF] Header bytes [50 10 08 00], received=4
[06731793][INF] Processing msg from peer 1: type=1 flags=0x00 len=2048 compact=1
[06731798][INF] Header bytes [50 10 08 00], received=4
[06731805][INF] Processing msg from peer 1: type=1 flags=0x00 len=2048 compact=1
[06731839][INF] Header bytes [50 10 08 00], received=4
[06731840][INF] Processing msg from peer 1: type=1 flags=0x00 len=2048 compact=1
[06731845][INF] Header bytes [50 10 08 00], received=4
[06731863][INF] Processing msg from peer 1: type=1 flags=0x00 len=2048 compact=1
[06731893][INF] Header bytes [50 10 08 00], received=4
[06731894][INF] Processing msg from peer 1: type=1 flags=0x00 len=2048 compact=1
[06731895][INF] Header bytes [50 10 08 00], received=4
[06731905][INF] Processing msg from peer 1: type=1 flags=0x00 len=2048 compact=1
[06731906][INF] Header bytes [50 10 08 00], received=4
[06731908][INF] Processing msg from peer 1: type=1 flags=0x00 len=2048 compact=1
[06731917][INF] Header bytes [50 10 08 00], received=4
[06731920][INF] Processing msg from peer 1: type=1 flags=0x00 len=2048 compact=1
[06731958][INF] Header bytes [50 10 08 00], received=4
[06731959][INF] Processing msg from peer 1: type=1 flags=0x00 len=2048 compact=1
[06731962][INF] Header bytes [50 10 08 00], received=4
[06731963][INF] Processing msg from peer 1: type=1 flags=0x00 len=2048 compact=1
[06731969][INF] Header bytes [50 10 08 00], received=4
[06731978][INF] Processing msg from peer 1: type=1 flags=0x00 len=2048 compact=1
[06732000][INF] Header bytes [50 10 08 00], received=4
[06732002][INF] Processing msg from peer 1: type=1 flags=0x00 len=2048 compact=1
[06732022][INF] Header bytes [50 10 08 00], received=4
[06732022][INF] Processing msg from peer 1: type=1 flags=0x00 len=2048 compact=1
[06732030][INF] Header bytes [50 10 08 00], received=4
[06732038][INF] Processing msg from peer 1: type=1 flags=0x00 len=2048 compact=1
[06732039][INF] Header bytes [50 10 08 00], received=4
[06732047][INF] Processing msg from peer 1: type=1 flags=0x00 len=2048 compact=1
[06732083][INF] Header bytes [50 10 08 00], received=4
[06732084][INF] Processing msg from peer 1: type=1 flags=0x00 len=2048 compact=1
[06732090][INF] Header bytes [50 10 08 00], received=4
[06732094][INF] Processing msg from peer 1: type=1 flags=0x00 len=2048 compact=1
[06732113][INF] Header bytes [50 10 08 00], received=4
[06732114][INF] Processing msg from peer 1: type=1 flags=0x00 len=2048 compact=1
[MESSAGE] From peer 1: 2048 bytes
[STATUS] 6730 sec: peers=14, msgs=7111, connected=yes
[MESSAGE] From peer 1: 2048 bytes
[MESSAGE] From peer 1: 2048 bytes
[MESSAGE] From peer 1: 2048 bytes
[MESSAGE] From peer 1: 2048 bytes
[MESSAGE] From peer 1: 2048 bytes
[MESSAGE] From peer 1: 2048 bytes
[MESSAGE] From peer 1: 2048 bytes
[MESSAGE] From peer 1: 2048 bytes
[MESSAGE] From peer 1: 2048 bytes
[MESSAGE] From peer 1: 2048 bytes
[MESSAGE] From peer 1: 2048 bytes
[MESSAGE] From peer 1: 2048 bytes
[MESSAGE] From peer 1: 2048 bytes
[MESSAGE] From peer 1: 2048 bytes
[MESSAGE] From peer 1: 2048 bytes
[MESSAGE] From peer 1: 2048 bytes
[MESSAGE] From peer 1: 2048 bytes
[MESSAGE] From peer 1: 2048 bytes
[MESSAGE] From peer 1: 2048 bytes
[MESSAGE] From peer 1: 2048 bytes
[MESSAGE] From peer 1: 2048 bytes
[MESSAGE] From peer 1: 2048 bytes
[MESSAGE] From peer 1: 2048 bytes
[MESSAGE] From peer 1: 2048 bytes
[MESSAGE] From peer 1: 2048 bytes
[MESSAGE] From peer 1: 2048 bytes
[MESSAGE] From peer 1: 2048 bytes
[MESSAGE] From peer 1: 2048 bytes
[MESSAGE] From peer 1: 2048 bytes
[MESSAGE] From peer 1: 2048 bytes
[MESSAGE] From peer 1: 2048 bytes
[MESSAGE] From peer 1: 2048 bytes
[MESSAGE] From peer 1: 2048 bytes
[MESSAGE] From peer 1: 2048 bytes
[MESSAGE] From peer 1: 2048 bytes
[MESSAGE] From peer 1: 2048 bytes
[MESSAGE] From peer 1: 2048 bytes
[MESSAGE] From peer 1: 2048 bytes
[MESSAGE] From peer 1: 2048 bytes
[MESSAGE] From peer 1: 2048 bytes
[MESSAGE] From peer 1: 2048 bytes
[MESSAGE] From peer 1: 2048 bytes
[MESSAGE] From peer 1: 2048 bytes
[MESSAGE] From peer 1: 2048 bytes
[MESSAGE] From peer 1: 2048 bytes
[MESSAGE] From peer 1: 2048 bytes
[MESSAGE] From peer 1: 2048 bytes
[MESSAGE] From peer 1: 2048 bytes
[MESSAGE] From peer 1: 2048 bytes
[MESSAGE] From peer 1: 2048 bytes
[MESSAGE] From peer 1: 2048 bytes
[MESSAGE] From peer 1: 2048 bytes
[MESSAGE] From peer 1: 2048 bytes
[MESSAGE] From peer 1: 2048 bytes
[MESSAGE] From peer 1: 2048 bytes
[MESSAGE] From peer 1: 2048 bytes
[MESSAGE] From peer 1: 2048 bytes
[MESSAGE] From peer 1: 2048 bytes
[MESSAGE] From peer 1: 2048 bytes
[MESSAGE] From peer 1: 2048 bytes
[MESSAGE] From peer 1: 2048 bytes
[MESSAGE] From peer 1: 2048 bytes
[MESSAGE] From peer 1: 2048 bytes
[MESSAGE] From peer 1: 2048 bytes
[MESSAGE] From peer 1: 2048 bytes
[MESSAGE] From peer 1: 2048 bytes
[MESSAGE] From peer 1: 2048 bytes
[MESSAGE] From peer 1: 2048 bytes
[MESSAGE] From peer 1: 2048 bytes
[MESSAGE] From peer 1: 2048 bytes
[MESSAGE] From peer 1: 2048 bytes
[MESSAGE] From peer 1: 2048 bytes
[MESSAGE] From peer 1: 2048 bytes
[MESSAGE] From peer 1: 2048 bytes
[MESSAGE] From peer 1: 2048 bytes
[MESSAGE] From peer 1: 2048 bytes
[MESSAGE] From peer 1: 2048 bytes
[MESSAGE] From peer 1: 2048 bytes
[MESSAGE] From peer 1: 2048 bytes
[MESSAGE] From peer 1: 2048 bytes
[MESSAGE] From peer 1: 2048 bytes
[MESSAGE] From peer 1: 2048 bytes
[MESSAGE] From peer 1: 2048 bytes
[MESSAGE] From peer 1: 2048 bytes
[MESSAGE] From peer 1: 2048 bytes
[MESSAGE] From peer 1: 2048 bytes
[MESSAGE] From peer 1: 2048 bytes
[MESSAGE] From peer 1: 2048 bytes
[MESSAGE] From peer 1: 2048 bytes
[MESSAGE] From peer 1: 2048 bytes
[MESSAGE] From peer 1: 2048 bytes
[MESSAGE] From peer 1: 2048 bytes
[ECHO] 7200 messages echoed
[MESSAGE] From peer 1: 2048 bytes
[MESSAGE] From peer 1: 2048 bytes
[MESSAGE] From peer 1: 2048 bytes
[MESSAGE] From peer 1: 2048 bytes
[MESSAGE] From peer 1: 2048 bytes
[MESSAGE] From peer 1: 2048 bytes
[MESSAGE] From peer 1: 2048 bytes
[MESSAGE] From peer 1: 2048 bytes
[MESSAGE] From peer 1: 2048 bytes
[MESSAGE] From peer 1: 2048 bytes
[MESSAGE] From peer 1: 2048 bytes
[MESSAGE] From peer 1: 2048 bytes
[MESSAGE] From peer 1: 2048 bytes
[MESSAGE] From peer 1: 2048 bytes
[MESSAGE] From peer 1: 2048 bytes
[MESSAGE] From peer 1: 2048 bytes
[MESSAGE] From peer 1: 2048 bytes
[MESSAGE] From peer 1: 2048 bytes
[MESSAGE] From peer 1: 2048 bytes
[MESSAGE] From peer 1: 2048 bytes
[MESSAGE] From peer 1: 2048 bytes
[MESSAGE] From peer 1: 2048 bytes
[MESSAGE] From peer 1: 2048 bytes
[MESSAGE] From peer 1: 2048 bytes
[MESSAGE] From peer 1: 2048 bytes
[06732115][INF] Header bytes [50 10 08 00], received=4
[06732122][INF] Processing msg from peer 1: type=1 flags=0x00 len=2048 compact=1
[06732158][INF] Header bytes [50 10 08 00], received=4
[06732159][INF] Processing msg from peer 1: type=1 flags=0x00 len=2048 compact=1
[06732177][INF] Header bytes [50 10 08 00], received=4
[06732178][INF] Processing msg from peer 1: type=1 flags=0x00 len=2048 compact=1
[06732190][INF] Header bytes [50 10 08 00], received=4
[06732191][INF] Processing msg from peer 1: type=1 flags=0x00 len=2048 compact=1
[06732192][INF] Header bytes [50 10 08 00], received=4
[06732199][INF] Processing msg from peer 1: type=1 flags=0x00 len=2048 compact=1
[06732229][INF] Header bytes [50 10 08 00], received=4
[06732231][INF] Processing msg from peer 1: type=1 flags=0x00 len=2048 compact=1
[06732235][INF] Header bytes [50 10 08 00], received=4
[06732236][INF] Processing msg from peer 1: type=1 flags=0x00 len=2048 compact=1
[06732272][INF] Header bytes [50 10 08 00], received=4
[06732275][INF] Processing msg from peer 1: type=1 flags=0x00 len=2048 compact=1
[06732279][INF] Header bytes [50 10 08 00], received=4
[06732280][INF] Processing msg from peer 1: type=1 flags=0x00 len=2048 compact=1
[06732297][INF] Header bytes [50 10 08 00], received=4
[06732298][INF] Processing msg from peer 1: type=1 flags=0x00 len=2048 compact=1
[06732309][INF] Header bytes [50 10 08 00], received=4
[06732310][INF] Processing msg from peer 1: type=1 flags=0x00 len=2048 compact=1
[06732346][INF] Header bytes [50 10 08 00], received=4
[06732347][INF] Processing msg from peer 1: type=1 flags=0x00 len=2048 compact=1
[06732352][INF] Header bytes [50 10 08 00], received=4
[06732353][INF] Processing msg from peer 1: type=1 flags=0x00 len=2048 compact=1
[06732371][INF] Header bytes [50 10 08 00], received=4
[06732372][INF] Processing msg from peer 1: type=1 flags=0x00 len=2048 compact=1
[06732381][INF] Header bytes [50 10 08 00], received=4
[06732383][INF] Processing msg from peer 1: type=1 flags=0x00 len=2048 compact=1
[06732418][INF] Header bytes [50 10 08 00], received=4
[06732419][INF] Processing msg from peer 1: type=1 flags=0x00 len=2048 compact=1
[06732426][INF] Header bytes [50 10 08 00], received=4
[06732429][INF] Processing msg from peer 1: type=1 flags=0x00 len=2048 compact=1
[06732460][INF] Header bytes [50 10 08 00], received=4
[06732461][INF] Processing msg from peer 1: type=1 flags=0x00 len=2048 compact=1
[06732462][INF] Header bytes [50 10 08 00], received=4
[06732475][INF] Processing msg from peer 1: type=1 flags=0x00 len=2048 compact=1
[06732476][INF] Header bytes [50 10 08 00], received=4
[06732477][INF] Processing msg from peer 1: type=1 flags=0x00 len=2048 compact=1
[06732508][INF] Header bytes [50 10 08 00], received=4
[06732510][INF] Processing msg from peer 1: type=1 flags=0x00 len=2048 compact=1
[06732517][INF] Header bytes [50 10 08 00], received=4
[06732518][INF] Processing msg from peer 1: type=1 flags=0x00 len=2048 compact=1
[06732556][INF] Header bytes [50 10 08 00], received=4
[06732557][INF] Processing msg from peer 1: type=1 flags=0x00 len=2048 compact=1
[06732564][INF] Header bytes [50 10 08 00], received=4
[06732568][INF] Processing msg from peer 1: type=1 flags=0x00 len=2048 compact=1
[06732579][INF] Header bytes [50 10 08 00], received=4
[06732591][INF] Processing msg from peer 1: type=1 flags=0x00 len=2048 compact=1
[06732592][INF] Header bytes [50 10 08 00], received=4
[06732593][INF] Processing msg from peer 1: type=1 flags=0x00 len=2048 compact=1
[06732631][INF] Header bytes [50 10 08 00], received=4
[06732632][INF] Processing msg from peer 1: type=1 flags=0x00 len=2048 compact=1
[06732634][INF] Header bytes [50 10 08 00], received=4
[06732634][INF] Processing msg from peer 1: type=1 flags=0x00 len=2048 compact=1
[06732662][INF] Header bytes [50 10 08 00], received=4
[06732678][INF] Processing msg from peer 1: type=1 flags=0x00 len=2048 compact=1
[06732679][INF] Header bytes [50 10 08 00], received=4
[06732680][INF] Processing msg from peer 1: type=1 flags=0x00 len=2048 compact=1
[06732681][INF] Header bytes [50 10 08 00], received=4
[06732694][INF] Processing msg from peer 1: type=1 flags=0x00 len=2048 compact=1
[06732695][INF] Header bytes [50 10 08 00], received=4
[06732697][INF] Processing msg from peer 1: type=1 flags=0x00 len=2048 compact=1
[06732737][INF] Header bytes [50 10 08 00], received=4
[06732739][INF] Processing msg from peer 1: type=1 flags=0x00 len=2048 compact=1
[06732742][INF] Header bytes [50 10 08 00], received=4
[06732744][INF] Processing msg from peer 1: type=1 flags=0x00 len=2048 compact=1
[06732773][INF] Header bytes [50 10 08 00], received=4
[06732789][INF] Processing msg from peer 1: type=1 flags=0x00 len=2048 compact=1
[06732790][INF] Header bytes [50 10 08 00], received=4
[06732793][INF] Processing msg from peer 1: type=1 flags=0x00 len=2048 compact=1
[06732795][INF] Header bytes [50 10 08 00], received=4
[06732801][INF] Processing msg from peer 1: type=1 flags=0x00 len=2048 compact=1
[06732802][INF] Header bytes [50 10 08 00], received=4
[06732802][INF] Processing msg from peer 1: type=1 flags=0x00 len=2048 compact=1
[06732854][INF] Header bytes [50 10 08 00], received=4
[06732856][INF] Processing msg from peer 1: type=1 flags=0x00 len=2048 compact=1
[06732857][INF] Header bytes [50 10 08 00], received=4
[06732857][INF] Processing msg from peer 1: type=1 flags=0x00 len=2048 compact=1
[06732858][INF] Header bytes [50 10 08 00], received=4
[06732870][INF] Processing msg from peer 1: type=1 flags=0x00 len=2048 compact=1
[06732871][INF] Header bytes [50 10 08 00], received=4
[06732872][INF] Processing msg from peer 1: type=1 flags=0x00 len=2048 compact=1
[06732907][INF] Header bytes [50 10 08 00], received=4
[06732908][INF] Processing msg from peer 1: type=1 flags=0x00 len=2048 compact=1
[06732914][INF] Header bytes [50 10 08 00], received=4
[06732915][INF] Processing msg from peer 1: type=1 flags=0x00 len=2048 compact=1
[06732931][INF] Header bytes [50 10 08 00], received=4
[06732931][INF] Processing msg from peer 1: type=1 flags=0x00 len=2048 compact=1
[06732941][INF] Header bytes [50 10 08 00], received=4
[06732942][INF] Processing msg from peer 1: type=1 flags=0x00 len=2048 compact=1
[06732975][INF] Header bytes [50 10 08 00], received=4
[06732977][INF] Processing msg from peer 1: type=1 flags=0x00 len=2048 compact=1
[06732982][INF] Header bytes [50 10 08 00], received=4
[06732983][INF] Processing msg from peer 1: type=1 flags=0x00 len=2048 compact=1
[06733008][INF] Header bytes [50 10 08 00], received=4
[06733008][INF] Processing msg from peer 1: type=1 flags=0x00 len=2048 compact=1
[06733009][INF] Header bytes [50 10 08 00], received=4
[06733019][INF] Processing msg from peer 1: type=1 flags=0x00 len=2048 compact=1
[06733051][INF] Header bytes [50 10 08 00], received=4
[06733052][INF] Processing msg from peer 1: type=1 flags=0x00 len=2048 compact=1
[06733058][INF] Header bytes [50 10 08 00], received=4
[06733059][INF] Processing msg from peer 1: type=1 flags=0x00 len=2048 compact=1
[06733094][INF] Header bytes [50 10 08 00], received=4
[06733095][INF] Processing msg from peer 1: type=1 flags=0x00 len=2048 compact=1
[06733108][INF] Header bytes [50 10 08 00], received=4
[06733109][INF] Processing msg from peer 1: type=1 flags=0x00 len=2048 compact=1
[06733126][INF] Header bytes [50 10 08 00], received=4
[06733128][INF] Processing msg from peer 1: type=1 flags=0x00 len=2048 compact=1
[06733142][INF] Header bytes [50 10 08 00], received=4
[06733142][INF] Processing msg from peer 1: type=1 flags=0x00 len=2048 compact=1
[06733172][INF] Header bytes [50 10 08 00], received=4
[06733174][INF] Processing msg from peer 1: type=1 flags=0x00 len=2048 compact=1
[06733180][INF] Header bytes [50 10 08 00], received=4
[06733180][INF] Processing msg from peer 1: type=1 flags=0x00 len=2048 compact=1
[06733198][INF] Header bytes [50 10 08 00], received=4
[06733200][INF] Processing msg from peer 1: type=1 flags=0x00 len=2048 compact=1
[06733239][INF] Header bytes [50 10 08 00], received=4
[06733241][INF] Processing msg from peer 1: type=1 flags=0x00 len=2048 compact=1
[06733242][INF] Header bytes [50 10 08 00], received=4
[06733245][INF] Processing msg from peer 1: type=1 flags=0x00 len=2048 compact=1
[06733248][INF] Header bytes [50 10 08 00], received=4
[06733255][INF] Processing msg from peer 1: type=1 flags=0x00 len=2048 compact=1
[06733266][INF] Header bytes [50 10 08 00], received=4
[06733267][INF] Processing msg from peer 1: type=1 flags=0x00 len=2048 compact=1
[06733305][INF] Header bytes [50 10 08 00], received=4
[06733307][INF] Processing msg from peer 1: type=1 flags=0x00 len=2048 compact=1
[06733310][INF] Header bytes [50 10 08 00], received=4
[06733320][INF] Processing msg from peer 1: type=1 flags=0x00 len=2048 compact=1
[06733332][INF] Header bytes [50 10 08 00], received=4
[06733333][INF] Processing msg from peer 1: type=1 flags=0x00 len=2048 compact=1
[06733351][INF] Header bytes [50 10 08 00], received=4
[06733352][INF] Processing msg from peer 1: type=1 flags=0x00 len=2048 compact=1
[06733383][INF] Header bytes [50 10 08 00], received=4
[06733384][INF] Processing msg from peer 1: type=1 flags=0x00 len=2048 compact=1
[06733395][INF] Header bytes [50 10 08 00], received=4
[06733396][INF] Processing msg from peer 1: type=1 flags=0x00 len=2048 compact=1
[06733396][INF] Discovery ANNOUNCE sent to 255.255.255.255:7353 (25 bytes)
[06733403][INF] Header bytes [50 10 08 00], received=4
[06733403][INF] Processing msg from peer 1: type=1 flags=0x00 len=2048 compact=1
[06733447][INF] Header bytes [50 10 08 00], received=4
[06733448][INF] Processing msg from peer 1: type=1 flags=0x00 len=2048 compact=1
[06733450][INF] Header bytes [50 10 08 00], received=4
[06733465][INF] Processing msg from peer 1: type=1 flags=0x00 len=2048 compact=1
[06733467][INF] Header bytes [50 10 08 00], received=4
[06733477][INF] Processing msg from peer 1: type=1 flags=0x00 len=2048 compact=1
[06733507][INF] Header bytes [50 10 08 00], received=4
[06733508][INF] Processing msg from peer 1: type=1 flags=0x00 len=2048 compact=1
[06733516][INF] Header bytes [50 10 08 00], received=4
[06733518][INF] Processing msg from peer 1: type=1 flags=0x00 len=2048 compact=1
[06733531][INF] Header bytes [50 10 08 00], received=4
[06733532][INF] Processing msg from peer 1: type=1 flags=0x00 len=2048 compact=1
[06733606][INF] Header bytes [50 10 08 00], received=4
[06733607][INF] Processing msg from peer 1: type=1 flags=0x00 len=2048 compact=1
[06733615][INF] Header bytes [50 10 10 00], received=4
[06733620][INF] Processing msg from peer 1: type=1 flags=0x00 len=4096 compact=1
[06733628][INF] Header bytes [50 10 10 00], received=4
[06733655][INF] Processing msg from peer 1: type=1 flags=0x00 len=4096 compact=1
[06733656][INF] Header bytes [50 10 10 00], received=4
[06733666][INF] Processing msg from peer 1: type=1 flags=0x00 len=4096 compact=1
[06733700][INF] Header bytes [50 10 10 00], received=4
[06733710][INF] Processing msg from peer 1: type=1 flags=0x00 len=4096 compact=1
[06733712][INF] Header bytes [50 54 4D 47], received=4
[06733713][INF] Processing msg from peer 1: type=7 flags=0x00 len=23 compact=0
[06733713][INF] Received capabilities from peer 1: max=8192 chunk=1024 pressure=85 compact=1 recv_buf=16384 optimal=4096 push=1
[06733729][INF] Header bytes [50 10 10 00], received=4
[06733731][INF] Processing msg from peer 1: type=1 flags=0x00 len=4096 compact=1
[06733757][INF] Header bytes [50 10 10 00], received=4
[06733760][INF] Processing msg from peer 1: type=1 flags=0x00 len=4096 compact=1
[06733767][INF] Header bytes [50 54 4D 47], received=4
[06733768][INF] Processing msg from peer 1: type=7 flags=0x00 len=23 compact=0
[06733768][INF] Received capabilities from peer 1: max=8192 chunk=1024 pressure=25 compact=1 recv_buf=16384 optimal=4096 push=1
[06733803][INF] Header bytes [50 10 10 00], received=4
[06733805][INF] Processing msg from peer 1: type=1 flags=0x00 len=4096 compact=1
[06733812][INF] Header bytes [50 10 10 00], received=4
[06733819][INF] Processing msg from peer 1: type=1 flags=0x00 len=4096 compact=1
[06733858][INF] Header bytes [50 10 10 00], received=4
[06733864][INF] Processing msg from peer 1: type=1 flags=0x00 len=4096 compact=1
[06733867][INF] Header bytes [50 54 4D 47], received=4
[06733868][INF] Processing msg from peer 1: type=7 flags=0x00 len=23 compact=0
[06733868][INF] Received capabilities from peer 1: max=8192 chunk=1024 pressure=33 compact=1 recv_buf=16384 optimal=4096 push=1
[06733881][INF] Header bytes [50 10 10 00], received=4
[06733884][INF] Processing msg from peer 1: type=1 flags=0x00 len=4096 compact=1
[06733925][INF] Header bytes [50 54 4D 47], received=4
[06733926][INF] Processing msg from peer 1: type=7 flags=0x00 len=23 compact=0
[06733926][INF] Received capabilities from peer 1: max=8192 chunk=1024 pressure=0 compact=1 recv_buf=16384 optimal=4096 push=1
[06734075][INF] Header bytes [50 54 4D 47], received=4
[06734077][INF] Processing msg from peer 1: type=7 flags=0x00 len=23 compact=0
[06734077][INF] Received capabilities from peer 1: max=8192 chunk=1024 pressure=75 compact=1 recv_buf=16384 optimal=4096 push=1
[06734089][INF] Header bytes [50 10 10 00], received=4
[06734094][INF] Processing msg from peer 1: type=1 flags=0x00 len=4096 compact=1
[06734094][INF] Fragmenting 4096 bytes for peer 1 (chunk=248, max=2048, count=17)
[06734094][WRN] Queue pressure elevated: 81% (13/16 slots)
[06734094][WRN] Queue pressure HIGH: 93% (15/16 slots)
[06734094][WRN] Queue pressure CRITICAL: 100% (16/16 slots)
[06734094][WRN] Queue full: 16/16 slots
[06734094][WRN] Fragment send failed at offset 3968: -9
[06734095][INF] Fragmenting 4096 bytes for peer 1 (chunk=248, max=2048, count=17)
[06734095][WRN] Queue pressure elevated: 81% (13/16 slots)
[06734095][WRN] Queue pressure HIGH: 93% (15/16 slots)
[06734095][WRN] Queue pressure CRITICAL: 100% (16/16 slots)
[06734095][WRN] Queue full: 16/16 slots
[06734095][WRN] Fragment send failed at offset 3968: -9
[06734105][INF] Header bytes [50 10 10 00], received=4
[06734105][INF] Fragmenting 4096 bytes for peer 1 (chunk=248, max=2048, count=17)
[06734105][WRN] Queue pressure elevated: 81% (13/16 slots)
[06734105][WRN] Queue pressure HIGH: 93% (15/16 slots)
[06734105][WRN] Queue pressure CRITICAL: 100% (16/16 slots)
[06734105][WRN] Queue full: 16/16 slots
[06734105][WRN] Fragment send failed at offset 3968: -9
[06734106][INF] Processing msg from peer 1: type=1 flags=0x00 len=4096 compact=1
[06734106][INF] Fragmenting 4096 bytes for peer 1 (chunk=248, max=2048, count=17)
[06734106][WRN] Queue pressure elevated: 81% (13/16 slots)
[06734106][WRN] Queue pressure HIGH: 93% (15/16 slots)
[06734106][WRN] Queue pressure CRITICAL: 100% (16/16 slots)
[06734106][WRN] Queue full: 16/16 slots
[06734106][WRN] Fragment send failed at offset 3968: -9
[06734115][INF] Header bytes [50 10 10 00], received=4
[06734115][INF] Fragmenting 4096 bytes for peer 1 (chunk=248, max=2048, count=17)
[06734115][WRN] Queue pressure elevated: 81% (13/16 slots)
[06734115][WRN] Queue pressure HIGH: 93% (15/16 slots)
[06734116][WRN] Queue pressure CRITICAL: 100% (16/16 slots)
[06734116][WRN] Queue full: 16/16 slots
[06734116][WRN] Fragment send failed at offset 3968: -9
[06734118][INF] Fragmenting 4096 bytes for peer 1 (chunk=248, max=2048, count=17)
[06734118][WRN] Queue pressure elevated: 81% (13/16 slots)
[06734118][WRN] Queue pressure HIGH: 93% (15/16 slots)
[06734118][WRN] Queue pressure CRITICAL: 100% (16/16 slots)
[06734118][WRN] Queue full: 16/16 slots
[06734118][WRN] Fragment send failed at offset 3968: -9
[06734120][INF] Processing msg from peer 1: type=1 flags=0x00 len=4096 compact=1
[06734120][INF] Fragmenting 4096 bytes for peer 1 (chunk=248, max=2048, count=17)
[06734120][WRN] Queue pressure elevated: 81% (13/16 slots)
[06734120][WRN] Queue pressure HIGH: 93% (15/16 slots)
[06734120][WRN] Queue pressure CRITICAL: 100% (16/16 slots)
[06734120][WRN] Queue full: 16/16 slots
[06734120][WRN] Fragment send failed at offset 3968: -9
[06734132][INF] Fragmenting 4096 bytes for peer 1 (chunk=248, max=2048, count=17)
[06734132][WRN] Queue pressure elevated: 81% (13/16 slots)
[06734132][WRN] Queue pressure HIGH: 93% (15/16 slots)
[06734132][WRN] Queue pressure CRITICAL: 100% (16/16 slots)
[06734132][WRN] Queue full: 16/16 slots
[06734132][WRN] Fragment send failed at offset 3968: -9
[06734143][INF] Fragmenting 4096 bytes for peer 1 (chunk=248, max=2048, count=17)
[06734143][WRN] Queue pressure elevated: 81% (13/16 slots)
[06734143][WRN] Queue pressure HIGH: 93% (15/16 slots)
[06734143][WRN] Queue pressure CRITICAL: 100% (16/16 slots)
[06734143][WRN] Queue full: 16/16 slots
[06734143][WRN] Fragment send failed at offset 3968: -9
[06734154][INF] Fragmenting 4096 bytes for peer 1 (chunk=248, max=2048, count=17)
[06734154][WRN] Queue pressure elevated: 81% (13/16 slots)
[06734154][WRN] Queue pressure HIGH: 93% (15/16 slots)
[06734154][WRN] Queue pressure CRITICAL: 100% (16/16 slots)
[06734154][WRN] Queue full: 16/16 slots
[06734154][WRN] Fragment send failed at offset 3968: -9
[06734165][INF] Fragmenting 4096 bytes for peer 1 (chunk=248, max=2048, count=17)
[06734165][WRN] Queue pressure elevated: 81% (13/16 slots)
[06734165][WRN] Queue pressure HIGH: 93% (15/16 slots)
[06734165][WRN] Queue pressure CRITICAL: 100% (16/16 slots)
[06734165][WRN] Queue full: 16/16 slots
[06734165][WRN] Fragment send failed at offset 3968: -9
[06734177][INF] Fragmenting 4096 bytes for peer 1 (chunk=248, max=2048, count=17)
[06734177][WRN] Queue pressure elevated: 81% (13/16 slots)
[06734177][WRN] Queue pressure HIGH: 93% (15/16 slots)
[06734177][WRN] Queue pressure CRITICAL: 100% (16/16 slots)
[06734177][WRN] Queue full: 16/16 slots
[06734177][WRN] Fragment send failed at offset 3968: -9
[06734188][INF] Fragmenting 4096 bytes for peer 1 (chunk=248, max=2048, count=17)
[06734188][WRN] Queue pressure elevated: 81% (13/16 slots)
[06734188][WRN] Queue pressure HIGH: 93% (15/16 slots)
[06734188][WRN] Queue pressure CRITICAL: 100% (16/16 slots)
[06734188][WRN] Queue full: 16/16 slots
[06734188][WRN] Fragment send failed at offset 3968: -9
[06734199][INF] Fragmenting 4096 bytes for peer 1 (chunk=248, max=2048, count=17)
[06734199][WRN] Queue pressure elevated: 81% (13/16 slots)
[06734199][WRN] Queue pressure HIGH: 93% (15/16 slots)
[06734199][WRN] Queue pressure CRITICAL: 100% (16/16 slots)
[06734199][WRN] Queue full: 16/16 slots
[06734199][WRN] Fragment send failed at offset 3968: -9
[06734211][INF] Fragmenting 4096 bytes for peer 1 (chunk=248, max=2048, count=17)
[06734211][WRN] Queue pressure elevated: 81% (13/16 slots)
[06734211][WRN] Queue pressure HIGH: 93% (15/16 slots)
[06734211][WRN] Queue pressure CRITICAL: 100% (16/16 slots)
[06734211][WRN] Queue full: 16/16 slots
[06734211][WRN] Fragment send failed at offset 3968: -9
[06734222][INF] Fragmenting 4096 bytes for peer 1 (chunk=248, max=2048, count=17)
[06734222][WRN] Queue pressure elevated: 81% (13/16 slots)
[06734222][WRN] Queue pressure HIGH: 93% (15/16 slots)
[06734222][WRN] Queue pressure CRITICAL: 100% (16/16 slots)
[06734222][WRN] Queue full: 16/16 slots
[06734222][WRN] Fragment send failed at offset 3968: -9
[06734233][INF] Fragmenting 4096 bytes for peer 1 (chunk=248, max=2048, count=17)
[06734233][WRN] Queue pressure elevated: 81% (13/16 slots)
[06734233][WRN] Queue pressure HIGH: 93% (15/16 slots)
[06734233][WRN] Queue pressure CRITICAL: 100% (16/16 slots)
[06734233][WRN] Queue full: 16/16 slots
[06734233][WRN] Fragment send failed at offset 3968: -9
[06734245][INF] Fragmenting 4096 bytes for peer 1 (chunk=248, max=2048, count=17)
[06734245][WRN] Queue pressure elevated: 81% (13/16 slots)
[06734245][WRN] Queue pressure HIGH: 93% (15/16 slots)
[06734245][WRN] Queue pressure CRITICAL: 100% (16/16 slots)
[06734245][WRN] Queue full: 16/16 slots
[06734245][WRN] Fragment send failed at offset 3968: -9
[06734386][INF] Header bytes [50 54 4D 47], received=4
[06734387][INF] Processing msg from peer 1: type=7 flags=0x00 len=23 compact=0
[06734387][INF] Received capabilities from peer 1: max=8192 chunk=1024 pressure=85 compact=1 recv_buf=16384 optimal=4096 push=1
[06734447][INF] Header bytes [50 10 10 00], received=4
[06734453][INF] Processing msg from peer 1: type=1 flags=0x00 len=4096 compact=1
[06734456][INF] Header bytes [50 10 10 00], received=4
[06734456][INF] Processing msg from peer 1: type=1 flags=0x00 len=4096 compact=1
[06734930][INF] Header bytes [50 54 4D 47], received=4
[06734931][INF] Processing msg from peer 1: type=7 flags=0x00 len=23 compact=0
[06734931][INF] Received capabilities from peer 1: max=8192 chunk=1024 pressure=85 compact=1 recv_buf=16384 optimal=4096 push=1
[06735511][INF] Header bytes [50 54 4D 47], received=4
[06735513][INF] Processing msg from peer 1: type=7 flags=0x00 len=23 compact=0
[06735513][INF] Received capabilities from peer 1: max=8192 chunk=1024 pressure=85 compact=1 recv_buf=16384 optimal=4096 push=1
[06735866][INF] Header bytes [50 54 4D 47], received=4
[06735867][INF] Processing msg from peer 1: type=7 flags=0x00 len=23 compact=0
[06735867][INF] Received capabilities from peer 1: max=8192 chunk=1024 pressure=65 compact=1 recv_buf=16384 optimal=4096 push=1
[06736486][INF] Header bytes [50 54 4D 47], received=4
[06736487][INF] Processing msg from peer 1: type=7 flags=0x00 len=23 compact=0
[06736487][INF] Received capabilities from peer 1: max=8192 chunk=1024 pressure=85 compact=1 recv_buf=16384 optimal=4096 push=1
[06736846][INF] Header bytes [50 54 4D 47], received=4
[06736847][INF] Processing msg from peer 1: type=7 flags=0x00 len=23 compact=0
[06736847][INF] Received capabilities from peer 1: max=8192 chunk=1024 pressure=85 compact=1 recv_buf=16384 optimal=4096 push=1
[06736914][INF] Header bytes [50 10 10 00], received=4
[06736914][INF] Processing msg from peer 1: type=1 flags=0x00 len=4096 compact=1
[06736943][INF] Header bytes [50 54 4D 47], received=4
[06736945][INF] Processing msg from peer 1: type=7 flags=0x00 len=23 compact=0
[06736945][INF] Received capabilities from peer 1: max=8192 chunk=1024 pressure=85 compact=1 recv_buf=16384 optimal=4096 push=1
[06736963][INF] Header bytes [50 10 10 00], received=4
[06736967][INF] Processing msg from peer 1: type=1 flags=0x00 len=4096 compact=1
[06736972][INF] Header bytes [50 10 10 00], received=4
[06736975][INF] Processing msg from peer 1: type=1 flags=0x00 len=4096 compact=1
[06736988][INF] Header bytes [50 10 10 00], received=4
[06736988][INF] Processing msg from peer 1: type=1 flags=0x00 len=4096 compact=1
[06737020][INF] Header bytes [50 54 4D 47], received=4
[06737021][INF] Processing msg from peer 1: type=7 flags=0x00 len=23 compact=0
[06737021][INF] Received capabilities from peer 1: max=8192 chunk=1024 pressure=25 compact=1 recv_buf=16384 optimal=4096 push=1
[06737035][INF] Header bytes [50 10 10 00], received=4
[06737036][INF] Processing msg from peer 1: type=1 flags=0x00 len=4096 compact=1
[06737080][INF] Header bytes [50 54 4D 47], received=4
[06737081][INF] Processing msg from peer 1: type=7 flags=0x00 len=23 compact=0
[06737081][INF] Received capabilities from peer 1: max=8192 chunk=1024 pressure=67 compact=1 recv_buf=16384 optimal=4096 push=1
[06737146][INF] Header bytes [50 10 10 00], received=4
[06737146][INF] Processing msg from peer 1: type=1 flags=0x00 len=4096 compact=1
[06737158][INF] Header bytes [50 10 10 00], received=4
[06737158][INF] Processing msg from peer 1: type=1 flags=0x00 len=4096 compact=1
[06737201][INF] Header bytes [50 54 4D 47], received=4
[06737202][INF] Processing msg from peer 1: type=7 flags=0x00 len=23 compact=0
[06737202][INF] Received capabilities from peer 1: max=8192 chunk=1024 pressure=85 compact=1 recv_buf=16384 optimal=4096 push=1
[06737215][INF] Header bytes [50 10 10 00], received=4
[06737218][INF] Processing msg from peer 1: type=1 flags=0x00 len=4096 compact=1
[06737226][INF] Header bytes [50 10 10 00], received=4
[06737230][INF] Processing msg from peer 1: type=1 flags=0x00 len=4096 compact=1
[06737249][INF] Header bytes [50 10 10 00], received=4
[06737249][INF] Processing msg from peer 1: type=1 flags=0x00 len=4096 compact=1
[06737262][INF] Header bytes [50 54 4D 47], received=4
[06737263][INF] Processing msg from peer 1: type=7 flags=0x00 len=23 compact=0
[06737263][INF] Received capabilities from peer 1: max=8192 chunk=1024 pressure=50 compact=1 recv_buf=16384 optimal=4096 push=1
[06737278][INF] Header bytes [50 10 10 00], received=4
[06737281][INF] Processing msg from peer 1: type=1 flags=0x00 len=4096 compact=1
[06737299][INF] Header bytes [50 10 10 00], received=4
[06737299][INF] Processing msg from peer 1: type=1 flags=0x00 len=4096 compact=1
[06737340][INF] Header bytes [50 54 4D 47], received=4
[06737341][INF] Processing msg from peer 1: type=7 flags=0x00 len=23 compact=0
[06737341][INF] Received capabilities from peer 1: max=8192 chunk=1024 pressure=85 compact=1 recv_buf=16384 optimal=4096 push=1
[06737412][INF] Header bytes [50 10 10 00], received=4
[06737412][INF] Processing msg from peer 1: type=1 flags=0x00 len=4096 compact=1
[06737413][INF] Header bytes [50 10 10 00], received=4
[06737413][INF] Processing msg from peer 1: type=1 flags=0x00 len=4096 compact=1
[06737417][INF] Header bytes [50 10 10 00], received=4
[06737420][INF] Processing msg from peer 1: type=1 flags=0x00 len=4096 compact=1
[06737439][INF] Header bytes [50 54 4D 47], received=4
[06737441][INF] Processing msg from peer 1: type=7 flags=0x00 len=23 compact=0
[06737441][INF] Received capabilities from peer 1: max=8192 chunk=1024 pressure=50 compact=1 recv_buf=16384 optimal=4096 push=1
[06737457][INF] Header bytes [50 10 10 00], received=4
[06737460][INF] Processing msg from peer 1: type=1 flags=0x00 len=4096 compact=1
[06737467][INF] Header bytes [50 10 10 00], received=4
[06737470][INF] Processing msg from peer 1: type=1 flags=0x00 len=4096 compact=1
[06737523][INF] Header bytes [50 54 4D 47], received=4
[06737524][INF] Processing msg from peer 1: type=7 flags=0x00 len=23 compact=0
[06737524][INF] Received capabilities from peer 1: max=8192 chunk=1024 pressure=85 compact=1 recv_buf=16384 optimal=4096 push=1
[06737586][INF] Header bytes [50 10 10 00], received=4
[06737591][INF] Processing msg from peer 1: type=1 flags=0x00 len=4096 compact=1
[06737593][INF] Header bytes [50 10 10 00], received=4
[06737593][INF] Processing msg from peer 1: type=1 flags=0x00 len=4096 compact=1
[06737594][INF] Header bytes [50 10 10 00], received=4
[06737596][INF] Processing msg from peer 1: type=1 flags=0x00 len=4096 compact=1
[06737632][INF] Header bytes [50 54 4D 47], received=4
[06737633][INF] Processing msg from peer 1: type=7 flags=0x00 len=23 compact=0
[06737633][INF] Received capabilities from peer 1: max=8192 chunk=1024 pressure=50 compact=1 recv_buf=16384 optimal=4096 push=1
[06737652][INF] Header bytes [50 10 10 00], received=4
[06737653][INF] Processing msg from peer 1: type=1 flags=0x00 len=4096 compact=1
[06737657][INF] Header bytes [50 10 10 00], received=4
[06737671][INF] Processing msg from peer 1: type=1 flags=0x00 len=4096 compact=1
[06737714][INF] Header bytes [50 54 4D 47], received=4
[06737715][INF] Processing msg from peer 1: type=7 flags=0x00 len=23 compact=0
[06737715][INF] Received capabilities from peer 1: max=8192 chunk=1024 pressure=85 compact=1 recv_buf=16384 optimal=4096 push=1
[06737773][INF] Header bytes [50 10 10 00], received=4
[06737774][INF] Processing msg from peer 1: type=1 flags=0x00 len=4096 compact=1
[06737780][INF] Header bytes [50 10 10 00], received=4
[06737780][INF] Processing msg from peer 1: type=1 flags=0x00 len=4096 compact=1
[06737791][INF] Header bytes [50 10 10 00], received=4
[06737794][INF] Processing msg from peer 1: type=1 flags=0x00 len=4096 compact=1
[06737806][INF] Header bytes [50 54 4D 47], received=4
[06737807][INF] Processing msg from peer 1: type=7 flags=0x00 len=23 compact=0
[06737807][INF] Received capabilities from peer 1: max=8192 chunk=1024 pressure=0 compact=1 recv_buf=16384 optimal=4096 push=1
[MESSAGE] From peer 1: 2048 bytes
[MESSAGE] From peer 1: 2048 bytes
[MESSAGE] From peer 1: 2048 bytes
[MESSAGE] From peer 1: 2048 bytes
[MESSAGE] From peer 1: 2048 bytes
[MESSAGE] From peer 1: 2048 bytes
[MESSAGE] From peer 1: 2048 bytes
[MESSAGE] From peer 1: 2048 bytes
[MESSAGE] From peer 1: 2048 bytes
[MESSAGE] From peer 1: 2048 bytes
[MESSAGE] From peer 1: 2048 bytes
[MESSAGE] From peer 1: 2048 bytes
[MESSAGE] From peer 1: 2048 bytes
[MESSAGE] From peer 1: 2048 bytes
[MESSAGE] From peer 1: 2048 bytes
[MESSAGE] From peer 1: 2048 bytes
[MESSAGE] From peer 1: 2048 bytes
[MESSAGE] From peer 1: 2048 bytes
[MESSAGE] From peer 1: 2048 bytes
[MESSAGE] From peer 1: 2048 bytes
[MESSAGE] From peer 1: 2048 bytes
[06741190][INF] Discovery ANNOUNCE received from 10.188.1.213:7354 (MacThroughput)
[06741190][INF] Processing packet type 1
[06741190][INF] Handling ANNOUNCE packet
[06741190][INF] pt_peer_find_by_addr returned: (nil)
[06741190][INF] Creating new peer: MacThroughput at 10.188.1.213:7354
[06741190][INF] Peer created: id=2 name='MacThroughput' addr=0x0ABC01D5 port=7354
[MESSAGE] From peer 1: 2048 bytes
[06741190][INF] Peer created successfully, firing callback
[MESSAGE] From peer 1: 2048 bytes
[06741190][INF] Calling on_peer_discovered callback
[MESSAGE] From peer 1: 2048 bytes
[06741190][INF] Peer 2 () timed out after 30 seconds
[MESSAGE] From peer 1: 2048 bytes
[06741190][INF] Peer destroyed: id=2 name='MacThroughput'
[MESSAGE] From peer 1: 2048 bytes
[MESSAGE] From peer 1: 2048 bytes
[MESSAGE] From peer 1: 2048 bytes
[MESSAGE] From peer 1: 2048 bytes
[MESSAGE] From peer 1: 2048 bytes
[MESSAGE] From peer 1: 2048 bytes
[MESSAGE] From peer 1: 2048 bytes
[MESSAGE] From peer 1: 2048 bytes
[MESSAGE] From peer 1: 2048 bytes
[MESSAGE] From peer 1: 2048 bytes
[MESSAGE] From peer 1: 2048 bytes
[MESSAGE] From peer 1: 2048 bytes
[MESSAGE] From peer 1: 2048 bytes
[MESSAGE] From peer 1: 2048 bytes
[MESSAGE] From peer 1: 2048 bytes
[MESSAGE] From peer 1: 2048 bytes
[MESSAGE] From peer 1: 2048 bytes
[MESSAGE] From peer 1: 2048 bytes
[MESSAGE] From peer 1: 2048 bytes
[MESSAGE] From peer 1: 2048 bytes
[MESSAGE] From peer 1: 2048 bytes
[MESSAGE] From peer 1: 2048 bytes
[MESSAGE] From peer 1: 2048 bytes
[MESSAGE] From peer 1: 2048 bytes
[MESSAGE] From peer 1: 2048 bytes
[MESSAGE] From peer 1: 2048 bytes
[MESSAGE] From peer 1: 2048 bytes
[MESSAGE] From peer 1: 2048 bytes
[MESSAGE] From peer 1: 2048 bytes
[MESSAGE] From peer 1: 2048 bytes
[MESSAGE] From peer 1: 2048 bytes
[MESSAGE] From peer 1: 2048 bytes
[MESSAGE] From peer 1: 2048 bytes
[MESSAGE] From peer 1: 2048 bytes
[MESSAGE] From peer 1: 2048 bytes
[MESSAGE] From peer 1: 2048 bytes
[MESSAGE] From peer 1: 2048 bytes
[MESSAGE] From peer 1: 2048 bytes
[MESSAGE] From peer 1: 2048 bytes
[MESSAGE] From peer 1: 2048 bytes
[MESSAGE] From peer 1: 2048 bytes
[MESSAGE] From peer 1: 2048 bytes
[MESSAGE] From peer 1: 2048 bytes
[MESSAGE] From peer 1: 2048 bytes
[MESSAGE] From peer 1: 2048 bytes
[MESSAGE] From peer 1: 2048 bytes
[MESSAGE] From peer 1: 2048 bytes
[MESSAGE] From peer 1: 2048 bytes
[MESSAGE] From peer 1: 2048 bytes
[MESSAGE] From peer 1: 2048 bytes
[ECHO] 7300 messages echoed
[MESSAGE] From peer 1: 2048 bytes
[MESSAGE] From peer 1: 2048 bytes
[MESSAGE] From peer 1: 2048 bytes
[MESSAGE] From peer 1: 4096 bytes
[MESSAGE] From peer 1: 4096 bytes
[MESSAGE] From peer 1: 4096 bytes
[MESSAGE] From peer 1: 4096 bytes
[MESSAGE] From peer 1: 4096 bytes
[MESSAGE] From peer 1: 4096 bytes
[MESSAGE] From peer 1: 4096 bytes
[MESSAGE] From peer 1: 4096 bytes
[MESSAGE] From peer 1: 4096 bytes
[MESSAGE] From peer 1: 4096 bytes
[MESSAGE] From peer 1: 4096 bytes
[MESSAGE] From peer 1: 4096 bytes
[MESSAGE] From peer 1: 4096 bytes
[MESSAGE] From peer 1: 4096 bytes
[MESSAGE] From peer 1: 4096 bytes
[MESSAGE] From peer 1: 4096 bytes
[MESSAGE] From peer 1: 4096 bytes
[MESSAGE] From peer 1: 4096 bytes
[MESSAGE] From peer 1: 4096 bytes
[MESSAGE] From peer 1: 4096 bytes
[MESSAGE] From peer 1: 4096 bytes
[MESSAGE] From peer 1: 4096 bytes
[MESSAGE] From peer 1: 4096 bytes
[MESSAGE] From peer 1: 4096 bytes
[MESSAGE] From peer 1: 4096 bytes
[MESSAGE] From peer 1: 4096 bytes
[MESSAGE] From peer 1: 4096 bytes
[MESSAGE] From peer 1: 4096 bytes
[MESSAGE] From peer 1: 4096 bytes
[MESSAGE] From peer 1: 4096 bytes
[MESSAGE] From peer 1: 4096 bytes
[MESSAGE] From peer 1: 4096 bytes
[MESSAGE] From peer 1: 4096 bytes
[MESSAGE] From peer 1: 4096 bytes
[MESSAGE] From peer 1: 4096 bytes
[MESSAGE] From peer 1: 4096 bytes
[MESSAGE] From peer 1: 4096 bytes
[MESSAGE] From peer 1: 4096 bytes
[MESSAGE] From peer 1: 4096 bytes
[MESSAGE] From peer 1: 4096 bytes
[STATUS] 6740 sec: peers=14, msgs=7346, connected=yes
[06743412][INF] Discovery ANNOUNCE sent to 255.255.255.255:7353 (25 bytes)
[06753419][INF] Discovery ANNOUNCE sent to 255.255.255.255:7353 (25 bytes)
[06756140][INF] Discovery ANNOUNCE received from 10.188.1.213:7354 (MacThroughput)
[06756141][INF] Processing packet type 1
[06756141][INF] Handling ANNOUNCE packet
[06756141][INF] pt_peer_find_by_addr returned: (nil)
[06756141][INF] Creating new peer: MacThroughput at 10.188.1.213:7354
[06756141][INF] Peer created: id=2 name='MacThroughput' addr=0x0ABC01D5 port=7354
[06756141][INF] Peer created successfully, firing callback
[06756141][INF] Calling on_peer_discovered callback
[06756141][INF] Peer 2 () timed out after 30 seconds
[06756141][INF] Peer destroyed: id=2 name='MacThroughput'
[06763420][INF] Discovery ANNOUNCE sent to 255.255.255.255:7353 (25 bytes)
[06763620][INF] Header bytes [50 10 04 00], received=4
[06763620][INF] Processing msg from peer 1: type=1 flags=0x00 len=1024 compact=1
[06763683][INF] Header bytes [50 10 04 00], received=4
[06763683][INF] Processing msg from peer 1: type=1 flags=0x00 len=1024 compact=1
[06763700][INF] Header bytes [50 10 04 00], received=4
[06763700][INF] Processing msg from peer 1: type=1 flags=0x00 len=1024 compact=1
[06763733][INF] Header bytes [50 10 04 00], received=4
[06763734][INF] Processing msg from peer 1: type=1 flags=0x00 len=1024 compact=1
[06763748][INF] Header bytes [50 10 01 00], received=4
[06763748][INF] Processing msg from peer 1: type=1 flags=0x00 len=256 compact=1
[06763807][ERR] Header recv error for peer 1: Connection reset by peer
[06763807][INF] Closing connection to peer 1
[06763807][INF] Peer destroyed: id=1 name=''
[06764128][INF] Discovery GOODBYE received from 10.188.1.213:7354 (MacThroughput)
[06764128][INF] Processing packet type 3
[06773424][INF] Discovery ANNOUNCE sent to 255.255.255.255:7353 (25 bytes)
[06783425][INF] Discovery ANNOUNCE sent to 255.255.255.255:7353 (25 bytes)
